"","location","year","val","SE"
"56610","American Samoa",1990,0.87936522215,0.138678794946429
"56612","American Samoa",1991,0.88064845693,0.135541132869898
"56614","American Samoa",1992,0.88289596507,0.135298406522959
"56616","American Samoa",1993,0.88566019743,0.137278435515306
"56618","American Samoa",1994,0.88849375979,0.141981985260204
"56620","American Samoa",1995,0.89095151767,0.146139378158163
"56622","American Samoa",1996,0.89631887744,0.145582825242347
"56624","American Samoa",1997,0.9059920684,0.145121939214286
"56626","American Samoa",1998,0.91667676702,0.146402689693878
"56628","American Samoa",1999,0.92506789689,0.148901933229592
"56630","American Samoa",2000,0.92784723116,0.15013594469898
"56632","American Samoa",2001,0.92010900276,0.146431093288265
"56634","American Samoa",2002,0.90298281479,0.140453164803571
"56636","American Samoa",2003,0.88220013608,0.136179428655612
"56638","American Samoa",2004,0.86349288661,0.134067680543367
"56640","American Samoa",2005,0.85260568759,0.13487813015051
"56642","American Samoa",2006,0.84827034891,0.133348409497449
"56644","American Samoa",2007,0.84524882625,0.131973974568878
"56646","American Samoa",2008,0.84330267153,0.133139744405612
"56648","American Samoa",2009,0.84218874812,0.136322886836735
"56650","American Samoa",2010,0.8416643982,0.142331988357143
"56652","American Samoa",2011,0.84206685196,0.141314576522959
"56654","American Samoa",2012,0.84375281934,0.140716222415816
"56656","American Samoa",2013,0.84650111478,0.138964575757653
"56658","American Samoa",2014,0.85008934784,0.137897083966837
"56660","American Samoa",2015,0.85429565416,0.139710498260204
"56662","American Samoa",2016,0.86271461908,0.139063962617347
"56664","American Samoa",2017,0.8759188352,0.139921775321429
"56666","American Samoa",2018,0.88916152531,0.141145870196429
"56668","American Samoa",2019,0.89769964075,0.141678439382653
"56670","American Samoa",2020,0.89101580025,0.142085209283163
"56672","American Samoa",2021,0.90014998913,0.144301822209184
"39810","Antigua and Barbuda",1990,0.27101599417,0.0761964701887755
"39812","Antigua and Barbuda",1991,0.27212809995,0.0753441465408163
"39814","Antigua and Barbuda",1992,0.27280182938,0.0745684751760204
"39816","Antigua and Barbuda",1993,0.273108666,0.0747457178341837
"39818","Antigua and Barbuda",1994,0.27312027455,0.0749385321122449
"39820","Antigua and Barbuda",1995,0.27290787722,0.0751936358954082
"39822","Antigua and Barbuda",1996,0.27185230014,0.0736364637678571
"39824","Antigua and Barbuda",1997,0.2697408006,0.0720765256811225
"39826","Antigua and Barbuda",1998,0.26724834112,0.0721829454413265
"39828","Antigua and Barbuda",1999,0.26504914721,0.0716321502193878
"39830","Antigua and Barbuda",2000,0.26381838946,0.0738176678928572
"39832","Antigua and Barbuda",2001,0.26338404111,0.0715301470102041
"39834","Antigua and Barbuda",2002,0.26315047729,0.072908966752551
"39836","Antigua and Barbuda",2003,0.26315338687,0.0727550321785714
"39838","Antigua and Barbuda",2004,0.26342290215,0.0736142014234694
"39840","Antigua and Barbuda",2005,0.26398432942,0.0738883845663265
"39842","Antigua and Barbuda",2006,0.26576854466,0.0734229969540816
"39844","Antigua and Barbuda",2007,0.26901536308,0.0727812346096939
"39846","Antigua and Barbuda",2008,0.2727111525,0.0727999855765306
"39848","Antigua and Barbuda",2009,0.27584385131,0.0732289879311224
"39850","Antigua and Barbuda",2010,0.27740214776,0.0735624973214286
"39852","Antigua and Barbuda",2011,0.277805061,0.0724688146377551
"39854","Antigua and Barbuda",2012,0.27812641913,0.0733158689693877
"39856","Antigua and Barbuda",2013,0.27833278756,0.075049892994898
"39858","Antigua and Barbuda",2014,0.27839017899,0.0777374092423469
"39860","Antigua and Barbuda",2015,0.27826459449,0.0799421759336735
"39862","Antigua and Barbuda",2016,0.27760338165,0.0774894306352041
"39864","Antigua and Barbuda",2017,0.27645335798,0.0774402150484694
"39866","Antigua and Barbuda",2018,0.27538139943,0.0784489329464286
"39868","Antigua and Barbuda",2019,0.27495537382,0.0790726640663265
"39870","Antigua and Barbuda",2020,0.27702992549,0.0762311693163265
"39872","Antigua and Barbuda",2021,0.2732003542,0.0738275530663265
"46690","Arab Republic of Egypt",1990,1.27830677053,0.194435092943878
"46692","Arab Republic of Egypt",1991,1.2640003099,0.190487329568878
"46694","Arab Republic of Egypt",1992,1.24896611848,0.185057197237245
"46696","Arab Republic of Egypt",1993,1.23431896761,0.181288828987245
"46698","Arab Republic of Egypt",1994,1.22036025032,0.178269228553571
"46700","Arab Republic of Egypt",1995,1.20748835826,0.177460942576531
"46702","Arab Republic of Egypt",1996,1.19373429819,0.174025694125
"46704","Arab Republic of Egypt",1997,1.17775916339,0.170823076507653
"46706","Arab Republic of Egypt",1998,1.16066311365,0.171971686063776
"46708","Arab Republic of Egypt",1999,1.14374572302,0.174183339280612
"46710","Arab Republic of Egypt",2000,1.12839459278,0.174975813497449
"46712","Arab Republic of Egypt",2001,1.10967751694,0.17047489465051
"46714","Arab Republic of Egypt",2002,1.08560035563,0.166635856989796
"46716","Arab Republic of Egypt",2003,1.0617338386,0.164255148762755
"46718","Arab Republic of Egypt",2004,1.04358616446,0.164433253293367
"46720","Arab Republic of Egypt",2005,1.03663398875,0.164074659630102
"46722","Arab Republic of Egypt",2006,1.04830758761,0.164074121482143
"46724","Arab Republic of Egypt",2007,1.07595903876,0.164662161390306
"46726","Arab Republic of Egypt",2008,1.10960940817,0.168411544334184
"46728","Arab Republic of Egypt",2009,1.13921051622,0.172108293936225
"46730","Arab Republic of Egypt",2010,1.15470263046,0.174060769653061
"46732","Arab Republic of Egypt",2011,1.15879702899,0.172694711719388
"46734","Arab Republic of Egypt",2012,1.16108156345,0.169315142772959
"46736","Arab Republic of Egypt",2013,1.16191344335,0.17003787925
"46738","Arab Republic of Egypt",2014,1.1614792347,0.167935950265306
"46740","Arab Republic of Egypt",2015,1.16003004307,0.168962912035714
"46742","Arab Republic of Egypt",2016,1.15437298983,0.16726896044898
"46744","Arab Republic of Egypt",2017,1.14384187541,0.169287878992347
"46746","Arab Republic of Egypt",2018,1.13265947482,0.169978358971939
"46748","Arab Republic of Egypt",2019,1.1250435473,0.174133002420918
"46750","Arab Republic of Egypt",2020,1.14337609192,0.178468299186225
"46752","Arab Republic of Egypt",2021,1.11894815626,0.166934451632653
"36930","Argentine Republic",1990,0.39013402802,0.0816494136071428
"36932","Argentine Republic",1991,0.37823033264,0.0795940164030612
"36934","Argentine Republic",1992,0.36783542317,0.0783652709872449
"36936","Argentine Republic",1993,0.35954416484,0.0767816323188776
"36938","Argentine Republic",1994,0.35394793571,0.0750601125841837
"36940","Argentine Republic",1995,0.35164294755,0.0753372240127551
"36942","Argentine Republic",1996,0.35219679522,0.0743059379362245
"36944","Argentine Republic",1997,0.35421686405,0.0724134292704082
"36946","Argentine Republic",1998,0.35686704977,0.0688464287602041
"36948","Argentine Republic",1999,0.35931357049,0.0675864843852041
"36950","Argentine Republic",2000,0.36072486885,0.0685633604158163
"36952","Argentine Republic",2001,0.36136162889,0.068116556377551
"36954","Argentine Republic",2002,0.36200121484,0.0684631536913266
"36956","Argentine Republic",2003,0.3625884442,0.0693392231709184
"36958","Argentine Republic",2004,0.3630640255,0.0696134410280612
"36960","Argentine Republic",2005,0.3633768667,0.0717466779897959
"36962","Argentine Republic",2006,0.36336438686,0.0707900787755102
"36964","Argentine Republic",2007,0.36310111472,0.0713212248367347
"36966","Argentine Republic",2008,0.36289326283,0.0722716318469388
"36968","Argentine Republic",2009,0.36304365003,0.0738308268928572
"36970","Argentine Republic",2010,0.36385827897,0.0751529329260204
"36972","Argentine Republic",2011,0.36737640785,0.0752913040382653
"36974","Argentine Republic",2012,0.37422896747,0.074711917007653
"36976","Argentine Republic",2013,0.38260680322,0.0755661546147959
"36978","Argentine Republic",2014,0.39070017011,0.0774527079489796
"36980","Argentine Republic",2015,0.39670243084,0.0774900303903061
"36982","Argentine Republic",2016,0.40244075532,0.0803741773673469
"36984","Argentine Republic",2017,0.40938888386,0.0829280712831633
"36986","Argentine Republic",2018,0.41521760862,0.0845024470688776
"36988","Argentine Republic",2019,0.4176152313,0.0870388057627551
"36990","Argentine Republic",2020,0.41754621362,0.0870258469234694
"36992","Argentine Republic",2021,0.45170362741,0.0980473365739796
"35170","Australia",1990,0.33546582842,0.0740608477729592
"35172","Australia",1991,0.33382024568,0.0711586420739796
"35174","Australia",1992,0.3322231321,0.0677526449234694
"35176","Australia",1993,0.33086360856,0.0654061201632653
"35178","Australia",1994,0.32983965293,0.0633505667168367
"35180","Australia",1995,0.3292971937,0.063070531005102
"35182","Australia",1996,0.32894872563,0.0622920978418367
"35184","Australia",1997,0.32844941208,0.0622993669846939
"35186","Australia",1998,0.32785245383,0.0621646400229592
"35188","Australia",1999,0.32720504097,0.0624800848877551
"35190","Australia",2000,0.32656072417,0.0631918285459184
"35192","Australia",2001,0.32526824751,0.0640533070561224
"35194","Australia",2002,0.32304305515,0.0636271491556123
"35196","Australia",2003,0.3204899863,0.0637750430153061
"35198","Australia",2004,0.31823057508,0.0638126954591837
"35200","Australia",2005,0.31687578988,0.0665640669234694
"35202","Australia",2006,0.31633315803,0.0637313378188776
"35204","Australia",2007,0.31610537081,0.0634331414591837
"35206","Australia",2008,0.31617201509,0.0641534002627551
"35208","Australia",2009,0.31652405992,0.064935466377551
"35210","Australia",2010,0.31715640071,0.0678402562729592
"35212","Australia",2011,0.31856676132,0.0676432484387755
"35214","Australia",2012,0.3209782219,0.0684457239234694
"35216","Australia",2013,0.32397766973,0.0710055504260204
"35218","Australia",2014,0.32715038417,0.0735499454081633
"35220","Australia",2015,0.33008464854,0.0753953793647959
"35222","Australia",2016,0.33477368602,0.0753374115306122
"35224","Australia",2017,0.34160567051,0.0774936007729592
"35226","Australia",2018,0.34777333897,0.0791769110382653
"35228","Australia",2019,0.35046992683,0.0780625925943877
"35230","Australia",2020,0.35049919052,0.0780653044362245
"35232","Australia",2021,0.36622123138,0.0828699738290816
"40130","Barbados",1990,0.46599860762,0.0815032624897959
"40132","Barbados",1991,0.46617959634,0.0798271813494898
"40134","Barbados",1992,0.46535433757,0.0790286492933674
"40136","Barbados",1993,0.46386429536,0.0783557827653061
"40138","Barbados",1994,0.46207350523,0.0766855102423469
"40140","Barbados",1995,0.46036124364,0.078050674880102
"40142","Barbados",1996,0.4554740691,0.0765708880561224
"40144","Barbados",1997,0.44600735097,0.0766051712882653
"40146","Barbados",1998,0.43514552743,0.0772526008316326
"40148","Barbados",1999,0.42607829176,0.0777158170510204
"40150","Barbados",2000,0.42196978829,0.0802517056734694
"40152","Barbados",2001,0.42215154088,0.0789446398392857
"40154","Barbados",2002,0.42343239765,0.078921372625
"40156","Barbados",2003,0.4251888077,0.0818652348545919
"40158","Barbados",2004,0.42682357999,0.0853161502806122
"40160","Barbados",2005,0.42776683273,0.0844807128061224
"40162","Barbados",2006,0.42870244895,0.0850966571045918
"40164","Barbados",2007,0.43039266986,0.085535279125
"40166","Barbados",2008,0.4323770253,0.0853463237219388
"40168","Barbados",2009,0.43415495994,0.0844456468316327
"40170","Barbados",2010,0.43521749243,0.0844858362015306
"40172","Barbados",2011,0.43604696365,0.0834258782576531
"40174","Barbados",2012,0.43728551902,0.0828129083928572
"40176","Barbados",2013,0.43872258396,0.0833363261607143
"40178","Barbados",2014,0.44015220955,0.0838382321428571
"40180","Barbados",2015,0.44136465516,0.0852710756913265
"40182","Barbados",2016,0.44287020625,0.085296887872449
"40184","Barbados",2017,0.44484656395,0.0888090445892857
"40186","Barbados",2018,0.44656951127,0.0923456550688776
"40188","Barbados",2019,0.44729869042,0.0968461772193877
"40190","Barbados",2020,0.44516227236,0.0900847737933674
"40192","Barbados",2021,0.46947391487,0.0996261433316326
"38850","Belize",1990,0.75525695037,0.114683155295918
"38852","Belize",1991,0.75585980835,0.113842576216837
"38854","Belize",1992,0.75363149189,0.111541294829082
"38856","Belize",1993,0.74915087964,0.113100552989796
"38858","Belize",1994,0.74300229263,0.11254753819898
"38860","Belize",1995,0.73576108334,0.112584129517857
"38862","Belize",1996,0.71817609852,0.108236039790816
"38864","Belize",1997,0.68676132744,0.101973992109694
"38866","Belize",1998,0.65072833413,0.0978646991938775
"38868","Belize",1999,0.61929073202,0.0948543931505102
"38870","Belize",2000,0.60165330022,0.0931250711887755
"38872","Belize",2001,0.59447642356,0.0952227143443877
"38874","Belize",2002,0.58843680395,0.0945803706760204
"38876","Belize",2003,0.58375479654,0.0917904496811225
"38878","Belize",2004,0.58065112919,0.0918583531734694
"38880","Belize",2005,0.57934555467,0.092125915625
"38882","Belize",2006,0.57967784963,0.090937742997449
"38884","Belize",2007,0.58116124799,0.0926178872857143
"38886","Belize",2008,0.58352990493,0.0948291544107143
"38888","Belize",2009,0.58652561852,0.0981228721887755
"38890","Belize",2010,0.58989187614,0.102637044290816
"38892","Belize",2011,0.5962216336,0.101659718492347
"38894","Belize",2012,0.6068567532,0.101289565091837
"38896","Belize",2013,0.61966011935,0.102119336188776
"38898","Belize",2014,0.63247769389,0.106092843142857
"38900","Belize",2015,0.6431621553,0.109686607711735
"38902","Belize",2016,0.65567652008,0.110487810308673
"38904","Belize",2017,0.67271200415,0.110875504089286
"38906","Belize",2018,0.69022899508,0.115852136390306
"38908","Belize",2019,0.70418803205,0.119270801119898
"38910","Belize",2020,0.72036985566,0.117356352760204
"38912","Belize",2021,0.74119429476,0.122200536339286
"55650","Bermuda",1990,0.2723111641,0.0736243984719388
"55652","Bermuda",1991,0.27063820612,0.0737580228112245
"55654","Bermuda",1992,0.26907170812,0.0725556990663265
"55656","Bermuda",1993,0.2676848691,0.072788725622449
"55658","Bermuda",1994,0.26654986226,0.0725410410357143
"55660","Bermuda",1995,0.26573819755,0.0723075118520408
"55662","Bermuda",1996,0.26479919803,0.0721843027091837
"55664","Bermuda",1997,0.26346705705,0.0721567267933673
"55666","Bermuda",1998,0.26209035416,0.0741751659591837
"55668","Bermuda",1999,0.26101550739,0.0742464107091837
"55670","Bermuda",2000,0.2605884641,0.0750010990841837
"55672","Bermuda",2001,0.26110516087,0.0732701734642857
"55674","Bermuda",2002,0.26232107088,0.0715360444260204
"55676","Bermuda",2003,0.26377536063,0.0727302993928571
"55678","Bermuda",2004,0.26500567323,0.0735026726428571
"55680","Bermuda",2005,0.26554784533,0.0752966838239796
"55682","Bermuda",2006,0.26505564619,0.075842850127551
"55684","Bermuda",2007,0.26383399487,0.075835063744898
"55686","Bermuda",2008,0.26239387063,0.0762630435841837
"55688","Bermuda",2009,0.26124631426,0.0773326516785714
"55690","Bermuda",2010,0.26090262169,0.0784609970204082
"55692","Bermuda",2011,0.26237935855,0.0756896865306123
"55694","Bermuda",2012,0.26560683009,0.0746320361020408
"55696","Bermuda",2013,0.2694679293,0.0742450391938775
"55698","Bermuda",2014,0.27284529153,0.0733522450229592
"55700","Bermuda",2015,0.27462139564,0.073131521502551
"55702","Bermuda",2016,0.27503873278,0.0732026701096939
"55704","Bermuda",2017,0.27519366904,0.0741639951173469
"55706","Bermuda",2018,0.27525137035,0.0761270763903061
"55708","Bermuda",2019,0.2753811219,0.0767441707653061
"55710","Bermuda",2020,0.2791911848,0.0771546434183673
"55712","Bermuda",2021,0.27102993474,0.0753537543622449
"44130","Bolivarian Republic of Venezuela",1990,0.24542317437,0.0602521334158163
"44132","Bolivarian Republic of Venezuela",1991,0.24218233274,0.0579346566479592
"44134","Bolivarian Republic of Venezuela",1992,0.23929285832,0.0558851681836735
"44136","Bolivarian Republic of Venezuela",1993,0.23691170706,0.0547498357372449
"44138","Bolivarian Republic of Venezuela",1994,0.23519665945,0.0566389347882653
"44140","Bolivarian Republic of Venezuela",1995,0.23430608084,0.0572506223214286
"44142","Bolivarian Republic of Venezuela",1996,0.23395248903,0.0571469165382653
"44144","Bolivarian Republic of Venezuela",1997,0.23373752957,0.0562328704311224
"44146","Bolivarian Republic of Venezuela",1998,0.2336526937,0.0549697941479592
"44148","Bolivarian Republic of Venezuela",1999,0.23368899298,0.0558349572142857
"44150","Bolivarian Republic of Venezuela",2000,0.23383589654,0.0563367435663265
"44152","Bolivarian Republic of Venezuela",2001,0.23426577832,0.0555429969566326
"44154","Bolivarian Republic of Venezuela",2002,0.23500654218,0.0558505842576531
"44156","Bolivarian Republic of Venezuela",2003,0.23583174752,0.0558470934821429
"44158","Bolivarian Republic of Venezuela",2004,0.23651435653,0.0566341947653061
"44160","Bolivarian Republic of Venezuela",2005,0.23682705561,0.0574584487831633
"44162","Bolivarian Republic of Venezuela",2006,0.23663816416,0.0574367210484694
"44164","Bolivarian Republic of Venezuela",2007,0.23612825477,0.0576029644260204
"44166","Bolivarian Republic of Venezuela",2008,0.23553720231,0.0585952821938776
"44168","Bolivarian Republic of Venezuela",2009,0.2351056912,0.0591133056836735
"44170","Bolivarian Republic of Venezuela",2010,0.23507488817,0.0601200645076531
"44172","Bolivarian Republic of Venezuela",2011,0.23544028357,0.0597536180918367
"44174","Bolivarian Republic of Venezuela",2012,0.23606740642,0.0590626094056123
"44176","Bolivarian Republic of Venezuela",2013,0.23700295702,0.0592379162678572
"44178","Bolivarian Republic of Venezuela",2014,0.23829464854,0.0615305665586735
"44180","Bolivarian Republic of Venezuela",2015,0.23999092141,0.0643682831964286
"44182","Bolivarian Republic of Venezuela",2016,0.24667782058,0.0645310248673469
"44184","Bolivarian Republic of Venezuela",2017,0.25890218828,0.0669016787653061
"44186","Bolivarian Republic of Venezuela",2018,0.27064875087,0.072731439627551
"44188","Bolivarian Republic of Venezuela",2019,0.27589613031,0.0782879961964286
"44190","Bolivarian Republic of Venezuela",2020,0.27589613031,0.0782879961964286
"44192","Bolivarian Republic of Venezuela",2021,0.27589613031,0.0782879961964286
"27810","Bosnia and Herzegovina",1990,0.28510555396,0.0839910236096939
"27812","Bosnia and Herzegovina",1991,0.28559702721,0.0839946755688775
"27814","Bosnia and Herzegovina",1992,0.28604970263,0.0833647311173469
"27816","Bosnia and Herzegovina",1993,0.28642873067,0.0821907059923469
"27818","Bosnia and Herzegovina",1994,0.28669633327,0.0818069110382653
"27820","Bosnia and Herzegovina",1995,0.28680333276,0.081456695497449
"27822","Bosnia and Herzegovina",1996,0.28681009675,0.0814874367831633
"27824","Bosnia and Herzegovina",1997,0.28681156486,0.0815078953265306
"27826","Bosnia and Herzegovina",1998,0.28680184217,0.0815115198239796
"27828","Bosnia and Herzegovina",1999,0.28678664606,0.0815040015765306
"27830","Bosnia and Herzegovina",2000,0.28677751007,0.081496709252551
"27832","Bosnia and Herzegovina",2001,0.28642500418,0.081402441755102
"27834","Bosnia and Herzegovina",2002,0.28559004145,0.0812425521045918
"27836","Bosnia and Herzegovina",2003,0.28459195397,0.0810061087015306
"27838","Bosnia and Herzegovina",2004,0.28374903122,0.0810084544413265
"27840","Bosnia and Herzegovina",2005,0.28337729046,0.0807844160484694
"27842","Bosnia and Herzegovina",2006,0.28371471779,0.08084218975
"27844","Bosnia and Herzegovina",2007,0.28456307876,0.0809255562142857
"27846","Bosnia and Herzegovina",2008,0.28558230354,0.0811869433520408
"27848","Bosnia and Herzegovina",2009,0.28643810794,0.0821040931938776
"27850","Bosnia and Herzegovina",2010,0.28679716595,0.0831298856734694
"27852","Bosnia and Herzegovina",2011,0.28679586232,0.0831321060357143
"27854","Bosnia and Herzegovina",2012,0.28679400077,0.0831346015790816
"27856","Bosnia and Herzegovina",2013,0.28679246821,0.0831351796556122
"27858","Bosnia and Herzegovina",2014,0.28679146002,0.0831362525204082
"27860","Bosnia and Herzegovina",2015,0.28678976751,0.0831370398316327
"27862","Bosnia and Herzegovina",2016,0.28687370083,0.0828057731147959
"27864","Bosnia and Herzegovina",2017,0.28705949597,0.0824003613290816
"27866","Bosnia and Herzegovina",2018,0.28724520592,0.0822728099005102
"27868","Bosnia and Herzegovina",2019,0.28732900711,0.0823479445484694
"27870","Bosnia and Herzegovina",2020,0.28678382967,0.0831419130816327
"27872","Bosnia and Herzegovina",2021,0.28732827094,0.0823479809719388
"34370","Brunei Darussalam",1990,0.27462756202,0.0801567751377551
"34372","Brunei Darussalam",1991,0.27462994153,0.0801389923265306
"34374","Brunei Darussalam",1992,0.27463186794,0.0801157412168367
"34376","Brunei Darussalam",1993,0.27463161006,0.0800893446760204
"34378","Brunei Darussalam",1994,0.27463084956,0.0800552456352041
"34380","Brunei Darussalam",1995,0.27462991857,0.0800251319285714
"34382","Brunei Darussalam",1996,0.27463105222,0.080011686757653
"34384","Brunei Darussalam",1997,0.2746308948,0.080006839755102
"34386","Brunei Darussalam",1998,0.27462750495,0.0800007904617347
"34388","Brunei Darussalam",1999,0.27462290645,0.0799957193239796
"34390","Brunei Darussalam",2000,0.27461750074,0.0799951007755102
"34392","Brunei Darussalam",2001,0.27461281143,0.0799967443010204
"34394","Brunei Darussalam",2002,0.27460756312,0.0800046779846939
"34396","Brunei Darussalam",2003,0.27460023625,0.0800177115127551
"34398","Brunei Darussalam",2004,0.27459216424,0.0800321978086735
"34400","Brunei Darussalam",2005,0.27458505131,0.0800516694693878
"34402","Brunei Darussalam",2006,0.27457738791,0.0800702424668367
"34404","Brunei Darussalam",2007,0.27457072136,0.0800865197372449
"34406","Brunei Darussalam",2008,0.27456645138,0.0801059302882653
"34408","Brunei Darussalam",2009,0.27456235666,0.0801264146989796
"34410","Brunei Darussalam",2010,0.27455811636,0.0801584937576531
"34412","Brunei Darussalam",2011,0.27455442144,0.0802023964642857
"34414","Brunei Darussalam",2012,0.27455164544,0.0802349164668368
"34416","Brunei Darussalam",2013,0.27454865679,0.0802652358035714
"34418","Brunei Darussalam",2014,0.2745451436,0.0802976846709184
"34420","Brunei Darussalam",2015,0.27454201085,0.0803144422423469
"34422","Brunei Darussalam",2016,0.27454061669,0.0803294875943878
"34424","Brunei Darussalam",2017,0.27454097203,0.080341053877551
"34426","Brunei Darussalam",2018,0.27454161161,0.0803488215739796
"34428","Brunei Darussalam",2019,0.274542419,0.0803563599209184
"34430","Brunei Darussalam",2020,0.27454393322,0.080360888494898
"34432","Brunei Darussalam",2021,0.27454649315,0.0803596630280612
"53090","Burkina Faso",1990,50.01768021554,4.72338669972959
"53092","Burkina Faso",1991,53.08982047869,5.07740358962245
"53094","Burkina Faso",1992,56.51802167382,5.42839050871684
"53096","Burkina Faso",1993,60.26189102936,5.74573177431887
"53098","Burkina Faso",1994,64.28251138956,6.0535054488903
"53100","Burkina Faso",1995,68.53948964612,6.42232795171939
"53102","Burkina Faso",1996,72.99164872968,6.71247105577296
"53104","Burkina Faso",1997,77.72768576539,7.13583173813776
"53106","Burkina Faso",1998,82.9183824349,7.75053094115817
"53108","Burkina Faso",1999,88.71130346014,8.20062889233163
"53110","Burkina Faso",2000,95.30680524066,8.58520978086735
"53112","Burkina Faso",2001,104.81512755157,9.05983652802296
"53114","Burkina Faso",2002,117.55616666339,9.90414428935969
"53116","Burkina Faso",2003,130.77074911873,10.8206938439439
"53118","Burkina Faso",2004,141.69165958588,11.7444064338878
"53120","Burkina Faso",2005,147.57802555646,12.0017785004592
"53122","Burkina Faso",2006,149.26880680439,11.450873963926
"53124","Burkina Faso",2007,149.56636332599,10.649462091375
"53126","Burkina Faso",2008,148.5347539744,9.88687321786479
"53128","Burkina Faso",2009,146.18176819192,9.20690009365562
"53130","Burkina Faso",2010,142.54870713977,8.62971227909439
"53132","Burkina Faso",2011,131.30006377738,7.93224886434694
"53134","Burkina Faso",2012,110.5660925562,6.92135214365562
"53136","Burkina Faso",2013,86.94692529721,5.73685053147194
"53138","Burkina Faso",2014,67.05983509908,4.80932964667857
"53140","Burkina Faso",2015,57.48826116115,4.25267738203572
"53142","Burkina Faso",2016,55.84497818148,4.35421944895918
"53144","Burkina Faso",2017,55.02433574085,4.3266791171301
"53146","Burkina Faso",2018,54.64103982836,4.48075748051786
"53148","Burkina Faso",2019,54.30783752248,4.6154094636097
"53150","Burkina Faso",2020,54.77044469722,5.00206417090561
"53152","Burkina Faso",2021,54.06364126271,5.10819628800255
"38690","Canada",1990,0.29322695646,0.0722529795714286
"38692","Canada",1991,0.30045110021,0.0696678555841837
"38694","Canada",1992,0.30700094468,0.0696067283010204
"38696","Canada",1993,0.31193769117,0.067667016377551
"38698","Canada",1994,0.31471530684,0.0659869004107143
"38700","Canada",1995,0.31507471548,0.0645167686913265
"38702","Canada",1996,0.31237636972,0.0644310533469388
"38704","Canada",1997,0.30728244906,0.0650161445229592
"38706","Canada",1998,0.3012067353,0.0652818016147959
"38708","Canada",1999,0.2956339143,0.0653025915102041
"38710","Canada",2000,0.29203007904,0.0663224399107143
"38712","Canada",2001,0.28983305214,0.0650210400918367
"38714","Canada",2002,0.28766579337,0.0641342586836735
"38716","Canada",2003,0.28580347076,0.0633051566683673
"38718","Canada",2004,0.28452127252,0.0636654111377551
"38720","Canada",2005,0.28409280084,0.064220137869898
"38722","Canada",2006,0.28537862855,0.0635047229897959
"38724","Canada",2007,0.28832224973,0.062819202247449
"38726","Canada",2008,0.29182958521,0.0641285375943877
"38728","Canada",2009,0.29480308668,0.0652865225382653
"38730","Canada",2010,0.2961423278,0.0660324679693878
"38732","Canada",2011,0.29399296487,0.0660346345306122
"38734","Canada",2012,0.28859983184,0.0664929233877551
"38736","Canada",2013,0.28202688661,0.0692450899285714
"38738","Canada",2014,0.27631284319,0.0696402155204082
"38740","Canada",2015,0.27350406747,0.0715618296428571
"38742","Canada",2016,0.2737156077,0.0717888725178571
"38744","Canada",2017,0.27506028248,0.0740348491785714
"38746","Canada",2018,0.27656206719,0.0742873120739796
"38748","Canada",2019,0.27726513275,0.0785897548239796
"38750","Canada",2020,0.27738890026,0.078595440752551
"38752","Canada",2021,0.27727138566,0.0785888690943877
"48930","Central African Republic",1990,35.84136010556,3.09998727130612
"48932","Central African Republic",1991,36.79776542611,3.07832692661735
"48934","Central African Republic",1992,38.85662892643,3.18769368922959
"48936","Central African Republic",1993,41.7622388091,3.37956966943112
"48938","Central African Republic",1994,45.2582840759,3.63708314001786
"48940","Central African Republic",1995,49.08499002365,4.01643967814541
"48942","Central African Republic",1996,54.22304615711,4.38415963243623
"48944","Central African Republic",1997,61.31823609164,5.05846145085714
"48946","Central African Republic",1998,69.60290629675,5.84150699176021
"48948","Central African Republic",1999,78.30723900492,6.76993068547704
"48950","Central African Republic",2000,86.66012921666,7.75455171491071
"48952","Central African Republic",2001,96.22342478994,8.27035191596684
"48954","Central African Republic",2002,107.57903461967,8.89769935889541
"48956","Central African Republic",2003,118.4807674105,9.49098000585714
"48958","Central African Republic",2004,126.67644890553,10.0064513050714
"48960","Central African Republic",2005,129.91482440126,10.1309574950459
"48962","Central African Republic",2006,124.20398131282,9.77118763936479
"48964","Central African Republic",2007,110.11433762535,8.81862951707142
"48966","Central African Republic",2008,92.2431729445,7.54441601278826
"48968","Central African Republic",2009,75.18713888229,6.5315501234898
"48970","Central African Republic",2010,63.54069730143,5.59051757721173
"48972","Central African Republic",2011,56.1906451428,4.9653932674949
"48974","Central African Republic",2012,49.35154568929,4.34426543056888
"48976","Central African Republic",2013,43.60484158763,3.82764895684949
"48978","Central African Republic",2014,39.53073726355,3.47524227932908
"48980","Central African Republic",2015,37.71795679918,3.33697270744898
"48982","Central African Republic",2016,37.36507159157,3.33417522755102
"48984","Central African Republic",2017,37.18423823086,3.36694072591327
"48986","Central African Republic",2018,37.03983821237,3.40646877529337
"48988","Central African Republic",2019,36.80221409048,3.40897360640561
"48990","Central African Republic",2020,35.66892586696,3.09450873332653
"48992","Central African Republic",2021,34.96927850908,3.09315354904337
"39330","Commonwealth of Dominica",1990,0.30644877098,0.0805291923571428
"39332","Commonwealth of Dominica",1991,0.30696241253,0.0797556922346939
"39334","Commonwealth of Dominica",1992,0.30756077376,0.0793694152933673
"39336","Commonwealth of Dominica",1993,0.30814468008,0.0811293239617347
"39338","Commonwealth of Dominica",1994,0.30861669101,0.0805510885204081
"39340","Commonwealth of Dominica",1995,0.30887912291,0.0811756799642857
"39342","Commonwealth of Dominica",1996,0.30936686337,0.0806701383290816
"39344","Commonwealth of Dominica",1997,0.31034118404,0.0820950186352041
"39346","Commonwealth of Dominica",1998,0.31144172338,0.0830445965127551
"39348","Commonwealth of Dominica",1999,0.31229411018,0.0824093245204082
"39350","Commonwealth of Dominica",2000,0.31251374664,0.0807010848112245
"39352","Commonwealth of Dominica",2001,0.31139555062,0.0826553596505102
"39354","Commonwealth of Dominica",2002,0.3090604345,0.083738338747449
"39356","Commonwealth of Dominica",2003,0.30635889339,0.081945453627551
"39358","Commonwealth of Dominica",2004,0.30414853332,0.0789078660382653
"39360","Commonwealth of Dominica",2005,0.30329121373,0.0781007245637755
"39362","Commonwealth of Dominica",2006,0.30410800396,0.0792869668443878
"39364","Commonwealth of Dominica",2007,0.30593613742,0.0816285368392857
"39366","Commonwealth of Dominica",2008,0.30815308215,0.0817507075688776
"39368","Commonwealth of Dominica",2009,0.31013297121,0.0816170397984694
"39370","Commonwealth of Dominica",2010,0.31124673636,0.0840293383035714
"39372","Commonwealth of Dominica",2011,0.31170843521,0.0824024805918367
"39374","Commonwealth of Dominica",2012,0.31211198391,0.0819208739923469
"39376","Commonwealth of Dominica",2013,0.31240157569,0.0816689936173469
"39378","Commonwealth of Dominica",2014,0.31252719836,0.0833257778877551
"39380","Commonwealth of Dominica",2015,0.31244353995,0.0845115665969388
"39382","Commonwealth of Dominica",2016,0.31175150886,0.0815742686836735
"39384","Commonwealth of Dominica",2017,0.31051426547,0.0807800991428572
"39386","Commonwealth of Dominica",2018,0.30937554686,0.082960233755102
"39388","Commonwealth of Dominica",2019,0.30897948304,0.0818852788494898
"39390","Commonwealth of Dominica",2020,0.31417890343,0.0824319715790817
"39392","Commonwealth of Dominica",2021,0.31501066168,0.0849442083239796
"33570","Commonwealth of the Bahamas",1990,0.52888318227,0.104626803872449
"33572","Commonwealth of the Bahamas",1991,0.55532970344,0.100391191979592
"33574","Commonwealth of the Bahamas",1992,0.57884542517,0.0967198834209183
"33576","Commonwealth of the Bahamas",1993,0.59794757003,0.0938385981658163
"33578","Commonwealth of the Bahamas",1994,0.61115711534,0.0924334416377551
"33580","Commonwealth of the Bahamas",1995,0.61729636309,0.0945826954311225
"33582","Commonwealth of the Bahamas",1996,0.61760813861,0.0945714221683673
"33584","Commonwealth of the Bahamas",1997,0.6143552034,0.0939051702270408
"33586","Commonwealth of the Bahamas",1998,0.61153124349,0.0943020174030612
"33588","Commonwealth of the Bahamas",1999,0.60859384271,0.096108867755102
"33590","Commonwealth of the Bahamas",2000,0.60651003624,0.0997196047142857
"33592","Commonwealth of the Bahamas",2001,0.60787942489,0.0945034066096939
"33594","Commonwealth of the Bahamas",2002,0.61170396408,0.093933642375
"33596","Commonwealth of the Bahamas",2003,0.61632163799,0.0942867044209184
"33598","Commonwealth of the Bahamas",2004,0.61984550245,0.0940223460433673
"33600","Commonwealth of the Bahamas",2005,0.62012115113,0.0940294411683673
"33602","Commonwealth of the Bahamas",2006,0.60853989808,0.0932607742244898
"33604","Commonwealth of the Bahamas",2007,0.58350701786,0.0923105709515306
"33606","Commonwealth of the Bahamas",2008,0.55482274588,0.0913800359693878
"33608","Commonwealth of the Bahamas",2009,0.5319175881,0.0930992926122449
"33610","Commonwealth of the Bahamas",2010,0.52092848805,0.0944412784234694
"33612","Commonwealth of the Bahamas",2011,0.51989992425,0.0932080748010204
"33614","Commonwealth of the Bahamas",2012,0.52179545274,0.0935016189183673
"33616","Commonwealth of the Bahamas",2013,0.526613821,0.0936841795484694
"33618","Commonwealth of the Bahamas",2014,0.53586800366,0.0976620658418367
"33620","Commonwealth of the Bahamas",2015,0.5439591696,0.0988971412066327
"33622","Commonwealth of the Bahamas",2016,0.54599135212,0.100594477321429
"33624","Commonwealth of the Bahamas",2017,0.54772746275,0.103394791479592
"33626","Commonwealth of the Bahamas",2018,0.55015683556,0.106353237326531
"33628","Commonwealth of the Bahamas",2019,0.55097081315,0.110034282104592
"33630","Commonwealth of the Bahamas",2020,0.54499743388,0.108755164012755
"33632","Commonwealth of the Bahamas",2021,0.54624068917,0.106192653502551
"56130","Cook Islands",1990,0.80244868852,0.127756356834184
"56132","Cook Islands",1991,0.80194577502,0.128934645533163
"56134","Cook Islands",1992,0.80299992326,0.127704658586735
"56136","Cook Islands",1993,0.80511626089,0.128808310362245
"56138","Cook Islands",1994,0.80779627348,0.133114514306122
"56140","Cook Islands",1995,0.81053833843,0.135980489048469
"56142","Cook Islands",1996,0.81657554813,0.135336294994898
"56144","Cook Islands",1997,0.82718825268,0.135072610178571
"56146","Cook Islands",1998,0.8389597661,0.138777447010204
"56148","Cook Islands",1999,0.84845914025,0.140623995331633
"56150","Cook Islands",2000,0.85224690735,0.143481636806122
"56152","Cook Islands",2001,0.84780087553,0.139930589494898
"56154","Cook Islands",2002,0.83717628784,0.137060820482143
"56156","Cook Islands",2003,0.82377951702,0.134666793558674
"56158","Cook Islands",2004,0.81104857234,0.134211904510204
"56160","Cook Islands",2005,0.80245654475,0.135913849844388
"56162","Cook Islands",2006,0.79541020793,0.133922436436225
"56164","Cook Islands",2007,0.78639306007,0.13215066192602
"56166","Cook Islands",2008,0.77745863009,0.131733859477041
"56168","Cook Islands",2009,0.77065919814,0.133101442015306
"56170","Cook Islands",2010,0.76804282565,0.134560227295918
"56172","Cook Islands",2011,0.77198619266,0.133779139678571
"56174","Cook Islands",2012,0.78153304317,0.137529028196429
"56176","Cook Islands",2013,0.79372190594,0.135864746956633
"56178","Cook Islands",2014,0.80558902122,0.141594944489796
"56180","Cook Islands",2015,0.81417461973,0.143429119489796
"56182","Cook Islands",2016,0.82195572734,0.139330171943878
"56184","Cook Islands",2017,0.83131321235,0.139155947979592
"56186","Cook Islands",2018,0.83917052802,0.135479114818878
"56188","Cook Islands",2019,0.8424583468,0.134681777770408
"56190","Cook Islands",2020,0.82357813033,0.135973457196429
"56192","Cook Islands",2021,0.83870790795,0.135794511081633
"34850","Czech Republic",1990,0.46725492555,0.090361324127551
"34852","Czech Republic",1991,0.4524875331,0.0873242986913265
"34854","Czech Republic",1992,0.43516265346,0.0851181414413265
"34856","Czech Republic",1993,0.42004147433,0.0796595756530612
"34858","Czech Republic",1994,0.40545027226,0.075244931872449
"34860","Czech Republic",1995,0.39118535794,0.0733228185102041
"34862","Czech Republic",1996,0.38021773579,0.0746661396887755
"34864","Czech Republic",1997,0.36751098221,0.0752998490637755
"34866","Czech Republic",1998,0.35320469324,0.0767775612346939
"34868","Czech Republic",1999,0.34137797474,0.0764243676096939
"34870","Czech Republic",2000,0.33360234608,0.0757946789744898
"34872","Czech Republic",2001,0.32829091645,0.0765497244438776
"34874","Czech Republic",2002,0.32307087395,0.0759167354540816
"34876","Czech Republic",2003,0.31821856957,0.0745523683443878
"34878","Czech Republic",2004,0.31454523897,0.0732677949795918
"34880","Czech Republic",2005,0.31309660347,0.0733765070382653
"34882","Czech Republic",2006,0.3145745833,0.0709325149413265
"34884","Czech Republic",2007,0.31840025622,0.0705607498137755
"34886","Czech Republic",2008,0.32310006985,0.0706761729336735
"34888","Czech Republic",2009,0.32723427257,0.0696714139081633
"34890","Czech Republic",2010,0.32929933279,0.0693081735433673
"34892","Czech Republic",2011,0.32919753534,0.0708252937678572
"34894","Czech Republic",2012,0.32817433622,0.0722166531581633
"34896","Czech Republic",2013,0.32694382581,0.0730171854132653
"34898","Czech Republic",2014,0.32647338307,0.075657986122449
"34900","Czech Republic",2015,0.32627358056,0.0793565829591837
"34902","Czech Republic",2016,0.32947731993,0.0785817403979592
"34904","Czech Republic",2017,0.33578130076,0.0781205051122449
"34906","Czech Republic",2018,0.3414553884,0.0805069864846939
"34908","Czech Republic",2019,0.34484481717,0.0823595631377551
"34910","Czech Republic",2020,0.33975317314,0.0860010383443878
"34912","Czech Republic",2021,0.34399612832,0.0822992820688775
"28290","Democratic People's Republic of Korea",1990,0.39114751671,0.0899191434821429
"28292","Democratic People's Republic of Korea",1991,0.39208215236,0.0909139941045918
"28294","Democratic People's Republic of Korea",1992,0.39328992093,0.0951377414132653
"28296","Democratic People's Republic of Korea",1993,0.39455012491,0.0955495377984694
"28298","Democratic People's Republic of Korea",1994,0.39564638942,0.0955812313290816
"28300","Democratic People's Republic of Korea",1995,0.3963586364,0.100554174403061
"28302","Democratic People's Republic of Korea",1996,0.39759578116,0.0967361578112245
"28304","Democratic People's Republic of Korea",1997,0.39994075863,0.0942225794515306
"28306","Democratic People's Republic of Korea",1998,0.40268707866,0.0911502585816327
"28308","Democratic People's Republic of Korea",1999,0.40513059929,0.0911331742193878
"28310","Democratic People's Republic of Korea",2000,0.40656315491,0.0910707081352041
"28312","Democratic People's Republic of Korea",2001,0.407846374,0.0902507447040816
"28314","Democratic People's Republic of Korea",2002,0.4099596526,0.0898380822066327
"28316","Democratic People's Republic of Korea",2003,0.41237067286,0.0894900267959184
"28318","Democratic People's Republic of Korea",2004,0.41454320626,0.0903055370510204
"28320","Democratic People's Republic of Korea",2005,0.4159463377,0.0921787773061224
"28322","Democratic People's Republic of Korea",2006,0.41783842438,0.0906483697627551
"28324","Democratic People's Republic of Korea",2007,0.42120393249,0.0913115038877551
"28326","Democratic People's Republic of Korea",2008,0.42509636299,0.0932959000357143
"28328","Democratic People's Republic of Korea",2009,0.42856954764,0.0926497135994898
"28330","Democratic People's Republic of Korea",2010,0.43068521938,0.0947821672704082
"28332","Democratic People's Republic of Korea",2011,0.43306107022,0.0926405513571429
"28334","Democratic People's Republic of Korea",2012,0.43712252532,0.0936719501352041
"28336","Democratic People's Republic of Korea",2013,0.4416337338,0.0953569412270408
"28338","Democratic People's Republic of Korea",2014,0.44535676971,0.0961237019336735
"28340","Democratic People's Republic of Korea",2015,0.44705037563,0.0971487338341837
"28342","Democratic People's Republic of Korea",2016,0.44654316689,0.0956905730331633
"28344","Democratic People's Republic of Korea",2017,0.44559032278,0.097085474380102
"28346","Democratic People's Republic of Korea",2018,0.44584920864,0.0973484367244898
"28348","Democratic People's Republic of Korea",2019,0.44898814093,0.0998323641785714
"28350","Democratic People's Republic of Korea",2020,0.48507652772,0.103530790288265
"28352","Democratic People's Republic of Korea",2021,0.43775329589,0.096030845127551
"55970","Democratic Republic of Sao Tome and Principe",1990,17.5976468489,1.65152105578571
"55972","Democratic Republic of Sao Tome and Principe",1991,17.57477705174,1.62399704645663
"55974","Democratic Republic of Sao Tome and Principe",1992,17.53727534304,1.61676006812755
"55976","Democratic Republic of Sao Tome and Principe",1993,17.48901413122,1.6065773772398
"55978","Democratic Republic of Sao Tome and Principe",1994,17.43340168161,1.59407316285714
"55980","Democratic Republic of Sao Tome and Principe",1995,17.37251014333,1.58294912992347
"55982","Democratic Republic of Sao Tome and Principe",1996,17.26628876322,1.55702415148214
"55984","Democratic Republic of Sao Tome and Principe",1997,17.08961684379,1.54200778044133
"55986","Democratic Republic of Sao Tome and Principe",1998,16.86698677786,1.51634457248214
"55988","Democratic Republic of Sao Tome and Principe",1999,16.62313209905,1.53213062723724
"55990","Democratic Republic of Sao Tome and Principe",2000,16.38294513135,1.54168999258673
"55992","Democratic Republic of Sao Tome and Principe",2001,16.1397969505,1.45566834981378
"55994","Democratic Republic of Sao Tome and Principe",2002,15.86436336966,1.39046209072959
"55996","Democratic Republic of Sao Tome and Principe",2003,15.546444947,1.33881178301531
"55998","Democratic Republic of Sao Tome and Principe",2004,15.17603431259,1.30894713692602
"56000","Democratic Republic of Sao Tome and Principe",2005,14.74311103127,1.29311997354082
"56002","Democratic Republic of Sao Tome and Principe",2006,14.1069197155,1.20667192660459
"56004","Democratic Republic of Sao Tome and Principe",2007,13.22683556458,1.13954517728061
"56006","Democratic Republic of Sao Tome and Principe",2008,12.24244240169,1.09435627184694
"56008","Democratic Republic of Sao Tome and Principe",2009,11.29346271312,1.04935203394133
"56010","Democratic Republic of Sao Tome and Principe",2010,10.51963687685,0.993868019961734
"56012","Democratic Republic of Sao Tome and Principe",2011,9.87430058344,0.931389396114796
"56014","Democratic Republic of Sao Tome and Principe",2012,9.24693670686,0.866138664813775
"56016","Democratic Republic of Sao Tome and Principe",2013,8.68131442446,0.814397578227041
"56018","Democratic Republic of Sao Tome and Principe",2014,8.22134816927,0.772628439117347
"56020","Democratic Republic of Sao Tome and Principe",2015,7.9109409337,0.75607896865051
"56022","Democratic Republic of Sao Tome and Principe",2016,7.71843457561,0.733001067237245
"56024","Democratic Republic of Sao Tome and Principe",2017,7.5692302887,0.717494595221939
"56026","Democratic Republic of Sao Tome and Principe",2018,7.44276102615,0.71239866217347
"56028","Democratic Republic of Sao Tome and Principe",2019,7.31850868065,0.723840602163265
"56030","Democratic Republic of Sao Tome and Principe",2020,7.18961963889,0.704474079140306
"56032","Democratic Republic of Sao Tome and Principe",2021,7.025816015,0.662816991719387
"49250","Democratic Republic of the Congo",1990,93.50241047618,7.81166930813265
"49252","Democratic Republic of the Congo",1991,94.46751203393,7.84561717097194
"49254","Democratic Republic of the Congo",1992,96.00640540362,7.9458259806199
"49256","Democratic Republic of the Congo",1993,98.00303991831,8.05689420703317
"49258","Democratic Republic of the Congo",1994,100.3410818998,8.28928320219132
"49260","Democratic Republic of the Congo",1995,102.90107883281,8.5211430367602
"49262","Democratic Republic of the Congo",1996,106.63690610154,8.65244121969643
"49264","Democratic Republic of the Congo",1997,111.90102279421,9.08756041155867
"49266","Democratic Republic of the Congo",1998,117.69153366543,9.56553329638265
"49268","Democratic Republic of the Congo",1999,123.00252062689,9.8452520472602
"49270","Democratic Republic of the Congo",2000,126.82360833712,10.1864730579031
"49272","Democratic Republic of the Congo",2001,129.76313892659,10.2274301922168
"49274","Democratic Republic of the Congo",2002,132.7938191327,10.2721957229031
"49276","Democratic Republic of the Congo",2003,135.48090890719,10.4339165844643
"49278","Democratic Republic of the Congo",2004,137.39156870261,10.7350370852168
"49280","Democratic Republic of the Congo",2005,138.09047493982,10.9336594671735
"49282","Democratic Republic of the Congo",2006,136.30459096107,10.7469749269643
"49284","Democratic Republic of the Congo",2007,131.61096254111,10.3338796902296
"49286","Democratic Republic of the Congo",2008,124.87097838354,9.99134923743368
"49288","Democratic Republic of the Congo",2009,116.94669118972,9.64835036218112
"49290","Democratic Republic of the Congo",2010,108.6993682067,9.16931895692857
"49292","Democratic Republic of the Congo",2011,96.48532288007,8.11499277988776
"49294","Democratic Republic of the Congo",2012,79.01201760595,6.75486024286479
"49296","Democratic Republic of the Congo",2013,60.68475021677,5.32887893231378
"49298","Democratic Republic of the Congo",2014,45.91036921266,4.09565676290306
"49300","Democratic Republic of the Congo",2015,39.09615554993,3.50393734057143
"49302","Democratic Republic of the Congo",2016,38.05013664416,3.36124396502296
"49304","Democratic Republic of the Congo",2017,37.42280607179,3.25144568328827
"49306","Democratic Republic of the Congo",2018,36.89051469022,3.19134442883929
"49308","Democratic Republic of the Congo",2019,36.12959610029,3.1729290544949
"49310","Democratic Republic of the Congo",2020,34.45077070581,3.06779578919643
"49312","Democratic Republic of the Congo",2021,33.22767945915,2.96408061467602
"27330","Democratic Republic of Timor-Leste",1990,4.2575240487,0.44729685532398
"27332","Democratic Republic of Timor-Leste",1991,4.19134959312,0.436471482882653
"27334","Democratic Republic of Timor-Leste",1992,4.12217703588,0.425906319681122
"27336","Democratic Republic of Timor-Leste",1993,4.05053031793,0.417315436905612
"27338","Democratic Republic of Timor-Leste",1994,3.97691620147,0.416222360673469
"27340","Democratic Republic of Timor-Leste",1995,3.9017544115,0.417918582742347
"27342","Democratic Republic of Timor-Leste",1996,3.82390603671,0.406125996568878
"27344","Democratic Republic of Timor-Leste",1997,3.74203850278,0.395111668665816
"27346","Democratic Republic of Timor-Leste",1998,3.65675611273,0.386574706836735
"27348","Democratic Republic of Timor-Leste",1999,3.56861249795,0.375745446510204
"27350","Democratic Republic of Timor-Leste",2000,3.47837378879,0.378671669382653
"27352","Democratic Republic of Timor-Leste",2001,3.37399928141,0.372728090005102
"27354","Democratic Republic of Timor-Leste",2002,3.25274121647,0.36589058375
"27356","Democratic Republic of Timor-Leste",2003,3.1299665532,0.362093105096939
"27358","Democratic Republic of Timor-Leste",2004,3.02103103013,0.365576670841837
"27360","Democratic Republic of Timor-Leste",2005,2.94125418388,0.36397812892602
"27362","Democratic Republic of Timor-Leste",2006,2.87977449415,0.349544362520408
"27364","Democratic Republic of Timor-Leste",2007,2.8183120775,0.332054764265306
"27366","Democratic Republic of Timor-Leste",2008,2.76140716661,0.32196725625
"27368","Democratic Republic of Timor-Leste",2009,2.71358400794,0.315636398410714
"27370","Democratic Republic of Timor-Leste",2010,2.6793503264,0.310763203540816
"27372","Democratic Republic of Timor-Leste",2011,2.65399460519,0.308447546693878
"27374","Democratic Republic of Timor-Leste",2012,2.63037732373,0.313988447214286
"27376","Democratic Republic of Timor-Leste",2013,2.60948604593,0.314558520405612
"27378","Democratic Republic of Timor-Leste",2014,2.59231341916,0.319085372579082
"27380","Democratic Republic of Timor-Leste",2015,2.57979149925,0.323683220581633
"27382","Democratic Republic of Timor-Leste",2016,2.56900150762,0.318186188061225
"27384","Democratic Republic of Timor-Leste",2017,2.55731121567,0.310118328058674
"27386","Democratic Republic of Timor-Leste",2018,2.54643394463,0.297803994877551
"27388","Democratic Republic of Timor-Leste",2019,2.53807690694,0.295974126028061
"27390","Democratic Republic of Timor-Leste",2020,2.60778314166,0.310870745288265
"27392","Democratic Republic of Timor-Leste",2021,2.58450053539,0.312074108255102
"26530","Democratic Socialist Republic of Sri Lanka",1990,3.43119778546,0.366993930369898
"26532","Democratic Socialist Republic of Sri Lanka",1991,3.36081270319,0.360092778420918
"26534","Democratic Socialist Republic of Sri Lanka",1992,3.28931802372,0.358105846451531
"26536","Democratic Socialist Republic of Sri Lanka",1993,3.21851438589,0.349283483678571
"26538","Democratic Socialist Republic of Sri Lanka",1994,3.15020138947,0.351011855836735
"26540","Democratic Socialist Republic of Sri Lanka",1995,3.08616676082,0.360544275538265
"26542","Democratic Socialist Republic of Sri Lanka",1996,3.01858218173,0.343021976892857
"26544","Democratic Socialist Republic of Sri Lanka",1997,2.94318614195,0.336248903992347
"26546","Democratic Socialist Republic of Sri Lanka",1998,2.8671069843,0.327642262543367
"26548","Democratic Socialist Republic of Sri Lanka",1999,2.7974752905,0.325589346410714
"26550","Democratic Socialist Republic of Sri Lanka",2000,2.74143113716,0.321456514071429
"26552","Democratic Socialist Republic of Sri Lanka",2001,2.69873425114,0.318606069385204
"26554","Democratic Socialist Republic of Sri Lanka",2002,2.66253096779,0.322703748214286
"26556","Democratic Socialist Republic of Sri Lanka",2003,2.63001175484,0.32148937827551
"26558","Democratic Socialist Republic of Sri Lanka",2004,2.59836836278,0.323270665811225
"26560","Democratic Socialist Republic of Sri Lanka",2005,2.56478033958,0.317510162354592
"26562","Democratic Socialist Republic of Sri Lanka",2006,2.52180174887,0.311188137512755
"26564","Democratic Socialist Republic of Sri Lanka",2007,2.46820086415,0.298485079420918
"26566","Democratic Socialist Republic of Sri Lanka",2008,2.41041487076,0.284997276640306
"26568","Democratic Socialist Republic of Sri Lanka",2009,2.3548876631,0.279863010010204
"26570","Democratic Socialist Republic of Sri Lanka",2010,2.30808368892,0.277840719178571
"26572","Democratic Socialist Republic of Sri Lanka",2011,2.26885367505,0.266685783420918
"26574","Democratic Socialist Republic of Sri Lanka",2012,2.23158692734,0.265322848385204
"26576","Democratic Socialist Republic of Sri Lanka",2013,2.19601843542,0.266095609441327
"26578","Democratic Socialist Republic of Sri Lanka",2014,2.16187851795,0.260805083260204
"26580","Democratic Socialist Republic of Sri Lanka",2015,2.12892300308,0.258271076142857
"26582","Democratic Socialist Republic of Sri Lanka",2016,2.09427986556,0.255482169387755
"26584","Democratic Socialist Republic of Sri Lanka",2017,2.05806326274,0.252882519219388
"26586","Democratic Socialist Republic of Sri Lanka",2018,2.02449825114,0.249955962701531
"26588","Democratic Socialist Republic of Sri Lanka",2019,1.99780264352,0.254773923158163
"26590","Democratic Socialist Republic of Sri Lanka",2020,1.99939737482,0.249042697219388
"26592","Democratic Socialist Republic of Sri Lanka",2021,1.99179504038,0.253961398362245
"41890","Dominican Republic",1990,0.30610797197,0.0804395695
"41892","Dominican Republic",1991,0.30633858022,0.0796669693596939
"41894","Dominican Republic",1992,0.30685009765,0.0792115420994898
"41896","Dominican Republic",1993,0.30749728437,0.0805706362729592
"41898","Dominican Republic",1994,0.30814000949,0.0798444765178572
"41900","Dominican Republic",1995,0.30863073382,0.0810063165127551
"41902","Dominican Republic",1996,0.30968628016,0.0803432995
"41904","Dominican Republic",1997,0.3116657806,0.0802227911989796
"41906","Dominican Republic",1998,0.31388443736,0.0819828667091837
"41908","Dominican Republic",1999,0.31566829063,0.0825785025357143
"41910","Dominican Republic",2000,0.31634406284,0.0836555402984694
"41912","Dominican Republic",2001,0.3152580383,0.0823390775637755
"41914","Dominican Republic",2002,0.31280245096,0.0807832673443878
"41916","Dominican Republic",2003,0.30987175599,0.080384459
"41918","Dominican Republic",2004,0.30735675066,0.0814971657397959
"41920","Dominican Republic",2005,0.3061482446,0.0826159775586735
"41922","Dominican Republic",2006,0.30629424507,0.0818308801071428
"41924","Dominican Republic",2007,0.30702966691,0.0811789576811224
"41926","Dominican Republic",2008,0.30802255785,0.0815026635076531
"41928","Dominican Republic",2009,0.30894230935,0.0810510893112245
"41930","Dominican Republic",2010,0.30946162213,0.0842581844005102
"41932","Dominican Republic",2011,0.30990868332,0.082595484252551
"41934","Dominican Republic",2012,0.3106651915,0.081952058877551
"41936","Dominican Republic",2013,0.31148307016,0.0815972508826531
"41938","Dominican Republic",2014,0.3121131257,0.0831061232908163
"41940","Dominican Republic",2015,0.31230717356,0.0841973923979592
"41942","Dominican Republic",2016,0.31174807985,0.0809197692040816
"41944","Dominican Republic",2017,0.31067538829,0.0813327778494898
"41946","Dominican Republic",2018,0.30967726163,0.0834651488214286
"41948","Dominican Republic",2019,0.30934124847,0.0844140632040816
"41950","Dominican Republic",2020,0.31513252988,0.0843758814566326
"41952","Dominican Republic",2021,0.31479971642,0.0852824255969388
"37890","Eastern Republic of Uruguay",1990,0.38756755065,0.0800372702857143
"37892","Eastern Republic of Uruguay",1991,0.38468000823,0.076701854005102
"37894","Eastern Republic of Uruguay",1992,0.38151758056,0.0741078572857143
"37896","Eastern Republic of Uruguay",1993,0.37818618453,0.0722634569056122
"37898","Eastern Republic of Uruguay",1994,0.37481065238,0.0714856056887755
"37900","Eastern Republic of Uruguay",1995,0.37149062165,0.0712032133367347
"37902","Eastern Republic of Uruguay",1996,0.36602687715,0.0691094449387755
"37904","Eastern Republic of Uruguay",1997,0.35764281927,0.0693748590612245
"37906","Eastern Republic of Uruguay",1998,0.34852971561,0.0686381524821429
"37908","Eastern Republic of Uruguay",1999,0.34087984566,0.0699849162882653
"37910","Eastern Republic of Uruguay",2000,0.336873042,0.071696122744898
"37912","Eastern Republic of Uruguay",2001,0.33560094249,0.0709592683571429
"37914","Eastern Republic of Uruguay",2002,0.33465579032,0.0724896490918367
"37916","Eastern Republic of Uruguay",2003,0.33398411989,0.0728360760561224
"37918","Eastern Republic of Uruguay",2004,0.33355233317,0.0745784127933674
"37920","Eastern Republic of Uruguay",2005,0.33332380824,0.0750058616096939
"37922","Eastern Republic of Uruguay",2006,0.33290410189,0.070935383747449
"37924","Eastern Republic of Uruguay",2007,0.33218783174,0.0694658751173469
"37926","Eastern Republic of Uruguay",2008,0.33159383643,0.0669479056454082
"37928","Eastern Republic of Uruguay",2009,0.33154273962,0.066303669997449
"37930","Eastern Republic of Uruguay",2010,0.33244399727,0.066364771747449
"37932","Eastern Republic of Uruguay",2011,0.33583923437,0.0661628709617347
"37934","Eastern Republic of Uruguay",2012,0.34199302639,0.0684037046403061
"37936","Eastern Republic of Uruguay",2013,0.34942381551,0.0715171860459183
"37938","Eastern Republic of Uruguay",2014,0.35665356038,0.0747253589566327
"37940","Eastern Republic of Uruguay",2015,0.36219077785,0.077541636119898
"37942","Eastern Republic of Uruguay",2016,0.36755284937,0.0775680150918368
"37944","Eastern Republic of Uruguay",2017,0.37389859915,0.0781890279260204
"37946","Eastern Republic of Uruguay",2018,0.37920575036,0.0799915492295918
"37948","Eastern Republic of Uruguay",2019,0.3814502617,0.0819383115306123
"37950","Eastern Republic of Uruguay",2020,0.38149651306,0.0819342261658163
"37952","Eastern Republic of Uruguay",2021,0.42561053162,0.0822947462040816
"48610","Federal Democratic Republic of Ethiopia",1990,0.43590842022,0.094459246872449
"48612","Federal Democratic Republic of Ethiopia",1991,0.4379880403,0.094983621372449
"48614","Federal Democratic Republic of Ethiopia",1992,0.44054830934,0.0953317355280612
"48616","Federal Democratic Republic of Ethiopia",1993,0.44341437352,0.093205879507653
"48618","Federal Democratic Republic of Ethiopia",1994,0.44641136488,0.0915958029285714
"48620","Federal Democratic Republic of Ethiopia",1995,0.44934381675,0.0917636564132653
"48622","Federal Democratic Republic of Ethiopia",1996,0.45398891463,0.0917557359387755
"48624","Federal Democratic Republic of Ethiopia",1997,0.4610429478,0.093814169007653
"48626","Federal Democratic Republic of Ethiopia",1998,0.46860213539,0.0963514579795918
"48628","Federal Democratic Republic of Ethiopia",1999,0.47478550698,0.0985681214056123
"48630","Federal Democratic Republic of Ethiopia",2000,0.47771478807,0.0997730984744898
"48632","Federal Democratic Republic of Ethiopia",2001,0.47725084225,0.100523057160714
"48634","Federal Democratic Republic of Ethiopia",2002,0.47515258071,0.100064590982143
"48636","Federal Democratic Republic of Ethiopia",2003,0.47223387778,0.0998747470561224
"48638","Federal Democratic Republic of Ethiopia",2004,0.46933119657,0.0997707776709184
"48640","Federal Democratic Republic of Ethiopia",2005,0.46727237741,0.099697742627551
"48642","Federal Democratic Republic of Ethiopia",2006,0.464439602,0.098742934375
"48644","Federal Democratic Republic of Ethiopia",2007,0.45954558723,0.0982251213877551
"48646","Federal Democratic Republic of Ethiopia",2008,0.45407615303,0.0979818739540816
"48648","Federal Democratic Republic of Ethiopia",2009,0.44949580382,0.097577624375
"48650","Federal Democratic Republic of Ethiopia",2010,0.44728002133,0.0965285964209184
"48652","Federal Democratic Republic of Ethiopia",2011,0.44692443743,0.0965079712015306
"48654","Federal Democratic Republic of Ethiopia",2012,0.44695394233,0.0959051280204082
"48656","Federal Democratic Republic of Ethiopia",2013,0.4474096956,0.0946488659923469
"48658","Federal Democratic Republic of Ethiopia",2014,0.44831503175,0.0953629085280612
"48660","Federal Democratic Republic of Ethiopia",2015,0.44969834319,0.0957034301760204
"48662","Federal Democratic Republic of Ethiopia",2016,0.45287717345,0.0962097392882653
"48664","Federal Democratic Republic of Ethiopia",2017,0.45788460049,0.0954210287729592
"48666","Federal Democratic Republic of Ethiopia",2018,0.46285385909,0.097042712882653
"48668","Federal Democratic Republic of Ethiopia",2019,0.46591818228,0.0983080839158163
"48670","Federal Democratic Republic of Ethiopia",2020,0.4637191828,0.099207729742347
"48672","Federal Democratic Republic of Ethiopia",2021,0.46470699899,0.0965848062193878
"47490","Federal Democratic Republic of Nepal",1990,4.48905360802,0.555335063647959
"47492","Federal Democratic Republic of Nepal",1991,4.49471992308,0.524388733094387
"47494","Federal Democratic Republic of Nepal",1992,4.49309198964,0.507864992244898
"47496","Federal Democratic Republic of Nepal",1993,4.48495785448,0.494151068375
"47498","Federal Democratic Republic of Nepal",1994,4.47108248794,0.486910919933673
"47500","Federal Democratic Republic of Nepal",1995,4.45223931706,0.492419213711735
"47502","Federal Democratic Republic of Nepal",1996,4.42068254317,0.483559636395408
"47504","Federal Democratic Republic of Nepal",1997,4.37382150487,0.484795673959184
"47506","Federal Democratic Republic of Nepal",1998,4.32010590679,0.491504875522959
"47508","Federal Democratic Republic of Nepal",1999,4.26799501592,0.501545375678571
"47510","Federal Democratic Republic of Nepal",2000,4.22595804336,0.516215702145408
"47512","Federal Democratic Republic of Nepal",2001,4.18950137651,0.505085260752551
"47514","Federal Democratic Republic of Nepal",2002,4.15147450788,0.492555191096939
"47516","Federal Democratic Republic of Nepal",2003,4.11637972478,0.489716944247449
"47518","Federal Democratic Republic of Nepal",2004,4.08862237474,0.486175478053571
"47520","Federal Democratic Republic of Nepal",2005,4.07248222932,0.492481176329082
"47522","Federal Democratic Republic of Nepal",2006,4.06087361688,0.488791453571429
"47524","Federal Democratic Republic of Nepal",2007,4.04501107898,0.484993529739796
"47526","Federal Democratic Republic of Nepal",2008,4.02657741964,0.478387872183673
"47528","Federal Democratic Republic of Nepal",2009,4.00728373464,0.472436561528061
"47530","Federal Democratic Republic of Nepal",2010,3.98887210242,0.463858339762755
"47532","Federal Democratic Republic of Nepal",2011,3.96113182489,0.459607123772959
"47534","Federal Democratic Republic of Nepal",2012,3.91987985723,0.45717729969898
"47536","Federal Democratic Republic of Nepal",2013,3.87587446341,0.443491851262755
"47538","Federal Democratic Republic of Nepal",2014,3.83984600659,0.433179339158163
"47540","Federal Democratic Republic of Nepal",2015,3.82251877902,0.435535941533163
"47542","Federal Democratic Republic of Nepal",2016,3.8402004829,0.439013666788265
"47544","Federal Democratic Republic of Nepal",2017,3.885380856,0.451251575701531
"47546","Federal Democratic Republic of Nepal",2018,3.9330648305,0.458452333183673
"47548","Federal Democratic Republic of Nepal",2019,3.95825822602,0.465638555780612
"47550","Federal Democratic Republic of Nepal",2020,3.81961309269,0.453169513739796
"47552","Federal Democratic Republic of Nepal",2021,3.56434684304,0.437520239298469
"30530","Federal Republic of Germany",1990,0.2689126437,0.0662669431887755
"30532","Federal Republic of Germany",1991,0.26805428314,0.0635719019795918
"30534","Federal Republic of Germany",1992,0.26767825712,0.0617021362959184
"30536","Federal Republic of Germany",1993,0.26807586716,0.0614034075637755
"30538","Federal Republic of Germany",1994,0.26910253768,0.0603570257397959
"30540","Federal Republic of Germany",1995,0.27143580386,0.0600701959285714
"30542","Federal Republic of Germany",1996,0.27315445092,0.0610579325561224
"30544","Federal Republic of Germany",1997,0.27278496029,0.0616819962423469
"30546","Federal Republic of Germany",1998,0.27131895181,0.0625601651734694
"30548","Federal Republic of Germany",1999,0.27107785226,0.0642636358928571
"30550","Federal Republic of Germany",2000,0.27056665025,0.0646832943469388
"30552","Federal Republic of Germany",2001,0.26816536516,0.062062433627551
"30554","Federal Republic of Germany",2002,0.26350436278,0.0591593864260204
"30556","Federal Republic of Germany",2003,0.25799145406,0.0591720123622449
"30558","Federal Republic of Germany",2004,0.25306531336,0.0595442438928571
"30560","Federal Republic of Germany",2005,0.25015305683,0.0607784390306123
"30562","Federal Republic of Germany",2006,0.24849161659,0.0602416834413265
"30564","Federal Republic of Germany",2007,0.2465297989,0.0600365114693878
"30566","Federal Republic of Germany",2008,0.2445584183,0.0598494866734694
"30568","Federal Republic of Germany",2009,0.24301115366,0.0606181080994898
"30570","Federal Republic of Germany",2010,0.24216995656,0.0623783458341837
"30572","Federal Republic of Germany",2011,0.24236058566,0.0624819026989796
"30574","Federal Republic of Germany",2012,0.24343671816,0.0622038261734694
"30576","Federal Republic of Germany",2013,0.24498409055,0.0640445904642857
"30578","Federal Republic of Germany",2014,0.24659194152,0.0661785118545918
"30580","Federal Republic of Germany",2015,0.24785873535,0.0670463276862245
"30582","Federal Republic of Germany",2016,0.24973408455,0.0670406514846939
"30584","Federal Republic of Germany",2017,0.25264201329,0.0677358767780612
"30586","Federal Republic of Germany",2018,0.25534496298,0.0670271528443877
"30588","Federal Republic of Germany",2019,0.2565254307,0.0671300559719388
"30590","Federal Republic of Germany",2020,0.25655951631,0.067112678377551
"30592","Federal Republic of Germany",2021,0.27412226865,0.0773663526607143
"53730","Federal Republic of Nigeria",1990,64.93203055935,5.99260623414541
"53732","Federal Republic of Nigeria",1991,67.57217781604,6.23955670402551
"53734","Federal Republic of Nigeria",1992,70.28530956163,6.44393446605867
"53736","Federal Republic of Nigeria",1993,73.04676053437,6.66990271959439
"53738","Federal Republic of Nigeria",1994,75.82855170539,6.90228566155612
"53740","Federal Republic of Nigeria",1995,78.60146446843,7.14006804942091
"53742","Federal Republic of Nigeria",1996,81.33172298976,7.2852283528648
"53744","Federal Republic of Nigeria",1997,84.0764460581,7.46183518089796
"53746","Federal Republic of Nigeria",1998,86.95564822235,7.58497134258674
"53748","Federal Republic of Nigeria",1999,90.08790888508,7.80020410675765
"53750","Federal Republic of Nigeria",2000,93.5918507415,8.00211199578827
"53752","Federal Republic of Nigeria",2001,98.67662591311,8.28421032132143
"53754","Federal Republic of Nigeria",2002,105.41094580406,8.60561131260714
"53756","Federal Republic of Nigeria",2003,112.21775574345,8.91978718652296
"53758","Federal Republic of Nigeria",2004,117.51445425887,9.21896839394387
"53760","Federal Republic of Nigeria",2005,119.70996446704,9.36651834925254
"53762","Federal Republic of Nigeria",2006,117.99143588018,9.33521130614795
"53764","Federal Republic of Nigeria",2007,113.36754410355,9.12119919191582
"53766","Federal Republic of Nigeria",2008,106.98509895327,8.85902767356378
"53768","Federal Republic of Nigeria",2009,99.98989734926,8.61013926105612
"53770","Federal Republic of Nigeria",2010,93.52683800562,8.28356306284439
"53772","Federal Republic of Nigeria",2011,86.4166840096,7.69522248895919
"53774","Federal Republic of Nigeria",2012,77.78539451063,7.09345022465561
"53776","Federal Republic of Nigeria",2013,69.26287177428,6.52643320680102
"53778","Federal Republic of Nigeria",2014,62.49055977543,6.00927729026276
"53780","Federal Republic of Nigeria",2015,59.11874727541,5.75905532472959
"53782","Federal Republic of Nigeria",2016,58.27694632946,5.6548228066097
"53784","Federal Republic of Nigeria",2017,57.80014135459,5.58726137203826
"53786","Federal Republic of Nigeria",2018,57.40977618107,5.56030553543367
"53788","Federal Republic of Nigeria",2019,56.82362476167,5.53764237403061
"53790","Federal Republic of Nigeria",2020,55.05534425566,5.43591772922194
"53792","Federal Republic of Nigeria",2021,54.19162153327,5.35876924399745
"50370","Federal Republic of Somalia",1990,3.78137323304,0.372786982423469
"50372","Federal Republic of Somalia",1991,3.79263347335,0.36838042752551
"50374","Federal Republic of Somalia",1992,3.80133167763,0.36175259377551
"50376","Federal Republic of Somalia",1993,3.80841182207,0.364664848482143
"50378","Federal Republic of Somalia",1994,3.81454295651,0.363592887875
"50380","Federal Republic of Somalia",1995,3.81906993639,0.367087676543367
"50382","Federal Republic of Somalia",1996,3.8182258541,0.365023999992347
"50384","Federal Republic of Somalia",1997,3.81195150178,0.368949672239796
"50386","Federal Republic of Somalia",1998,3.8049500818,0.372792144627551
"50388","Federal Republic of Somalia",1999,3.8019979112,0.378475263022959
"50390","Federal Republic of Somalia",2000,3.80779586018,0.384451862145408
"50392","Federal Republic of Somalia",2001,3.85154434316,0.38068278967602
"50394","Federal Republic of Somalia",2002,3.93895966953,0.385540723701531
"50396","Federal Republic of Somalia",2003,4.03939544829,0.390839777579082
"50398","Federal Republic of Somalia",2004,4.12220277268,0.391712641903061
"50400","Federal Republic of Somalia",2005,4.15668287551,0.39549251709949
"50402","Federal Republic of Somalia",2006,3.9435500384,0.372466245132653
"50404","Federal Republic of Somalia",2007,3.43525345066,0.333246868507653
"50406","Federal Republic of Somalia",2008,2.82856098517,0.291166645716837
"50408","Federal Republic of Somalia",2009,2.32128520181,0.255336791596939
"50410","Federal Republic of Somalia",2010,2.10733373351,0.246658428913265
"50412","Federal Republic of Somalia",2011,2.12452129477,0.243130124216837
"50414","Federal Republic of Somalia",2012,2.16712934356,0.239786782535714
"50416","Federal Republic of Somalia",2013,2.22292059813,0.242655808808673
"50418","Federal Republic of Somalia",2014,2.27914441112,0.249015285479592
"50420","Federal Republic of Somalia",2015,2.32301868263,0.254241950290816
"50422","Federal Republic of Somalia",2016,2.35951860984,0.250205360852041
"50424","Federal Republic of Somalia",2017,2.39710118718,0.248611878214286
"50426","Federal Republic of Somalia",2018,2.427730859,0.255706711484694
"50428","Federal Republic of Somalia",2019,2.44342127529,0.264292162910714
"50430","Federal Republic of Somalia",2020,2.4181065241,0.259100953012755
"50432","Federal Republic of Somalia",2021,2.38455958427,0.265164659943878
"29250","Federated States of Micronesia",1990,1.27621812863,0.183319398278061
"29252","Federated States of Micronesia",1991,1.26735106435,0.17872438397449
"29254","Federated States of Micronesia",1992,1.26044369365,0.177462530352041
"29256","Federated States of Micronesia",1993,1.25524646958,0.177320520173469
"29258","Federated States of Micronesia",1994,1.25151523894,0.179260854484694
"29260","Federated States of Micronesia",1995,1.24901249525,0.180409455061224
"29262","Federated States of Micronesia",1996,1.25013135175,0.180722931214286
"29264","Federated States of Micronesia",1997,1.25527539896,0.182535790729592
"29266","Federated States of Micronesia",1998,1.26121108554,0.184186288798469
"29268","Federated States of Micronesia",1999,1.26468644716,0.185045333821429
"29270","Federated States of Micronesia",2000,1.26243690868,0.185642946632653
"29272","Federated States of Micronesia",2001,1.24873191456,0.182585970173469
"29274","Federated States of Micronesia",2002,1.22390717513,0.181031744163265
"29276","Federated States of Micronesia",2003,1.19379395836,0.173443297170918
"29278","Federated States of Micronesia",2004,1.16422546407,0.167880674183674
"29280","Federated States of Micronesia",2005,1.14103086176,0.169186049130102
"29282","Federated States of Micronesia",2006,1.12137623366,0.164810044607143
"29284","Federated States of Micronesia",2007,1.1005528178,0.162223707607143
"29286","Federated States of Micronesia",2008,1.08156946652,0.161348847109694
"29288","Federated States of Micronesia",2009,1.0674339753,0.162928633040816
"29290","Federated States of Micronesia",2010,1.06115237696,0.164184778372449
"29292","Federated States of Micronesia",2011,1.06142719918,0.163310880892857
"29294","Federated States of Micronesia",2012,1.06428835555,0.15657988347449
"29296","Federated States of Micronesia",2013,1.06873175535,0.156760389293367
"29298","Federated States of Micronesia",2014,1.0737557436,0.155072399966837
"29300","Federated States of Micronesia",2015,1.07835928243,0.156864640392857
"29302","Federated States of Micronesia",2016,1.08767662498,0.152361653979592
"29304","Federated States of Micronesia",2017,1.10299483951,0.15947943492602
"29306","Federated States of Micronesia",2018,1.11754018246,0.162870592020408
"29308","Federated States of Micronesia",2019,1.12454019842,0.166035879242347
"29310","Federated States of Micronesia",2020,1.11927352659,0.166893084502551
"29312","Federated States of Micronesia",2021,1.10625154864,0.167381632721939
"43170","Federative Republic of Brazil",1990,0.66666187342,0.0984533384719388
"43172","Federative Republic of Brazil",1991,0.65440836843,0.0962373141658163
"43174","Federative Republic of Brazil",1992,0.64187858986,0.0949702176198979
"43176","Federative Republic of Brazil",1993,0.6295440394,0.0934205875459184
"43178","Federative Republic of Brazil",1994,0.61761496839,0.0914550283188776
"43180","Federative Republic of Brazil",1995,0.60673738736,0.0890643497780612
"43182","Federative Republic of Brazil",1996,0.59351822027,0.0864450855510204
"43184","Federative Republic of Brazil",1997,0.57627070624,0.0846339185969388
"43186","Federative Republic of Brazil",1998,0.55796279098,0.0825099122142857
"43188","Federative Republic of Brazil",1999,0.54154802303,0.081977249755102
"43190","Federative Republic of Brazil",2000,0.52999878951,0.082692412244898
"43192","Federative Republic of Brazil",2001,0.5217278001,0.0824747512908163
"43194","Federative Republic of Brazil",2002,0.51353275694,0.081894494872449
"43196","Federative Republic of Brazil",2003,0.5059980649,0.0817487840127551
"43198","Federative Republic of Brazil",2004,0.49970772506,0.0818745856377551
"43200","Federative Republic of Brazil",2005,0.49525530716,0.0833807467857143
"43202","Federative Republic of Brazil",2006,0.49128837426,0.0812052301147959
"43204","Federative Republic of Brazil",2007,0.48666527696,0.0791322408086735
"43206","Federative Republic of Brazil",2008,0.48230225834,0.0775003842423469
"43208","Federative Republic of Brazil",2009,0.47912122536,0.0772467796352041
"43210","Federative Republic of Brazil",2010,0.47804069793,0.077159393877551
"43212","Federative Republic of Brazil",2011,0.47953622334,0.0780301305153061
"43214","Federative Republic of Brazil",2012,0.48304959655,0.0799667212219388
"43216","Federative Republic of Brazil",2013,0.48798045347,0.082502343125
"43218","Federative Republic of Brazil",2014,0.4937353264,0.0862295348367347
"43220","Federative Republic of Brazil",2015,0.49972782177,0.0902274131556123
"43222","Federative Republic of Brazil",2016,0.50980558393,0.090187346497449
"43224","Federative Republic of Brazil",2017,0.52486838148,0.0929313565688775
"43226","Federative Republic of Brazil",2018,0.53985643587,0.0951695994311224
"43228","Federative Republic of Brazil",2019,0.54976148357,0.0965239318367347
"43230","Federative Republic of Brazil",2020,0.55217102461,0.0955525167806123
"43232","Federative Republic of Brazil",2021,0.55206125456,0.0979251580688775
"35650","French Republic",1990,0.39768070767,0.0793237204795918
"35652","French Republic",1991,0.40002602091,0.0774849343010204
"35654","French Republic",1992,0.40282753852,0.0769792752091837
"35656","French Republic",1993,0.40738288373,0.0750712658112245
"35658","French Republic",1994,0.40998034837,0.0738019468163265
"35660","French Republic",1995,0.41042617585,0.0743940804642857
"35662","French Republic",1996,0.40478599451,0.0736815045867347
"35664","French Republic",1997,0.39229623625,0.0723271994132653
"35666","French Republic",1998,0.37477659671,0.069755647619898
"35668","French Republic",1999,0.3590802386,0.0697388040433674
"35670","French Republic",2000,0.34668568636,0.0701300412704082
"35672","French Republic",2001,0.33859585084,0.068482827869898
"35674","French Republic",2002,0.33059263731,0.0667670167117347
"35676","French Republic",2003,0.32216477319,0.0668647726096939
"35678","French Republic",2004,0.31539125614,0.0665360841530612
"35680","French Republic",2005,0.31074395945,0.0660992073239796
"35682","French Republic",2006,0.30553949182,0.0646523369056123
"35684","French Republic",2007,0.29936310429,0.0622861466352041
"35686","French Republic",2008,0.29326015904,0.0611780465765306
"35688","French Republic",2009,0.28798631783,0.060883231377551
"35690","French Republic",2010,0.28516023313,0.0613162993571429
"35692","French Republic",2011,0.28431927799,0.0613414072831633
"35694","French Republic",2012,0.28449144905,0.0622932491862245
"35696","French Republic",2013,0.28515361199,0.0642730049515306
"35698","French Republic",2014,0.28624456687,0.0656546542091837
"35700","French Republic",2015,0.28753416964,0.0675910882602041
"35702","French Republic",2016,0.28957825369,0.0677217959158163
"35704","French Republic",2017,0.2932665753,0.0709008429617347
"35706","French Republic",2018,0.29771643568,0.0760528420867347
"35708","French Republic",2019,0.30219273932,0.0806311035535714
"35710","French Republic",2020,0.31839186345,0.0851711447295918
"35712","French Republic",2021,0.31832344328,0.0851562518954082
"49570","Gabonese Republic",1990,27.10243860945,2.39037517437245
"49572","Gabonese Republic",1991,27.28319679032,2.39238634208418
"49574","Gabonese Republic",1992,27.51067691356,2.38640359032908
"49576","Gabonese Republic",1993,27.7744352249,2.40306682397449
"49578","Gabonese Republic",1994,28.06321577752,2.45993914194643
"49580","Gabonese Republic",1995,28.36665423016,2.50620859355867
"49582","Gabonese Republic",1996,28.8461097944,2.49904016153827
"49584","Gabonese Republic",1997,29.54113044531,2.56663244064031
"49586","Gabonese Republic",1998,30.26597985592,2.63543759817092
"49588","Gabonese Republic",1999,30.83461320209,2.67585864864031
"49590","Gabonese Republic",2000,31.06229404394,2.73955105390306
"49592","Gabonese Republic",2001,29.58777572869,2.55790814587245
"49594","Gabonese Republic",2002,25.9752513903,2.24043505761224
"49596","Gabonese Republic",2003,21.43617610779,1.85383255665816
"49598","Gabonese Republic",2004,17.18074104736,1.4776330186301
"49600","Gabonese Republic",2005,14.41875022669,1.27680927227296
"49602","Gabonese Republic",2006,12.91950951307,1.13578432122959
"49604","Gabonese Republic",2007,11.64085082475,1.01824295068878
"49606","Gabonese Republic",2008,10.57690281087,0.911181336895408
"49608","Gabonese Republic",2009,9.72150239295,0.847885297022959
"49610","Gabonese Republic",2010,9.06877125722,0.800923746423469
"49612","Gabonese Republic",2011,8.55392476065,0.727743210627551
"49614","Gabonese Republic",2012,8.11256449905,0.679969539706633
"49616","Gabonese Republic",2013,7.74076600369,0.657050810841837
"49618","Gabonese Republic",2014,7.43461164197,0.640419343811224
"49620","Gabonese Republic",2015,7.19041291428,0.627555580428571
"49622","Gabonese Republic",2016,7.00284642987,0.609965069237245
"49624","Gabonese Republic",2017,6.85203244118,0.599743884869898
"49626","Gabonese Republic",2018,6.71339555071,0.585069108658163
"49628","Gabonese Republic",2019,6.5622172441,0.581584628693878
"49630","Gabonese Republic",2020,6.3034800907,0.557057499551021
"49632","Gabonese Republic",2021,6.13542140442,0.583247525984694
"27490","Georgia",1990,0.61717086448,0.113071230936224
"27492","Georgia",1991,0.60323975577,0.109669027844388
"27494","Georgia",1992,0.58979341689,0.104868939469388
"27496","Georgia",1993,0.57718917625,0.101750245410714
"27498","Georgia",1994,0.56579252225,0.100351411035714
"27500","Georgia",1995,0.55595207085,0.101574475806122
"27502","Georgia",1996,0.54651561816,0.0989480241989796
"27504","Georgia",1997,0.53662477453,0.0953224001377551
"27506","Georgia",1998,0.52706098052,0.0947849383852041
"27508","Georgia",1999,0.51861694932,0.0949538413443877
"27510","Georgia",2000,0.51209586277,0.0964877345943878
"27512","Georgia",2001,0.50614788454,0.0918522873596939
"27514","Georgia",2002,0.49957415394,0.0911788645790817
"27516","Georgia",2003,0.49340291249,0.0893034433214286
"27518","Georgia",2004,0.48862353574,0.0877623888622449
"27520","Georgia",2005,0.48625430367,0.0878665591045919
"27522","Georgia",2006,0.48590623531,0.0868329798112245
"27524","Georgia",2007,0.48632635858,0.0842413287755102
"27526","Georgia",2008,0.48724412403,0.0835698239821429
"27528","Georgia",2009,0.48839285805,0.0864018792857143
"27530","Georgia",2010,0.48954082647,0.0901401985892857
"27532","Georgia",2011,0.49236023866,0.0888525364387755
"27534","Georgia",2012,0.49785653319,0.0912029783647959
"27536","Georgia",2013,0.50478598406,0.0954873735943877
"27538","Georgia",2014,0.51189879766,0.100125687533163
"27540","Georgia",2015,0.51795089867,0.103726992132653
"27542","Georgia",2016,0.524527653,0.102437829415816
"27544","Georgia",2017,0.53236040449,0.103305613836735
"27546","Georgia",2018,0.53892751268,0.102952515811225
"27548","Georgia",2019,0.54170489279,0.105495810770408
"27550","Georgia",2020,0.5417510256,0.105494004377551
"27552","Georgia",2021,0.61554814599,0.107589174637755
"37090","Grand Duchy of Luxembourg",1990,0.37969681969,0.0848172309030612
"37092","Grand Duchy of Luxembourg",1991,0.38405428033,0.0815280316352041
"37094","Grand Duchy of Luxembourg",1992,0.38836355546,0.0801699581989796
"37096","Grand Duchy of Luxembourg",1993,0.39204915905,0.0797029095586735
"37098","Grand Duchy of Luxembourg",1994,0.39472107123,0.0784259306862245
"37100","Grand Duchy of Luxembourg",1995,0.39603137395,0.0786845720739796
"37102","Grand Duchy of Luxembourg",1996,0.39223001794,0.0762854430918367
"37104","Grand Duchy of Luxembourg",1997,0.3834918906,0.0778395897168367
"37106","Grand Duchy of Luxembourg",1998,0.37162699657,0.0778428350382653
"37108","Grand Duchy of Luxembourg",1999,0.36141497656,0.0766406255714286
"37110","Grand Duchy of Luxembourg",2000,0.35355957466,0.0757988400280612
"37112","Grand Duchy of Luxembourg",2001,0.34684747455,0.075198971130102
"37114","Grand Duchy of Luxembourg",2002,0.33854702229,0.0748780035790816
"37116","Grand Duchy of Luxembourg",2003,0.32992843582,0.0763204495637755
"37118","Grand Duchy of Luxembourg",2004,0.32275973765,0.0768534318673469
"37120","Grand Duchy of Luxembourg",2005,0.31800572985,0.0763137391071429
"37122","Grand Duchy of Luxembourg",2006,0.3150773143,0.0765546095280612
"37124","Grand Duchy of Luxembourg",2007,0.31296357582,0.0764061165586735
"37126","Grand Duchy of Luxembourg",2008,0.3112709991,0.0756595250688775
"37128","Grand Duchy of Luxembourg",2009,0.3098345268,0.0753542703826531
"37130","Grand Duchy of Luxembourg",2010,0.30849011754,0.0755078067678571
"37132","Grand Duchy of Luxembourg",2011,0.30765946721,0.075648580130102
"37134","Grand Duchy of Luxembourg",2012,0.30763123884,0.0761559385765306
"37136","Grand Duchy of Luxembourg",2013,0.30770792363,0.0775910872831633
"37138","Grand Duchy of Luxembourg",2014,0.30766524401,0.0803701185255102
"37140","Grand Duchy of Luxembourg",2015,0.30690608679,0.0830802299362245
"37142","Grand Duchy of Luxembourg",2016,0.30339916264,0.0804017178341837
"37144","Grand Duchy of Luxembourg",2017,0.29783352481,0.0752089374285714
"37146","Grand Duchy of Luxembourg",2018,0.29228291265,0.0754924967653061
"37148","Grand Duchy of Luxembourg",2019,0.28946567139,0.0743463989821428
"37150","Grand Duchy of Luxembourg",2020,0.29096870645,0.0792828781811224
"37152","Grand Duchy of Luxembourg",2021,0.29733311532,0.0840726119132653
"57570","Greenland",1990,0.28357213733,0.0771955660459184
"57572","Greenland",1991,0.28461139639,0.0772855739719388
"57574","Greenland",1992,0.28548192105,0.0768967199897959
"57576","Greenland",1993,0.28614827785,0.0761798516428571
"57578","Greenland",1994,0.28657968609,0.0762878377933673
"57580","Greenland",1995,0.28665979521,0.0772603312984694
"57582","Greenland",1996,0.28645318922,0.0772595867244898
"57584","Greenland",1997,0.28607950337,0.0772092877066326
"57586","Greenland",1998,0.28564107203,0.07631770825
"57588","Greenland",1999,0.28518122405,0.0763629589693878
"57590","Greenland",2000,0.28473863686,0.0767484312142857
"57592","Greenland",2001,0.28431741591,0.0768849141122449
"57594","Greenland",2002,0.28385084684,0.0770614055
"57596","Greenland",2003,0.28342861051,0.0770232423826531
"57598","Greenland",2004,0.28317834666,0.0771263889821428
"57600","Greenland",2005,0.28307094632,0.0792370466556123
"57602","Greenland",2006,0.28305412516,0.0791883710867347
"57604","Greenland",2007,0.2830279502,0.0791384749132653
"57606","Greenland",2008,0.28307949823,0.0791602142755102
"57608","Greenland",2009,0.28315681242,0.0792608267653061
"57610","Greenland",2010,0.28317001203,0.0792506508928571
"57612","Greenland",2011,0.28315272593,0.0792210882857143
"57614","Greenland",2012,0.283202272,0.07924053025
"57616","Greenland",2013,0.28316620679,0.0792073653010204
"57618","Greenland",2014,0.28320460943,0.0792072057270408
"57620","Greenland",2015,0.28318293868,0.0792618629617347
"57622","Greenland",2016,0.28315368961,0.0792444139234694
"57624","Greenland",2017,0.28314297337,0.0792635521964286
"57626","Greenland",2018,0.28315899139,0.0792855662627551
"57628","Greenland",2019,0.28312579248,0.0793014955969388
"57630","Greenland",2020,0.28312805179,0.0793388240637755
"57632","Greenland",2021,0.2831320298,0.0793486609719388
"42370","Grenada",1990,0.27255307746,0.0704413809795918
"42372","Grenada",1991,0.2723159982,0.0701778141964286
"42374","Grenada",1992,0.27215720746,0.0700561490841837
"42376","Grenada",1993,0.27207244705,0.0696894713341837
"42378","Grenada",1994,0.27205528565,0.0692922560204082
"42380","Grenada",1995,0.27209962654,0.0711468760127551
"42382","Grenada",1996,0.27265167707,0.0702305337729592
"42384","Grenada",1997,0.27384465518,0.0714385597984694
"42386","Grenada",1998,0.27519821241,0.0727540730994898
"42388","Grenada",1999,0.27622706874,0.0755557819489796
"42390","Grenada",2000,0.27644514949,0.0764262929846939
"42392","Grenada",2001,0.27494818011,0.0744745442015306
"42394","Grenada",2002,0.27187413028,0.0726764709183674
"42396","Grenada",2003,0.26830516929,0.0713303349464286
"42398","Grenada",2004,0.26533512481,0.0720460911045918
"42400","Grenada",2005,0.26407495835,0.0729208877117347
"42402","Grenada",2006,0.26478700359,0.0722492181173469
"42404","Grenada",2007,0.26656497794,0.0711625407091837
"42406","Grenada",2008,0.26876605473,0.0691069543188776
"42408","Grenada",2009,0.27073058621,0.06948583875
"42410","Grenada",2010,0.27178471775,0.0730573106352041
"42412","Grenada",2011,0.27193518156,0.0721913184515306
"42414","Grenada",2012,0.27175883181,0.0711540593826531
"42416","Grenada",2013,0.27143123358,0.0704362767984694
"42418","Grenada",2014,0.27113369306,0.0719809646632653
"42420","Grenada",2015,0.27105581921,0.0747795124030612
"42422","Grenada",2016,0.27121754369,0.0715873401607143
"42424","Grenada",2017,0.27135768697,0.0741207114056123
"42426","Grenada",2018,0.27124157092,0.0744065275969388
"42428","Grenada",2019,0.27062635604,0.075687965755102
"42430","Grenada",2020,0.26763199653,0.0760931716581633
"42432","Grenada",2021,0.2791564357,0.0805471371913265
"57090","Guam",1990,0.74909625809,0.125349866755102
"57092","Guam",1991,0.75496103788,0.125327462234694
"57094","Guam",1992,0.76085478044,0.126024326867347
"57096","Guam",1993,0.76625630856,0.1287514595
"57098","Guam",1994,0.77035518121,0.129536108640306
"57100","Guam",1995,0.77246146672,0.132707170522959
"57102","Guam",1996,0.77540454976,0.13045866425
"57104","Guam",1997,0.78106398024,0.131819520377551
"57106","Guam",1998,0.78734404441,0.133050926543367
"57108","Guam",1999,0.79212806508,0.132987594594388
"57110","Guam",2000,0.79328406001,0.134663543579082
"57112","Guam",2001,0.78790366141,0.129633707701531
"57114","Guam",2002,0.77694186995,0.126012973663265
"57116","Guam",2003,0.76408433925,0.125803764596939
"57118","Guam",2004,0.75302331246,0.129278792280612
"57120","Guam",2005,0.74745064779,0.129232746665816
"57122","Guam",2006,0.74647067783,0.12796075365051
"57124","Guam",2007,0.74650663392,0.125526808443878
"57126","Guam",2008,0.74724601696,0.129345546428571
"57128","Guam",2009,0.74838599631,0.133250624762755
"57130","Guam",2010,0.74963385092,0.135888849622449
"57132","Guam",2011,0.75281429333,0.134246684017857
"57134","Guam",2012,0.7589608958,0.132815233915816
"57136","Guam",2013,0.76661015382,0.132441510668367
"57138","Guam",2014,0.77429282167,0.131227485918367
"57140","Guam",2015,0.78053804126,0.134073399790816
"57142","Guam",2016,0.78880596048,0.130432422808673
"57144","Guam",2017,0.80079013036,0.130975182479592
"57146","Guam",2018,0.81238091932,0.133795231535714
"57148","Guam",2019,0.8194755058,0.134851634887755
"57150","Guam",2020,0.8278473105,0.142445448811224
"57152","Guam",2021,0.81072340139,0.133039245290816
"45730","Hashemite Kingdom of Jordan",1990,1.17334791027,0.176986222586735
"45732","Hashemite Kingdom of Jordan",1991,1.16359190772,0.175319486767857
"45734","Hashemite Kingdom of Jordan",1992,1.15372625629,0.172621264653061
"45736","Hashemite Kingdom of Jordan",1993,1.14415500716,0.168213931507653
"45738","Hashemite Kingdom of Jordan",1994,1.13528030948,0.170195540979592
"45740","Hashemite Kingdom of Jordan",1995,1.12750180524,0.170629167770408
"45742","Hashemite Kingdom of Jordan",1996,1.11910408298,0.168467461790816
"45744","Hashemite Kingdom of Jordan",1997,1.10899537905,0.165945957780612
"45746","Hashemite Kingdom of Jordan",1998,1.09849671978,0.163869588479592
"45748","Hashemite Kingdom of Jordan",1999,1.08893881277,0.161662859844388
"45750","Hashemite Kingdom of Jordan",2000,1.0816677482,0.163539343772959
"45752","Hashemite Kingdom of Jordan",2001,1.07635376554,0.161551722443877
"45754","Hashemite Kingdom of Jordan",2002,1.07203290345,0.159832453170918
"45756","Hashemite Kingdom of Jordan",2003,1.06910985224,0.160835931665816
"45758","Hashemite Kingdom of Jordan",2004,1.06798815849,0.163502285512755
"45760","Hashemite Kingdom of Jordan",2005,1.06906824355,0.166301904992347
"45762","Hashemite Kingdom of Jordan",2006,1.07891669003,0.165582405158163
"45764","Hashemite Kingdom of Jordan",2007,1.09914346601,0.164675905872449
"45766","Hashemite Kingdom of Jordan",2008,1.12281268948,0.166557608063776
"45768","Hashemite Kingdom of Jordan",2009,1.14319133653,0.170371175596939
"45770","Hashemite Kingdom of Jordan",2010,1.15350969014,0.170943977002551
"45772","Hashemite Kingdom of Jordan",2011,1.15984916746,0.168257770614796
"45774","Hashemite Kingdom of Jordan",2012,1.17051890183,0.167799652818878
"45776","Hashemite Kingdom of Jordan",2013,1.18204987902,0.168998710956633
"45778","Hashemite Kingdom of Jordan",2014,1.19099217565,0.171131504709184
"45780","Hashemite Kingdom of Jordan",2015,1.19387394074,0.176801875270408
"45782","Hashemite Kingdom of Jordan",2016,1.18440633017,0.172712579364796
"45784","Hashemite Kingdom of Jordan",2017,1.16521266271,0.16711180734949
"45786","Hashemite Kingdom of Jordan",2018,1.14616490447,0.159253890163265
"45788","Hashemite Kingdom of Jordan",2019,1.13713351277,0.160383602341837
"45790","Hashemite Kingdom of Jordan",2020,1.19816586754,0.179199765951531
"45792","Hashemite Kingdom of Jordan",2021,1.14992198319,0.169924440030612
"36290","Hellenic Republic",1990,0.24608400291,0.0633919297780612
"36292","Hellenic Republic",1991,0.24210778955,0.0607599514107143
"36294","Hellenic Republic",1992,0.23849860646,0.0587699951352041
"36296","Hellenic Republic",1993,0.23545271098,0.0585835592959184
"36298","Hellenic Republic",1994,0.23314489296,0.058986116755102
"36300","Hellenic Republic",1995,0.2317661394,0.0594601842959184
"36302","Hellenic Republic",1996,0.23094800074,0.0591626587219388
"36304","Hellenic Republic",1997,0.23022152076,0.0585987982372449
"36306","Hellenic Republic",1998,0.22957166862,0.0588138715102041
"36308","Hellenic Republic",1999,0.22907695661,0.0584767873061224
"36310","Hellenic Republic",2000,0.22866855448,0.0597595450178572
"36312","Hellenic Republic",2001,0.2280520639,0.0576639414846939
"36314","Hellenic Republic",2002,0.22710475696,0.0574867810816327
"36316","Hellenic Republic",2003,0.22609538975,0.0559730717678572
"36318","Hellenic Republic",2004,0.22529242272,0.0562692094719388
"36320","Hellenic Republic",2005,0.22496289476,0.0569394170204082
"36322","Hellenic Republic",2006,0.22525663242,0.0560766909387755
"36324","Hellenic Republic",2007,0.22602370477,0.0553627794617347
"36326","Hellenic Republic",2008,0.22708319918,0.0548762124260204
"36328","Hellenic Republic",2009,0.22825426071,0.0544524281122449
"36330","Hellenic Republic",2010,0.22935466298,0.0565562307729592
"36332","Hellenic Republic",2011,0.2312746449,0.0564258972780612
"36334","Hellenic Republic",2012,0.2345156166,0.0569847879846939
"36336","Hellenic Republic",2013,0.23831003924,0.0594290876377551
"36338","Hellenic Republic",2014,0.24188396982,0.0621165618469388
"36340","Hellenic Republic",2015,0.24446377623,0.0635081727959184
"36342","Hellenic Republic",2016,0.24725207904,0.0631294524081633
"36344","Hellenic Republic",2017,0.2510157267,0.0640913457295918
"36346","Hellenic Republic",2018,0.25432336474,0.0648124228596939
"36348","Hellenic Republic",2019,0.25574294423,0.066063467132653
"36350","Hellenic Republic",2020,0.25574198558,0.0660634030459183
"36352","Hellenic Republic",2021,0.27639288373,0.0760499267397959
"33250","Hungary",1990,0.51447327024,0.0777120138112245
"33252","Hungary",1991,0.50563988137,0.0756720716479592
"33254","Hungary",1992,0.49678109395,0.0747829852729592
"33256","Hungary",1993,0.48835164018,0.0746020173086735
"33258","Hungary",1994,0.48056371956,0.0751833107219388
"33260","Hungary",1995,0.47406124949,0.0756432936530612
"33262","Hungary",1996,0.46750942908,0.0752683579285714
"33264","Hungary",1997,0.45993221978,0.0757990492984694
"33266","Hungary",1998,0.45183685064,0.0747876170867347
"33268","Hungary",1999,0.44382490045,0.0748965426556122
"33270","Hungary",2000,0.43648685649,0.0763296402908163
"33272","Hungary",2001,0.42785046706,0.0747717835994898
"33274","Hungary",2002,0.41705410643,0.0729486413877551
"33276","Hungary",2003,0.40640588751,0.0743123793443878
"33278","Hungary",2004,0.39821434526,0.0742783357678572
"33280","Hungary",2005,0.39478823188,0.0755123459285714
"33282","Hungary",2006,0.39658521332,0.0747474433163265
"33284","Hungary",2007,0.40133031137,0.0762176336658163
"33286","Hungary",2008,0.40724502266,0.0780163862142857
"33288","Hungary",2009,0.41255168161,0.0784020977755102
"33290","Hungary",2010,0.41547271366,0.0790505979005102
"33292","Hungary",2011,0.41647830998,0.0761164881785714
"33294","Hungary",2012,0.4171911374,0.0761300104770408
"33296","Hungary",2013,0.41756055725,0.0776602651147959
"33298","Hungary",2014,0.41755055011,0.0786465879158163
"33300","Hungary",2015,0.41712081485,0.0774561491989796
"33302","Hungary",2016,0.41519200487,0.0807150611709184
"33304","Hungary",2017,0.41162766704,0.0831080862321428
"33306","Hungary",2018,0.40779060573,0.0865934425510204
"33308","Hungary",2019,0.40505030224,0.0910462009183673
"33310","Hungary",2020,0.40369622305,0.0859412953622449
"33312","Hungary",2021,0.40500048201,0.0910361370510204
"27010","Independent State of Papua New Guinea",1990,1.97452552664,0.236724267122449
"27012","Independent State of Papua New Guinea",1991,2.00672562227,0.239393638239796
"27014","Independent State of Papua New Guinea",1992,2.03737650115,0.239317519221939
"27016","Independent State of Papua New Guinea",1993,2.06464916143,0.244247907545918
"27018","Independent State of Papua New Guinea",1994,2.08669065525,0.249330847714286
"27020","Independent State of Papua New Guinea",1995,2.10165100875,0.254767076492347
"27022","Independent State of Papua New Guinea",1996,2.1242457614,0.265871793094388
"27024","Independent State of Papua New Guinea",1997,2.16248206708,0.271566646625
"27026","Independent State of Papua New Guinea",1998,2.20461315194,0.275507199660714
"27028","Independent State of Papua New Guinea",1999,2.23888024789,0.273078825630102
"27030","Independent State of Papua New Guinea",2000,2.25354023748,0.279413968757653
"27032","Independent State of Papua New Guinea",2001,2.25073759571,0.275281393714286
"27034","Independent State of Papua New Guinea",2002,2.24160023763,0.275013262364796
"27036","Independent State of Papua New Guinea",2003,2.2279436975,0.273397056193878
"27038","Independent State of Papua New Guinea",2004,2.21156403579,0.271384188479592
"27040","Independent State of Papua New Guinea",2005,2.1942565248,0.270720299885204
"27042","Independent State of Papua New Guinea",2006,2.16661246445,0.266646355089286
"27044","Independent State of Papua New Guinea",2007,2.12538350859,0.262405097298469
"27046","Independent State of Papua New Guinea",2008,2.08165626361,0.255710802479592
"27048","Independent State of Papua New Guinea",2009,2.04650752654,0.253041404739796
"27050","Independent State of Papua New Guinea",2010,2.03101463829,0.249037857859694
"27052","Independent State of Papua New Guinea",2011,2.03481578142,0.248372712321429
"27054","Independent State of Papua New Guinea",2012,2.04770870799,0.24738279334949
"27056","Independent State of Papua New Guinea",2013,2.06602057013,0.255181396905612
"27058","Independent State of Papua New Guinea",2014,2.08606884955,0.256401890890306
"27060","Independent State of Papua New Guinea",2015,2.10417066754,0.257593417770408
"27062","Independent State of Papua New Guinea",2016,2.1267474757,0.254999563410714
"27064","Independent State of Papua New Guinea",2017,2.15635054767,0.259128185836735
"27066","Independent State of Papua New Guinea",2018,2.1834886869,0.258922177158163
"27068","Independent State of Papua New Guinea",2019,2.19865208702,0.265918306362245
"27070","Independent State of Papua New Guinea",2020,2.1599278524,0.26955828877551
"27072","Independent State of Papua New Guinea",2021,2.12266670536,0.266027910818877
"30370","Independent State of Samoa",1990,0.75548295083,0.129745770813776
"30372","Independent State of Samoa",1991,0.76876306178,0.130282730581633
"30374","Independent State of Samoa",1992,0.78172111085,0.131075809341837
"30376","Independent State of Samoa",1993,0.79365814133,0.134557733785714
"30378","Independent State of Samoa",1994,0.80387167762,0.139884401239796
"30380","Independent State of Samoa",1995,0.81165658968,0.140844894038265
"30382","Independent State of Samoa",1996,0.82123652958,0.142516010482143
"30384","Independent State of Samoa",1997,0.83490698635,0.140228005510204
"30386","Independent State of Samoa",1998,0.84907067282,0.141418131165816
"30388","Independent State of Samoa",1999,0.86013007412,0.140717296915816
"30390","Independent State of Samoa",2000,0.86448769777,0.142377232977041
"30392","Independent State of Samoa",2001,0.85723953398,0.139939972821429
"30394","Independent State of Samoa",2002,0.83991904019,0.140505067494898
"30396","Independent State of Samoa",2003,0.81858598922,0.140387846683673
"30398","Independent State of Samoa",2004,0.79929836919,0.141614047423469
"30400","Independent State of Samoa",2005,0.78810873487,0.145286228877551
"30402","Independent State of Samoa",2006,0.78246227317,0.138431835471939
"30404","Independent State of Samoa",2007,0.77646260136,0.133152745405612
"30406","Independent State of Samoa",2008,0.77114261431,0.130440607872449
"30408","Independent State of Samoa",2009,0.76753633159,0.131820285612245
"30410","Independent State of Samoa",2010,0.7666801087,0.134179870461735
"30412","Independent State of Samoa",2011,0.77097079168,0.132174701436224
"30414","Independent State of Samoa",2012,0.78022543311,0.129456770808673
"30416","Independent State of Samoa",2013,0.79161390548,0.131534237288265
"30418","Independent State of Samoa",2014,0.80230427152,0.136529269229592
"30420","Independent State of Samoa",2015,0.80946347975,0.137185031607143
"30422","Independent State of Samoa",2016,0.8134837008,0.136602583344388
"30424","Independent State of Samoa",2017,0.81668094895,0.134855601234694
"30426","Independent State of Samoa",2018,0.81911634165,0.136482824114796
"30428","Independent State of Samoa",2019,0.82085482899,0.141961058030612
"30430","Independent State of Samoa",2020,0.82149512991,0.135624623798469
"30432","Independent State of Samoa",2021,0.82493278955,0.142639377757653
"39490","Ireland",1990,0.32179311569,0.0793860226683673
"39492","Ireland",1991,0.32243183269,0.0768540828469388
"39494","Ireland",1992,0.3238564724,0.0755570803877551
"39496","Ireland",1993,0.32593028701,0.0729961732066327
"39498","Ireland",1994,0.3274032995,0.0716348665357143
"39500","Ireland",1995,0.32876253766,0.0709547526122449
"39502","Ireland",1996,0.32772933433,0.0701271821326531
"39504","Ireland",1997,0.3243426054,0.0704467414693878
"39506","Ireland",1998,0.3192641375,0.0714293811377551
"39508","Ireland",1999,0.31597980819,0.0711193397806122
"39510","Ireland",2000,0.31283226752,0.0726959007372449
"39512","Ireland",2001,0.31201495073,0.0724407825714286
"39514","Ireland",2002,0.31268983841,0.0723076752295918
"39516","Ireland",2003,0.31391598437,0.0734852399897959
"39518","Ireland",2004,0.31474033587,0.0731155637372449
"39520","Ireland",2005,0.31399769694,0.0736939388316327
"39522","Ireland",2006,0.30807668937,0.0719903802908163
"39524","Ireland",2007,0.29652975882,0.0691584488852041
"39526","Ireland",2008,0.28316371834,0.0679111500178572
"39528","Ireland",2009,0.27170119409,0.0669508925051021
"39530","Ireland",2010,0.26596984671,0.0684595152117347
"39532","Ireland",2011,0.26574456755,0.0678022778163265
"39534","Ireland",2012,0.2674214952,0.0668883605076531
"39536","Ireland",2013,0.2700444206,0.0663454063035714
"39538","Ireland",2014,0.27265841141,0.0679825483622449
"39540","Ireland",2015,0.27427775405,0.0704103227321429
"39542","Ireland",2016,0.27520441876,0.0699277125153061
"39544","Ireland",2017,0.27633944565,0.070186947252551
"39546","Ireland",2018,0.27782174568,0.0711670784387755
"39548","Ireland",2019,0.27975322289,0.0739704351964286
"39550","Ireland",2020,0.29516856476,0.0865077008647959
"39552","Ireland",2021,0.29515042774,0.086504240622449
"47650","Islamic Republic of Afghanistan",1990,4.77013557011,0.494182138969388
"47652","Islamic Republic of Afghanistan",1991,4.81756764435,0.489293728770408
"47654","Islamic Republic of Afghanistan",1992,4.86748382427,0.485534021553571
"47656","Islamic Republic of Afghanistan",1993,4.91820913981,0.479380294704082
"47658","Islamic Republic of Afghanistan",1994,4.9693127247,0.485638527045918
"47660","Islamic Republic of Afghanistan",1995,5.02016331745,0.504855679602041
"47662","Islamic Republic of Afghanistan",1996,5.07928858161,0.492104634369898
"47664","Islamic Republic of Afghanistan",1997,5.1505082541,0.498097072982143
"47666","Islamic Republic of Afghanistan",1998,5.22339235534,0.508276737594388
"47668","Islamic Republic of Afghanistan",1999,5.28811180556,0.513299320405612
"47670","Islamic Republic of Afghanistan",2000,5.33415751141,0.528341117994898
"47672","Islamic Republic of Afghanistan",2001,5.35651548343,0.520536580783163
"47674","Islamic Republic of Afghanistan",2002,5.36044618335,0.524942784903061
"47676","Islamic Republic of Afghanistan",2003,5.35646324399,0.524236320265306
"47678","Islamic Republic of Afghanistan",2004,5.35234028557,0.522279704456633
"47680","Islamic Republic of Afghanistan",2005,5.35544281536,0.528841908255102
"47682","Islamic Republic of Afghanistan",2006,5.39860787159,0.531659085834184
"47684","Islamic Republic of Afghanistan",2007,5.48992144574,0.53588512417347
"47686","Islamic Republic of Afghanistan",2008,5.59692149836,0.559115883678571
"47688","Islamic Republic of Afghanistan",2009,5.68632410349,0.574695487443877
"47690","Islamic Republic of Afghanistan",2010,5.72503477207,0.580543252461735
"47692","Islamic Republic of Afghanistan",2011,5.73382262552,0.574797776153061
"47694","Islamic Republic of Afghanistan",2012,5.75274686438,0.573641777045918
"47696","Islamic Republic of Afghanistan",2013,5.76873002183,0.565363117397959
"47698","Islamic Republic of Afghanistan",2014,5.77271976118,0.557541022752551
"47700","Islamic Republic of Afghanistan",2015,5.75626940047,0.550133444545918
"47702","Islamic Republic of Afghanistan",2016,5.6805697687,0.538167441303572
"47704","Islamic Republic of Afghanistan",2017,5.55149438992,0.522045181622449
"47706","Islamic Republic of Afghanistan",2018,5.42195164358,0.518580976020408
"47708","Islamic Republic of Afghanistan",2019,5.34630135229,0.534345195045918
"47710","Islamic Republic of Afghanistan",2020,5.57959766123,0.554288802204081
"47712","Islamic Republic of Afghanistan",2021,5.30874571118,0.545684159104591
"44930","Islamic Republic of Iran",1990,1.47536689353,0.20099128452551
"44932","Islamic Republic of Iran",1991,1.47345143979,0.200911905035714
"44934","Islamic Republic of Iran",1992,1.47201564328,0.202124491831633
"44936","Islamic Republic of Iran",1993,1.47110204488,0.203159159153061
"44938","Islamic Republic of Iran",1994,1.47064404,0.203957285586735
"44940","Islamic Republic of Iran",1995,1.47055013303,0.204787821543367
"44942","Islamic Republic of Iran",1996,1.47255633547,0.203014760066326
"44944","Islamic Republic of Iran",1997,1.47688707278,0.20132849197449
"44946","Islamic Republic of Iran",1998,1.48117693941,0.200953732005102
"44948","Islamic Republic of Iran",1999,1.48303874205,0.201017602278061
"44950","Islamic Republic of Iran",2000,1.48005620802,0.199961040512755
"44952","Islamic Republic of Iran",2001,1.46450791299,0.196678943471939
"44954","Islamic Republic of Iran",2002,1.43632898529,0.193382950729592
"44956","Islamic Republic of Iran",2003,1.40467231006,0.190633822119898
"44958","Islamic Republic of Iran",2004,1.37877906132,0.187740702408163
"44960","Islamic Republic of Iran",2005,1.36793216761,0.187042729714286
"44962","Islamic Republic of Iran",2006,1.37983802019,0.187550176966837
"44964","Islamic Republic of Iran",2007,1.40906849572,0.188792182918367
"44966","Islamic Republic of Iran",2008,1.44523630246,0.192399330533163
"44968","Islamic Republic of Iran",2009,1.47793360445,0.196520219454082
"44970","Islamic Republic of Iran",2010,1.49674012326,0.200919632359694
"44972","Islamic Republic of Iran",2011,1.51269819071,0.202179404767857
"44974","Islamic Republic of Iran",2012,1.53852309421,0.203990084326531
"44976","Islamic Republic of Iran",2013,1.5662813022,0.20645776334949
"44978","Islamic Republic of Iran",2014,1.58804678945,0.210030658298469
"44980","Islamic Republic of Iran",2015,1.59588769586,0.212407375354592
"44982","Islamic Republic of Iran",2016,1.57794531869,0.208987360780612
"44984","Islamic Republic of Iran",2017,1.54028110084,0.204461471005102
"44986","Islamic Republic of Iran",2018,1.50184407957,0.202850379265306
"44988","Islamic Republic of Iran",2019,1.48161058377,0.202445588663265
"44990","Islamic Republic of Iran",2020,1.54343528677,0.210451789923469
"44992","Islamic Republic of Iran",2021,1.50397222902,0.202009518931123
"54850","Islamic Republic of Mauritania",1990,18.24197113667,1.74859527332143
"54852","Islamic Republic of Mauritania",1991,18.04269265844,1.72168835928571
"54854","Islamic Republic of Mauritania",1992,17.8985146464,1.68629545614541
"54856","Islamic Republic of Mauritania",1993,17.8036644109,1.66467272234694
"54858","Islamic Republic of Mauritania",1994,17.75152604961,1.67142089109184
"54860","Islamic Republic of Mauritania",1995,17.73643150411,1.67152226204592
"54862","Islamic Republic of Mauritania",1996,17.7901438398,1.66247008829592
"54864","Islamic Republic of Mauritania",1997,17.9319746329,1.66789000635459
"54866","Islamic Republic of Mauritania",1998,18.13778691274,1.68941611766071
"54868","Islamic Republic of Mauritania",1999,18.38301618949,1.70515868317092
"54870","Islamic Republic of Mauritania",2000,18.64374889692,1.74557601429082
"54872","Islamic Republic of Mauritania",2001,19.07516777634,1.76877947204847
"54874","Islamic Republic of Mauritania",2002,19.72717716475,1.81046350238775
"54876","Islamic Republic of Mauritania",2003,20.41795117205,1.88619743360459
"54878","Islamic Republic of Mauritania",2004,20.96539425229,1.96783054827806
"54880","Islamic Republic of Mauritania",2005,21.18788127973,2.03193225782398
"54882","Islamic Republic of Mauritania",2006,20.78620906039,1.95861268228061
"54884","Islamic Republic of Mauritania",2007,19.786651865,1.83108403297449
"54886","Islamic Republic of Mauritania",2008,18.49593640569,1.70893221248469
"54888","Islamic Republic of Mauritania",2009,17.22059053874,1.59069647744643
"54890","Islamic Republic of Mauritania",2010,16.26738489829,1.51087942020408
"54892","Islamic Republic of Mauritania",2011,15.59887211828,1.46790614888775
"54894","Islamic Republic of Mauritania",2012,14.98261317516,1.39382132102806
"54896","Islamic Republic of Mauritania",2013,14.43298857372,1.32157724364541
"54898","Islamic Republic of Mauritania",2014,13.96419327457,1.27596495252041
"54900","Islamic Republic of Mauritania",2015,13.59063556987,1.25845088739541
"54902","Islamic Republic of Mauritania",2016,13.31043120095,1.22445663864031
"54904","Islamic Republic of Mauritania",2017,13.08520997318,1.20790074044643
"54906","Islamic Republic of Mauritania",2018,12.87479700529,1.19299277135204
"54908","Islamic Republic of Mauritania",2019,12.63882831779,1.19078061667602
"54910","Islamic Republic of Mauritania",2020,12.30171980636,1.16797378528316
"54912","Islamic Republic of Mauritania",2021,11.92522380169,1.18555358528827
"48290","Islamic Republic of Pakistan",1990,3.70715346051,0.422945650158163
"48292","Islamic Republic of Pakistan",1991,3.79111871763,0.425333555821429
"48294","Islamic Republic of Pakistan",1992,3.86491827357,0.429451805107143
"48296","Islamic Republic of Pakistan",1993,3.9239588118,0.437708138706633
"48298","Islamic Republic of Pakistan",1994,3.96368451588,0.445525963857143
"48300","Islamic Republic of Pakistan",1995,3.97953626108,0.448257645839286
"48302","Islamic Republic of Pakistan",1996,3.9759178237,0.447922402897959
"48304","Islamic Republic of Pakistan",1997,3.96333697791,0.449119439721939
"48306","Islamic Republic of Pakistan",1998,3.94602143811,0.451877828755102
"48308","Islamic Republic of Pakistan",1999,3.92825048536,0.456475537818878
"48310","Islamic Republic of Pakistan",2000,3.91425949494,0.463391350785714
"48312","Islamic Republic of Pakistan",2001,3.88512682082,0.452468582482143
"48314","Islamic Republic of Pakistan",2002,3.83114674718,0.443391493316327
"48316","Islamic Republic of Pakistan",2003,3.7705638629,0.432289637045918
"48318","Islamic Republic of Pakistan",2004,3.72162971145,0.426177449089286
"48320","Islamic Republic of Pakistan",2005,3.70274470755,0.428644492232143
"48322","Islamic Republic of Pakistan",2006,3.71631431771,0.424208657956633
"48324","Islamic Republic of Pakistan",2007,3.74913135615,0.426531919364796
"48326","Islamic Republic of Pakistan",2008,3.79610858784,0.425525810780612
"48328","Islamic Republic of Pakistan",2009,3.85214594432,0.428923045145408
"48330","Islamic Republic of Pakistan",2010,3.91229661037,0.438503568752551
"48332","Islamic Republic of Pakistan",2011,4.00602596136,0.435438873673469
"48334","Islamic Republic of Pakistan",2012,4.15134121418,0.45096204090051
"48336","Islamic Republic of Pakistan",2013,4.32656577838,0.466949638443878
"48338","Islamic Republic of Pakistan",2014,4.50985956643,0.479339126630102
"48340","Islamic Republic of Pakistan",2015,4.67937066727,0.496179171201531
"48342","Islamic Republic of Pakistan",2016,4.86903076823,0.504600465107143
"48344","Islamic Republic of Pakistan",2017,5.09970149253,0.526694529262755
"48346","Islamic Republic of Pakistan",2018,5.3298798241,0.559321950058674
"48348","Islamic Republic of Pakistan",2019,5.51804145486,0.594834770727041
"48350","Islamic Republic of Pakistan",2020,5.36384788452,0.577632607836735
"48352","Islamic Republic of Pakistan",2021,4.77572750713,0.510197702053571
"39170","Jamaica",1990,0.416802641,0.0923720454897959
"39172","Jamaica",1991,0.40850287642,0.0892222884056123
"39174","Jamaica",1992,0.40095617397,0.0887503429872449
"39176","Jamaica",1993,0.39460670304,0.0869283232346939
"39178","Jamaica",1994,0.38991160297,0.0885523475153061
"39180","Jamaica",1995,0.38732103293,0.0886468275
"39182","Jamaica",1996,0.38608901215,0.0877662688622449
"39184","Jamaica",1997,0.38512834099,0.0839046025306122
"39186","Jamaica",1998,0.38437237674,0.0830753444642857
"39188","Jamaica",1999,0.38375048869,0.0818774183494898
"39190","Jamaica",2000,0.38320130967,0.0804349327346939
"39192","Jamaica",2001,0.3840128029,0.0811560286173469
"39194","Jamaica",2002,0.386978229,0.0809668281607143
"39196","Jamaica",2003,0.39129435151,0.0817047615918367
"39198","Jamaica",2004,0.39612147301,0.0812767191505102
"39200","Jamaica",2005,0.40062514115,0.0849834227117347
"39202","Jamaica",2006,0.40684381427,0.0825353663801021
"39204","Jamaica",2007,0.41605542277,0.0800411127755102
"39206","Jamaica",2008,0.42631053052,0.0829751959693878
"39208","Jamaica",2009,0.43563499824,0.0847140309693877
"39210","Jamaica",2010,0.44209012165,0.0883543376556123
"39212","Jamaica",2011,0.4473604546,0.0875174873035714
"39214","Jamaica",2012,0.45378126612,0.0881164022576531
"39216","Jamaica",2013,0.46042007149,0.0905060352117347
"39218","Jamaica",2014,0.46632442883,0.0924056491147959
"39220","Jamaica",2015,0.47055355497,0.0963106695535714
"39222","Jamaica",2016,0.46960944491,0.098405242742347
"39224","Jamaica",2017,0.46312517783,0.100257655375
"39226","Jamaica",2018,0.45485644962,0.100319411895408
"39228","Jamaica",2019,0.44856650342,0.100523197482143
"39230","Jamaica",2020,0.44649575658,0.0990122789234694
"39232","Jamaica",2021,0.45585492249,0.0980009519693878
"30050","Japan",1990,0.36353568126,0.0893789489897959
"30052","Japan",1991,0.3547037949,0.085870550502551
"30054","Japan",1992,0.34640949946,0.0835005300714286
"30056","Japan",1993,0.33903841198,0.081797182492347
"30058","Japan",1994,0.33299310079,0.080532186375
"30060","Japan",1995,0.32864479846,0.0781845177857143
"30062","Japan",1996,0.32482957822,0.0777055395408163
"30064","Japan",1997,0.32050589018,0.076933308
"30066","Japan",1998,0.31625213284,0.0758877534081633
"30068","Japan",1999,0.31265047916,0.075389143744898
"30070","Japan",2000,0.31028560515,0.0751713210306122
"30072","Japan",2001,0.30861388095,0.0750240875637755
"30074","Japan",2002,0.30681507405,0.0745352247627551
"30076","Japan",2003,0.30505051429,0.0748032445612245
"30078","Japan",2004,0.30348347964,0.0752769467423469
"30080","Japan",2005,0.30228191387,0.0757241876760204
"30082","Japan",2006,0.30078024482,0.0747579804285714
"30084","Japan",2007,0.29863975242,0.0736235185739796
"30086","Japan",2008,0.29652175425,0.0732777948469388
"30088","Japan",2009,0.2950969996,0.0732921911377551
"30090","Japan",2010,0.2950398193,0.0737268883367347
"30092","Japan",2011,0.29745499099,0.0748690114260204
"30094","Japan",2012,0.30240380566,0.0762235081836735
"30096","Japan",2013,0.30899925003,0.0789430149770408
"30098","Japan",2014,0.3163645715,0.0823760724668367
"30100","Japan",2015,0.32361729925,0.0857311770714286
"30102","Japan",2016,0.33572279583,0.0895245343239796
"30104","Japan",2017,0.35444203762,0.0946306327168367
"30106","Japan",2018,0.37405043832,0.100415713497449
"30108","Japan",2019,0.38878708255,0.10547410852551
"30110","Japan",2020,0.39944407827,0.107841481456633
"30112","Japan",2021,0.66330762136,0.158662947377551
"44450","Kingdom of Bahrain",1990,1.11961338677,0.173298842247449
"44452","Kingdom of Bahrain",1991,1.11818896632,0.169406198104592
"44454","Kingdom of Bahrain",1992,1.11723899162,0.171539241012755
"44456","Kingdom of Bahrain",1993,1.11660538599,0.171846076119898
"44458","Kingdom of Bahrain",1994,1.11607508258,0.172649971479592
"44460","Kingdom of Bahrain",1995,1.11543841272,0.170434276790816
"44462","Kingdom of Bahrain",1996,1.11695067487,0.170079700494898
"44464","Kingdom of Bahrain",1997,1.12153080741,0.167651599288265
"44466","Kingdom of Bahrain",1998,1.12715176952,0.171225602196429
"44468","Kingdom of Bahrain",1999,1.13176633232,0.169346517066327
"44470","Kingdom of Bahrain",2000,1.13329161954,0.172413013137755
"44472","Kingdom of Bahrain",2001,1.13019766002,0.168787384420918
"44474","Kingdom of Bahrain",2002,1.12414505779,0.17019563765051
"44476","Kingdom of Bahrain",2003,1.11779691365,0.165501203566327
"44478","Kingdom of Bahrain",2004,1.1137105828,0.164813161165816
"44480","Kingdom of Bahrain",2005,1.11436589335,0.167763851591837
"44482","Kingdom of Bahrain",2006,1.13058016317,0.166747793535714
"44484","Kingdom of Bahrain",2007,1.16446925773,0.170450783811224
"44486","Kingdom of Bahrain",2008,1.20527717381,0.177166778306122
"44488","Kingdom of Bahrain",2009,1.24216989454,0.180619353596939
"44490","Kingdom of Bahrain",2010,1.26441346355,0.185604909982143
"44492","Kingdom of Bahrain",2011,1.27671599738,0.185694090505102
"44494","Kingdom of Bahrain",2012,1.28973623171,0.18413977755102
"44496","Kingdom of Bahrain",2013,1.30143857362,0.188961370209184
"44498","Kingdom of Bahrain",2014,1.30987089836,0.190191035497449
"44500","Kingdom of Bahrain",2015,1.31287469069,0.192111966086735
"44502","Kingdom of Bahrain",2016,1.2988580153,0.189246477928571
"44504","Kingdom of Bahrain",2017,1.26857017514,0.183498863334184
"44506","Kingdom of Bahrain",2018,1.23834094679,0.179697613288265
"44508","Kingdom of Bahrain",2019,1.22450055538,0.17928555284949
"44510","Kingdom of Bahrain",2020,1.29306041048,0.189505925135204
"44512","Kingdom of Bahrain",2021,1.2692782372,0.187973089096939
"33730","Kingdom of Belgium",1990,0.40359195923,0.0869743652882653
"33732","Kingdom of Belgium",1991,0.40945591232,0.0817256755790816
"33734","Kingdom of Belgium",1992,0.41684808616,0.0781971167653061
"33736","Kingdom of Belgium",1993,0.42473421467,0.0749303298647959
"33738","Kingdom of Belgium",1994,0.43000792153,0.0730557590255102
"33740","Kingdom of Belgium",1995,0.43391137296,0.0714895209362245
"33742","Kingdom of Belgium",1996,0.43549278701,0.0721271360076531
"33744","Kingdom of Belgium",1997,0.43577018387,0.0724342567831633
"33746","Kingdom of Belgium",1998,0.43300776142,0.0739170160306122
"33748","Kingdom of Belgium",1999,0.43251325553,0.0745027739081632
"33750","Kingdom of Belgium",2000,0.43095896007,0.0783539655739796
"33752","Kingdom of Belgium",2001,0.42511426875,0.0766825742244898
"33754","Kingdom of Belgium",2002,0.41386232666,0.0739126735459184
"33756","Kingdom of Belgium",2003,0.4002337646,0.0731524710331633
"33758","Kingdom of Belgium",2004,0.38825187711,0.0721071589183673
"33760","Kingdom of Belgium",2005,0.38104624251,0.0721178381479592
"33762","Kingdom of Belgium",2006,0.37754281204,0.0721283522091837
"33764","Kingdom of Belgium",2007,0.37445523437,0.0706780437270408
"33766","Kingdom of Belgium",2008,0.37172430832,0.0708989406658163
"33768","Kingdom of Belgium",2009,0.36939369724,0.0731937253545919
"33770","Kingdom of Belgium",2010,0.36759806902,0.0757441792755102
"33772","Kingdom of Belgium",2011,0.36487680849,0.07448664975
"33774","Kingdom of Belgium",2012,0.36069877587,0.0744374945612245
"33776","Kingdom of Belgium",2013,0.35626094337,0.0749355213954082
"33778","Kingdom of Belgium",2014,0.35278277295,0.0764139780382653
"33780","Kingdom of Belgium",2015,0.35146601843,0.0766144273035714
"33782","Kingdom of Belgium",2016,0.35485602825,0.0795221863647959
"33784","Kingdom of Belgium",2017,0.36224367005,0.0800676242397959
"33786","Kingdom of Belgium",2018,0.36950749751,0.0801501839311224
"33788","Kingdom of Belgium",2019,0.3727206918,0.084000190627551
"33790","Kingdom of Belgium",2020,0.37273677957,0.0839963378418367
"33792","Kingdom of Belgium",2021,0.34289588541,0.0902123538086735
"47970","Kingdom of Bhutan",1990,3.10333357709,0.36068750227551
"47972","Kingdom of Bhutan",1991,2.98418368167,0.348959208834184
"47974","Kingdom of Bhutan",1992,2.85963919023,0.335238200584184
"47976","Kingdom of Bhutan",1993,2.73019709043,0.327230000464286
"47978","Kingdom of Bhutan",1994,2.59723295992,0.319607089757653
"47980","Kingdom of Bhutan",1995,2.4614569227,0.307779992979592
"47982","Kingdom of Bhutan",1996,2.31298063255,0.296976916265306
"47984","Kingdom of Bhutan",1997,2.15036756352,0.278713060908163
"47986","Kingdom of Bhutan",1998,1.98656915256,0.267227470354592
"47988","Kingdom of Bhutan",1999,1.83460469748,0.253453637670918
"47990","Kingdom of Bhutan",2000,1.70744504232,0.243258406589286
"47992","Kingdom of Bhutan",2001,1.59237098653,0.225700571081633
"47994","Kingdom of Bhutan",2002,1.47720062063,0.211539032428571
"47996","Kingdom of Bhutan",2003,1.37571655101,0.201704362313776
"47998","Kingdom of Bhutan",2004,1.30169220019,0.195556299183673
"48000","Kingdom of Bhutan",2005,1.26888303394,0.193872795433674
"48002","Kingdom of Bhutan",2006,1.26312839663,0.187664640543367
"48004","Kingdom of Bhutan",2007,1.26072301201,0.185069041867347
"48006","Kingdom of Bhutan",2008,1.26108447595,0.184531925744898
"48008","Kingdom of Bhutan",2009,1.26361830766,0.185593642211735
"48010","Kingdom of Bhutan",2010,1.26773063958,0.187509929857143
"48012","Kingdom of Bhutan",2011,1.28229382971,0.184761988762755
"48014","Kingdom of Bhutan",2012,1.31182511376,0.185400648461735
"48016","Kingdom of Bhutan",2013,1.34917750063,0.189435138191327
"48018","Kingdom of Bhutan",2014,1.38719264775,0.197146383936225
"48020","Kingdom of Bhutan",2015,1.41872895471,0.207580892135204
"48022","Kingdom of Bhutan",2016,1.44747348912,0.203234559193878
"48024","Kingdom of Bhutan",2017,1.4788939551,0.200894882135204
"48026","Kingdom of Bhutan",2018,1.50851636957,0.207916844094388
"48028","Kingdom of Bhutan",2019,1.5318703949,0.216703826841837
"48030","Kingdom of Bhutan",2020,1.52364960969,0.219946135119898
"48032","Kingdom of Bhutan",2021,1.4609699358,0.215740790311225
"27170","Kingdom of Cambodia",1990,3.7625634535,0.391401029739796
"27172","Kingdom of Cambodia",1991,3.74673757867,0.39188801315051
"27174","Kingdom of Cambodia",1992,3.7252560635,0.399449551357143
"27176","Kingdom of Cambodia",1993,3.70116586106,0.391274873436225
"27178","Kingdom of Cambodia",1994,3.67748091049,0.397601092517857
"27180","Kingdom of Cambodia",1995,3.65725204473,0.40019128147449
"27182","Kingdom of Cambodia",1996,3.62848592501,0.398434707020408
"27184","Kingdom of Cambodia",1997,3.582293365,0.388380245834184
"27186","Kingdom of Cambodia",1998,3.52641096125,0.379638101392857
"27188","Kingdom of Cambodia",1999,3.46858929058,0.374186484471939
"27190","Kingdom of Cambodia",2000,3.41656683401,0.376919998127551
"27192","Kingdom of Cambodia",2001,3.36772531283,0.369897469913265
"27194","Kingdom of Cambodia",2002,3.31488407639,0.368152103397959
"27196","Kingdom of Cambodia",2003,3.25891628987,0.368438430721939
"27198","Kingdom of Cambodia",2004,3.20067938169,0.364815202772959
"27200","Kingdom of Cambodia",2005,3.14108025771,0.357646237239796
"27202","Kingdom of Cambodia",2006,3.0673335619,0.352534844096939
"27204","Kingdom of Cambodia",2007,2.97509340541,0.34689268625
"27206","Kingdom of Cambodia",2008,2.87793738352,0.340954651551021
"27208","Kingdom of Cambodia",2009,2.78939388436,0.335064553017857
"27210","Kingdom of Cambodia",2010,2.72302124203,0.328889598520408
"27212","Kingdom of Cambodia",2011,2.67281359672,0.32110133852551
"27214","Kingdom of Cambodia",2012,2.62487520108,0.313811308969388
"27216","Kingdom of Cambodia",2013,2.58093894128,0.304910213522959
"27218","Kingdom of Cambodia",2014,2.5427040393,0.299933162966837
"27220","Kingdom of Cambodia",2015,2.51189768466,0.300015027943878
"27222","Kingdom of Cambodia",2016,2.47990848626,0.300934436318877
"27224","Kingdom of Cambodia",2017,2.44239997891,0.298008755188776
"27226","Kingdom of Cambodia",2018,2.40755116542,0.29659948459949
"27228","Kingdom of Cambodia",2019,2.38352813867,0.295704585877551
"27230","Kingdom of Cambodia",2020,2.40507089187,0.28198105292602
"27232","Kingdom of Cambodia",2021,2.35840765632,0.285856260035714
"35490","Kingdom of Denmark",1990,0.95277820264,0.111730777670918
"35492","Kingdom of Denmark",1991,0.95724581983,0.110309313818878
"35494","Kingdom of Denmark",1992,0.95643097114,0.104507065086735
"35496","Kingdom of Denmark",1993,0.95113674775,0.102003562040816
"35498","Kingdom of Denmark",1994,0.9422848797,0.0996239599362245
"35500","Kingdom of Denmark",1995,0.93105347673,0.100078020494898
"35502","Kingdom of Denmark",1996,0.90426577337,0.0956611848086734
"35504","Kingdom of Denmark",1997,0.85838854842,0.0914617753061224
"35506","Kingdom of Denmark",1998,0.80705533329,0.0870642645408163
"35508","Kingdom of Denmark",1999,0.76441968188,0.0854770801862245
"35510","Kingdom of Denmark",2000,0.74446356571,0.0882281796581632
"35512","Kingdom of Denmark",2001,0.74321084428,0.0870023459617347
"35514","Kingdom of Denmark",2002,0.74570750456,0.0865497045586735
"35516","Kingdom of Denmark",2003,0.74942593945,0.0863367158188775
"35518","Kingdom of Denmark",2004,0.75184610587,0.0874558357168367
"35520","Kingdom of Denmark",2005,0.7504459974,0.0911639023852041
"35522","Kingdom of Denmark",2006,0.72607474635,0.0854279102984694
"35524","Kingdom of Denmark",2007,0.67299399721,0.0812179102551021
"35526","Kingdom of Denmark",2008,0.60883775698,0.0790161469413265
"35528","Kingdom of Denmark",2009,0.55123962803,0.0778244334362245
"35530","Kingdom of Denmark",2010,0.51786813379,0.080088717502551
"35532","Kingdom of Denmark",2011,0.50544643731,0.0799474593367347
"35534","Kingdom of Denmark",2012,0.49808999389,0.0779321257576531
"35536","Kingdom of Denmark",2013,0.49456489412,0.0800249824005102
"35538","Kingdom of Denmark",2014,0.49363552473,0.0837639490357143
"35540","Kingdom of Denmark",2015,0.49407345087,0.0888925123137755
"35542","Kingdom of Denmark",2016,0.49769095416,0.0900085419540816
"35544","Kingdom of Denmark",2017,0.5048185454,0.0911671641173469
"35546","Kingdom of Denmark",2018,0.5120807532,0.0964945537321429
"35548","Kingdom of Denmark",2019,0.51592716251,0.099489300752551
"35550","Kingdom of Denmark",2020,0.51644978909,0.0934766862729592
"35552","Kingdom of Denmark",2021,0.555417773,0.0993053429107143
"52770","Kingdom of Eswatini",1990,19.76922920638,1.69455084767602
"52772","Kingdom of Eswatini",1991,19.48149529096,1.65207332881122
"52774","Kingdom of Eswatini",1992,19.20755571274,1.64646700346429
"52776","Kingdom of Eswatini",1993,18.95158852702,1.61931651945663
"52778","Kingdom of Eswatini",1994,18.7173590137,1.59476885851531
"52780","Kingdom of Eswatini",1995,18.5087494437,1.58974968285969
"52782","Kingdom of Eswatini",1996,18.32825179372,1.56575420347449
"52784","Kingdom of Eswatini",1997,18.16621801062,1.54513668509949
"52786","Kingdom of Eswatini",1998,18.01034275522,1.53677920908163
"52788","Kingdom of Eswatini",1999,17.84803914665,1.530250261375
"52790","Kingdom of Eswatini",2000,17.66686015438,1.50989130819388
"52792","Kingdom of Eswatini",2001,17.4553948887,1.46878652718622
"52794","Kingdom of Eswatini",2002,17.2158911943,1.42017493978316
"52796","Kingdom of Eswatini",2003,16.95688599025,1.42644401386735
"52798","Kingdom of Eswatini",2004,16.68657941341,1.42314891395153
"52800","Kingdom of Eswatini",2005,16.41353663922,1.40331885508163
"52802","Kingdom of Eswatini",2006,16.12401792965,1.38087854618622
"52804","Kingdom of Eswatini",2007,15.80567573444,1.34167332575255
"52806","Kingdom of Eswatini",2008,15.46933705881,1.31899646955357
"52808","Kingdom of Eswatini",2009,15.1262276101,1.30179084730357
"52810","Kingdom of Eswatini",2010,14.78779020456,1.29985075503827
"52812","Kingdom of Eswatini",2011,14.43288369302,1.23077827306888
"52814","Kingdom of Eswatini",2012,14.0504189038,1.16484604758163
"52816","Kingdom of Eswatini",2013,13.66685816156,1.13524715228827
"52818","Kingdom of Eswatini",2014,13.30888138247,1.10308005103061
"52820","Kingdom of Eswatini",2015,13.00306688538,1.06889175685204
"52822","Kingdom of Eswatini",2016,12.73717738738,1.04436023241327
"52824","Kingdom of Eswatini",2017,12.48902560619,1.03821779847959
"52826","Kingdom of Eswatini",2018,12.27008044748,1.01806853039541
"52828","Kingdom of Eswatini",2019,12.09184980354,1.03079619890816
"52830","Kingdom of Eswatini",2020,11.95843958938,1.03417701056633
"52832","Kingdom of Eswatini",2021,11.80315999589,1.02787091517092
"51970","Kingdom of Lesotho",1990,21.81790326843,1.88295831390051
"51972","Kingdom of Lesotho",1991,21.59252137104,1.85082275609184
"51974","Kingdom of Lesotho",1992,21.37470235095,1.84519324896684
"51976","Kingdom of Lesotho",1993,21.16945834474,1.8092473483699
"51978","Kingdom of Lesotho",1994,20.9803737351,1.78097168774745
"51980","Kingdom of Lesotho",1995,20.81088485991,1.79459628051531
"51982","Kingdom of Lesotho",1996,20.65014554235,1.75759996555357
"51984","Kingdom of Lesotho",1997,20.4877658625,1.72706990635969
"51986","Kingdom of Lesotho",1998,20.33068300969,1.73779805237755
"51988","Kingdom of Lesotho",1999,20.18528279204,1.76418324407653
"51990","Kingdom of Lesotho",2000,20.05770718078,1.74199607614796
"51992","Kingdom of Lesotho",2001,19.94607539311,1.7164837144898
"51994","Kingdom of Lesotho",2002,19.84005812867,1.65543809979592
"51996","Kingdom of Lesotho",2003,19.73396802878,1.64975190852041
"51998","Kingdom of Lesotho",2004,19.62176532254,1.65747577405612
"52000","Kingdom of Lesotho",2005,19.49757168275,1.66163786994898
"52002","Kingdom of Lesotho",2006,19.33683636496,1.62942751205357
"52004","Kingdom of Lesotho",2007,19.13171471913,1.58701315367347
"52006","Kingdom of Lesotho",2008,18.9019375373,1.57567628601531
"52008","Kingdom of Lesotho",2009,18.66649227127,1.57929619219388
"52010","Kingdom of Lesotho",2010,18.44396777144,1.57467789290561
"52012","Kingdom of Lesotho",2011,18.22043315126,1.54297217766582
"52014","Kingdom of Lesotho",2012,17.97732845914,1.51066874335459
"52016","Kingdom of Lesotho",2013,17.72626810679,1.46957732588265
"52018","Kingdom of Lesotho",2014,17.4783696136,1.46219987545153
"52020","Kingdom of Lesotho",2015,17.24486861433,1.46921412095153
"52022","Kingdom of Lesotho",2016,17.01128932588,1.41868023854847
"52024","Kingdom of Lesotho",2017,16.76725092188,1.39729301207143
"52026","Kingdom of Lesotho",2018,16.53037189208,1.39608783780612
"52028","Kingdom of Lesotho",2019,16.31814177189,1.40183830197959
"52030","Kingdom of Lesotho",2020,16.10109010418,1.36918786652041
"52032","Kingdom of Lesotho",2021,15.97029729159,1.36393570031122
"45570","Kingdom of Morocco",1990,2.53248669321,0.294670573431122
"45572","Kingdom of Morocco",1991,2.4826479503,0.287204420114796
"45574","Kingdom of Morocco",1992,2.43277437063,0.283763049956633
"45576","Kingdom of Morocco",1993,2.38361785049,0.278337496163265
"45578","Kingdom of Morocco",1994,2.33593896404,0.27161787147449
"45580","Kingdom of Morocco",1995,2.29050133751,0.270129138201531
"45582","Kingdom of Morocco",1996,2.24328986044,0.26442047109949
"45584","Kingdom of Morocco",1997,2.19247214541,0.262073660346939
"45586","Kingdom of Morocco",1998,2.14206321078,0.260228559625
"45588","Kingdom of Morocco",1999,2.09610490282,0.256599625869898
"45590","Kingdom of Morocco",2000,2.05864085343,0.256339798066327
"45592","Kingdom of Morocco",2001,2.02105451567,0.254336515477041
"45594","Kingdom of Morocco",2002,1.97737811069,0.251115760790816
"45596","Kingdom of Morocco",2003,1.93561268898,0.245961632683673
"45598","Kingdom of Morocco",2004,1.90376324489,0.240205037790816
"45600","Kingdom of Morocco",2005,1.88983153061,0.238688336204082
"45602","Kingdom of Morocco",2006,1.90241420622,0.234089527538265
"45604","Kingdom of Morocco",2007,1.93552037781,0.23415199580102
"45606","Kingdom of Morocco",2008,1.97530082683,0.237558649625
"45608","Kingdom of Morocco",2009,2.00795026438,0.244446080859694
"45610","Kingdom of Morocco",2010,2.01971104463,0.248770255492347
"45612","Kingdom of Morocco",2011,2.00678088867,0.249403721625
"45614","Kingdom of Morocco",2012,1.97869875406,0.246113233931122
"45616","Kingdom of Morocco",2013,1.9417394255,0.243762432793367
"45618","Kingdom of Morocco",2014,1.90215638194,0.240362686785714
"45620","Kingdom of Morocco",2015,1.86618203136,0.242856728696429
"45622","Kingdom of Morocco",2016,1.82075700171,0.238747798535714
"45624","Kingdom of Morocco",2017,1.76133566071,0.229767371747449
"45626","Kingdom of Morocco",2018,1.70692938662,0.220909506178571
"45628","Kingdom of Morocco",2019,1.67657507005,0.216862992798469
"45630","Kingdom of Morocco",2020,1.76650415742,0.229028950283163
"45632","Kingdom of Morocco",2021,1.68796987777,0.227549520186225
"37410","Kingdom of Norway",1990,0.676933901,0.119665370438776
"37412","Kingdom of Norway",1991,0.68179643562,0.119612113910714
"37414","Kingdom of Norway",1992,0.68552296429,0.118138413908163
"37416","Kingdom of Norway",1993,0.68810924159,0.117362718459184
"37418","Kingdom of Norway",1994,0.68948198267,0.116121777548469
"37420","Kingdom of Norway",1995,0.68964012408,0.117028926647959
"37422","Kingdom of Norway",1996,0.68708616785,0.115144679908163
"37424","Kingdom of Norway",1997,0.68181371657,0.114008529270408
"37426","Kingdom of Norway",1998,0.67595305977,0.114039749066327
"37428","Kingdom of Norway",1999,0.67162579202,0.114056427931122
"37430","Kingdom of Norway",2000,0.67093076567,0.115626166591837
"37432","Kingdom of Norway",2001,0.67549007549,0.114666254785714
"37434","Kingdom of Norway",2002,0.684010616,0.114979456520408
"37436","Kingdom of Norway",2003,0.69396725626,0.11716918777551
"37438","Kingdom of Norway",2004,0.70273803271,0.11870736215051
"37440","Kingdom of Norway",2005,0.70763721676,0.119401500459184
"37442","Kingdom of Norway",2006,0.709199483,0.120119628887755
"37444","Kingdom of Norway",2007,0.70984307949,0.119966887308673
"37446","Kingdom of Norway",2008,0.70983560407,0.120036047943878
"37448","Kingdom of Norway",2009,0.70960740601,0.121696773686224
"37450","Kingdom of Norway",2010,0.70953950236,0.122037023380102
"37452","Kingdom of Norway",2011,0.70959553036,0.119582507887755
"37454","Kingdom of Norway",2012,0.70968874147,0.117350909757653
"37456","Kingdom of Norway",2013,0.71052295915,0.115586396107143
"37458","Kingdom of Norway",2014,0.71176301672,0.115508875729592
"37460","Kingdom of Norway",2015,0.71365693405,0.114664969385204
"37462","Kingdom of Norway",2016,0.71599693713,0.114902108306122
"37464","Kingdom of Norway",2017,0.7181090958,0.115876976795918
"37466","Kingdom of Norway",2018,0.72065688845,0.116082600091837
"37468","Kingdom of Norway",2019,0.72540973219,0.116357442155612
"37470","Kingdom of Norway",2020,0.75238225532,0.123454631071429
"37472","Kingdom of Norway",2021,0.8215902192,0.125061366117347
"46370","Kingdom of Saudi Arabia",1990,1.94527405688,0.243540313209184
"46372","Kingdom of Saudi Arabia",1991,1.79842948787,0.233404553721939
"46374","Kingdom of Saudi Arabia",1992,1.66403214203,0.223959258454082
"46376","Kingdom of Saudi Arabia",1993,1.54910340583,0.213791560604592
"46378","Kingdom of Saudi Arabia",1994,1.46063362424,0.204535243668367
"46380","Kingdom of Saudi Arabia",1995,1.40560230678,0.200189159367347
"46382","Kingdom of Saudi Arabia",1996,1.37320909964,0.191767545795918
"46384","Kingdom of Saudi Arabia",1997,1.34707563693,0.185667083762755
"46386","Kingdom of Saudi Arabia",1998,1.32574394178,0.184657405553571
"46388","Kingdom of Saudi Arabia",1999,1.30776009572,0.184707781566327
"46390","Kingdom of Saudi Arabia",2000,1.29167726616,0.185342575918367
"46392","Kingdom of Saudi Arabia",2001,1.27315968687,0.182191164510204
"46394","Kingdom of Saudi Arabia",2002,1.25139982383,0.183103466487245
"46396","Kingdom of Saudi Arabia",2003,1.23022693582,0.180131364739796
"46398","Kingdom of Saudi Arabia",2004,1.21345474831,0.17749060469898
"46400","Kingdom of Saudi Arabia",2005,1.20487474466,0.176592363239796
"46402","Kingdom of Saudi Arabia",2006,1.20617746518,0.177804409589286
"46404","Kingdom of Saudi Arabia",2007,1.21375830436,0.178473853204082
"46406","Kingdom of Saudi Arabia",2008,1.22347899841,0.181259160270408
"46408","Kingdom of Saudi Arabia",2009,1.23132907992,0.183801181130102
"46410","Kingdom of Saudi Arabia",2010,1.23340595743,0.188991036910714
"46412","Kingdom of Saudi Arabia",2011,1.23265141161,0.181695535290816
"46414","Kingdom of Saudi Arabia",2012,1.23360755095,0.182801903918367
"46416","Kingdom of Saudi Arabia",2013,1.23484123319,0.184850149096939
"46418","Kingdom of Saudi Arabia",2014,1.23490203995,0.182277181625
"46420","Kingdom of Saudi Arabia",2015,1.2323321863,0.182437191535714
"46422","Kingdom of Saudi Arabia",2016,1.21689794257,0.176290228655612
"46424","Kingdom of Saudi Arabia",2017,1.18862098848,0.169693930321429
"46426","Kingdom of Saudi Arabia",2018,1.16141030525,0.164039243704082
"46428","Kingdom of Saudi Arabia",2019,1.14917902749,0.167158827102041
"46430","Kingdom of Saudi Arabia",2020,1.23195901166,0.183941502737245
"46432","Kingdom of Saudi Arabia",2021,1.18426677733,0.169863864535714
"38210","Kingdom of Spain",1990,0.3758635858,0.0792314664795918
"38212","Kingdom of Spain",1991,0.36900974329,0.0774311446862245
"38214","Kingdom of Spain",1992,0.36324942049,0.077305382497449
"38216","Kingdom of Spain",1993,0.35872804259,0.0754344682908163
"38218","Kingdom of Spain",1994,0.3555813205,0.0752931775408163
"38220","Kingdom of Spain",1995,0.35432593629,0.075550345872449
"38222","Kingdom of Spain",1996,0.3536479399,0.0751016472602041
"38224","Kingdom of Spain",1997,0.35268796756,0.0744659052091837
"38226","Kingdom of Spain",1998,0.35143114731,0.0745899987780612
"38228","Kingdom of Spain",1999,0.35040759916,0.0745122904336735
"38230","Kingdom of Spain",2000,0.34840053232,0.0754702689846939
"38232","Kingdom of Spain",2001,0.34523882568,0.0743699203188776
"38234","Kingdom of Spain",2002,0.34042162073,0.0744939830867347
"38236","Kingdom of Spain",2003,0.3347292793,0.0731518632423469
"38238","Kingdom of Spain",2004,0.32919351201,0.0707270029311225
"38240","Kingdom of Spain",2005,0.32475655753,0.0713258982040816
"38242","Kingdom of Spain",2006,0.31947876348,0.0707416122857143
"38244","Kingdom of Spain",2007,0.31231854912,0.0700703316454082
"38246","Kingdom of Spain",2008,0.30478156712,0.0696835160969388
"38248","Kingdom of Spain",2009,0.29841187146,0.0700537485510204
"38250","Kingdom of Spain",2010,0.29482970893,0.0704434894872449
"38252","Kingdom of Spain",2011,0.29378010458,0.0692967672882653
"38254","Kingdom of Spain",2012,0.29371918128,0.0697337482678571
"38256","Kingdom of Spain",2013,0.29416850587,0.0698858607984694
"38258","Kingdom of Spain",2014,0.29476489065,0.0708321505280612
"38260","Kingdom of Spain",2015,0.29510823018,0.073064696880102
"38262","Kingdom of Spain",2016,0.2954877319,0.0713226218954082
"38264","Kingdom of Spain",2017,0.29633576251,0.0710228533903061
"38266","Kingdom of Spain",2018,0.2971923761,0.0712748700433673
"38268","Kingdom of Spain",2019,0.29760089617,0.0750635967755102
"38270","Kingdom of Spain",2020,0.29775339213,0.0743472770408163
"38272","Kingdom of Spain",2021,0.30958319732,0.083688560130102
"40610","Kingdom of Sweden",1990,0.42192204927,0.0908403442244898
"40612","Kingdom of Sweden",1991,0.41103233138,0.0871743176173469
"40614","Kingdom of Sweden",1992,0.40153775093,0.0847580272193877
"40616","Kingdom of Sweden",1993,0.39372979014,0.0818027211122449
"40618","Kingdom of Sweden",1994,0.38789630573,0.0800348854311225
"40620","Kingdom of Sweden",1995,0.38431318349,0.0790400789209184
"40622","Kingdom of Sweden",1996,0.38341726079,0.0792998671709184
"40624","Kingdom of Sweden",1997,0.38467037275,0.07645208275
"40626","Kingdom of Sweden",1998,0.38684869107,0.0745691482244898
"40628","Kingdom of Sweden",1999,0.38870843492,0.074099855
"40630","Kingdom of Sweden",2000,0.38903823654,0.0752174120765306
"40632","Kingdom of Sweden",2001,0.38790152092,0.0758217360408163
"40634","Kingdom of Sweden",2002,0.38640137602,0.0780623992653061
"40636","Kingdom of Sweden",2003,0.38493872867,0.0777929358852041
"40638","Kingdom of Sweden",2004,0.38390267843,0.0792003714464286
"40640","Kingdom of Sweden",2005,0.38369923604,0.0788818528903061
"40642","Kingdom of Sweden",2006,0.3852102257,0.0783563809285714
"40644","Kingdom of Sweden",2007,0.38848119692,0.0775299387193878
"40646","Kingdom of Sweden",2008,0.39270765664,0.076494407752551
"40648","Kingdom of Sweden",2009,0.39705735615,0.0769818024719388
"40650","Kingdom of Sweden",2010,0.40070259078,0.0765489317066327
"40652","Kingdom of Sweden",2011,0.40567340146,0.0768501541071429
"40654","Kingdom of Sweden",2012,0.41360441824,0.078914918494898
"40656","Kingdom of Sweden",2013,0.42312078151,0.0820056114872449
"40658","Kingdom of Sweden",2014,0.43283292514,0.0857269695714286
"40660","Kingdom of Sweden",2015,0.44135491483,0.0899035765331633
"40662","Kingdom of Sweden",2016,0.45242003277,0.0898282531658163
"40664","Kingdom of Sweden",2017,0.46705165265,0.0921252109770408
"40666","Kingdom of Sweden",2018,0.47981513758,0.0950111739438776
"40668","Kingdom of Sweden",2019,0.48536904229,0.0972270891428572
"40670","Kingdom of Sweden",2020,0.4855561006,0.0972348399795918
"40672","Kingdom of Sweden",2021,0.48804575238,0.0988765270790816
"29570","Kingdom of Thailand",1990,4.40528172376,0.458312168431123
"29572","Kingdom of Thailand",1991,4.36885089654,0.457878987785714
"29574","Kingdom of Thailand",1992,4.32867344943,0.458790334515306
"29576","Kingdom of Thailand",1993,4.28552212207,0.452226291227041
"29578","Kingdom of Thailand",1994,4.24016914364,0.453728391186225
"29580","Kingdom of Thailand",1995,4.1933720755,0.450888781313775
"29582","Kingdom of Thailand",1996,4.1339274089,0.441096620142857
"29584","Kingdom of Thailand",1997,4.05834634643,0.433991391494898
"29586","Kingdom of Thailand",1998,3.97892464695,0.424308102352041
"29588","Kingdom of Thailand",1999,3.90796032024,0.424269999196428
"29590","Kingdom of Thailand",2000,3.85780396389,0.426522897959184
"29592","Kingdom of Thailand",2001,3.82711422965,0.407536075811224
"29594","Kingdom of Thailand",2002,3.80350130433,0.396348084829082
"29596","Kingdom of Thailand",2003,3.78273032574,0.393402590239796
"29598","Kingdom of Thailand",2004,3.76057620435,0.400797575831633
"29600","Kingdom of Thailand",2005,3.73280212971,0.401012601915816
"29602","Kingdom of Thailand",2006,3.68357387214,0.393893088908163
"29604","Kingdom of Thailand",2007,3.60920205595,0.388087463369898
"29606","Kingdom of Thailand",2008,3.52389398097,0.383976874443877
"29608","Kingdom of Thailand",2009,3.44161799082,0.38723097679847
"29610","Kingdom of Thailand",2010,3.37556376287,0.388336074471939
"29612","Kingdom of Thailand",2011,3.32452113695,0.381103320270408
"29614","Kingdom of Thailand",2012,3.27729862204,0.37117989815051
"29616","Kingdom of Thailand",2013,3.23147962294,0.370019613852041
"29618","Kingdom of Thailand",2014,3.18441717663,0.367399983857143
"29620","Kingdom of Thailand",2015,3.13370707416,0.364089740836735
"29622","Kingdom of Thailand",2016,3.0702769336,0.348675319520408
"29624","Kingdom of Thailand",2017,2.99591535255,0.34370043209949
"29626","Kingdom of Thailand",2018,2.9244571947,0.335790257793367
"29628","Kingdom of Thailand",2019,2.86974142398,0.344135235913265
"29630","Kingdom of Thailand",2020,2.92420365887,0.322442710436225
"29632","Kingdom of Thailand",2021,2.88096402485,0.33377887157398
"38050","Kingdom of the Netherlands",1990,0.41379909498,0.081763251627551
"38052","Kingdom of the Netherlands",1991,0.41177456138,0.0791800325535714
"38054","Kingdom of the Netherlands",1992,0.41185897571,0.0783654987933673
"38056","Kingdom of the Netherlands",1993,0.41261219792,0.0791734353086735
"38058","Kingdom of the Netherlands",1994,0.41160838296,0.0784447970408163
"38060","Kingdom of the Netherlands",1995,0.4114217085,0.0787088559234694
"38062","Kingdom of the Netherlands",1996,0.40621490045,0.0754998560637755
"38064","Kingdom of the Netherlands",1997,0.39411638107,0.0748717018418367
"38066","Kingdom of the Netherlands",1998,0.37773124077,0.075571619872449
"38068","Kingdom of the Netherlands",1999,0.36558348556,0.075201634627551
"38070","Kingdom of the Netherlands",2000,0.35620949662,0.0770416859413265
"38072","Kingdom of the Netherlands",2001,0.35024242628,0.0735608495255102
"38074","Kingdom of the Netherlands",2002,0.34570172756,0.0716513851683674
"38076","Kingdom of the Netherlands",2003,0.34117119169,0.0719336360433673
"38078","Kingdom of the Netherlands",2004,0.3381494668,0.0725883726020408
"38080","Kingdom of the Netherlands",2005,0.33525616205,0.0724052690382653
"38082","Kingdom of the Netherlands",2006,0.33004417959,0.0698869942244898
"38084","Kingdom of the Netherlands",2007,0.32269477428,0.0674465039056123
"38086","Kingdom of the Netherlands",2008,0.31490719468,0.0658017107270408
"38088","Kingdom of the Netherlands",2009,0.30828451491,0.0646255661173469
"38090","Kingdom of the Netherlands",2010,0.30484370776,0.0645251579107143
"38092","Kingdom of the Netherlands",2011,0.30466482468,0.0643501283928572
"38094","Kingdom of the Netherlands",2012,0.30630875391,0.0650976117219388
"38096","Kingdom of the Netherlands",2013,0.3087196161,0.0667453514081632
"38098","Kingdom of the Netherlands",2014,0.31118996005,0.0688766364795918
"38100","Kingdom of the Netherlands",2015,0.31302442701,0.0716077624158163
"38102","Kingdom of the Netherlands",2016,0.31604318659,0.0737960620204082
"38104","Kingdom of the Netherlands",2017,0.3214811715,0.0806253383214286
"38106","Kingdom of the Netherlands",2018,0.32669195678,0.0883121046428572
"38108","Kingdom of the Netherlands",2019,0.32873667486,0.0925173422933674
"38110","Kingdom of the Netherlands",2020,0.32879631348,0.0925188191632653
"38112","Kingdom of the Netherlands",2021,0.328722727,0.0924866422933674
"31650","Kingdom of Tonga",1990,1.14372202919,0.164999868278061
"31652","Kingdom of Tonga",1991,1.14113505732,0.160560787357143
"31654","Kingdom of Tonga",1992,1.13814610895,0.160739434966837
"31656","Kingdom of Tonga",1993,1.13500739033,0.160990655168367
"31658","Kingdom of Tonga",1994,1.13197164143,0.162162813367347
"31660","Kingdom of Tonga",1995,1.129289621,0.165846179890306
"31662","Kingdom of Tonga",1996,1.12617868357,0.163076299971939
"31664","Kingdom of Tonga",1997,1.12170129816,0.161557088272959
"31666","Kingdom of Tonga",1998,1.11588953104,0.161534697255102
"31668","Kingdom of Tonga",1999,1.10879091148,0.163957979872449
"31670","Kingdom of Tonga",2000,1.10046900668,0.165050204571429
"31672","Kingdom of Tonga",2001,1.08848365819,0.163749099147959
"31674","Kingdom of Tonga",2002,1.07228218785,0.158477653795918
"31676","Kingdom of Tonga",2003,1.05476221367,0.153776506517857
"31678","Kingdom of Tonga",2004,1.03882631845,0.155409935869898
"31680","Kingdom of Tonga",2005,1.02738302582,0.155632211625
"31682","Kingdom of Tonga",2006,1.01867514288,0.157371123479592
"31684","Kingdom of Tonga",2007,1.00973535224,0.151262628515306
"31686","Kingdom of Tonga",2008,1.00165655696,0.149429789992347
"31688","Kingdom of Tonga",2009,0.99552452512,0.151230934581633
"31690","Kingdom of Tonga",2010,0.99241885127,0.155326154563775
"31692","Kingdom of Tonga",2011,0.99225441989,0.147846695272959
"31694","Kingdom of Tonga",2012,0.99391310454,0.14714023180102
"31696","Kingdom of Tonga",2013,0.99692578412,0.152420475994898
"31698","Kingdom of Tonga",2014,1.00082675003,0.154599382959184
"31700","Kingdom of Tonga",2015,1.00515208562,0.155772671770408
"31702","Kingdom of Tonga",2016,1.01132548602,0.154236585247449
"31704","Kingdom of Tonga",2017,1.01938634012,0.149764885056122
"31706","Kingdom of Tonga",2018,1.02679200288,0.154771428451531
"31708","Kingdom of Tonga",2019,1.03099214269,0.15820643177551
"31710","Kingdom of Tonga",2020,1.03269374455,0.166459686844388
"31712","Kingdom of Tonga",2021,1.00755343235,0.156959407142857
"28130","Kyrgyz Republic",1990,0.71943373363,0.121093981767857
"28132","Kyrgyz Republic",1991,0.69731030476,0.118949801191327
"28134","Kyrgyz Republic",1992,0.67735282194,0.117990458920918
"28136","Kyrgyz Republic",1993,0.66041689189,0.115982832030612
"28138","Kyrgyz Republic",1994,0.64732898125,0.119781716160714
"28140","Kyrgyz Republic",1995,0.63893872537,0.122020073778061
"28142","Kyrgyz Republic",1996,0.63523627814,0.115532869252551
"28144","Kyrgyz Republic",1997,0.63439242333,0.110545002670918
"28146","Kyrgyz Republic",1998,0.63463101367,0.108469696043367
"28148","Kyrgyz Republic",1999,0.6341150804,0.107262086056122
"28150","Kyrgyz Republic",2000,0.63099742245,0.106283303864796
"28152","Kyrgyz Republic",2001,0.62311246066,0.102978432558673
"28154","Kyrgyz Republic",2002,0.61127366253,0.0991324409260204
"28156","Kyrgyz Republic",2003,0.59819186624,0.0974762424438776
"28158","Kyrgyz Republic",2004,0.58653972326,0.0954461509489796
"28160","Kyrgyz Republic",2005,0.57897839678,0.0952250365204082
"28162","Kyrgyz Republic",2006,0.57379856879,0.0921613788647959
"28164","Kyrgyz Republic",2007,0.56808364496,0.090869847994898
"28166","Kyrgyz Republic",2008,0.56273837653,0.0892870915612245
"28168","Kyrgyz Republic",2009,0.55864470567,0.0910271488520408
"28170","Kyrgyz Republic",2010,0.55667422869,0.0932793076045918
"28172","Kyrgyz Republic",2011,0.55768432928,0.091772852872449
"28174","Kyrgyz Republic",2012,0.56136549027,0.0940163196530612
"28176","Kyrgyz Republic",2013,0.56686911811,0.0950670131989796
"28178","Kyrgyz Republic",2014,0.57333630752,0.0970012138290816
"28180","Kyrgyz Republic",2015,0.57989968532,0.099572317377551
"28182","Kyrgyz Republic",2016,0.59074233356,0.100731605135204
"28184","Kyrgyz Republic",2017,0.60637047813,0.103788734471939
"28186","Kyrgyz Republic",2018,0.6204343981,0.107798271346939
"28188","Kyrgyz Republic",2019,0.62657577295,0.113695645977041
"28190","Kyrgyz Republic",2020,0.62661921896,0.113700275688776
"28192","Kyrgyz Republic",2021,0.71161649941,0.12504376569898
"27970","Lao People's Democratic Republic",1990,4.88813890636,0.517910264512755
"27972","Lao People's Democratic Republic",1991,4.86372761666,0.510212317762755
"27974","Lao People's Democratic Republic",1992,4.83110303238,0.494115562438776
"27976","Lao People's Democratic Republic",1993,4.79215023123,0.48519561232398
"27978","Lao People's Democratic Republic",1994,4.74871701615,0.47414592580102
"27980","Lao People's Democratic Republic",1995,4.70266145826,0.486407598579082
"27982","Lao People's Democratic Republic",1996,4.63325901306,0.465782648035714
"27984","Lao People's Democratic Republic",1997,4.53308380453,0.458457675693877
"27986","Lao People's Democratic Republic",1998,4.42379501336,0.449703647655612
"27988","Lao People's Democratic Republic",1999,4.3270055777,0.444788629288265
"27990","Lao People's Democratic Republic",2000,4.26433389152,0.45778870105102
"27992","Lao People's Democratic Republic",2001,4.23376337452,0.447411713073979
"27994","Lao People's Democratic Republic",2002,4.2142942355,0.439702609589286
"27996","Lao People's Democratic Republic",2003,4.1989930425,0.440252965622449
"27998","Lao People's Democratic Republic",2004,4.18091737117,0.442693620283163
"28000","Lao People's Democratic Republic",2005,4.15312669005,0.434942889890306
"28002","Lao People's Democratic Republic",2006,4.09810840604,0.432851374484694
"28004","Lao People's Democratic Republic",2007,4.01317520134,0.423986746538265
"28006","Lao People's Democratic Republic",2008,3.91376111252,0.411561988331633
"28008","Lao People's Democratic Republic",2009,3.81526443277,0.40869778315051
"28010","Lao People's Democratic Republic",2010,3.73310912091,0.403700017966837
"28012","Lao People's Democratic Republic",2011,3.66660165402,0.394857664563776
"28014","Lao People's Democratic Republic",2012,3.60373077252,0.378061520785714
"28016","Lao People's Democratic Republic",2013,3.54314818947,0.379346085938775
"28018","Lao People's Democratic Republic",2014,3.48349956504,0.37750611109949
"28020","Lao People's Democratic Republic",2015,3.42342274087,0.378729535512755
"28022","Lao People's Democratic Republic",2016,3.35517757457,0.374781094862245
"28024","Lao People's Democratic Republic",2017,3.28083269361,0.363745169908163
"28026","Lao People's Democratic Republic",2018,3.21401275295,0.352397822367347
"28028","Lao People's Democratic Republic",2019,3.16835538568,0.352138129367347
"28030","Lao People's Democratic Republic",2020,3.23550599321,0.350121826423469
"28032","Lao People's Democratic Republic",2021,3.10950998991,0.356701976553571
"45890","Lebanese Republic",1990,1.41984883016,0.200748730984694
"45892","Lebanese Republic",1991,1.40374378718,0.19707199002551
"45894","Lebanese Republic",1992,1.39362046286,0.195112777780612
"45896","Lebanese Republic",1993,1.3882688293,0.194547455869898
"45898","Lebanese Republic",1994,1.38647378397,0.193519565622449
"45900","Lebanese Republic",1995,1.38701666739,0.196684818127551
"45902","Lebanese Republic",1996,1.41211456878,0.198845088892857
"45904","Lebanese Republic",1997,1.47249087856,0.209634407841837
"45906","Lebanese Republic",1998,1.54968209067,0.218083607642857
"45908","Lebanese Republic",1999,1.62520373219,0.22304624055102
"45910","Lebanese Republic",2000,1.68055782176,0.229569824941327
"45912","Lebanese Republic",2001,1.72233010263,0.229201027173469
"45914","Lebanese Republic",2002,1.7655401568,0.232811083966837
"45916","Lebanese Republic",2003,1.8043339327,0.236104308390306
"45918","Lebanese Republic",2004,1.83287680171,0.237662815966837
"45920","Lebanese Republic",2005,1.84532182807,0.232405326966837
"45922","Lebanese Republic",2006,1.85163633325,0.233352038375
"45924","Lebanese Republic",2007,1.86227376009,0.231377052428571
"45926","Lebanese Republic",2008,1.87208651753,0.226835895229592
"45928","Lebanese Republic",2009,1.87595750182,0.231838592344388
"45930","Lebanese Republic",2010,1.86877984242,0.234543095918367
"45932","Lebanese Republic",2011,1.84568422281,0.234924210936225
"45934","Lebanese Republic",2012,1.8091363248,0.234216124538265
"45936","Lebanese Republic",2013,1.76506126936,0.230037925943878
"45938","Lebanese Republic",2014,1.71955579627,0.229956855341837
"45940","Lebanese Republic",2015,1.678450649,0.225654617125
"45942","Lebanese Republic",2016,1.62706005666,0.221629445030612
"45944","Lebanese Republic",2017,1.56184392871,0.213273433155612
"45946","Lebanese Republic",2018,1.50501845071,0.209789183683674
"45948","Lebanese Republic",2019,1.47870245409,0.206114435589286
"45950","Lebanese Republic",2020,1.55983253271,0.213738835193877
"45952","Lebanese Republic",2021,1.51989085346,0.210637254043367
"31170","Malaysia",1990,1.51186704888,0.20567915705102
"31172","Malaysia",1991,1.51528229923,0.202201463630102
"31174","Malaysia",1992,1.51389297342,0.200227307415816
"31176","Malaysia",1993,1.50884492064,0.197988743030612
"31178","Malaysia",1994,1.50127028859,0.193987198994898
"31180","Malaysia",1995,1.49230135313,0.195703121022959
"31182","Malaysia",1996,1.47230697526,0.191933853994898
"31184","Malaysia",1997,1.4376508525,0.187912732142857
"31186","Malaysia",1998,1.39850428337,0.185709891673469
"31188","Malaysia",1999,1.3650283518,0.185942138096939
"31190","Malaysia",2000,1.34739435797,0.187150690596939
"31192","Malaysia",2001,1.34264895762,0.183251961102041
"31194","Malaysia",2002,1.34041878589,0.180044670466837
"31196","Malaysia",2003,1.3398049976,0.178365070280612
"31198","Malaysia",2004,1.33989679178,0.181638924839286
"31200","Malaysia",2005,1.33978968567,0.184081857104592
"31202","Malaysia",2006,1.3399468035,0.183736865693878
"31204","Malaysia",2007,1.34090044809,0.181519092658163
"31206","Malaysia",2008,1.34192910312,0.184977878385204
"31208","Malaysia",2009,1.34230430403,0.186763757280612
"31210","Malaysia",2010,1.34129810959,0.193217591862245
"31212","Malaysia",2011,1.337752901,0.187949685443878
"31214","Malaysia",2012,1.33185367048,0.188134560869898
"31216","Malaysia",2013,1.32493570522,0.185704060084184
"31218","Malaysia",2014,1.31831476866,0.183329070076531
"31220","Malaysia",2015,1.31329860856,0.182967566836735
"31222","Malaysia",2016,1.30665374053,0.180665117869898
"31224","Malaysia",2017,1.29673219491,0.182011550854592
"31226","Malaysia",2018,1.28727614628,0.183290067969388
"31228","Malaysia",2019,1.2820301203,0.18640985402551
"31230","Malaysia",2020,1.33748951121,0.177362344066327
"31232","Malaysia",2021,1.31239365779,0.184510649145408
"32290","Mongolia",1990,0.31025448613,0.0851259213418367
"32292","Mongolia",1991,0.3102580864,0.0851238968520408
"32294","Mongolia",1992,0.31026293162,0.085121873252551
"32296","Mongolia",1993,0.31026767684,0.0851240950204082
"32298","Mongolia",1994,0.31027267269,0.0851224676556123
"32300","Mongolia",1995,0.31027714707,0.0851241082066326
"32302","Mongolia",1996,0.310281357,0.0851275522704081
"32304","Mongolia",1997,0.31028687681,0.0851282505357143
"32306","Mongolia",1998,0.31029091742,0.0851329165867347
"32308","Mongolia",1999,0.31029651447,0.085143425869898
"32310","Mongolia",2000,0.31030201235,0.0851564318979592
"32312","Mongolia",2001,0.31030912215,0.0851755858392857
"32314","Mongolia",2002,0.31031833972,0.0851921860790816
"32316","Mongolia",2003,0.31032630647,0.085210420497449
"32318","Mongolia",2004,0.31033520777,0.0852320202372449
"32320","Mongolia",2005,0.31034319936,0.0852476366862245
"32322","Mongolia",2006,0.3107343533,0.0838286029668367
"32324","Mongolia",2007,0.31165509896,0.0816745916147959
"32326","Mongolia",2008,0.31275219492,0.0808019860561225
"32328","Mongolia",2009,0.31367548753,0.0795667531658163
"32330","Mongolia",2010,0.31406726139,0.0792321288418367
"32332","Mongolia",2011,0.31407587661,0.0792329970816326
"32334","Mongolia",2012,0.31408331426,0.0792348782295918
"32336","Mongolia",2013,0.31409092884,0.0792369710612245
"32338","Mongolia",2014,0.31410053359,0.0792393559260204
"32340","Mongolia",2015,0.314111986,0.0792456221428571
"32342","Mongolia",2016,0.31412519231,0.0792544935510204
"32344","Mongolia",2017,0.31413797732,0.0792611805561224
"32346","Mongolia",2018,0.31415105688,0.0792676955561225
"32348","Mongolia",2019,0.31416441829,0.0792747269744898
"32350","Mongolia",2020,0.31417698272,0.0792826675790816
"32352","Mongolia",2021,0.31418906069,0.0792908582346939
"33890","Montenegro",1990,0.2850982977,0.0840663901607143
"33892","Montenegro",1991,0.28559369034,0.0839507749107143
"33894","Montenegro",1992,0.28604968736,0.0834505409872449
"33896","Montenegro",1993,0.28642629599,0.0822540975892857
"33898","Montenegro",1994,0.28668298422,0.081908226372449
"33900","Montenegro",1995,0.28677605308,0.081437279497449
"33902","Montenegro",1996,0.28677463556,0.0814395743239796
"33904","Montenegro",1997,0.28677209224,0.0814548749209184
"33906","Montenegro",1998,0.28676948294,0.0814681496632653
"33908","Montenegro",1999,0.28676670773,0.0814764093418367
"33910","Montenegro",2000,0.2867629164,0.0814854825561225
"33912","Montenegro",2001,0.28641523811,0.0814611512729592
"33914","Montenegro",2002,0.28559082103,0.0813004829285714
"33916","Montenegro",2003,0.28460702751,0.0810638041096939
"33918","Montenegro",2004,0.28377808354,0.0810633654642857
"33920","Montenegro",2005,0.28341650896,0.0808392711530612
"33922","Montenegro",2006,0.28375454096,0.080989300377551
"33924","Montenegro",2007,0.28459662437,0.0810362450102041
"33926","Montenegro",2008,0.28560871187,0.0812236881760204
"33928","Montenegro",2009,0.2864583818,0.0821191257142857
"33930","Montenegro",2010,0.28681465039,0.0831398761964286
"33932","Montenegro",2011,0.28681389021,0.083141759622449
"33934","Montenegro",2012,0.28681241972,0.0831489298418367
"33936","Montenegro",2013,0.28681108179,0.0831549346709184
"33938","Montenegro",2014,0.28681004405,0.0831584126734694
"33940","Montenegro",2015,0.28680905567,0.0831629186632653
"33942","Montenegro",2016,0.2868908713,0.0828538706045918
"33944","Montenegro",2017,0.28707151973,0.082455018755102
"33946","Montenegro",2018,0.28725170021,0.0823209116811224
"33948","Montenegro",2019,0.2873325154,0.0823681663137755
"33950","Montenegro",2020,0.28680982603,0.0831839992653061
"33952","Montenegro",2021,0.28733161205,0.082370294625
"32770","New Zealand",1990,0.54074355855,0.11534918597449
"32772","New Zealand",1991,0.52833723089,0.108665937005102
"32774","New Zealand",1992,0.51506378526,0.102517651221939
"32776","New Zealand",1993,0.50170535107,0.099524604752551
"32778","New Zealand",1994,0.48906430038,0.0973635871989796
"32780","New Zealand",1995,0.47795743484,0.0956342362602041
"32782","New Zealand",1996,0.4627523618,0.0915957641607143
"32784","New Zealand",1997,0.44106974268,0.0900398171658163
"32786","New Zealand",1998,0.41847181203,0.0907047560918368
"32788","New Zealand",1999,0.40052270892,0.092345732632653
"32790","New Zealand",2000,0.39281435494,0.09496767625
"32792","New Zealand",2001,0.39383364267,0.0943785694387755
"32794","New Zealand",2002,0.39723215213,0.0929556398443878
"32796","New Zealand",2003,0.40140855152,0.0925309432780612
"32798","New Zealand",2004,0.40480456228,0.0932427595663265
"32800","New Zealand",2005,0.40582342404,0.0948303498163265
"32802","New Zealand",2006,0.40394204688,0.0954489748443878
"32804","New Zealand",2007,0.4005794756,0.0947461486326531
"32806","New Zealand",2008,0.39708206766,0.0939353705841837
"32808","New Zealand",2009,0.39477344029,0.0957956479693878
"32810","New Zealand",2010,0.39499730631,0.0986881942168367
"32812","New Zealand",2011,0.40215912707,0.0983529087576531
"32814","New Zealand",2012,0.41756434592,0.0997268348928571
"32816","New Zealand",2013,0.43791521599,0.102734441127551
"32818","New Zealand",2014,0.45990572458,0.106200651989796
"32820","New Zealand",2015,0.48021390852,0.111594027423469
"32822","New Zealand",2016,0.50505658039,0.118262849964286
"32824","New Zealand",2017,0.53639181824,0.126241191780612
"32826","New Zealand",2018,0.56459693443,0.136277920683673
"32828","New Zealand",2019,0.58007756039,0.140285363290816
"32830","New Zealand",2020,0.58493710604,0.135861128977041
"32832","New Zealand",2021,0.68755665894,0.164269160857143
"30850","North Macedonia",1990,0.28504868984,0.084193874619898
"30852","North Macedonia",1991,0.28555221803,0.0839691985586735
"30854","North Macedonia",1992,0.28601419152,0.0835606523086735
"30856","North Macedonia",1993,0.28639432559,0.0821904491989796
"30858","North Macedonia",1994,0.28665201714,0.0818607045459184
"30860","North Macedonia",1995,0.28674661764,0.0814406838316327
"30862","North Macedonia",1996,0.28674686389,0.0814413502295918
"30864","North Macedonia",1997,0.28674511094,0.0814445204158163
"30866","North Macedonia",1998,0.2867416324,0.0814488236505102
"30868","North Macedonia",1999,0.28673644536,0.0814523218903061
"30870","North Macedonia",2000,0.28673084462,0.0814563159642857
"30872","North Macedonia",2001,0.28638418515,0.081373895869898
"30874","North Macedonia",2002,0.28556097291,0.0812194998928571
"30876","North Macedonia",2003,0.28457392603,0.0809096203596939
"30878","North Macedonia",2004,0.28373837172,0.0809403815714286
"30880","North Macedonia",2005,0.28336959569,0.0807130845357143
"30882","North Macedonia",2006,0.28370094069,0.0808118682321429
"30884","North Macedonia",2007,0.28453541384,0.0808767771862245
"30886","North Macedonia",2008,0.28554000223,0.0810880714183674
"30888","North Macedonia",2009,0.28638329654,0.0821636820076531
"30890","North Macedonia",2010,0.28673564025,0.0831960647372449
"30892","North Macedonia",2011,0.28673334526,0.0831994584413265
"30894","North Macedonia",2012,0.28673073757,0.0832038242755102
"30896","North Macedonia",2013,0.28672806485,0.0832079195892857
"30898","North Macedonia",2014,0.28672538337,0.0832122005663265
"30900","North Macedonia",2015,0.28672265961,0.0832183402066326
"30902","North Macedonia",2016,0.28680631993,0.082921394627551
"30904","North Macedonia",2017,0.28699176132,0.0825314018163265
"30906","North Macedonia",2018,0.28717666984,0.0823528214668367
"30908","North Macedonia",2019,0.287258953,0.0823690941734694
"30910","North Macedonia",2020,0.28671018143,0.0832371266862245
"30912","North Macedonia",2021,0.28725693233,0.0823731030357143
"56290","Northern Mariana Islands",1990,0.73938761648,0.129211768165816
"56292","Northern Mariana Islands",1991,0.73360088183,0.128436369798469
"56294","Northern Mariana Islands",1992,0.73016310144,0.127634868966837
"56296","Northern Mariana Islands",1993,0.72866042096,0.125966300859694
"56298","Northern Mariana Islands",1994,0.72866522517,0.127989470232143
"56300","Northern Mariana Islands",1995,0.72983119556,0.130419549183673
"56302","Northern Mariana Islands",1996,0.73528335956,0.130701974068878
"56304","Northern Mariana Islands",1997,0.7458319637,0.132604470020408
"56306","Northern Mariana Islands",1998,0.75791905064,0.132912143117347
"56308","Northern Mariana Islands",1999,0.76799296732,0.139578703466837
"56310","Northern Mariana Islands",2000,0.77238949316,0.142353581647959
"56312","Northern Mariana Islands",2001,0.77020157309,0.139434420622449
"56314","Northern Mariana Islands",2002,0.76451890572,0.133398678158163
"56316","Northern Mariana Islands",2003,0.75752193488,0.129936398255102
"56318","Northern Mariana Islands",2004,0.7513238741,0.127595816471939
"56320","Northern Mariana Islands",2005,0.7480357881,0.128583680227041
"56322","Northern Mariana Islands",2006,0.7475692163,0.127421733382653
"56324","Northern Mariana Islands",2007,0.74825328311,0.127465900244898
"56326","Northern Mariana Islands",2008,0.74987482179,0.125125442188775
"56328","Northern Mariana Islands",2009,0.75214529421,0.126880190209184
"56330","Northern Mariana Islands",2010,0.75479218027,0.130143017227041
"56332","Northern Mariana Islands",2011,0.76304627134,0.125945948214286
"56334","Northern Mariana Islands",2012,0.77924998506,0.125659989109694
"56336","Northern Mariana Islands",2013,0.79890307884,0.129736257836735
"56338","Northern Mariana Islands",2014,0.81752551942,0.134518737178571
"56340","Northern Mariana Islands",2015,0.83063804393,0.142535289247449
"56342","Northern Mariana Islands",2016,0.83940523835,0.133842512359694
"56344","Northern Mariana Islands",2017,0.84745429399,0.136434345535714
"56346","Northern Mariana Islands",2018,0.85384165657,0.13827789419898
"56348","Northern Mariana Islands",2019,0.85748343786,0.141118216255102
"56350","Northern Mariana Islands",2020,0.85839314033,0.140359611441326
"56352","Northern Mariana Islands",2021,0.86572294641,0.141805669127551
"45250","Palestine",1990,2.596959654,0.302005887285714
"45252","Palestine",1991,2.53471776663,0.29078095722449
"45254","Palestine",1992,2.47215407024,0.287865154436225
"45256","Palestine",1993,2.4095003842,0.281440202341837
"45258","Palestine",1994,2.3469700215,0.27528034147449
"45260","Palestine",1995,2.2847915905,0.273483779767857
"45262","Palestine",1996,2.21643097776,0.261381926548469
"45264","Palestine",1997,2.14135881572,0.256334913959184
"45266","Palestine",1998,2.06879747705,0.255659080647959
"45268","Palestine",1999,2.00795841387,0.256000470265306
"45270","Palestine",2000,1.9680509297,0.260173162964286
"45272","Palestine",2001,1.94182877649,0.252953763829082
"45274","Palestine",2002,1.91729982501,0.241185603053571
"45276","Palestine",2003,1.8966891348,0.241075504293367
"45278","Palestine",2004,1.88223337219,0.239910357204082
"45280","Palestine",2005,1.87615848529,0.244856848903061
"45282","Palestine",2006,1.88743767259,0.240916651257653
"45284","Palestine",2007,1.91576821672,0.245774661933673
"45286","Palestine",2008,1.94939044412,0.247696161132653
"45288","Palestine",2009,1.97656221099,0.246366779591837
"45290","Palestine",2010,1.98553042846,0.248159548461735
"45292","Palestine",2011,1.97847770981,0.249696493079082
"45294","Palestine",2012,1.96567007582,0.253308987818878
"45296","Palestine",2013,1.94772988918,0.251236753122449
"45298","Palestine",2014,1.92534115298,0.248638349668367
"45300","Palestine",2015,1.89893220366,0.250035675658163
"45302","Palestine",2016,1.84805789103,0.236068028530612
"45304","Palestine",2017,1.77246177662,0.226768044186224
"45306","Palestine",2018,1.70261255418,0.213079090563775
"45308","Palestine",2019,1.66900061297,0.21745511707398
"45310","Palestine",2020,1.7636388725,0.236091291956633
"45312","Palestine",2021,1.67198657049,0.237648206862245
"45090","People's Democratic Republic of Algeria",1990,1.18357804133,0.169694911765306
"45092","People's Democratic Republic of Algeria",1991,1.17560819028,0.168543681081633
"45094","People's Democratic Republic of Algeria",1992,1.16990735197,0.168592547053571
"45096","People's Democratic Republic of Algeria",1993,1.16654739403,0.171111670288265
"45098","People's Democratic Republic of Algeria",1994,1.16560015479,0.172293377181122
"45100","People's Democratic Republic of Algeria",1995,1.16713309963,0.174411347803571
"45102","People's Democratic Republic of Algeria",1996,1.17416543477,0.170552394589286
"45104","People's Democratic Republic of Algeria",1997,1.18710765407,0.168026648415816
"45106","People's Democratic Republic of Algeria",1998,1.20210224471,0.170648056428571
"45108","People's Democratic Republic of Algeria",1999,1.21529465532,0.169954014
"45110","People's Democratic Republic of Algeria",2000,1.22283663273,0.170372396344388
"45112","People's Democratic Republic of Algeria",2001,1.22306894301,0.170797744186224
"45114","People's Democratic Republic of Algeria",2002,1.21867872199,0.170609834163265
"45116","People's Democratic Republic of Algeria",2003,1.21234314809,0.174856854961735
"45118","People's Democratic Republic of Algeria",2004,1.20673509496,0.175890192441326
"45120","People's Democratic Republic of Algeria",2005,1.20452576804,0.178646824681122
"45122","People's Democratic Republic of Algeria",2006,1.21293350972,0.178367259423469
"45124","People's Democratic Republic of Algeria",2007,1.23250576802,0.178581216369898
"45126","People's Democratic Republic of Algeria",2008,1.25591506712,0.183391482028061
"45128","People's Democratic Republic of Algeria",2009,1.27584046602,0.189820545221939
"45130","People's Democratic Republic of Algeria",2010,1.28496934868,0.193053333135204
"45132","People's Democratic Republic of Algeria",2011,1.29062453256,0.192031445591837
"45134","People's Democratic Republic of Algeria",2012,1.3020669984,0.18956660475
"45136","People's Democratic Republic of Algeria",2013,1.31489335544,0.191228016987245
"45138","People's Democratic Republic of Algeria",2014,1.3246936957,0.190366742142857
"45140","People's Democratic Republic of Algeria",2015,1.32705440373,0.189981299293367
"45142","People's Democratic Republic of Algeria",2016,1.3151874537,0.192268098209184
"45144","People's Democratic Republic of Algeria",2017,1.29159093481,0.185086687387755
"45146","People's Democratic Republic of Algeria",2018,1.26578709744,0.183286947645408
"45148","People's Democratic Republic of Algeria",2019,1.24730319834,0.182269941484694
"45150","People's Democratic Republic of Algeria",2020,1.27643215818,0.192422827576531
"45152","People's Democratic Republic of Algeria",2021,1.25733076044,0.18246814632398
"47330","People's Republic of Bangladesh",1990,4.3671929408,0.496625865931122
"47332","People's Republic of Bangladesh",1991,4.35945473155,0.499581135788265
"47334","People's Republic of Bangladesh",1992,4.35437405966,0.508714973362245
"47336","People's Republic of Bangladesh",1993,4.35219110674,0.506361843311225
"47338","People's Republic of Bangladesh",1994,4.35317077851,0.513364696584184
"47340","People's Republic of Bangladesh",1995,4.35753253155,0.514704747392857
"47342","People's Republic of Bangladesh",1996,4.36698889094,0.508352927857143
"47344","People's Republic of Bangladesh",1997,4.3810728301,0.503902076219388
"47346","People's Republic of Bangladesh",1998,4.39673655013,0.502456664568878
"47348","People's Republic of Bangladesh",1999,4.41096035571,0.494630047765306
"47350","People's Republic of Bangladesh",2000,4.42076045235,0.494225503793367
"47352","People's Republic of Bangladesh",2001,4.43340041164,0.494250698964286
"47354","People's Republic of Bangladesh",2002,4.45407810444,0.490318717081633
"47356","People's Republic of Bangladesh",2003,4.47668174991,0.496166874913265
"47358","People's Republic of Bangladesh",2004,4.49490999004,0.497296002030612
"47360","People's Republic of Bangladesh",2005,4.50225352569,0.504239704369898
"47362","People's Republic of Bangladesh",2006,4.50505117626,0.509511332426021
"47364","People's Republic of Bangladesh",2007,4.51235115141,0.508412440632653
"47366","People's Republic of Bangladesh",2008,4.52161763741,0.505599827030612
"47368","People's Republic of Bangladesh",2009,4.53040940029,0.503685319147959
"47370","People's Republic of Bangladesh",2010,4.53636956979,0.520657083517857
"47372","People's Republic of Bangladesh",2011,4.54820192422,0.504483692428571
"47374","People's Republic of Bangladesh",2012,4.57241945991,0.502534152395408
"47376","People's Republic of Bangladesh",2013,4.6033326794,0.508764132390306
"47378","People's Republic of Bangladesh",2014,4.63519049225,0.520203733145408
"47380","People's Republic of Bangladesh",2015,4.66220399609,0.517250868022959
"47382","People's Republic of Bangladesh",2016,4.71170489425,0.513807996484694
"47384","People's Republic of Bangladesh",2017,4.79761875256,0.518540163913265
"47386","People's Republic of Bangladesh",2018,4.89406733551,0.531178218318877
"47388","People's Republic of Bangladesh",2019,4.97519701114,0.556404011706633
"47390","People's Republic of Bangladesh",2020,4.92683867496,0.572614786265306
"47392","People's Republic of Bangladesh",2021,4.58299736883,0.540517213739796
"31970","People's Republic of China",1990,0.4481788227,0.0930004488520408
"31972","People's Republic of China",1991,0.44899508418,0.0936915689387755
"31974","People's Republic of China",1992,0.44918121746,0.0943147594489796
"31976","People's Republic of China",1993,0.44886191642,0.0944076682602041
"31978","People's Republic of China",1994,0.44814613619,0.094464526752551
"31980","People's Republic of China",1995,0.44716185089,0.0947184220841837
"31982","People's Republic of China",1996,0.44474492916,0.0943092533316326
"31984","People's Republic of China",1997,0.44051955918,0.0941041437959184
"31986","People's Republic of China",1998,0.43576744451,0.0939968926377551
"31988","People's Republic of China",1999,0.43178592894,0.0941076582040817
"31990","People's Republic of China",2000,0.429907029,0.0944549374693878
"31992","People's Republic of China",2001,0.43025254874,0.0942227433596939
"31994","People's Republic of China",2002,0.43163691707,0.0941867585586735
"31996","People's Republic of China",2003,0.43346866438,0.0942985402984694
"31998","People's Republic of China",2004,0.43498347808,0.094596850252551
"32000","People's Republic of China",2005,0.4355735284,0.0949535677397959
"32002","People's Republic of China",2006,0.43473952257,0.094997494127551
"32004","People's Republic of China",2007,0.4329130352,0.0945962237219388
"32006","People's Republic of China",2008,0.43074935893,0.0940975072729592
"32008","People's Republic of China",2009,0.4289583836,0.0939887631811225
"32010","People's Republic of China",2010,0.42823622309,0.0939435845841837
"32012","People's Republic of China",2011,0.42957039538,0.094309267125
"32014","People's Republic of China",2012,0.43265531134,0.09463128375
"32016","People's Republic of China",2013,0.4362729197,0.094694885494898
"32018","People's Republic of China",2014,0.43920750356,0.0956488082321429
"32020","People's Republic of China",2015,0.44026306417,0.0970821989897959
"32022","People's Republic of China",2016,0.43761566961,0.0969110990204082
"32024","People's Republic of China",2017,0.43213207529,0.0964435577882653
"32026","People's Republic of China",2018,0.42664821053,0.0960015360637755
"32028","People's Republic of China",2019,0.42400441665,0.0961137627040816
"32030","People's Republic of China",2020,0.43798783294,0.0985574819744898
"32032","People's Republic of China",2021,0.43338699224,0.0945674927193877
"43330","Plurinational State of Bolivia",1990,0.66189017995,0.118409018877551
"43332","Plurinational State of Bolivia",1991,0.67140538666,0.113697440367347
"43334","Plurinational State of Bolivia",1992,0.67930392075,0.112080451681122
"43336","Plurinational State of Bolivia",1993,0.68529854668,0.111395159158163
"43338","Plurinational State of Bolivia",1994,0.68910348875,0.110094979344388
"43340","Plurinational State of Bolivia",1995,0.69043303125,0.112583700204082
"43342","Plurinational State of Bolivia",1996,0.68866300409,0.111669637038265
"43344","Plurinational State of Bolivia",1997,0.68445316162,0.111821759237245
"43346","Plurinational State of Bolivia",1998,0.67945164441,0.111211286663265
"43348","Plurinational State of Bolivia",1999,0.67530866214,0.111999142204082
"43350","Plurinational State of Bolivia",2000,0.67367815529,0.111841909548469
"43352","Plurinational State of Bolivia",2001,0.67675218976,0.112995356869898
"43354","Plurinational State of Bolivia",2002,0.68381808547,0.116224078808673
"43356","Plurinational State of Bolivia",2003,0.69217510933,0.119357857788265
"43358","Plurinational State of Bolivia",2004,0.69911248095,0.121778561007653
"43360","Plurinational State of Bolivia",2005,0.70191670356,0.126940410770408
"43362","Plurinational State of Bolivia",2006,0.69786584865,0.123181928206633
"43364","Plurinational State of Bolivia",2007,0.68840834526,0.119788140431122
"43366","Plurinational State of Bolivia",2008,0.67708851642,0.120047980339286
"43368","Plurinational State of Bolivia",2009,0.66744879858,0.118209333818878
"43370","Plurinational State of Bolivia",2010,0.66303176084,0.116416875602041
"43372","Plurinational State of Bolivia",2011,0.66406815117,0.119024679127551
"43374","Plurinational State of Bolivia",2012,0.66738466553,0.118815007533163
"43376","Plurinational State of Bolivia",2013,0.67141940477,0.121980898520408
"43378","Plurinational State of Bolivia",2014,0.67461117128,0.127609993706633
"43380","Plurinational State of Bolivia",2015,0.67539971806,0.128932591326531
"43382","Plurinational State of Bolivia",2016,0.67200373817,0.126786282433673
"43384","Plurinational State of Bolivia",2017,0.66571877576,0.121828479178571
"43386","Plurinational State of Bolivia",2018,0.65959953001,0.118510422841837
"43388","Plurinational State of Bolivia",2019,0.65669983283,0.115036373196429
"43390","Plurinational State of Bolivia",2020,0.67243359687,0.120762602359694
"43392","Plurinational State of Bolivia",2021,0.67242421528,0.120732922951531
"39010","Portuguese Republic",1990,0.28301208063,0.0659317124209184
"39012","Portuguese Republic",1991,0.27918590794,0.0647976216096939
"39014","Portuguese Republic",1992,0.27564113533,0.0636375707959184
"39016","Portuguese Republic",1993,0.27285682748,0.0636125858367347
"39018","Portuguese Republic",1994,0.27041880695,0.0642629379770408
"39020","Portuguese Republic",1995,0.26951671337,0.0651424718035714
"39022","Portuguese Republic",1996,0.26795877998,0.0622633681989796
"39024","Portuguese Republic",1997,0.26462990784,0.0619098902908163
"39026","Portuguese Republic",1998,0.26050640835,0.0606762274668367
"39028","Portuguese Republic",1999,0.25713819848,0.0602900710918367
"39030","Portuguese Republic",2000,0.25399898662,0.0602720072117347
"39032","Portuguese Republic",2001,0.25123168563,0.0579390853163265
"39034","Portuguese Republic",2002,0.24840947808,0.0570788667653061
"39036","Portuguese Republic",2003,0.24572413897,0.0579940298826531
"39038","Portuguese Republic",2004,0.24385195268,0.0583130288877551
"39040","Portuguese Republic",2005,0.24316298845,0.0577716500994898
"39042","Portuguese Republic",2006,0.24326084848,0.0553468039438776
"39044","Portuguese Republic",2007,0.24364004424,0.0548213317933673
"39046","Portuguese Republic",2008,0.24419105228,0.0552460900663265
"39048","Portuguese Republic",2009,0.2448033091,0.0558930845561225
"39050","Portuguese Republic",2010,0.245387685,0.056932830125
"39052","Portuguese Republic",2011,0.24660280628,0.0570027864591837
"39054","Portuguese Republic",2012,0.24885838401,0.0571738483826531
"39056","Portuguese Republic",2013,0.25154034834,0.0578171860841837
"39058","Portuguese Republic",2014,0.25410917543,0.060188773877551
"39060","Portuguese Republic",2015,0.25598698987,0.0622242487704082
"39062","Portuguese Republic",2016,0.25672213278,0.0609548526581633
"39064","Portuguese Republic",2017,0.25678210031,0.0628765555994898
"39066","Portuguese Republic",2018,0.25698964087,0.0667684213469388
"39068","Portuguese Republic",2019,0.25815381494,0.0697872655994898
"39070","Portuguese Republic",2020,0.27526497461,0.0758094861709184
"39072","Portuguese Republic",2021,0.27525894559,0.0758093623903061
"32930","Principality of Andorra",1990,0.29211926639,0.0790615052882653
"32932","Principality of Andorra",1991,0.29149297907,0.0774104771071429
"32934","Principality of Andorra",1992,0.29102673262,0.0764343649617347
"32936","Principality of Andorra",1993,0.29070738389,0.0776571715994898
"32938","Principality of Andorra",1994,0.29043100892,0.0787007564617347
"32940","Principality of Andorra",1995,0.29033591488,0.0788966105561225
"32942","Principality of Andorra",1996,0.29009866236,0.0769161449387755
"32944","Principality of Andorra",1997,0.28940892535,0.0785136222627551
"32946","Principality of Andorra",1998,0.2887423548,0.0809713457653061
"32948","Principality of Andorra",1999,0.28815134827,0.0814842083214286
"32950","Principality of Andorra",2000,0.28791310449,0.0828575947040816
"32952","Principality of Andorra",2001,0.28787186629,0.082048759872449
"32954","Principality of Andorra",2002,0.28768114776,0.0814903474872449
"32956","Principality of Andorra",2003,0.28748398856,0.0808474266020408
"32958","Principality of Andorra",2004,0.28736841673,0.0807295690408163
"32960","Principality of Andorra",2005,0.28740321549,0.0817207190943877
"32962","Principality of Andorra",2006,0.28816443213,0.0805193488622449
"32964","Principality of Andorra",2007,0.28975240839,0.0801432606428571
"32966","Principality of Andorra",2008,0.29158302442,0.0807646009311225
"32968","Principality of Andorra",2009,0.2930313408,0.081629040625
"32970","Principality of Andorra",2010,0.2935932473,0.0819590771403061
"32972","Principality of Andorra",2011,0.29361177862,0.0820133745255102
"32974","Principality of Andorra",2012,0.29358438059,0.0820172905867347
"32976","Principality of Andorra",2013,0.29356329662,0.0820055400408163
"32978","Principality of Andorra",2014,0.29355332331,0.082003173252551
"32980","Principality of Andorra",2015,0.29353558538,0.082019055625
"32982","Principality of Andorra",2016,0.29367501545,0.0817699408392857
"32984","Principality of Andorra",2017,0.29403566815,0.0817066704464286
"32986","Principality of Andorra",2018,0.29441169417,0.08281729375
"32988","Principality of Andorra",2019,0.29460225546,0.0831471730331633
"32990","Principality of Andorra",2020,0.29460388549,0.0831207872091837
"32992","Principality of Andorra",2021,0.29460476131,0.0831345574362245
"58530","Principality of Monaco",1990,0.29217904956,0.0790159854056122
"58532","Principality of Monaco",1991,0.29148182504,0.0776046240892857
"58534","Principality of Monaco",1992,0.29095693683,0.0764288825127551
"58536","Principality of Monaco",1993,0.29061632172,0.0780895562704082
"58538","Principality of Monaco",1994,0.29041201381,0.0788718184642857
"58540","Principality of Monaco",1995,0.29034649675,0.0785820803137755
"58542","Principality of Monaco",1996,0.29007990577,0.0770220127984694
"58544","Principality of Monaco",1997,0.28944061182,0.0785579262295918
"58546","Principality of Monaco",1998,0.28870682079,0.0810262810076531
"58548","Principality of Monaco",1999,0.28810483019,0.0813978555892857
"58550","Principality of Monaco",2000,0.28788899197,0.0827199360127551
"58552","Principality of Monaco",2001,0.2878463568,0.0820608288494898
"58554","Principality of Monaco",2002,0.28767233474,0.0818595101326531
"58556","Principality of Monaco",2003,0.28747566887,0.0810753846913265
"58558","Principality of Monaco",2004,0.28735269055,0.081035891369898
"58560","Principality of Monaco",2005,0.28742233044,0.0817586599132653
"58562","Principality of Monaco",2006,0.28820165268,0.0808437178903061
"58564","Principality of Monaco",2007,0.28976723618,0.0805366059285714
"58566","Principality of Monaco",2008,0.29156650033,0.0812774071964286
"58568","Principality of Monaco",2009,0.29303101785,0.0818879357346939
"58570","Principality of Monaco",2010,0.29363764239,0.0820564775408163
"58572","Principality of Monaco",2011,0.29363598348,0.0820473628928571
"58574","Principality of Monaco",2012,0.29361359796,0.0820367753290816
"58576","Principality of Monaco",2013,0.29360216777,0.0820290147117347
"58578","Principality of Monaco",2014,0.29358224755,0.0820386494515306
"58580","Principality of Monaco",2015,0.29357814223,0.0820577680459184
"58582","Principality of Monaco",2016,0.29375167745,0.0817904545331633
"58584","Principality of Monaco",2017,0.29410939634,0.0817193878316327
"58586","Principality of Monaco",2018,0.29447045807,0.0828284091530612
"58588","Principality of Monaco",2019,0.29462937934,0.0832389129285714
"58590","Principality of Monaco",2020,0.29463487017,0.0832409752244898
"58592","Principality of Monaco",2021,0.29464954863,0.0832431649056122
"58050","Puerto Rico",1990,0.79321935236,0.10813505502551
"58052","Puerto Rico",1991,0.78429719787,0.104925449479592
"58054","Puerto Rico",1992,0.77633989965,0.103839901257653
"58056","Puerto Rico",1993,0.76987845704,0.104205050045918
"58058","Puerto Rico",1994,0.76544721381,0.10658262427551
"58060","Puerto Rico",1995,0.76358847846,0.106621561961735
"58062","Puerto Rico",1996,0.76370488202,0.106746929979592
"58064","Puerto Rico",1997,0.76451658491,0.105949931668367
"58066","Puerto Rico",1998,0.76561583982,0.106114188244898
"58068","Puerto Rico",1999,0.76658558961,0.107835291096939
"58070","Puerto Rico",2000,0.76700257626,0.109176182558673
"58072","Puerto Rico",2001,0.76666775123,0.107950146377551
"58074","Puerto Rico",2002,0.76569094088,0.106210898104592
"58076","Puerto Rico",2003,0.76417985732,0.103782765380102
"58078","Puerto Rico",2004,0.76226192168,0.105706914076531
"58080","Puerto Rico",2005,0.76006987654,0.107909604420918
"58082","Puerto Rico",2006,0.75453981436,0.103243968517857
"58084","Puerto Rico",2007,0.74490061553,0.103181563640306
"58086","Puerto Rico",2008,0.73473367224,0.103704465729592
"58088","Puerto Rico",2009,0.72763546788,0.104049362418367
"58090","Puerto Rico",2010,0.72718744287,0.109788418571429
"58092","Puerto Rico",2011,0.73460841124,0.108051673994898
"58094","Puerto Rico",2012,0.74728535866,0.109436097410714
"58096","Puerto Rico",2013,0.76300190665,0.110813535308673
"58098","Puerto Rico",2014,0.77953306503,0.109500187137755
"58100","Puerto Rico",2015,0.79466532124,0.111994766877551
"58102","Puerto Rico",2016,0.81322031828,0.113909033487245
"58104","Puerto Rico",2017,0.836963574,0.120608416806122
"58106","Puerto Rico",2018,0.85839649959,0.127726745033163
"58108","Puerto Rico",2019,0.86999926503,0.132754240119898
"58110","Puerto Rico",2020,0.87119110694,0.131635088765306
"58112","Puerto Rico",2021,0.93503207459,0.144408165262755
"31010","Republic of Albania",1990,0.28494216449,0.0844346107321429
"31012","Republic of Albania",1991,0.28545409279,0.0839223746122449
"31014","Republic of Albania",1992,0.28592846402,0.0835314936377551
"31016","Republic of Albania",1993,0.28632405682,0.0820780656785714
"31018","Republic of Albania",1994,0.28659776434,0.0816723601760204
"31020","Republic of Albania",1995,0.28670527999,0.0814873257933674
"31022","Republic of Albania",1996,0.28671469493,0.0815110401454082
"31024","Republic of Albania",1997,0.28672410427,0.0815368330229592
"31026","Republic of Albania",1998,0.28673203938,0.0815564991428571
"31028","Republic of Albania",1999,0.28673799886,0.0815674650867347
"31030","Republic of Albania",2000,0.28674338461,0.0815767916403061
"31032","Republic of Albania",2001,0.28640590303,0.0814631922346939
"31034","Republic of Albania",2002,0.28559311626,0.081290299502551
"31036","Republic of Albania",2003,0.2846206004,0.0812906859566327
"31038","Republic of Albania",2004,0.28380145984,0.0813029168316327
"31040","Republic of Albania",2005,0.28344494288,0.0808714979438775
"31042","Republic of Albania",2006,0.28377921744,0.0811416673341837
"31044","Republic of Albania",2007,0.28460899566,0.0811118253367347
"31046","Republic of Albania",2008,0.28560604063,0.0811116270382653
"31048","Republic of Albania",2009,0.28644371773,0.0822815393443878
"31050","Republic of Albania",2010,0.28679612468,0.083354085125
"31052","Republic of Albania",2011,0.2867969813,0.0833574177780612
"31054","Republic of Albania",2012,0.2867968977,0.0833604083086735
"31056","Republic of Albania",2013,0.28679616192,0.0833630375663265
"31058","Republic of Albania",2014,0.28679538645,0.083365000375
"31060","Republic of Albania",2015,0.2867952219,0.0833657366352041
"31062","Republic of Albania",2016,0.28687589307,0.0830711584566327
"31064","Republic of Albania",2017,0.28705142178,0.0826778765765306
"31066","Republic of Albania",2018,0.28722559417,0.0825029795943878
"31068","Republic of Albania",2019,0.28730319534,0.0825016942270408
"31070","Republic of Albania",2020,0.28678592641,0.0833501568545919
"31072","Republic of Albania",2021,0.2872984403,0.0824975902219388
"49730","Republic of Angola",1990,20.85596302439,1.83060712818878
"49732","Republic of Angola",1991,20.95527041235,1.83378943902296
"49734","Republic of Angola",1992,21.21965853163,1.8463267838699
"49736","Republic of Angola",1993,21.61357082656,1.84890291594898
"49738","Republic of Angola",1994,22.10220610421,1.89527934268878
"49740","Republic of Angola",1995,22.65136671214,1.99809059090306
"49742","Republic of Angola",1996,23.43638388604,2.05155116007908
"49744","Republic of Angola",1997,24.63210414391,2.13753615679337
"49746","Republic of Angola",1998,26.20161876388,2.2601169371148
"49748","Republic of Angola",1999,28.10878432121,2.45566339970408
"49750","Republic of Angola",2000,30.31845504962,2.73091528993878
"49752","Republic of Angola",2001,34.5237343469,3.02664970637245
"49754","Republic of Angola",2002,41.15463524457,3.50130866320663
"49756","Republic of Angola",2003,48.27932337115,4.04776033234949
"49758","Republic of Angola",2004,53.96525741103,4.4601378606199
"49760","Republic of Angola",2005,56.28193174372,4.61986793827296
"49762","Republic of Angola",2006,53.27203552825,4.46663233953061
"49764","Republic of Angola",2007,46.01091267162,3.91826213764031
"49766","Republic of Angola",2008,37.1146463398,3.17329050980867
"49768","Republic of Angola",2009,29.1962775768,2.54394408257143
"49770","Republic of Angola",2010,24.86682223596,2.18125833032398
"49772","Republic of Angola",2011,23.39616792831,2.04753423005612
"49774","Republic of Angola",2012,22.26066490788,1.95795724132653
"49776","Republic of Angola",2013,21.37909196216,1.89384611531633
"49778","Republic of Angola",2014,20.67030347064,1.84632745491582
"49780","Republic of Angola",2015,20.05348903706,1.80481753697449
"49782","Republic of Angola",2016,19.52868737225,1.7734300596148
"49784","Republic of Angola",2017,19.10155151278,1.7327219917449
"49786","Republic of Angola",2018,18.69920034409,1.66576365044133
"49788","Republic of Angola",2019,18.24859394743,1.62252183120663
"49790","Republic of Angola",2020,17.56715587774,1.55464808107908
"49792","Republic of Angola",2021,17.11491118124,1.49793969195408
"26850","Republic of Armenia",1990,0.33346646765,0.104136633306122
"26852","Republic of Armenia",1991,0.33179477114,0.10317083880102
"26854","Republic of Armenia",1992,0.33067508384,0.102517041808673
"26856","Republic of Armenia",1993,0.32958799078,0.101958748158163
"26858","Republic of Armenia",1994,0.32829827539,0.101270622053571
"26860","Republic of Armenia",1995,0.325855215,0.100101431969388
"26862","Republic of Armenia",1996,0.32401053164,0.0992357784005102
"26864","Republic of Armenia",1997,0.32230497033,0.0983966523061225
"26866","Republic of Armenia",1998,0.32009700176,0.0971305909719388
"26868","Republic of Armenia",1999,0.31855950091,0.0962625614413265
"26870","Republic of Armenia",2000,0.31713712709,0.0954563707806123
"26872","Republic of Armenia",2001,0.31438219119,0.0943858149158163
"26874","Republic of Armenia",2002,0.31120834504,0.0922535119413265
"26876","Republic of Armenia",2003,0.30805687948,0.0905837060459184
"26878","Republic of Armenia",2004,0.30597779797,0.0897370838494898
"26880","Republic of Armenia",2005,0.30473519449,0.0893275320918367
"26882","Republic of Armenia",2006,0.29963043854,0.0854306286045918
"26884","Republic of Armenia",2007,0.28987829018,0.0800890976964286
"26886","Republic of Armenia",2008,0.26559814554,0.06718128725
"26888","Republic of Armenia",2009,0.25100793325,0.0637909445637755
"26890","Republic of Armenia",2010,0.24796100028,0.0630747402423469
"26892","Republic of Armenia",2011,0.24795634915,0.0630890205382653
"26894","Republic of Armenia",2012,0.24795344282,0.0630997499005102
"26896","Republic of Armenia",2013,0.24795095365,0.0631083564285714
"26898","Republic of Armenia",2014,0.24794936161,0.0631144578928571
"26900","Republic of Armenia",2015,0.24794720682,0.0631135873239796
"26902","Republic of Armenia",2016,0.25080391349,0.0641743008877551
"26904","Republic of Armenia",2017,0.25713594784,0.0669288559362245
"26906","Republic of Armenia",2018,0.26458851151,0.0710024614515306
"26908","Republic of Armenia",2019,0.26846366084,0.0735128629540816
"26910","Republic of Armenia",2020,0.26830456443,0.0734901499107143
"26912","Republic of Armenia",2021,0.26795336947,0.0734511141887755
"35970","Republic of Austria",1990,0.32986970959,0.073335176625
"35972","Republic of Austria",1991,0.33289871224,0.0728701491352041
"35974","Republic of Austria",1992,0.33526950665,0.0711354381479592
"35976","Republic of Austria",1993,0.33680697978,0.0688117354336735
"35978","Republic of Austria",1994,0.33750033151,0.0669008883367347
"35980","Republic of Austria",1995,0.33781172769,0.065494240752551
"35982","Republic of Austria",1996,0.33550198056,0.0652746967142857
"35984","Republic of Austria",1997,0.32973373374,0.0637428794362245
"35986","Republic of Austria",1998,0.32182553753,0.0632658033469388
"35988","Republic of Austria",1999,0.31478423236,0.0636369546403061
"35990","Republic of Austria",2000,0.30987780728,0.0657851596556123
"35992","Republic of Austria",2001,0.30716737263,0.0656042864744898
"35994","Republic of Austria",2002,0.30471733721,0.0649054354234694
"35996","Republic of Austria",2003,0.30231563849,0.0636225028010204
"35998","Republic of Austria",2004,0.30015517074,0.0651363425867347
"36000","Republic of Austria",2005,0.29781669319,0.0678178021811225
"36002","Republic of Austria",2006,0.29379122409,0.0659505307908163
"36004","Republic of Austria",2007,0.28785455309,0.0656762141887755
"36006","Republic of Austria",2008,0.28155513603,0.0650969651632653
"36008","Republic of Austria",2009,0.27648037457,0.0633958926020408
"36010","Republic of Austria",2010,0.27418179955,0.0650636821326531
"36012","Republic of Austria",2011,0.27436575172,0.0661122924438775
"36014","Republic of Austria",2012,0.2754885893,0.0678968364617347
"36016","Republic of Austria",2013,0.27718264656,0.069704874622449
"36018","Republic of Austria",2014,0.27916329426,0.070728041505102
"36020","Republic of Austria",2015,0.28110512888,0.0725348747908163
"36022","Republic of Austria",2016,0.28479400472,0.0724223578903061
"36024","Republic of Austria",2017,0.29056438179,0.0725552316683673
"36026","Republic of Austria",2018,0.29589863343,0.0737943143443878
"36028","Republic of Austria",2019,0.29826816418,0.0756438866811225
"36030","Republic of Austria",2020,0.29829764487,0.0756457162857143
"36032","Republic of Austria",2021,0.29827228786,0.0756479840663265
"29730","Republic of Azerbaijan",1990,0.31069946302,0.0849171216428572
"29732","Republic of Azerbaijan",1991,0.3106722659,0.0849320234540816
"29734","Republic of Azerbaijan",1992,0.31065626296,0.0849444380076531
"29736","Republic of Azerbaijan",1993,0.31066553673,0.0849450465
"29738","Republic of Azerbaijan",1994,0.31065384412,0.0849589599540816
"29740","Republic of Azerbaijan",1995,0.31062887399,0.0849947777933674
"29742","Republic of Azerbaijan",1996,0.31062176359,0.0850241035739796
"29744","Republic of Azerbaijan",1997,0.31062816312,0.0850598661811225
"29746","Republic of Azerbaijan",1998,0.31063987518,0.0850928641964286
"29748","Republic of Azerbaijan",1999,0.31065411656,0.0851338671479592
"29750","Republic of Azerbaijan",2000,0.31066935455,0.0851788568239796
"29752","Republic of Azerbaijan",2001,0.31068842394,0.0852210185102041
"29754","Republic of Azerbaijan",2002,0.31070723916,0.0852619236096939
"29756","Republic of Azerbaijan",2003,0.31072536253,0.0853051642168367
"29758","Republic of Azerbaijan",2004,0.31074371543,0.0853506845331633
"29760","Republic of Azerbaijan",2005,0.31076080356,0.0853933559821428
"29762","Republic of Azerbaijan",2006,0.31063919262,0.0837794436760204
"29764","Republic of Azerbaijan",2007,0.31032642639,0.0822416188112245
"29766","Republic of Azerbaijan",2008,0.30994986975,0.0822931252372449
"29768","Republic of Azerbaijan",2009,0.30963734229,0.0819323243877551
"29770","Republic of Azerbaijan",2010,0.30951133012,0.0816433877678571
"29772","Republic of Azerbaijan",2011,0.30951853537,0.0816436052755102
"29774","Republic of Azerbaijan",2012,0.30952206334,0.0816447334260204
"29776","Republic of Azerbaijan",2013,0.30952264092,0.0816476360255102
"29778","Republic of Azerbaijan",2014,0.30952164882,0.0816472972755102
"29780","Republic of Azerbaijan",2015,0.30951842096,0.0816504691709184
"29782","Republic of Azerbaijan",2016,0.30951304256,0.08166792525
"29784","Republic of Azerbaijan",2017,0.30950620144,0.0816888186122449
"29786","Republic of Azerbaijan",2018,0.30949800628,0.0817086898469388
"29788","Republic of Azerbaijan",2019,0.30948940612,0.0817296918010204
"29790","Republic of Azerbaijan",2020,0.30948095975,0.0817466132015306
"29792","Republic of Azerbaijan",2021,0.30947294144,0.0817606977984694
"34690","Republic of Belarus",1990,0.27643596363,0.0815368506913265
"34692","Republic of Belarus",1991,0.27643474285,0.081530947369898
"34694","Republic of Belarus",1992,0.27643277413,0.081529391252551
"34696","Republic of Belarus",1993,0.27643101004,0.0815306516862245
"34698","Republic of Belarus",1994,0.27642901165,0.0815355305459184
"34700","Republic of Belarus",1995,0.27642662462,0.0815402910153061
"34702","Republic of Belarus",1996,0.27642398415,0.081545179369898
"34704","Republic of Belarus",1997,0.27642064317,0.0815497578061224
"34706","Republic of Belarus",1998,0.2764177299,0.0815530075688776
"34708","Republic of Belarus",1999,0.2764148683,0.0815569452933673
"34710","Republic of Belarus",2000,0.27641205082,0.0815613519821429
"34712","Republic of Belarus",2001,0.2764095252,0.0815652265892857
"34714","Republic of Belarus",2002,0.27640625817,0.081566880247449
"34716","Republic of Belarus",2003,0.27640291582,0.0815695336913265
"34718","Republic of Belarus",2004,0.27639924899,0.0815719512397959
"34720","Republic of Belarus",2005,0.27639594527,0.08157329725
"34722","Republic of Belarus",2006,0.27639325493,0.0815760195382653
"34724","Republic of Belarus",2007,0.27639086753,0.0815775232346939
"34726","Republic of Belarus",2008,0.27638849198,0.0815787264438776
"34728","Republic of Belarus",2009,0.27638626426,0.081579864502551
"34730","Republic of Belarus",2010,0.27638457111,0.0815803492091837
"34732","Republic of Belarus",2011,0.27638319776,0.0815809322780612
"34734","Republic of Belarus",2012,0.27638269959,0.081581099617347
"34736","Republic of Belarus",2013,0.27638164468,0.0815800038392857
"34738","Republic of Belarus",2014,0.27638080633,0.0815784794260204
"34740","Republic of Belarus",2015,0.27638052524,0.0815767180663265
"34742","Republic of Belarus",2016,0.27637997018,0.0815750445255102
"34744","Republic of Belarus",2017,0.27637965439,0.0815745023188775
"34746","Republic of Belarus",2018,0.27637894271,0.081572857494898
"34748","Republic of Belarus",2019,0.27637850512,0.0815713736454082
"34750","Republic of Belarus",2020,0.27637860045,0.0815700322831633
"34752","Republic of Belarus",2021,0.27637830343,0.0815677355816327
"52930","Republic of Benin",1990,27.61164152409,2.67203786973469
"52932","Republic of Benin",1991,27.29164053085,2.61575927090816
"52934","Republic of Benin",1992,27.07303002848,2.5473946996199
"52936","Republic of Benin",1993,26.93868300978,2.51535069342092
"52938","Republic of Benin",1994,26.87114323146,2.53178540660459
"52940","Republic of Benin",1995,26.85353870418,2.5637663931199
"52942","Republic of Benin",1996,26.93933748285,2.56852845315561
"52944","Republic of Benin",1997,27.18629001316,2.54666473233673
"52946","Republic of Benin",1998,27.58465745492,2.56494537771939
"52948","Republic of Benin",1999,28.12426398924,2.66083331222959
"52950","Republic of Benin",2000,28.79547348502,2.77712439553061
"52952","Republic of Benin",2001,32.91397822954,3.09960833428826
"52954","Republic of Benin",2002,41.67311719205,3.8257406529949
"52956","Republic of Benin",2003,51.88115229207,4.81138236471939
"52958","Republic of Benin",2004,60.34638814609,5.60587585607908
"52960","Republic of Benin",2005,63.87769066123,5.87972207581377
"52962","Republic of Benin",2006,63.44435441728,5.85894515646173
"52964","Republic of Benin",2007,62.2740245433,5.75601057558163
"52966","Republic of Benin",2008,60.56586547723,5.62963951137755
"52968","Republic of Benin",2009,58.51865685134,5.42974397484949
"52970","Republic of Benin",2010,56.33091174945,5.41915168930612
"52972","Republic of Benin",2011,52.76937797898,5.04820440791837
"52974","Republic of Benin",2012,47.39222302031,4.48348676727551
"52976","Republic of Benin",2013,41.58862534701,3.86282664910969
"52978","Republic of Benin",2014,36.74755984275,3.38987828395663
"52980","Republic of Benin",2015,34.258115835,3.22686556130102
"52982","Republic of Benin",2016,33.58338434137,3.12588468643367
"52984","Republic of Benin",2017,33.14568258561,3.10712875663776
"52986","Republic of Benin",2018,32.77484474572,3.11039246284439
"52988","Republic of Benin",2019,32.30016336366,3.08366097301531
"52990","Republic of Benin",2020,31.42702755199,3.03654211579847
"52992","Republic of Benin",2021,30.53402168496,2.93000442239796
"52610","Republic of Botswana",1990,17.46368700077,1.47504081282653
"52612","Republic of Botswana",1991,16.99786838164,1.43163908979082
"52614","Republic of Botswana",1992,16.53697350868,1.40402851803571
"52616","Republic of Botswana",1993,16.08293671828,1.36858421986224
"52618","Republic of Botswana",1994,15.6366370471,1.33291363733928
"52620","Republic of Botswana",1995,15.19955311611,1.31114399929592
"52622","Republic of Botswana",1996,14.77509713168,1.27115166765306
"52624","Republic of Botswana",1997,14.36028707088,1.23020506154082
"52626","Republic of Botswana",1998,13.94496242172,1.18302859317347
"52628","Republic of Botswana",1999,13.51924373425,1.15362155654337
"52630","Republic of Botswana",2000,13.07386142897,1.12786270203316
"52632","Republic of Botswana",2001,12.57373460541,1.07451640790816
"52634","Republic of Botswana",2002,12.02381113951,1.02521404620153
"52636","Republic of Botswana",2003,11.47231138556,0.976509648214286
"52638","Republic of Botswana",2004,10.96712721336,0.942775145790817
"52640","Republic of Botswana",2005,10.55622223389,0.913025518918367
"52642","Republic of Botswana",2006,10.22081526097,0.884200340905612
"52644","Republic of Botswana",2007,9.91432439461,0.840464171255102
"52646","Republic of Botswana",2008,9.64145333354,0.825428771647959
"52648","Republic of Botswana",2009,9.40618067183,0.820965191640307
"52650","Republic of Botswana",2010,9.21259289835,0.811140574938775
"52652","Republic of Botswana",2011,9.05183258132,0.770951561336735
"52654","Republic of Botswana",2012,8.91016298141,0.743226785448979
"52656","Republic of Botswana",2013,8.78377642451,0.733138821507653
"52658","Republic of Botswana",2014,8.66881053324,0.725160921905612
"52660","Republic of Botswana",2015,8.56134868743,0.73634604034949
"52662","Republic of Botswana",2016,8.45601349051,0.720819649704082
"52664","Republic of Botswana",2017,8.35205316214,0.717880140658163
"52666","Republic of Botswana",2018,8.25241324757,0.7210268125
"52668","Republic of Botswana",2019,8.15994964798,0.723033460216837
"52670","Republic of Botswana",2020,8.05051412624,0.705622652410715
"52672","Republic of Botswana",2021,7.97693750541,0.701778560908163
"31810","Republic of Bulgaria",1990,0.31872264718,0.0717330355994898
"31812","Republic of Bulgaria",1991,0.31877681575,0.0711116579464286
"31814","Republic of Bulgaria",1992,0.31912889216,0.0720788953086735
"31816","Republic of Bulgaria",1993,0.31982761964,0.0731000401122449
"31818","Republic of Bulgaria",1994,0.32024994919,0.0730202658010204
"31820","Republic of Bulgaria",1995,0.32054980171,0.075279524622449
"31822","Republic of Bulgaria",1996,0.32126726811,0.0750479620229592
"31824","Republic of Bulgaria",1997,0.32223000441,0.0745435511505102
"31826","Republic of Bulgaria",1998,0.32290402522,0.0739496832168367
"31828","Republic of Bulgaria",1999,0.32277925843,0.075558509877551
"31830","Republic of Bulgaria",2000,0.32134222298,0.0766374889260204
"31832","Republic of Bulgaria",2001,0.31456532514,0.072665042755102
"31834","Republic of Bulgaria",2002,0.30139976727,0.0679355055
"31836","Republic of Bulgaria",2003,0.28581019213,0.0651633232627551
"31838","Republic of Bulgaria",2004,0.2717630894,0.0631725788545918
"31840","Republic of Bulgaria",2005,0.26322115793,0.0632575337168367
"31842","Republic of Bulgaria",2006,0.25875267541,0.0617624779464286
"31844","Republic of Bulgaria",2007,0.25455425947,0.0619361414719388
"31846","Republic of Bulgaria",2008,0.25103125385,0.0615500474566327
"31848","Republic of Bulgaria",2009,0.24858628725,0.0609025741403061
"31850","Republic of Bulgaria",2010,0.24762052271,0.0623498430612245
"31852","Republic of Bulgaria",2011,0.24865327061,0.0607518738545918
"31854","Republic of Bulgaria",2012,0.2513104093,0.0622256071836735
"31856","Republic of Bulgaria",2013,0.25465834982,0.0623507749846939
"31858","Republic of Bulgaria",2014,0.25776961989,0.064191289497449
"31860","Republic of Bulgaria",2015,0.25966572377,0.0664945817627551
"31862","Republic of Bulgaria",2016,0.25985138107,0.067551267755102
"31864","Republic of Bulgaria",2017,0.25930704276,0.0669129934489796
"31866","Republic of Bulgaria",2018,0.25932974743,0.0679207368239796
"31868","Republic of Bulgaria",2019,0.26123264306,0.0701545582321429
"31870","Republic of Bulgaria",2020,0.29602893567,0.0795205728673469
"31872","Republic of Bulgaria",2021,0.29306990189,0.0801172667372449
"49090","Republic of Burundi",1990,10.57746566138,0.971306418221939
"49092","Republic of Burundi",1991,10.95784335522,0.978297300729592
"49094","Republic of Burundi",1992,11.39132085249,0.995988047280612
"49096","Republic of Burundi",1993,11.86898826007,1.04100523672194
"49098","Republic of Burundi",1994,12.38540133514,1.09368549002806
"49100","Republic of Burundi",1995,12.9398221945,1.13667227785459
"49102","Republic of Burundi",1996,13.6762941294,1.1743085830102
"49104","Republic of Burundi",1997,14.60674146764,1.23321739135459
"49106","Republic of Burundi",1998,15.52963418791,1.28423925971429
"49108","Republic of Burundi",1999,16.23875569545,1.35224045395918
"49110","Republic of Burundi",2000,16.52457159142,1.39157310987755
"49112","Republic of Burundi",2001,15.78949079297,1.30771909639796
"49114","Republic of Burundi",2002,13.97841549719,1.13268013115306
"49116","Republic of Burundi",2003,11.6959827654,0.961320550196429
"49118","Republic of Burundi",2004,9.54811124911,0.801982870033163
"49120","Republic of Burundi",2005,8.14167129107,0.705153039517857
"49122","Republic of Burundi",2006,7.39722065986,0.629156649336735
"49124","Republic of Burundi",2007,6.79726536669,0.579968595063775
"49126","Republic of Burundi",2008,6.29193851781,0.54260932592602
"49128","Republic of Burundi",2009,5.83152993709,0.509261686969388
"49130","Republic of Burundi",2010,5.36602557848,0.484718058329082
"49132","Republic of Burundi",2011,4.83400864386,0.423825084882653
"49134","Republic of Burundi",2012,4.26551401943,0.379911883877551
"49136","Republic of Burundi",2013,3.7471257883,0.346885865686225
"49138","Republic of Burundi",2014,3.36490288472,0.328880675012755
"49140","Republic of Burundi",2015,3.20477956675,0.316430785418367
"49142","Republic of Burundi",2016,3.18996132986,0.316769798285714
"49144","Republic of Burundi",2017,3.18296326509,0.314601111456633
"49146","Republic of Burundi",2018,3.17865194243,0.314221143834184
"49148","Republic of Burundi",2019,3.17162145151,0.322371959762755
"49150","Republic of Burundi",2020,3.12433084407,0.309113036721939
"49152","Republic of Burundi",2021,3.0734545682,0.301548301706633
"53250","Republic of Cabo Verde",1990,17.07464710669,1.53338921643367
"53252","Republic of Cabo Verde",1991,16.85806624923,1.51622127226276
"53254","Republic of Cabo Verde",1992,16.60504878491,1.46670267350255
"53256","Republic of Cabo Verde",1993,16.32129998075,1.45152985112755
"53258","Republic of Cabo Verde",1994,16.01254301124,1.42484187422449
"53260","Republic of Cabo Verde",1995,15.68439635535,1.41852675444133
"53262","Republic of Cabo Verde",1996,15.31230521135,1.36568238387755
"53264","Republic of Cabo Verde",1997,14.88214204322,1.34929245442347
"53266","Republic of Cabo Verde",1998,14.41586050027,1.31767050951786
"53268","Republic of Cabo Verde",1999,13.93552154819,1.26641374771173
"53270","Republic of Cabo Verde",2000,13.46311075297,1.21422766769643
"53272","Republic of Cabo Verde",2001,12.9889437208,1.17599690255357
"53274","Republic of Cabo Verde",2002,12.49633973235,1.1609948781301
"53276","Republic of Cabo Verde",2003,11.99757669223,1.14667780083929
"53278","Republic of Cabo Verde",2004,11.50497611453,1.11153057440816
"53280","Republic of Cabo Verde",2005,11.03089260842,1.05726177240051
"53282","Republic of Cabo Verde",2006,10.54252107556,0.997268130099489
"53284","Republic of Cabo Verde",2007,10.02955922952,0.941296567696429
"53286","Republic of Cabo Verde",2008,9.53874962438,0.896741157795919
"53288","Republic of Cabo Verde",2009,9.11696729603,0.854891609915816
"53290","Republic of Cabo Verde",2010,8.81111707122,0.840139223045918
"53292","Republic of Cabo Verde",2011,8.6013130814,0.809930137216836
"53294","Republic of Cabo Verde",2012,8.42829232704,0.786464805538265
"53296","Republic of Cabo Verde",2013,8.28014961316,0.750668627969387
"53298","Republic of Cabo Verde",2014,8.14500019813,0.737823125229592
"53300","Republic of Cabo Verde",2015,8.01090205129,0.732544843701531
"53302","Republic of Cabo Verde",2016,7.87767183752,0.733478942339286
"53304","Republic of Cabo Verde",2017,7.74943694572,0.736655373461735
"53306","Republic of Cabo Verde",2018,7.62058429482,0.754457330635204
"53308","Republic of Cabo Verde",2019,7.48601434858,0.775001197176021
"53310","Republic of Cabo Verde",2020,7.31538028112,0.732713161372449
"53312","Republic of Cabo Verde",2021,7.10274019821,0.690759253094388
"53410","Republic of Cameroon",1990,31.85988429515,3.09665735550765
"53412","Republic of Cameroon",1991,32.47358580225,3.14779273734184
"53414","Republic of Cameroon",1992,33.61082611256,3.19304935827806
"53416","Republic of Cameroon",1993,35.15549181423,3.32370559044643
"53418","Republic of Cameroon",1994,36.99154893135,3.52394659665561
"53420","Republic of Cameroon",1995,39.00386399935,3.70101860016837
"53422","Republic of Cameroon",1996,41.40496720193,3.97957901967602
"53424","Republic of Cameroon",1997,44.49395287023,4.1784771401301
"53426","Republic of Cameroon",1998,48.28447852874,4.53488946845153
"53428","Republic of Cameroon",1999,52.78959579642,4.97173420584694
"53430","Republic of Cameroon",2000,58.02257138437,5.54165300772449
"53432","Republic of Cameroon",2001,67.19569037727,6.18265233688265
"53434","Republic of Cameroon",2002,80.96924358668,7.17167486413521
"53436","Republic of Cameroon",2003,95.5314685206,8.1496727113699
"53438","Republic of Cameroon",2004,107.06791339983,9.15111822585459
"53440","Republic of Cameroon",2005,111.76383959171,9.71929438359694
"53442","Republic of Cameroon",2006,105.42771440817,9.05715633175
"53444","Republic of Cameroon",2007,90.07782412514,7.67163126834694
"53446","Republic of Cameroon",2008,71.21936278246,6.23191189601021
"53448","Republic of Cameroon",2009,54.35514208764,4.95852558656122
"53450","Republic of Cameroon",2010,44.98942519645,4.31868625011735
"53452","Republic of Cameroon",2011,41.59302457945,3.9877337565051
"53454","Republic of Cameroon",2012,38.89671878224,3.74411916247194
"53456","Republic of Cameroon",2013,36.79626777834,3.55607918492092
"53458","Republic of Cameroon",2014,35.18655610067,3.44095243815051
"53460","Republic of Cameroon",2015,33.96277783341,3.37434815321174
"53462","Republic of Cameroon",2016,33.0546709644,3.205972554
"53464","Republic of Cameroon",2017,32.36250411364,3.09625947196429
"53466","Republic of Cameroon",2018,31.73771593588,2.99768032191327
"53468","Republic of Cameroon",2019,31.03089962736,2.97949180339286
"53470","Republic of Cameroon",2020,29.90514253477,2.9475435973852
"53472","Republic of Cameroon",2021,29.41028305336,2.90655407387755
"54050","Republic of Chad",1990,35.90796998583,3.3542114720051
"54052","Republic of Chad",1991,35.98186568319,3.34915434723724
"54054","Republic of Chad",1992,36.13040281335,3.37176739629847
"54056","Republic of Chad",1993,36.33943259247,3.35505687582398
"54058","Republic of Chad",1994,36.59474496555,3.4087479136352
"54060","Republic of Chad",1995,36.8823723707,3.47304642781378
"54062","Republic of Chad",1996,37.38220775307,3.52073238291582
"54064","Republic of Chad",1997,38.14257945264,3.55696301850255
"54066","Republic of Chad",1998,38.95086308108,3.66815786303826
"54068","Republic of Chad",1999,39.59385067724,3.74608759387245
"54070","Republic of Chad",2000,39.85966296341,3.8005111497398
"54072","Republic of Chad",2001,39.74939313045,3.68496446405357
"54074","Republic of Chad",2002,39.44051079508,3.61152606081888
"54076","Republic of Chad",2003,38.98267138436,3.50953982177041
"54078","Republic of Chad",2004,38.42497721398,3.44342578786224
"54080","Republic of Chad",2005,37.81856473033,3.38125039507398
"54082","Republic of Chad",2006,36.80860383054,3.28100621690306
"54084","Republic of Chad",2007,35.23625043169,3.27910137903061
"54086","Republic of Chad",2008,33.44418981407,3.10366581881888
"54088","Republic of Chad",2009,31.77484221915,2.91392478620918
"54090","Republic of Chad",2010,30.57200376538,2.80598893745408
"54092","Republic of Chad",2011,29.74968978214,2.74478160821429
"54094","Republic of Chad",2012,29.00440433726,2.64887073670918
"54096","Republic of Chad",2013,28.35254933102,2.61830138734949
"54098","Republic of Chad",2014,27.8104689804,2.59358635518877
"54100","Republic of Chad",2015,27.39433373301,2.58352598502296
"54102","Republic of Chad",2016,27.08428656436,2.55647487294643
"54104","Republic of Chad",2017,26.82946070454,2.51401170306378
"54106","Republic of Chad",2018,26.59982133742,2.4839950725051
"54108","Republic of Chad",2019,26.36563535529,2.45041781027296
"54110","Republic of Chad",2020,26.07931555928,2.39112829679847
"54112","Republic of Chad",2021,25.63681438331,2.41383270113776
"39650","Republic of Chile",1990,0.76098186552,0.111908149137755
"39652","Republic of Chile",1991,0.74145247811,0.108881491816327
"39654","Republic of Chile",1992,0.72391998822,0.104673505579082
"39656","Republic of Chile",1993,0.70928691063,0.10284249105102
"39658","Republic of Chile",1994,0.69847230028,0.101892543752551
"39660","Republic of Chile",1995,0.69239671596,0.10354759305102
"39662","Republic of Chile",1996,0.68991301841,0.101682267630102
"39664","Republic of Chile",1997,0.68887702561,0.0993614129132653
"39666","Republic of Chile",1998,0.68870832794,0.0980292764693878
"39668","Republic of Chile",1999,0.68883185685,0.0980178295790816
"39670","Republic of Chile",2000,0.68867299574,0.0991940710739796
"39672","Republic of Chile",2001,0.68687795374,0.0989791268520408
"39674","Republic of Chile",2002,0.68320543396,0.100021992114796
"39676","Republic of Chile",2003,0.67874744464,0.0976933629260204
"39678","Republic of Chile",2004,0.67457844422,0.101804895617347
"39680","Republic of Chile",2005,0.67177560837,0.106660657920918
"39682","Republic of Chile",2006,0.66950925538,0.104418455734694
"39684","Republic of Chile",2007,0.66665589603,0.102038307395408
"39686","Republic of Chile",2008,0.66385229619,0.101724409433673
"39688","Republic of Chile",2009,0.6617323908,0.103770372063776
"39690","Republic of Chile",2010,0.66093465752,0.107153713505102
"39692","Republic of Chile",2011,0.66225437701,0.107331476727041
"39694","Republic of Chile",2012,0.66587546215,0.108529604961735
"39696","Republic of Chile",2013,0.67152002439,0.112080020415816
"39698","Republic of Chile",2014,0.67891409405,0.111753102579082
"39700","Republic of Chile",2015,0.68779038472,0.114892718742347
"39702","Republic of Chile",2016,0.70690174796,0.116090444642857
"39704","Republic of Chile",2017,0.73657844783,0.117785843377551
"39706","Republic of Chile",2018,0.76392763577,0.116861237875
"39708","Republic of Chile",2019,0.77601911695,0.119810071535714
"39710","Republic of Chile",2020,0.77610629883,0.11985145369898
"39712","Republic of Chile",2021,0.88378357413,0.141276378132653
"44610","Republic of Colombia",1990,0.42341125317,0.0826664161096939
"44612","Republic of Colombia",1991,0.41956085243,0.0792983453647959
"44614","Republic of Colombia",1992,0.41528704364,0.0776330644872449
"44616","Republic of Colombia",1993,0.41079837529,0.0762110034362245
"44618","Republic of Colombia",1994,0.40711942122,0.0743503811173469
"44620","Republic of Colombia",1995,0.40395751852,0.07281641875
"44622","Republic of Colombia",1996,0.39746342749,0.0724622944719388
"44624","Republic of Colombia",1997,0.38573638287,0.0743838553596939
"44626","Republic of Colombia",1998,0.37181775087,0.0750306002244898
"44628","Republic of Colombia",1999,0.35889623769,0.0767394349362245
"44630","Republic of Colombia",2000,0.35016777368,0.079911160369898
"44632","Republic of Colombia",2001,0.34439396353,0.0772483323852041
"44634","Republic of Colombia",2002,0.33861089718,0.0761841078928572
"44636","Republic of Colombia",2003,0.33343155038,0.0770073113188775
"44638","Republic of Colombia",2004,0.32946337895,0.0777962430204082
"44640","Republic of Colombia",2005,0.32731120008,0.080865945627551
"44642","Republic of Colombia",2006,0.32652766126,0.0780979250357143
"44644","Republic of Colombia",2007,0.32618255947,0.0742164264719388
"44646","Republic of Colombia",2008,0.32615903688,0.0729414664336735
"44648","Republic of Colombia",2009,0.3263392414,0.0738458088188776
"44650","Republic of Colombia",2010,0.32660735358,0.0741383672066327
"44652","Republic of Colombia",2011,0.32730787271,0.0740082218443878
"44654","Republic of Colombia",2012,0.32869196539,0.0739501992295919
"44656","Republic of Colombia",2013,0.33050913696,0.0747560290867347
"44658","Republic of Colombia",2014,0.33251145089,0.0777756998316326
"44660","Republic of Colombia",2015,0.33444441621,0.0795498480918367
"44662","Republic of Colombia",2016,0.33964995719,0.0807076486836735
"44664","Republic of Colombia",2017,0.34876397157,0.0809893135612245
"44666","Republic of Colombia",2018,0.35748251675,0.0859053270484694
"44668","Republic of Colombia",2019,0.36149211203,0.0877532216147959
"44670","Republic of Colombia",2020,0.34945054941,0.0875725326377551
"44672","Republic of Colombia",2021,0.38595158068,0.0980780066632653
"42850","Republic of Costa Rica",1990,0.25408320372,0.0652783016556122
"42852","Republic of Costa Rica",1991,0.25446006344,0.0647764994591837
"42854","Republic of Costa Rica",1992,0.25492515042,0.0631860178163265
"42856","Republic of Costa Rica",1993,0.25534895167,0.0621501505790816
"42858","Republic of Costa Rica",1994,0.25563633944,0.0630075784846939
"42860","Republic of Costa Rica",1995,0.25570126289,0.064191856130102
"42862","Republic of Costa Rica",1996,0.25580250112,0.0635112627321429
"42864","Republic of Costa Rica",1997,0.25614315984,0.062291172994898
"42866","Republic of Costa Rica",1998,0.2565530938,0.0621349821709184
"42868","Republic of Costa Rica",1999,0.25686263853,0.0622621716071428
"42870","Republic of Costa Rica",2000,0.25690436583,0.0630686581989796
"42872","Republic of Costa Rica",2001,0.25646175802,0.0612238571530612
"42874","Republic of Costa Rica",2002,0.25557182591,0.0586296005459184
"42876","Republic of Costa Rica",2003,0.25444784671,0.0582849196045918
"42878","Republic of Costa Rica",2004,0.25330470592,0.0580833633520408
"42880","Republic of Costa Rica",2005,0.25235845707,0.0591312209566327
"42882","Republic of Costa Rica",2006,0.25112751829,0.0582972921862245
"42884","Republic of Costa Rica",2007,0.24932465,0.0572642118163265
"42886","Republic of Costa Rica",2008,0.24745784633,0.0594971420739796
"42888","Republic of Costa Rica",2009,0.24603688071,0.0610162960331633
"42890","Republic of Costa Rica",2010,0.24557601134,0.0625883869923469
"42892","Republic of Costa Rica",2011,0.24644068556,0.0610831606683674
"42894","Republic of Costa Rica",2012,0.24835704813,0.0616715507346939
"42896","Republic of Costa Rica",2013,0.25087703818,0.062858624002551
"42898","Republic of Costa Rica",2014,0.25355302693,0.0660325049897959
"42900","Republic of Costa Rica",2015,0.25593709173,0.0691335047959184
"42902","Republic of Costa Rica",2016,0.25889769303,0.0666001851479592
"42904","Republic of Costa Rica",2017,0.26333145521,0.0665316396096939
"42906","Republic of Costa Rica",2018,0.26883271501,0.0646700828214286
"42908","Republic of Costa Rica",2019,0.27499614399,0.0691082957551021
"42910","Republic of Costa Rica",2020,0.29546721552,0.0785165441709184
"42912","Republic of Costa Rica",2021,0.29547875119,0.0785214114719388
"55170","Republic of Côte d'Ivoire",1990,49.55612499381,4.75790392799745
"55172","Republic of Côte d'Ivoire",1991,49.76266268248,4.74159053404847
"55174","Republic of Côte d'Ivoire",1992,50.10804424667,4.7123664665102
"55176","Republic of Côte d'Ivoire",1993,50.56041662109,4.69831957341071
"55178","Republic of Côte d'Ivoire",1994,51.08879661858,4.71315491450255
"55180","Republic of Côte d'Ivoire",1995,51.66135025955,4.84978211606633
"55182","Republic of Côte d'Ivoire",1996,52.37989724235,4.89572584316327
"55184","Republic of Côte d'Ivoire",1997,53.41224154449,4.98731561166582
"55186","Republic of Côte d'Ivoire",1998,54.82537888137,5.18886435791326
"55188","Republic of Côte d'Ivoire",1999,56.68693307987,5.4748640228648
"55190","Republic of Côte d'Ivoire",2000,59.06352422445,5.84588089946683
"55192","Republic of Côte d'Ivoire",2001,67.64498838823,6.35807426520918
"55194","Republic of Côte d'Ivoire",2002,84.26828444275,7.57206164685459
"55196","Republic of Côte d'Ivoire",2003,103.22006866792,9.00195203713265
"55198","Republic of Côte d'Ivoire",2004,118.78668597281,10.1083170232653
"55200","Republic of Côte d'Ivoire",2005,125.25187664236,10.6851583219592
"55202","Republic of Côte d'Ivoire",2006,124.30024524908,10.4723059514337
"55204","Republic of Côte d'Ivoire",2007,121.71231769834,10.359271414699
"55206","Republic of Côte d'Ivoire",2008,117.91447369928,10.0890700259056
"55208","Republic of Côte d'Ivoire",2009,113.33388765246,9.81602870849745
"55210","Republic of Côte d'Ivoire",2010,108.39674892186,9.85357127242347
"55212","Republic of Côte d'Ivoire",2011,100.36057486172,9.05116456754847
"55214","Republic of Côte d'Ivoire",2012,88.25778001829,8.11258796592857
"55216","Republic of Côte d'Ivoire",2013,75.1774354249,7.101937738125
"55218","Republic of Côte d'Ivoire",2014,64.209942593,6.23814805071429
"55220","Republic of Côte d'Ivoire",2015,58.44485756784,5.77020853412755
"55222","Republic of Côte d'Ivoire",2016,56.71138081604,5.53851435019643
"55224","Republic of Côte d'Ivoire",2017,55.54384028372,5.33964713446429
"55226","Republic of Côte d'Ivoire",2018,54.58906755525,5.21860877142857
"55228","Republic of Côte d'Ivoire",2019,53.49411313345,5.12515788653571
"55230","Republic of Côte d'Ivoire",2020,52.01793726467,4.97232123456123
"55232","Republic of Côte d'Ivoire",2021,50.2855190236,4.86810567469643
"32130","Republic of Croatia",1990,0.34450166364,0.0763379966862245
"32132","Republic of Croatia",1991,0.33790079235,0.0734530291505102
"32134","Republic of Croatia",1992,0.3299417854,0.0713241851326531
"32136","Republic of Croatia",1993,0.3239085122,0.0707147875816327
"32138","Republic of Croatia",1994,0.31588281885,0.071104238002551
"32140","Republic of Croatia",1995,0.30647632737,0.0712316875127551
"32142","Republic of Croatia",1996,0.29736282927,0.0667279486071428
"32144","Republic of Croatia",1997,0.28361288958,0.0636306864744898
"32146","Republic of Croatia",1998,0.26932886062,0.0621293540816327
"32148","Republic of Croatia",1999,0.25779300577,0.0626363875892857
"32150","Republic of Croatia",2000,0.25047989508,0.0640516879107143
"32152","Republic of Croatia",2001,0.2463352388,0.0629553281530612
"32154","Republic of Croatia",2002,0.24248510031,0.0597213275688775
"32156","Republic of Croatia",2003,0.23890550072,0.0584896120306123
"32158","Republic of Croatia",2004,0.23628780946,0.0576230612423469
"32160","Republic of Croatia",2005,0.23497093929,0.0569147881709184
"32162","Republic of Croatia",2006,0.23477083193,0.0568850880688775
"32164","Republic of Croatia",2007,0.23497279009,0.0570366709030612
"32166","Republic of Croatia",2008,0.23538927161,0.0579993827346939
"32168","Republic of Croatia",2009,0.23596824911,0.0595985399107143
"32170","Republic of Croatia",2010,0.2365478817,0.0606421677831633
"32172","Republic of Croatia",2011,0.23744778706,0.0601408894515306
"32174","Republic of Croatia",2012,0.23881660208,0.059877612122449
"32176","Republic of Croatia",2013,0.24075294395,0.0617505773979592
"32178","Republic of Croatia",2014,0.24303354366,0.063165752872449
"32180","Republic of Croatia",2015,0.24513597606,0.0634623471811224
"32182","Republic of Croatia",2016,0.24846475035,0.0628913705382653
"32184","Republic of Croatia",2017,0.25324328398,0.0657812005408163
"32186","Republic of Croatia",2018,0.25727945905,0.066663202119898
"32188","Republic of Croatia",2019,0.25881344832,0.0692801808163265
"32190","Republic of Croatia",2020,0.25869706945,0.0692845161479592
"32192","Republic of Croatia",2021,0.26534498906,0.0746689680255102
"41730","Republic of Cuba",1990,0.57886971436,0.106740630581633
"41732","Republic of Cuba",1991,0.57218221861,0.102489051732143
"41734","Republic of Cuba",1992,0.56665254829,0.0944076564464285
"41736","Republic of Cuba",1993,0.56249892014,0.0888159917091837
"41738","Republic of Cuba",1994,0.55994101714,0.0907050008443877
"41740","Republic of Cuba",1995,0.55919853782,0.0897269020459184
"41742","Republic of Cuba",1996,0.56061380695,0.0876432667066327
"41744","Republic of Cuba",1997,0.56367767806,0.0863696874260204
"41746","Republic of Cuba",1998,0.56732825844,0.0870130347653061
"41748","Republic of Cuba",1999,0.57050920709,0.0894963374744898
"41750","Republic of Cuba",2000,0.57215394143,0.092021250377551
"41752","Republic of Cuba",2001,0.57303942476,0.0899447495
"41754","Republic of Cuba",2002,0.57433201253,0.0911363105612245
"41756","Republic of Cuba",2003,0.57555468256,0.0934353121760204
"41758","Republic of Cuba",2004,0.57623173496,0.0971002465688776
"41760","Republic of Cuba",2005,0.57588189012,0.0987592189591837
"41762","Republic of Cuba",2006,0.57011419293,0.0972607541658164
"41764","Republic of Cuba",2007,0.55785768541,0.0958474694413265
"41766","Republic of Cuba",2008,0.54361585754,0.0952774022755102
"41768","Republic of Cuba",2009,0.53189345852,0.0947083425408163
"41770","Republic of Cuba",2010,0.5271906774,0.0943616209846939
"41772","Republic of Cuba",2011,0.53045259565,0.0928206190586735
"41774","Republic of Cuba",2012,0.5383886628,0.0948844720357143
"41776","Republic of Cuba",2013,0.54915906115,0.0949986558341837
"41778","Republic of Cuba",2014,0.56092063977,0.0950825208163265
"41780","Republic of Cuba",2015,0.57183291723,0.101034076237245
"41782","Republic of Cuba",2016,0.58582721274,0.100203009561224
"41784","Republic of Cuba",2017,0.60419320017,0.10080286817602
"41786","Republic of Cuba",2018,0.62112507627,0.103387654522959
"41788","Republic of Cuba",2019,0.63081979022,0.110816207405612
"41790","Republic of Cuba",2020,0.63333987325,0.107827348918367
"41792","Republic of Cuba",2021,0.70439932224,0.120212630265306
"37570","Republic of Cyprus",1990,0.29356448649,0.0787042851658163
"37572","Republic of Cyprus",1991,0.29315209032,0.0773583960867347
"37574","Republic of Cyprus",1992,0.29257408683,0.0765096270306122
"37576","Republic of Cyprus",1993,0.29186406307,0.0780486001811225
"37578","Republic of Cyprus",1994,0.29088952406,0.0789384533214286
"37580","Republic of Cyprus",1995,0.29054610718,0.0785846894081633
"37582","Republic of Cyprus",1996,0.29017938672,0.0770865727295918
"37584","Republic of Cyprus",1997,0.28952482717,0.0786684611122449
"37586","Republic of Cyprus",1998,0.28876957593,0.0810734071173469
"37588","Republic of Cyprus",1999,0.28814716273,0.0814028226887755
"37590","Republic of Cyprus",2000,0.2879128735,0.0827342332066327
"37592","Republic of Cyprus",2001,0.28785811628,0.0820618735586735
"37594","Republic of Cyprus",2002,0.28767302657,0.0818835636632653
"37596","Republic of Cyprus",2003,0.28746610035,0.0810788381709184
"37598","Republic of Cyprus",2004,0.28734344997,0.0810324336301021
"37600","Republic of Cyprus",2005,0.28740883177,0.0816559943852041
"37602","Republic of Cyprus",2006,0.28817722809,0.0808583154489796
"37604","Republic of Cyprus",2007,0.28973016036,0.0804969772168367
"37606","Republic of Cyprus",2008,0.2915207365,0.0812231010204082
"37608","Republic of Cyprus",2009,0.29300090535,0.0819109074081633
"37610","Republic of Cyprus",2010,0.29362041256,0.0820713545127551
"37612","Republic of Cyprus",2011,0.29362618732,0.0820708338520408
"37614","Republic of Cyprus",2012,0.29363276313,0.0820704668852041
"37616","Republic of Cyprus",2013,0.29364012346,0.0820701306989796
"37618","Republic of Cyprus",2014,0.29364809568,0.0820705363035714
"37620","Republic of Cyprus",2015,0.29365640987,0.0820723447219388
"37622","Republic of Cyprus",2016,0.29383093638,0.0818061633163265
"37624","Republic of Cyprus",2017,0.29420577366,0.0817242678545918
"37626","Republic of Cyprus",2018,0.29458171242,0.0827559938214286
"37628","Republic of Cyprus",2019,0.2947580056,0.0832303321326531
"37630","Republic of Cyprus",2020,0.294766809,0.0832416898954082
"37632","Republic of Cyprus",2021,0.29477468288,0.0832529863673469
"49890","Republic of Djibouti",1990,2.39525128903,0.251267588829082
"49892","Republic of Djibouti",1991,2.36682707057,0.250722743721939
"49894","Republic of Djibouti",1992,2.33645890402,0.244073397410714
"49896","Republic of Djibouti",1993,2.30448267326,0.240099730887755
"49898","Republic of Djibouti",1994,2.27272971976,0.23857937875
"49900","Republic of Djibouti",1995,2.24184816326,0.242713236520408
"49902","Republic of Djibouti",1996,2.2119191034,0.237867565905612
"49904","Republic of Djibouti",1997,2.1820542543,0.233322612627551
"49906","Republic of Djibouti",1998,2.14990183812,0.232203523755102
"49908","Republic of Djibouti",1999,2.11298772304,0.22975937430102
"49910","Republic of Djibouti",2000,2.06901051854,0.225120036359694
"49912","Republic of Djibouti",2001,1.99409700816,0.222254029951531
"49914","Republic of Djibouti",2002,1.88286014436,0.216712396410714
"49916","Republic of Djibouti",2003,1.76040854346,0.20586408432398
"49918","Republic of Djibouti",2004,1.65183133374,0.203095880367347
"49920","Republic of Djibouti",2005,1.58227080686,0.197489280471939
"49922","Republic of Djibouti",2006,1.54200398217,0.194704709556122
"49924","Republic of Djibouti",2007,1.50610474874,0.188519231596939
"49926","Republic of Djibouti",2008,1.47684570963,0.185654183477041
"49928","Republic of Djibouti",2009,1.45648751872,0.180619746864796
"49930","Republic of Djibouti",2010,1.447327598,0.177838134854592
"49932","Republic of Djibouti",2011,1.44718165422,0.18175604284949
"49934","Republic of Djibouti",2012,1.45082581702,0.182847352280612
"49936","Republic of Djibouti",2013,1.45587431441,0.180998311625
"49938","Republic of Djibouti",2014,1.45993620442,0.180935697382653
"49940","Republic of Djibouti",2015,1.46063885909,0.180930096780612
"49942","Republic of Djibouti",2016,1.4525762834,0.176574419647959
"49944","Republic of Djibouti",2017,1.43572209023,0.178707407875
"49946","Republic of Djibouti",2018,1.41566812113,0.175428132507653
"49948","Republic of Djibouti",2019,1.39802172531,0.175425875581633
"49950","Republic of Djibouti",2020,1.37492690149,0.167625316747449
"49952","Republic of Djibouti",2021,1.32448033471,0.166398817964286
"41250","Republic of Ecuador",1990,0.65723029419,0.121195521005102
"41252","Republic of Ecuador",1991,0.66519362711,0.118463612193878
"41254","Republic of Ecuador",1992,0.67201003258,0.115695528688775
"41256","Republic of Ecuador",1993,0.67732240719,0.113480024484694
"41258","Republic of Ecuador",1994,0.68077124497,0.114341574132653
"41260","Republic of Ecuador",1995,0.68200035938,0.116303305548469
"41262","Republic of Ecuador",1996,0.68092828664,0.112471848030612
"41264","Republic of Ecuador",1997,0.67838193552,0.11184634630102
"41266","Republic of Ecuador",1998,0.67538504418,0.114284627956633
"41268","Republic of Ecuador",1999,0.67298164334,0.117488090663265
"41270","Republic of Ecuador",2000,0.67212963225,0.118262362446429
"41272","Republic of Ecuador",2001,0.67503178264,0.117662479369898
"41274","Republic of Ecuador",2002,0.68163225353,0.117368749242347
"41276","Republic of Ecuador",2003,0.68949900043,0.120584432132653
"41278","Republic of Ecuador",2004,0.69615734548,0.122453246931122
"41280","Republic of Ecuador",2005,0.69893068096,0.126742945107143
"41282","Republic of Ecuador",2006,0.69560813062,0.124510092632653
"41284","Republic of Ecuador",2007,0.68681430233,0.120917712994898
"41286","Republic of Ecuador",2008,0.67648938624,0.121919635423469
"41288","Republic of Ecuador",2009,0.66770978998,0.118752799920918
"41290","Republic of Ecuador",2010,0.66370721717,0.116531071
"41292","Republic of Ecuador",2011,0.66482979896,0.119092985742347
"41294","Republic of Ecuador",2012,0.66784009084,0.118912052145408
"41296","Republic of Ecuador",2013,0.67166984526,0.122004623908163
"41298","Republic of Ecuador",2014,0.67477925461,0.127683308966837
"41300","Republic of Ecuador",2015,0.67555371315,0.129060502209184
"41302","Republic of Ecuador",2016,0.67205977399,0.126694023890306
"41304","Republic of Ecuador",2017,0.66573082262,0.121595917829082
"41306","Republic of Ecuador",2018,0.6595915716,0.118269936982143
"41308","Republic of Ecuador",2019,0.65668896189,0.114988582063776
"41310","Republic of Ecuador",2020,0.67244136804,0.120753325905612
"41312","Republic of Ecuador",2021,0.67243156536,0.120738608729592
"43650","Republic of El Salvador",1990,0.28047907983,0.0839320217168368
"43652","Republic of El Salvador",1991,0.28047760523,0.0839416718316327
"43654","Republic of El Salvador",1992,0.28047450092,0.0839516219260204
"43656","Republic of El Salvador",1993,0.28047163976,0.0839619233086735
"43658","Republic of El Salvador",1994,0.28046912961,0.0839731335663265
"43660","Republic of El Salvador",1995,0.28046698309,0.0839848069387755
"43662","Republic of El Salvador",1996,0.28046397162,0.0839958501964286
"43664","Republic of El Salvador",1997,0.28046061657,0.0840056106709184
"43666","Republic of El Salvador",1998,0.28045713407,0.0840146242984694
"43668","Republic of El Salvador",1999,0.28045414712,0.084024292747449
"43670","Republic of El Salvador",2000,0.28045199054,0.0840343429081633
"43672","Republic of El Salvador",2001,0.28045071047,0.0840427653188776
"43674","Republic of El Salvador",2002,0.28045116119,0.0840501283035714
"43676","Republic of El Salvador",2003,0.28045178946,0.0840568794005102
"43678","Republic of El Salvador",2004,0.28045252914,0.0840641156556123
"43680","Republic of El Salvador",2005,0.28045379531,0.0840714804234694
"43682","Republic of El Salvador",2006,0.28045657437,0.0840773237704082
"43684","Republic of El Salvador",2007,0.28046143164,0.0840823095637755
"43686","Republic of El Salvador",2008,0.28046707088,0.0840808913010204
"43688","Republic of El Salvador",2009,0.28047293417,0.0840793981658163
"43690","Republic of El Salvador",2010,0.28047899111,0.0840778250637755
"43692","Republic of El Salvador",2011,0.28048591385,0.0840758096505102
"43694","Republic of El Salvador",2012,0.2804929758,0.0840745137882653
"43696","Republic of El Salvador",2013,0.28049954147,0.0840733132576531
"43698","Republic of El Salvador",2014,0.28050537014,0.0840716522780612
"43700","Republic of El Salvador",2015,0.28050986786,0.0840698901734694
"43702","Republic of El Salvador",2016,0.28093966547,0.0830680846811225
"43704","Republic of El Salvador",2017,0.28187413347,0.0820132298852041
"43706","Republic of El Salvador",2018,0.2827935667,0.0815245387627551
"43708","Republic of El Salvador",2019,0.2831758059,0.0801928896913265
"43710","Republic of El Salvador",2020,0.27843320124,0.0795406269821429
"43712","Republic of El Salvador",2021,0.27844109756,0.0795392796632653
"48450","Republic of Equatorial Guinea",1990,69.90852390361,5.95620557293367
"48452","Republic of Equatorial Guinea",1991,75.2267507366,6.3220639667398
"48454","Republic of Equatorial Guinea",1992,80.76951301652,6.78144984312245
"48456","Republic of Equatorial Guinea",1993,86.5137295766,7.22358001777806
"48458","Republic of Equatorial Guinea",1994,92.43625774771,7.84320107301276
"48460","Republic of Equatorial Guinea",1995,98.51287309238,8.31297769101786
"48462","Republic of Equatorial Guinea",1996,105.96814646399,8.80474696718368
"48464","Republic of Equatorial Guinea",1997,114.85452567326,9.30937906707653
"48466","Republic of Equatorial Guinea",1998,123.40592538225,9.7930934560102
"48468","Republic of Equatorial Guinea",1999,129.85472492415,10.3294131253418
"48470","Republic of Equatorial Guinea",2000,132.42961731587,10.639758870949
"48472","Republic of Equatorial Guinea",2001,129.01420354761,10.2553234501811
"48474","Republic of Equatorial Guinea",2002,120.17599638749,9.66345214288265
"48476","Republic of Equatorial Guinea",2003,108.1904595614,8.73908135454592
"48478","Republic of Equatorial Guinea",2004,95.33910832317,7.87276495130612
"48480","Republic of Equatorial Guinea",2005,83.91105601455,7.18545617993878
"48482","Republic of Equatorial Guinea",2006,72.18617372961,6.09100146422194
"48484","Republic of Equatorial Guinea",2007,58.60886015613,4.982632803875
"48486","Republic of Equatorial Guinea",2008,45.73460761318,3.95744016334184
"48488","Republic of Equatorial Guinea",2009,36.1238865082,3.16962677520663
"48490","Republic of Equatorial Guinea",2010,32.3407776951,2.90771670802296
"48492","Republic of Equatorial Guinea",2011,32.42204339724,2.90349725662755
"48494","Republic of Equatorial Guinea",2012,32.63334466724,2.90537052083929
"48496","Republic of Equatorial Guinea",2013,32.88761156685,2.94066249329592
"48498","Republic of Equatorial Guinea",2014,33.09815584635,2.92671776805102
"48500","Republic of Equatorial Guinea",2015,33.17863284753,2.95057354174235
"48502","Republic of Equatorial Guinea",2016,32.78675945785,2.92139363652551
"48504","Republic of Equatorial Guinea",2017,31.8411849244,2.82398084142857
"48506","Republic of Equatorial Guinea",2018,30.65046684257,2.73491449281633
"48508","Republic of Equatorial Guinea",2019,29.52453382822,2.69975860808163
"48510","Republic of Equatorial Guinea",2020,28.05619149895,2.39763727885714
"48512","Republic of Equatorial Guinea",2021,27.44325188925,2.44711770038265
"33090","Republic of Estonia",1990,0.29942207435,0.0717562504107143
"33092","Republic of Estonia",1991,0.29479099436,0.068846127375
"33094","Republic of Estonia",1992,0.29086443859,0.0671166045510204
"33096","Republic of Estonia",1993,0.28715821622,0.0658031085280612
"33098","Republic of Estonia",1994,0.28416446577,0.0651486174158163
"33100","Republic of Estonia",1995,0.28414677715,0.064924203505102
"33102","Republic of Estonia",1996,0.28210590059,0.064270059117347
"33104","Republic of Estonia",1997,0.28057264369,0.0631787739056122
"33106","Republic of Estonia",1998,0.28087874696,0.0627410403290816
"33108","Republic of Estonia",1999,0.28143554898,0.0627643788316327
"33110","Republic of Estonia",2000,0.28123392817,0.0630976396428571
"33112","Republic of Estonia",2001,0.27717935157,0.0634033795153061
"33114","Republic of Estonia",2002,0.26853258346,0.0627442389693877
"33116","Republic of Estonia",2003,0.25828755099,0.0613354961658163
"33118","Republic of Estonia",2004,0.24948179841,0.0613065634795918
"33120","Republic of Estonia",2005,0.24561735814,0.063922383125
"33122","Republic of Estonia",2006,0.24596710598,0.0618880634081633
"33124","Republic of Estonia",2007,0.2471851813,0.0621242001173469
"33126","Republic of Estonia",2008,0.24882984214,0.064442219494898
"33128","Republic of Estonia",2009,0.25045274663,0.0661040190663265
"33130","Republic of Estonia",2010,0.25161522307,0.0663493221913265
"33132","Republic of Estonia",2011,0.252575248,0.0658003627576531
"33134","Republic of Estonia",2012,0.25381854482,0.0657117101173469
"33136","Republic of Estonia",2013,0.25523123836,0.0650942960612245
"33138","Republic of Estonia",2014,0.25670425111,0.0646862889362245
"33140","Republic of Estonia",2015,0.25815340592,0.0650868493673469
"33142","Republic of Estonia",2016,0.26172701137,0.0678757452397959
"33144","Republic of Estonia",2017,0.26778140309,0.0706479019821429
"33146","Republic of Estonia",2018,0.27363823745,0.0731508445918367
"33148","Republic of Estonia",2019,0.2765578718,0.0750856086454082
"33150","Republic of Estonia",2020,0.2760748964,0.074949287380102
"33152","Republic of Estonia",2021,0.28752020082,0.0742294177729592
"32450","Republic of Fiji",1990,0.99796893779,0.156306945265306
"32452","Republic of Fiji",1991,0.99503055595,0.15214502544898
"32454","Republic of Fiji",1992,0.99172400864,0.15103172169898
"32456","Republic of Fiji",1993,0.98833893159,0.150786567346939
"32458","Republic of Fiji",1994,0.98517229204,0.149206199548469
"32460","Republic of Fiji",1995,0.98252266547,0.14923145957398
"32462","Republic of Fiji",1996,0.97906406795,0.149022718168367
"32464","Republic of Fiji",1997,0.9734641999,0.149019224732143
"32466","Republic of Fiji",1998,0.96600007151,0.150877063211735
"32468","Republic of Fiji",1999,0.95696568223,0.151342741219388
"32470","Republic of Fiji",2000,0.94660753429,0.153156015035714
"32472","Republic of Fiji",2001,0.93189354239,0.150819114311224
"32474","Republic of Fiji",2002,0.91205793733,0.145359795872449
"32476","Republic of Fiji",2003,0.89076483105,0.144171807558673
"32478","Republic of Fiji",2004,0.87169043797,0.140432667334184
"32480","Republic of Fiji",2005,0.85851795339,0.137045648701531
"32482","Republic of Fiji",2006,0.84883944009,0.136216071168367
"32484","Republic of Fiji",2007,0.83876081635,0.133348611635204
"32486","Republic of Fiji",2008,0.82974493607,0.133305465803571
"32488","Republic of Fiji",2009,0.82327839113,0.13379077792602
"32490","Republic of Fiji",2010,0.82079275407,0.137176013375
"32492","Republic of Fiji",2011,0.82333611453,0.135381883048469
"32494","Republic of Fiji",2012,0.82972122541,0.134286769931122
"32496","Republic of Fiji",2013,0.83804723141,0.135381592441326
"32498","Republic of Fiji",2014,0.84641413995,0.141728346910714
"32500","Republic of Fiji",2015,0.85292409652,0.144090667377551
"32502","Republic of Fiji",2016,0.85901832639,0.140072413808673
"32504","Republic of Fiji",2017,0.86597686833,0.137180477306122
"32506","Republic of Fiji",2018,0.87167165182,0.136746021854592
"32508","Republic of Fiji",2019,0.8739746443,0.14015410019898
"32510","Republic of Fiji",2020,0.85514270156,0.142986353785714
"32512","Republic of Fiji",2021,0.85377559789,0.139541455548469
"38530","Republic of Finland",1990,0.24090425761,0.0685234537627551
"38532","Republic of Finland",1991,0.24039628882,0.0642054612933673
"38534","Republic of Finland",1992,0.24011714397,0.062979678122449
"38536","Republic of Finland",1993,0.24003661704,0.0594021645459184
"38538","Republic of Finland",1994,0.24005339539,0.0574638858367347
"38540","Republic of Finland",1995,0.24027644799,0.0593990166989796
"38542","Republic of Finland",1996,0.24050926689,0.0578744694081633
"38544","Republic of Finland",1997,0.24082497495,0.0578638625153061
"38546","Republic of Finland",1998,0.24121119223,0.059310981372449
"38548","Republic of Finland",1999,0.24152676555,0.0602505482857143
"38550","Republic of Finland",2000,0.24166120445,0.0623146361785714
"38552","Republic of Finland",2001,0.2416088704,0.0594401564260204
"38554","Republic of Finland",2002,0.24146049129,0.0581230052091837
"38556","Republic of Finland",2003,0.24128345846,0.0581297848367347
"38558","Republic of Finland",2004,0.24114294462,0.0580390138392857
"38560","Republic of Finland",2005,0.2411114857,0.058607959880102
"38562","Republic of Finland",2006,0.24167979125,0.0582400056377551
"38564","Republic of Finland",2007,0.2429724608,0.0572725625994898
"38566","Republic of Finland",2008,0.24451186564,0.0565846145790816
"38568","Republic of Finland",2009,0.24582181125,0.0574135714387755
"38570","Republic of Finland",2010,0.24641531431,0.0581372669081633
"38572","Republic of Finland",2011,0.24556710523,0.0569903740816326
"38574","Republic of Finland",2012,0.24346915529,0.0569743710306122
"38576","Republic of Finland",2013,0.24102014712,0.0599484567244898
"38578","Republic of Finland",2014,0.23912215886,0.0620193976683674
"38580","Republic of Finland",2015,0.23867261845,0.0633212392959184
"38582","Republic of Finland",2016,0.2409178937,0.0625012644158163
"38584","Republic of Finland",2017,0.24531695477,0.0614203198163265
"38586","Republic of Finland",2018,0.25008812381,0.0648142821581633
"38588","Republic of Finland",2019,0.2534489138,0.0678194020535714
"38590","Republic of Finland",2020,0.25529768918,0.0666957748137755
"38592","Republic of Finland",2021,0.27947001729,0.0828502207551021
"53570","Republic of Ghana",1990,16.85056783355,1.58422055898469
"53572","Republic of Ghana",1991,17.03941212893,1.57864233078572
"53574","Republic of Ghana",1992,17.37356887579,1.60917445000255
"53576","Republic of Ghana",1993,17.82116910929,1.69149093195918
"53578","Republic of Ghana",1994,18.35030092743,1.77371338533929
"53580","Republic of Ghana",1995,18.92926907048,1.86174242682908
"53582","Republic of Ghana",1996,19.68657013733,1.92567399332143
"53584","Republic of Ghana",1997,20.70619954332,2.01439664967602
"53586","Republic of Ghana",1998,21.88981686078,2.16015316078061
"53588","Republic of Ghana",1999,23.1390452834,2.26403371465051
"53590","Republic of Ghana",2000,24.35558379521,2.35393277029337
"53592","Republic of Ghana",2001,26.08869039217,2.22259108968878
"53594","Republic of Ghana",2002,28.54126336848,2.2909273853648
"53596","Republic of Ghana",2003,31.09555113007,2.30209542204082
"53598","Republic of Ghana",2004,33.13412954088,2.46290858471939
"53600","Republic of Ghana",2005,34.04010092897,2.50897324688265
"53602","Republic of Ghana",2006,34.13829796052,2.52909750116582
"53604","Republic of Ghana",2007,34.16235280176,2.46851778283163
"53606","Republic of Ghana",2008,34.1089983307,2.39250851997959
"53608","Republic of Ghana",2009,33.97487344507,2.41306132583163
"53610","Republic of Ghana",2010,33.75669157898,2.41045603735204
"53612","Republic of Ghana",2011,31.97215329588,2.25344031941071
"53614","Republic of Ghana",2012,28.0577181259,2.01303257517347
"53616","Republic of Ghana",2013,23.38768605143,1.71432278222449
"53618","Republic of Ghana",2014,19.33547864252,1.52300748292347
"53620","Republic of Ghana",2015,17.27364037474,1.44096827966327
"53622","Republic of Ghana",2016,16.77703339144,1.45038726451786
"53624","Republic of Ghana",2017,16.44156177274,1.43341519446684
"53626","Republic of Ghana",2018,16.17082640278,1.45335946605867
"53628","Republic of Ghana",2019,15.86845955231,1.50193071645408
"53630","Republic of Ghana",2020,15.37178657484,1.42264158500255
"53632","Republic of Ghana",2021,14.98900966889,1.39541222825765
"44290","Republic of Guatemala",1990,0.2397416982,0.0614207709362245
"44292","Republic of Guatemala",1991,0.23932486055,0.0591000580943877
"44294","Republic of Guatemala",1992,0.23894707457,0.0584237675612245
"44296","Republic of Guatemala",1993,0.23862849375,0.0580256794005102
"44298","Republic of Guatemala",1994,0.23840570939,0.0593972402780612
"44300","Republic of Guatemala",1995,0.23831235939,0.0611404189591837
"44302","Republic of Guatemala",1996,0.23832822272,0.0603487917984694
"44304","Republic of Guatemala",1997,0.23837285868,0.0594974844132653
"44306","Republic of Guatemala",1998,0.23839734202,0.0594273085867347
"44308","Republic of Guatemala",1999,0.23835210809,0.0597715698086735
"44310","Republic of Guatemala",2000,0.23818814554,0.060099907122449
"44312","Republic of Guatemala",2001,0.23751583784,0.0602148007602041
"44314","Republic of Guatemala",2002,0.23624106851,0.0597379671658163
"44316","Republic of Guatemala",2003,0.23476454505,0.0588614116913265
"44318","Republic of Guatemala",2004,0.23348828744,0.0593305736734694
"44320","Republic of Guatemala",2005,0.23281582279,0.0600357793163265
"44322","Republic of Guatemala",2006,0.23248677881,0.0591888614540816
"44324","Republic of Guatemala",2007,0.232059001,0.0580922878596939
"44326","Republic of Guatemala",2008,0.23166308044,0.056896179247449
"44328","Republic of Guatemala",2009,0.23142910442,0.0582802871683673
"44330","Republic of Guatemala",2010,0.23148765284,0.0585334680204082
"44332","Republic of Guatemala",2011,0.23250442481,0.0584500350153061
"44334","Republic of Guatemala",2012,0.23467622015,0.0579889289183673
"44336","Republic of Guatemala",2013,0.23743010796,0.0579780354566327
"44338","Republic of Guatemala",2014,0.24019215006,0.0585720578979592
"44340","Republic of Guatemala",2015,0.24238760753,0.060789767869898
"44342","Republic of Guatemala",2016,0.24606696011,0.0616377958877551
"44344","Republic of Guatemala",2017,0.25195537996,0.0644943609260204
"44346","Republic of Guatemala",2018,0.25748789232,0.0678545972295918
"44348","Republic of Guatemala",2019,0.26009969847,0.0685524304336735
"44350","Republic of Guatemala",2020,0.25584811656,0.0675234891607143
"44352","Republic of Guatemala",2021,0.27589613031,0.0782879961964286
"54530","Republic of Guinea",1990,39.14621786069,3.60737654331123
"54532","Republic of Guinea",1991,39.46077625095,3.58144724114541
"54534","Republic of Guinea",1992,40.18466132738,3.67245625575
"54536","Republic of Guinea",1993,41.22041828625,3.75459420384949
"54538","Republic of Guinea",1994,42.47453518001,3.8342496038699
"54540","Republic of Guinea",1995,43.85350149725,3.94840288839031
"54542","Republic of Guinea",1996,45.49193815352,4.13505165819133
"54544","Republic of Guinea",1997,47.64939290629,4.34865746623214
"54546","Republic of Guinea",1998,50.4241838852,4.62629305090051
"54548","Republic of Guinea",1999,53.92046328179,4.98819447915561
"54550","Republic of Guinea",2000,58.23484883144,5.3814845170153
"54552","Republic of Guinea",2001,68.45738391849,6.19996737247959
"54554","Republic of Guinea",2002,85.95888413898,7.33621127457398
"54556","Republic of Guinea",2003,105.25767780566,8.63469408094643
"54558","Republic of Guinea",2004,120.86564297265,9.84671363388011
"54560","Republic of Guinea",2005,127.28818938175,10.6625846521148
"54562","Republic of Guinea",2006,124.61936859354,10.2573850811174
"54564","Republic of Guinea",2007,117.98010843147,9.85418978468367
"54566","Republic of Guinea",2008,109.41972160666,9.26163740368112
"54568","Republic of Guinea",2009,100.9862289025,8.6581778134949
"54570","Republic of Guinea",2010,94.72841859868,8.28837766530102
"54572","Republic of Guinea",2011,90.34287507107,8.07554263534184
"54574","Republic of Guinea",2012,86.2675536481,7.92649730342858
"54576","Republic of Guinea",2013,82.66353903226,7.72213234683163
"54578","Republic of Guinea",2014,79.69262156727,7.6561408179898
"54580","Republic of Guinea",2015,77.51616078691,7.54814157830867
"54582","Republic of Guinea",2016,76.02682078,7.43874460591326
"54584","Republic of Guinea",2017,74.86124620594,7.23686041730102
"54586","Republic of Guinea",2018,73.79592481473,6.9067180963648
"54588","Republic of Guinea",2019,72.60722973767,6.80088745760459
"54590","Republic of Guinea",2020,70.70856035134,7.08050222908674
"54592","Republic of Guinea",2021,69.41682025083,6.92352401964796
"54370","Republic of Guinea-Bissau",1990,35.8300374811,3.30148550667602
"54372","Republic of Guinea-Bissau",1991,35.41211049575,3.34069736804337
"54374","Republic of Guinea-Bissau",1992,35.11271092827,3.30966791892602
"54376","Republic of Guinea-Bissau",1993,34.91773531134,3.34454322370663
"54378","Republic of Guinea-Bissau",1994,34.81394879893,3.33444930932398
"54380","Republic of Guinea-Bissau",1995,34.78783441746,3.35815113046173
"54382","Republic of Guinea-Bissau",1996,35.01401316084,3.36120433826786
"54384","Republic of Guinea-Bissau",1997,35.54008921439,3.41942441853061
"54386","Republic of Guinea-Bissau",1998,36.16493550802,3.46349298751531
"54388","Republic of Guinea-Bissau",1999,36.68646623611,3.52167840465816
"54390","Republic of Guinea-Bissau",2000,36.90276632712,3.5987445271148
"54392","Republic of Guinea-Bissau",2001,36.17569062064,3.46785352061225
"54394","Republic of Guinea-Bissau",2002,34.35074731355,3.28169900571429
"54396","Republic of Guinea-Bissau",2003,31.95231792342,3.03949141488775
"54398","Republic of Guinea-Bissau",2004,29.50482331208,2.81529170125
"54400","Republic of Guinea-Bissau",2005,27.53261728513,2.61188322948214
"54402","Republic of Guinea-Bissau",2006,25.92562990668,2.31458138662245
"54404","Republic of Guinea-Bissau",2007,24.30501755748,2.08301097804337
"54406","Republic of Guinea-Bissau",2008,22.79205506723,1.88367304143367
"54408","Republic of Guinea-Bissau",2009,21.50828279289,1.70900515647194
"54410","Republic of Guinea-Bissau",2010,20.57534461097,1.64332498281633
"54412","Republic of Guinea-Bissau",2011,19.86692082167,1.53323063043878
"54414","Republic of Guinea-Bissau",2012,19.20665313718,1.45359283155102
"54416","Republic of Guinea-Bissau",2013,18.64113929309,1.40946047681122
"54418","Republic of Guinea-Bissau",2014,18.21704216689,1.37027326246939
"54420","Republic of Guinea-Bissau",2015,17.98115432396,1.35642009625765
"54422","Republic of Guinea-Bissau",2016,18.12602844449,1.42104362380102
"54424","Republic of Guinea-Bissau",2017,18.59754408717,1.55392423950255
"54426","Republic of Guinea-Bissau",2018,19.07258667485,1.70271561678571
"54428","Republic of Guinea-Bissau",2019,19.22801004226,1.85515353705357
"54430","Republic of Guinea-Bissau",2020,18.73297279524,1.73471034735969
"54432","Republic of Guinea-Bissau",2021,18.18743062332,1.73088879213775
"40290","Republic of Guyana",1990,0.57730718032,0.0981734557117347
"40292","Republic of Guyana",1991,0.57038572234,0.0954217568112245
"40294","Republic of Guyana",1992,0.56370358717,0.0947080838239796
"40296","Republic of Guyana",1993,0.55748782339,0.0963770230714285
"40298","Republic of Guyana",1994,0.55196833291,0.0952354885178571
"40300","Republic of Guyana",1995,0.54736659936,0.0947508516811224
"40302","Republic of Guyana",1996,0.5427154815,0.0922124127959184
"40304","Republic of Guyana",1997,0.53740241176,0.0869281453086735
"40306","Republic of Guyana",1998,0.53217114401,0.0864104989362245
"40308","Republic of Guyana",1999,0.52776283258,0.0862222824209184
"40310","Republic of Guyana",2000,0.52492176472,0.086395409755102
"40312","Republic of Guyana",2001,0.52316259649,0.0835056843290816
"40314","Republic of Guyana",2002,0.52148137706,0.0810004595127551
"40316","Republic of Guyana",2003,0.51983916609,0.0803559118239796
"40318","Republic of Guyana",2004,0.51820279357,0.0829372211122449
"40320","Republic of Guyana",2005,0.51653283748,0.0834698041352041
"40322","Republic of Guyana",2006,0.51330730903,0.0838822608035714
"40324","Republic of Guyana",2007,0.50811948659,0.0841740447372449
"40326","Republic of Guyana",2008,0.50259055882,0.0851930514668368
"40328","Republic of Guyana",2009,0.498365399,0.0890166692423469
"40330","Republic of Guyana",2010,0.49708672342,0.0939977028290816
"40332","Republic of Guyana",2011,0.50203548735,0.0918448021989796
"40334","Republic of Guyana",2012,0.51373147076,0.0907110978673469
"40336","Republic of Guyana",2013,0.52963625771,0.0917937440867347
"40338","Republic of Guyana",2014,0.54720645076,0.0949633370178571
"40340","Republic of Guyana",2015,0.5639015097,0.0984154222729592
"40342","Republic of Guyana",2016,0.58538553693,0.102359022757653
"40344","Republic of Guyana",2017,0.61380435205,0.110485987806122
"40346","Republic of Guyana",2018,0.64131718707,0.119489751441327
"40348","Republic of Guyana",2019,0.66011051995,0.129294019201531
"40350","Republic of Guyana",2020,0.67270705757,0.11722523119898
"40352","Republic of Guyana",2021,0.66681790422,0.127120801257653
"41570","Republic of Haiti",1990,0.30743096197,0.079362564002551
"41572","Republic of Haiti",1991,0.30526879314,0.078928372627551
"41574","Republic of Haiti",1992,0.30366046858,0.0798467695612245
"41576","Republic of Haiti",1993,0.30256509915,0.0797602013673469
"41578","Republic of Haiti",1994,0.3019412971,0.0792297925943878
"41580","Republic of Haiti",1995,0.30174725253,0.0809066276096939
"41582","Republic of Haiti",1996,0.30256653559,0.0800219659642857
"41584","Republic of Haiti",1997,0.30451887795,0.0810057632831633
"41586","Republic of Haiti",1998,0.30686196773,0.0824411486301021
"41588","Republic of Haiti",1999,0.30885269906,0.0827446392576531
"41590","Republic of Haiti",2000,0.30974494019,0.0831905479158163
"41592","Republic of Haiti",2001,0.30945953914,0.0827288975255102
"41594","Republic of Haiti",2002,0.3086224875,0.0823947393214286
"41596","Republic of Haiti",2003,0.3075402286,0.0812712150102041
"41598","Republic of Haiti",2004,0.30652500376,0.0806739436887755
"41600","Republic of Haiti",2005,0.30588524198,0.0824687345153061
"41602","Republic of Haiti",2006,0.30538033996,0.0804121746505102
"41604","Republic of Haiti",2007,0.30471198362,0.081601692377551
"41606","Republic of Haiti",2008,0.30409751164,0.0814924325688775
"41608","Republic of Haiti",2009,0.30375383935,0.0822331685765306
"41610","Republic of Haiti",2010,0.30391146385,0.0814185126760204
"41612","Republic of Haiti",2011,0.30529860772,0.0823775254464286
"41614","Republic of Haiti",2012,0.30792348694,0.0828855641147959
"41616","Republic of Haiti",2013,0.31093465775,0.0821678264464286
"41618","Republic of Haiti",2014,0.3134676139,0.0825086665561224
"41620","Republic of Haiti",2015,0.31465953747,0.0837031298367347
"41622","Republic of Haiti",2016,0.31391833709,0.0833676198647959
"41624","Republic of Haiti",2017,0.31200246764,0.0825042218622449
"41626","Republic of Haiti",2018,0.31007581938,0.0831564155255102
"41628","Republic of Haiti",2019,0.30930203736,0.0844210828188776
"41630","Republic of Haiti",2020,0.31495118652,0.0849876190816326
"41632","Republic of Haiti",2021,0.3145677448,0.0853038845510204
"40930","Republic of Honduras",1990,0.28051104912,0.0838553318545918
"40932","Republic of Honduras",1991,0.28051600537,0.083854552747449
"40934","Republic of Honduras",1992,0.28052094428,0.083854818755102
"40936","Republic of Honduras",1993,0.28052519317,0.0838559960229592
"40938","Republic of Honduras",1994,0.28052887294,0.0838582190229592
"40940","Republic of Honduras",1995,0.28053213233,0.0838611904183673
"40942","Republic of Honduras",1996,0.28053444685,0.0838657543520408
"40944","Republic of Honduras",1997,0.28053559157,0.0838715172857143
"40946","Republic of Honduras",1998,0.28053735133,0.0838761188826531
"40948","Republic of Honduras",1999,0.28053834006,0.0838812210178571
"40950","Republic of Honduras",2000,0.28053706276,0.0838878477423469
"40952","Republic of Honduras",2001,0.28053489898,0.0838940522066327
"40954","Republic of Honduras",2002,0.28053137364,0.0839000802602041
"40956","Republic of Honduras",2003,0.28052709836,0.0839059972091837
"40958","Republic of Honduras",2004,0.28052200047,0.0839121636326531
"40960","Republic of Honduras",2005,0.28051778585,0.0839183334540816
"40962","Republic of Honduras",2006,0.2805144329,0.0839239183341837
"40964","Republic of Honduras",2007,0.28051148009,0.0839294933239796
"40966","Republic of Honduras",2008,0.28050735705,0.0839350807602041
"40968","Republic of Honduras",2009,0.28050483005,0.0839401321785714
"40970","Republic of Honduras",2010,0.28050507007,0.083944135244898
"40972","Republic of Honduras",2011,0.28050578115,0.083947875505102
"40974","Republic of Honduras",2012,0.28050666617,0.0839522024566327
"40976","Republic of Honduras",2013,0.28050731832,0.0839566927321428
"40978","Republic of Honduras",2014,0.2805086283,0.0839610326581633
"40980","Republic of Honduras",2015,0.28051021674,0.0839651583418367
"40982","Republic of Honduras",2016,0.28098053752,0.0829460892346939
"40984","Republic of Honduras",2017,0.28188705418,0.0819237238903061
"40986","Republic of Honduras",2018,0.28277108324,0.081115792122449
"40988","Republic of Honduras",2019,0.28314400946,0.0800306729260204
"40990","Republic of Honduras",2020,0.27846440199,0.0793601435306122
"40992","Republic of Honduras",2021,0.27846763322,0.0793641363188776
"34530","Republic of Iceland",1990,0.27042306333,0.0681547383469388
"34532","Republic of Iceland",1991,0.27169684505,0.0679145071505102
"34534","Republic of Iceland",1992,0.2727452837,0.068683635377551
"34536","Republic of Iceland",1993,0.27330543321,0.068908356744898
"34538","Republic of Iceland",1994,0.2737442242,0.0698223618596939
"34540","Republic of Iceland",1995,0.27405063551,0.0709153355280612
"34542","Republic of Iceland",1996,0.27365844816,0.0690006253954082
"34544","Republic of Iceland",1997,0.27202035946,0.0676869140586735
"34546","Republic of Iceland",1998,0.26993837577,0.0687892927882653
"34548","Republic of Iceland",1999,0.267930249,0.0702542884795918
"34550","Republic of Iceland",2000,0.2664089788,0.0716317991862245
"34552","Republic of Iceland",2001,0.26485092203,0.0684676838010204
"34554","Republic of Iceland",2002,0.26260126622,0.0678486091122449
"34556","Republic of Iceland",2003,0.26022643235,0.0672567896326531
"34558","Republic of Iceland",2004,0.25823281713,0.0671620414897959
"34560","Republic of Iceland",2005,0.25710969986,0.0675154430867347
"34562","Republic of Iceland",2006,0.25753584435,0.0668030016658163
"34564","Republic of Iceland",2007,0.25936273913,0.0681895356428571
"34566","Republic of Iceland",2008,0.26174983638,0.070364147125
"34568","Republic of Iceland",2009,0.26391061911,0.0720157074132653
"34570","Republic of Iceland",2010,0.26494980475,0.0732464585918367
"34572","Republic of Iceland",2011,0.2656449151,0.0735307460051021
"34574","Republic of Iceland",2012,0.26712886532,0.0740443039693878
"34576","Republic of Iceland",2013,0.26889511923,0.0742136744413265
"34578","Republic of Iceland",2014,0.27046408552,0.0743184942346939
"34580","Republic of Iceland",2015,0.27137416143,0.0766094842066326
"34582","Republic of Iceland",2016,0.27275258616,0.074922150619898
"34584","Republic of Iceland",2017,0.27530967167,0.075000264872449
"34586","Republic of Iceland",2018,0.27785119879,0.0759787952984694
"34588","Republic of Iceland",2019,0.27907771316,0.0776900098852041
"34590","Republic of Iceland",2020,0.27898944754,0.0776757020382653
"34592","Republic of Iceland",2021,0.27780461431,0.0796968850765306
"48130","Republic of India",1990,4.16150117573,0.46301293225
"48132","Republic of India",1991,4.15966691136,0.463895820043367
"48134","Republic of India",1992,4.15131155238,0.460244701584184
"48136","Republic of India",1993,4.13774109306,0.455153416630102
"48138","Republic of India",1994,4.12021719912,0.453420177339286
"48140","Republic of India",1995,4.09971662441,0.452188831395408
"48142","Republic of India",1996,4.06360285891,0.447641241081633
"48144","Republic of India",1997,4.0071311442,0.438486106727041
"48146","Republic of India",1998,3.94094525464,0.428366055691326
"48148","Republic of India",1999,3.87591137886,0.420731804119898
"48150","Republic of India",2000,3.82301544128,0.415963302510204
"48152","Republic of India",2001,3.77433442341,0.413102070987245
"48154","Republic of India",2002,3.72006931107,0.410125041191327
"48156","Republic of India",2003,3.66848473738,0.407249706704082
"48158","Republic of India",2004,3.62751827303,0.405117035943878
"48160","Republic of India",2005,3.60519607185,0.40522635107398
"48162","Republic of India",2006,3.60869641412,0.405559272186224
"48164","Republic of India",2007,3.63080004806,0.410357083658163
"48166","Republic of India",2008,3.65828264069,0.416224608239796
"48168","Republic of India",2009,3.67802434661,0.421530209252551
"48170","Republic of India",2010,3.67727705779,0.422918018155612
"48172","Republic of India",2011,3.64161843689,0.417611395438776
"48174","Republic of India",2012,3.57647428304,0.40593966092602
"48176","Republic of India",2013,3.49980359101,0.39240456205102
"48178","Republic of India",2014,3.42811971359,0.379281106790816
"48180","Republic of India",2015,3.37667993651,0.37158983134949
"48182","Republic of India",2016,3.33477404967,0.370743757859694
"48184","Republic of India",2017,3.28532976968,0.371091821836735
"48186","Republic of India",2018,3.23804029442,0.368834057739796
"48188","Republic of India",2019,3.20321055314,0.366005461586735
"48190","Republic of India",2020,3.20083745576,0.355969173762755
"48192","Republic of India",2021,3.01965963399,0.347437071413265
"29890","Republic of Indonesia",1990,3.17517865975,0.35675933575
"29892","Republic of Indonesia",1991,3.12548996559,0.35256462967602
"29894","Republic of Indonesia",1992,3.0715824243,0.347550968640306
"29896","Republic of Indonesia",1993,3.01467315208,0.344466432734694
"29898","Republic of Indonesia",1994,2.95596793749,0.340388245517857
"29900","Republic of Indonesia",1995,2.89666835616,0.334465134028061
"29902","Republic of Indonesia",1996,2.82118981141,0.323288356591837
"29904","Republic of Indonesia",1997,2.72618975059,0.31317585475
"29906","Republic of Indonesia",1998,2.63130550255,0.303311566660714
"29908","Republic of Indonesia",1999,2.55620009,0.293876854168367
"29910","Republic of Indonesia",2000,2.52057449834,0.288967982410714
"29912","Republic of Indonesia",2001,2.51753531914,0.291229052803571
"29914","Republic of Indonesia",2002,2.52423928428,0.295010500469388
"29916","Republic of Indonesia",2003,2.53657608473,0.296501660862245
"29918","Republic of Indonesia",2004,2.55037795704,0.295819198431122
"29920","Republic of Indonesia",2005,2.5615705856,0.299241847242347
"29922","Republic of Indonesia",2006,2.58611949591,0.301530358808673
"29924","Republic of Indonesia",2007,2.63237202785,0.305823136528061
"29926","Republic of Indonesia",2008,2.68501455745,0.311615862265306
"29928","Republic of Indonesia",2009,2.72870492863,0.314282516043367
"29930","Republic of Indonesia",2010,2.74807651198,0.314662576714286
"29932","Republic of Indonesia",2011,2.7478902025,0.314498269130102
"29934","Republic of Indonesia",2012,2.74373669432,0.313982842232143
"29936","Republic of Indonesia",2013,2.73661404187,0.313393255813776
"29938","Republic of Indonesia",2014,2.7274984957,0.313675846566327
"29940","Republic of Indonesia",2015,2.71735653819,0.314447461538265
"29942","Republic of Indonesia",2016,2.6941291843,0.311984886053571
"29944","Republic of Indonesia",2017,2.65510950657,0.311265299387755
"29946","Republic of Indonesia",2018,2.61553990572,0.310374766681122
"29948","Republic of Indonesia",2019,2.59076307096,0.308732585622449
"29950","Republic of Indonesia",2020,2.63971172302,0.306728057772959
"29952","Republic of Indonesia",2021,2.60793918517,0.301973488102041
"46050","Republic of Iraq",1990,1.65828879163,0.23681124322449
"46052","Republic of Iraq",1991,1.6239022767,0.226787663696428
"46054","Republic of Iraq",1992,1.59066221814,0.219184397272959
"46056","Republic of Iraq",1993,1.55895733697,0.216054520857143
"46058","Republic of Iraq",1994,1.52931037548,0.212695610010204
"46060","Republic of Iraq",1995,1.50224307962,0.208841330734694
"46062","Republic of Iraq",1996,1.47378124211,0.203608243617347
"46064","Republic of Iraq",1997,1.44282849987,0.202395541130102
"46066","Republic of Iraq",1998,1.41416026432,0.201850065706633
"46068","Republic of Iraq",1999,1.39255539279,0.198951474614796
"46070","Republic of Iraq",2000,1.3827906758,0.200008230614796
"46072","Republic of Iraq",2001,1.38908891564,0.198083526142857
"46074","Republic of Iraq",2002,1.4076362229,0.196621816589286
"46076","Republic of Iraq",2003,1.43113945233,0.197419968359694
"46078","Republic of Iraq",2004,1.45230247076,0.200888112533163
"46080","Republic of Iraq",2005,1.46385206242,0.203773475329082
"46082","Republic of Iraq",2006,1.47633825888,0.204168014017857
"46084","Republic of Iraq",2007,1.5000320892,0.204786953255102
"46086","Republic of Iraq",2008,1.52722640665,0.207836949255102
"46088","Republic of Iraq",2009,1.5500024433,0.211779269130102
"46090","Republic of Iraq",2010,1.56048245098,0.219534881056122
"46092","Republic of Iraq",2011,1.55929602433,0.216432338642857
"46094","Republic of Iraq",2012,1.5530685267,0.217907362395408
"46096","Republic of Iraq",2013,1.54301774977,0.214917078206633
"46098","Republic of Iraq",2014,1.5303417096,0.212156342836735
"46100","Republic of Iraq",2015,1.51621304146,0.206161242841837
"46102","Republic of Iraq",2016,1.48837097777,0.202038736122449
"46104","Republic of Iraq",2017,1.44531813972,0.19753946452551
"46106","Republic of Iraq",2018,1.40438262695,0.196160594721939
"46108","Republic of Iraq",2019,1.38287937904,0.195721726272959
"46110","Republic of Iraq",2020,1.43922149002,0.204364848635204
"46112","Republic of Iraq",2021,1.39889967239,0.198605840464286
"40770","Republic of Italy",1990,0.4997135223,0.0954009213214286
"40772","Republic of Italy",1991,0.48799411635,0.0903573276607143
"40774","Republic of Italy",1992,0.47701587072,0.0871663739438776
"40776","Republic of Italy",1993,0.46739740044,0.0855208501326531
"40778","Republic of Italy",1994,0.45979124429,0.0850734629464285
"40780","Republic of Italy",1995,0.45486546189,0.0847201099617347
"40782","Republic of Italy",1996,0.45118164198,0.083904928255102
"40784","Republic of Italy",1997,0.44708537748,0.0831608131505102
"40786","Republic of Italy",1998,0.44286065881,0.0830197776785714
"40788","Republic of Italy",1999,0.43875077396,0.083627861627551
"40790","Republic of Italy",2000,0.43502224766,0.0842637432244898
"40792","Republic of Italy",2001,0.43003646053,0.0842350010076531
"40794","Republic of Italy",2002,0.42299731841,0.0845515823163265
"40796","Republic of Italy",2003,0.41544211747,0.0851265670178571
"40798","Republic of Italy",2004,0.40889058305,0.0859494135688775
"40800","Republic of Italy",2005,0.40487065515,0.0870158709132653
"40802","Republic of Italy",2006,0.40261946485,0.0860641544158163
"40804","Republic of Italy",2007,0.40065796745,0.0851717350459184
"40806","Republic of Italy",2008,0.39940041286,0.0846933289540816
"40808","Republic of Italy",2009,0.39926827954,0.0844308846989796
"40810","Republic of Italy",2010,0.40065538406,0.0847662664056122
"40812","Republic of Italy",2011,0.40594028257,0.0857990627653061
"40814","Republic of Italy",2012,0.41620564015,0.0880836453418368
"40816","Republic of Italy",2013,0.42986385977,0.0903024576147959
"40818","Republic of Italy",2014,0.44535333873,0.0931168226734694
"40820","Republic of Italy",2015,0.46108480168,0.0952096846709184
"40822","Republic of Italy",2016,0.48342297076,0.0985669851530612
"40824","Republic of Italy",2017,0.51524213264,0.104852539382653
"40826","Republic of Italy",2018,0.5497393553,0.112053237668367
"40828","Republic of Italy",2019,0.58015625717,0.119286780869898
"40830","Republic of Italy",2020,0.61335508836,0.128714165813776
"40832","Republic of Italy",2021,1.07024075526,0.294076462380102
"31330","Republic of Kazakhstan",1990,0.60818976202,0.109320660278061
"31332","Republic of Kazakhstan",1991,0.59590720015,0.104386799997449
"31334","Republic of Kazakhstan",1992,0.5847768974,0.101507082086735
"31336","Republic of Kazakhstan",1993,0.57550217418,0.098402070877551
"31338","Republic of Kazakhstan",1994,0.56879274881,0.0983946473316327
"31340","Republic of Kazakhstan",1995,0.56533857697,0.098921789502551
"31342","Republic of Kazakhstan",1996,0.56367535457,0.0960727813035714
"31344","Republic of Kazakhstan",1997,0.56213806523,0.096503977372449
"31346","Republic of Kazakhstan",1998,0.56112993073,0.097039883119898
"31348","Republic of Kazakhstan",1999,0.561057788,0.0976290382576531
"31350","Republic of Kazakhstan",2000,0.56231926759,0.100209288711735
"31352","Republic of Kazakhstan",2001,0.56931379234,0.0993940596020408
"31354","Republic of Kazakhstan",2002,0.58375103098,0.100270259596939
"31356","Republic of Kazakhstan",2003,0.60201464691,0.103168094142857
"31358","Republic of Kazakhstan",2004,0.62049340059,0.108410400130102
"31360","Republic of Kazakhstan",2005,0.63556528355,0.115172035910714
"31362","Republic of Kazakhstan",2006,0.65018416767,0.113649317081633
"31364","Republic of Kazakhstan",2007,0.66745780778,0.115044044969388
"31366","Republic of Kazakhstan",2008,0.68398862222,0.118839591806122
"31368","Republic of Kazakhstan",2009,0.69639159626,0.119472556318878
"31370","Republic of Kazakhstan",2010,0.70127005078,0.122316599515306
"31372","Republic of Kazakhstan",2011,0.70125577206,0.122329715382653
"31374","Republic of Kazakhstan",2012,0.70123602431,0.122333479380102
"31376","Republic of Kazakhstan",2013,0.701212805,0.122333383306122
"31378","Republic of Kazakhstan",2014,0.70120017265,0.122339919005102
"31380","Republic of Kazakhstan",2015,0.70118297967,0.122346218867347
"31382","Republic of Kazakhstan",2016,0.70116075029,0.122344467242347
"31384","Republic of Kazakhstan",2017,0.70113099476,0.122328131594388
"31386","Republic of Kazakhstan",2018,0.70110089824,0.12230846690051
"31388","Republic of Kazakhstan",2019,0.70108097818,0.122293095658163
"31390","Republic of Kazakhstan",2020,0.70107765414,0.122279639780612
"31392","Republic of Kazakhstan",2021,0.78001127409,0.13071642169898
"51010","Republic of Kenya",1990,79.53762955156,6.85810721634694
"51012","Republic of Kenya",1991,76.79120306601,6.48164864668877
"51014","Republic of Kenya",1992,74.32686209529,6.17569052848725
"51016","Republic of Kenya",1993,72.43228909342,6.02986090177296
"51018","Republic of Kenya",1994,71.39768471433,5.94823870655867
"51020","Republic of Kenya",1995,71.51121885942,5.9984870781148
"51022","Republic of Kenya",1996,72.39718970662,6.07528957906888
"51024","Republic of Kenya",1997,73.38555392152,6.16436390578316
"51026","Republic of Kenya",1998,74.30981020022,6.24603443236225
"51028","Republic of Kenya",1999,75.00764203971,6.30068891534184
"51030","Republic of Kenya",2000,75.32253452295,6.31504170307143
"51032","Republic of Kenya",2001,75.36135187407,6.23349739301531
"51034","Republic of Kenya",2002,75.24455484153,6.09359043456888
"51036","Republic of Kenya",2003,74.81869311428,6.06800314521684
"51038","Republic of Kenya",2004,73.90078209617,5.87612662076275
"51040","Republic of Kenya",2005,72.25299271698,5.75828053240051
"51042","Republic of Kenya",2006,68.11110967927,5.47909501613776
"51044","Republic of Kenya",2007,61.23185745145,5.01153268475765
"51046","Republic of Kenya",2008,53.61971019645,4.38762481746174
"51048","Republic of Kenya",2009,47.250277977,3.90149860331123
"51050","Republic of Kenya",2010,44.08003505141,3.70235184265051
"51052","Republic of Kenya",2011,43.47802328925,3.65685583658928
"51054","Republic of Kenya",2012,43.3642024607,3.65466689915561
"51056","Republic of Kenya",2013,43.52007654283,3.68453613313775
"51058","Republic of Kenya",2014,43.73234225465,3.72786347316837
"51060","Republic of Kenya",2015,43.79011927044,3.76615993600255
"51062","Republic of Kenya",2016,43.9729329233,3.81054968931122
"51064","Republic of Kenya",2017,44.41333995468,3.86426151590306
"51066","Republic of Kenya",2018,44.67999751666,3.90742199934949
"51068","Republic of Kenya",2019,44.34557694291,3.90861455559184
"51070","Republic of Kenya",2020,35.08079496745,3.14488508128826
"51072","Republic of Kenya",2021,34.05168959906,3.08565287954592
"28450","Republic of Kiribati",1990,1.39972887202,0.197378814181122
"28452","Republic of Kiribati",1991,1.40314072633,0.191640944854592
"28454","Republic of Kiribati",1992,1.40911432359,0.191728278234694
"28456","Republic of Kiribati",1993,1.41597753862,0.195980121007653
"28458","Republic of Kiribati",1994,1.42206320203,0.200398602625
"28460","Republic of Kiribati",1995,1.4257099697,0.202895377311224
"28462","Republic of Kiribati",1996,1.43361629779,0.201035619369898
"28464","Republic of Kiribati",1997,1.44970902636,0.208773259053571
"28466","Republic of Kiribati",1998,1.46813879904,0.209872760668367
"28468","Republic of Kiribati",1999,1.48301742101,0.20913419159949
"28470","Republic of Kiribati",2000,1.48842875203,0.211639895112245
"28472","Republic of Kiribati",2001,1.481209491,0.208228666405612
"28474","Republic of Kiribati",2002,1.46539348023,0.209929706477041
"28476","Republic of Kiribati",2003,1.44586838101,0.203153332283163
"28478","Republic of Kiribati",2004,1.42752788404,0.202008187482143
"28480","Republic of Kiribati",2005,1.41527236136,0.198349982568878
"28482","Republic of Kiribati",2006,1.408335011,0.198582112711735
"28484","Republic of Kiribati",2007,1.40301102447,0.195538419788265
"28486","Republic of Kiribati",2008,1.39981945557,0.191350788089286
"28488","Republic of Kiribati",2009,1.39928378955,0.188448385390306
"28490","Republic of Kiribati",2010,1.40193023729,0.197702357747449
"28492","Republic of Kiribati",2011,1.41773533514,0.194701428272959
"28494","Republic of Kiribati",2012,1.44968818805,0.199404017061224
"28496","Republic of Kiribati",2013,1.48784356499,0.204060062658163
"28498","Republic of Kiribati",2014,1.52226091589,0.201322273232143
"28500","Republic of Kiribati",2015,1.54301079458,0.205151390903061
"28502","Republic of Kiribati",2016,1.54683165975,0.204265565739796
"28504","Republic of Kiribati",2017,1.54131640308,0.208135061515306
"28506","Republic of Kiribati",2018,1.5328431586,0.203967147094388
"28508","Republic of Kiribati",2019,1.52778163987,0.203189716989796
"28510","Republic of Kiribati",2020,1.49669083841,0.192263250788265
"28512","Republic of Kiribati",2021,1.48105162372,0.204241384283163
"35810","Republic of Korea",1990,0.27450963339,0.0802533625892857
"35812","Republic of Korea",1991,0.27450888126,0.080265419625
"35814","Republic of Korea",1992,0.27450706107,0.0802762343852041
"35816","Republic of Korea",1993,0.27450374677,0.0802933157984694
"35818","Republic of Korea",1994,0.27450020272,0.0803092491964286
"35820","Republic of Korea",1995,0.27449532526,0.0803292083852041
"35822","Republic of Korea",1996,0.2744901544,0.0803452982857143
"35824","Republic of Korea",1997,0.27448417097,0.0803608380127551
"35826","Republic of Korea",1998,0.27447858497,0.0803652004132653
"35828","Republic of Korea",1999,0.27447496607,0.0803638955076531
"35830","Republic of Korea",2000,0.2744720367,0.0803577239719388
"35832","Republic of Korea",2001,0.27447079343,0.0803496553188775
"35834","Republic of Korea",2002,0.27447111833,0.0803401816989796
"35836","Republic of Korea",2003,0.27447240817,0.0803257224897959
"35838","Republic of Korea",2004,0.27447471795,0.080309049502551
"35840","Republic of Korea",2005,0.27447651831,0.0802962388392857
"35842","Republic of Korea",2006,0.27447765986,0.0802857048188776
"35844","Republic of Korea",2007,0.27447732633,0.0802801407576531
"35846","Republic of Korea",2008,0.27447799377,0.08027575975
"35848","Republic of Korea",2009,0.27447983339,0.0802678393928571
"35850","Republic of Korea",2010,0.27448348881,0.0802645893010204
"35852","Republic of Korea",2011,0.27448797147,0.0802633003877551
"35854","Republic of Korea",2012,0.27449257996,0.0802631399923469
"35856","Republic of Korea",2013,0.27449904489,0.0802616288903061
"35858","Republic of Korea",2014,0.27450690078,0.08025873425
"35860","Republic of Korea",2015,0.27451524039,0.0802561004923469
"35862","Republic of Korea",2016,0.27452288188,0.0802481119821429
"35864","Republic of Korea",2017,0.27452994629,0.0802412256887755
"35866","Republic of Korea",2018,0.27453745649,0.0802320229132653
"35868","Republic of Korea",2019,0.27454509437,0.080220171755102
"35870","Republic of Korea",2020,0.27455182876,0.0802048769209184
"35872","Republic of Korea",2021,0.27455738302,0.0801878417117347
"36770","Republic of Latvia",1990,0.27589613031,0.0782879961964286
"36772","Republic of Latvia",1991,0.26545028298,0.0722019961096939
"36774","Republic of Latvia",1992,0.25597066028,0.0678794049056123
"36776","Republic of Latvia",1993,0.2479505683,0.0658740443341837
"36778","Republic of Latvia",1994,0.24188057589,0.0635250997857143
"36780","Republic of Latvia",1995,0.23825345848,0.063019822875
"36782","Republic of Latvia",1996,0.23629680838,0.0606542781760204
"36784","Republic of Latvia",1997,0.234846164,0.0594760662729592
"36786","Republic of Latvia",1998,0.23381871231,0.0582823659081633
"36788","Republic of Latvia",1999,0.2331298234,0.0577220424387755
"36790","Republic of Latvia",2000,0.23269542566,0.0576205737193878
"36792","Republic of Latvia",2001,0.23250350696,0.0574935522653061
"36794","Republic of Latvia",2002,0.23253977686,0.0569341182857143
"36796","Republic of Latvia",2003,0.23272276517,0.0579320391581633
"36798","Republic of Latvia",2004,0.2329662851,0.059215722375
"36800","Republic of Latvia",2005,0.23318443475,0.0606529791403061
"36802","Republic of Latvia",2006,0.23368071335,0.0598089837602041
"36804","Republic of Latvia",2007,0.23465888067,0.0592009509209184
"36806","Republic of Latvia",2008,0.23589005721,0.0579976012040816
"36808","Republic of Latvia",2009,0.237138705,0.058118108127551
"36810","Republic of Latvia",2010,0.23817491505,0.0579391836811225
"36812","Republic of Latvia",2011,0.23963414243,0.0567468837755102
"36814","Republic of Latvia",2012,0.24195753834,0.0572706135510204
"36816","Republic of Latvia",2013,0.24462038655,0.0589690490382653
"36818","Republic of Latvia",2014,0.24709252666,0.0594722314719388
"36820","Republic of Latvia",2015,0.24884711491,0.0614030587984694
"36822","Republic of Latvia",2016,0.25009485379,0.0618053844642857
"36824","Republic of Latvia",2017,0.25134456759,0.0653383705663265
"36826","Republic of Latvia",2018,0.25250657921,0.067968899247449
"36828","Republic of Latvia",2019,0.25350314943,0.0712095134387755
"36830","Republic of Latvia",2020,0.2539750016,0.0690215308265306
"36832","Republic of Latvia",2021,0.27589613031,0.0782879961964286
"54690","Republic of Liberia",1990,30.67099288775,2.91275195732398
"54692","Republic of Liberia",1991,31.52138548288,2.98428736465561
"54694","Republic of Liberia",1992,33.02824867828,3.09856511714796
"54696","Republic of Liberia",1993,35.04176698671,3.26756823416582
"54698","Republic of Liberia",1994,37.39878540395,3.45110522397959
"54700","Republic of Liberia",1995,39.97279972844,3.69091647209694
"54702","Republic of Liberia",1996,43.06014786395,3.91110946585969
"54704","Republic of Liberia",1997,46.98296489664,4.21436450017092
"54706","Republic of Liberia",1998,51.66804409594,4.61602842646684
"54708","Republic of Liberia",1999,57.02624223802,5.12846356809184
"54710","Republic of Liberia",2000,62.97226841012,5.62360969601785
"54712","Republic of Liberia",2001,71.95449111055,6.29160553757908
"54714","Republic of Liberia",2002,84.38397222509,7.27217414028827
"54716","Republic of Liberia",2003,97.13397792553,8.47086553142602
"54718","Republic of Liberia",2004,107.07568576411,9.31513308912755
"54720","Republic of Liberia",2005,111.09241465405,9.60221736723215
"54722","Republic of Liberia",2006,106.11481464159,9.25267374364286
"54724","Republic of Liberia",2007,93.88631771002,8.29783133795663
"54726","Republic of Liberia",2008,78.5229493338,7.03208467350255
"54728","Republic of Liberia",2009,64.13852627384,5.8986573315051
"54730","Republic of Liberia",2010,54.85342255082,5.15878442133163
"54732","Republic of Liberia",2011,49.66633258712,4.62723442530357
"54734","Republic of Liberia",2012,45.01812238914,4.17672141363775
"54736","Republic of Liberia",2013,41.19896701462,3.79316123237245
"54738","Republic of Liberia",2014,38.49884494527,3.54623555734184
"54740","Republic of Liberia",2015,37.20943962432,3.44140945196174
"54742","Republic of Liberia",2016,36.82755498992,3.54095007461735
"54744","Republic of Liberia",2017,36.59149174391,3.56126302126531
"54746","Republic of Liberia",2018,36.40588266162,3.51125731223469
"54748","Republic of Liberia",2019,36.17233107176,3.53825316372959
"54750","Republic of Liberia",2020,35.67287956477,3.32563526303827
"54752","Republic of Liberia",2021,35.07591767491,3.42178265200255
"34210","Republic of Lithuania",1990,0.27796890957,0.0732019432066327
"34212","Republic of Lithuania",1991,0.27180964186,0.070921604744898
"34214","Republic of Lithuania",1992,0.26614539325,0.0693602554515306
"34216","Republic of Lithuania",1993,0.2612963894,0.0695054684311225
"34218","Republic of Lithuania",1994,0.25758620755,0.0692882762372449
"34220","Republic of Lithuania",1995,0.25669950556,0.0703019972066327
"34222","Republic of Lithuania",1996,0.2551876949,0.0680182597678572
"34224","Republic of Lithuania",1997,0.25253034459,0.0652056042015306
"34226","Republic of Lithuania",1998,0.25080454543,0.0623942784770408
"34228","Republic of Lithuania",1999,0.25031819777,0.0618944624438775
"34230","Republic of Lithuania",2000,0.2513522098,0.0621024520739796
"34232","Republic of Lithuania",2001,0.25355120215,0.0624211230280612
"34234","Republic of Lithuania",2002,0.25707431486,0.0630334687040816
"34236","Republic of Lithuania",2003,0.25997519024,0.0652714490688775
"34238","Republic of Lithuania",2004,0.26203674634,0.0663693407959184
"34240","Republic of Lithuania",2005,0.26281119222,0.0679589499183673
"34242","Republic of Lithuania",2006,0.26302502574,0.0678896160918367
"34244","Republic of Lithuania",2007,0.26265860756,0.0665920200739796
"34246","Republic of Lithuania",2008,0.26230164571,0.0650713419183674
"34248","Republic of Lithuania",2009,0.26204652901,0.0632740558137755
"34250","Republic of Lithuania",2010,0.26228004436,0.0634571953647959
"34252","Republic of Lithuania",2011,0.26413445122,0.064581608744898
"34254","Republic of Lithuania",2012,0.26692712253,0.0678311310255102
"34256","Republic of Lithuania",2013,0.27044449915,0.0693206333852041
"34258","Republic of Lithuania",2014,0.27357015517,0.071289593372449
"34260","Republic of Lithuania",2015,0.27559974836,0.0735371904285714
"34262","Republic of Lithuania",2016,0.27523880963,0.0727114184056122
"34264","Republic of Lithuania",2017,0.27310814809,0.0719659610943878
"34266","Republic of Lithuania",2018,0.27152873534,0.0723412095586735
"34268","Republic of Lithuania",2019,0.2711026662,0.0731257238341837
"34270","Republic of Lithuania",2020,0.27568210474,0.0722344296862245
"34272","Republic of Lithuania",2021,0.27466093987,0.0709573943112245
"48770","Republic of Madagascar",1990,0.57853660681,0.107830382989796
"48772","Republic of Madagascar",1991,0.58169114042,0.105492698785714
"48774","Republic of Madagascar",1992,0.58589810611,0.106332261533163
"48776","Republic of Madagascar",1993,0.59082756067,0.107035986265306
"48778","Republic of Madagascar",1994,0.59615014333,0.109144068262755
"48780","Republic of Madagascar",1995,0.601538289,0.110518995122449
"48782","Republic of Madagascar",1996,0.61137815756,0.108464562918367
"48784","Republic of Madagascar",1997,0.62743216467,0.108298602043367
"48786","Republic of Madagascar",1998,0.64543418643,0.109409984339286
"48788","Republic of Madagascar",1999,0.66111789714,0.112388679147959
"48790","Republic of Madagascar",2000,0.67023116752,0.114581274461735
"48792","Republic of Madagascar",2001,0.67756711228,0.112610969089286
"48794","Republic of Madagascar",2002,0.68862360548,0.111482581821429
"48796","Republic of Madagascar",2003,0.70020688343,0.113153094989796
"48798","Republic of Madagascar",2004,0.70911910764,0.115573520114796
"48800","Republic of Madagascar",2005,0.71215807332,0.118321081821429
"48802","Republic of Madagascar",2006,0.69340593352,0.111872004079082
"48804","Republic of Madagascar",2007,0.64948916527,0.108031862280612
"48806","Republic of Madagascar",2008,0.59600606145,0.103353547492347
"48808","Republic of Madagascar",2009,0.54854390049,0.10108057252551
"48810","Republic of Madagascar",2010,0.52268237255,0.104677734711735
"48812","Republic of Madagascar",2011,0.51419920582,0.0993232410841837
"48814","Republic of Madagascar",2012,0.50788250066,0.0974841392270408
"48816","Republic of Madagascar",2013,0.50282194593,0.0974078184744898
"48818","Republic of Madagascar",2014,0.49810650793,0.0982369922729592
"48820","Republic of Madagascar",2015,0.49282583396,0.0980664284668367
"48822","Republic of Madagascar",2016,0.48323399588,0.0961917607984694
"48824","Republic of Madagascar",2017,0.46851518781,0.0958505867117347
"48826","Republic of Madagascar",2018,0.45215784591,0.0966722536581633
"48828","Republic of Madagascar",2019,0.43765121639,0.101094178987245
"48830","Republic of Madagascar",2020,0.41796673661,0.0903457296709184
"48832","Republic of Madagascar",2021,0.38806025983,0.0913110616096939
"51330","Republic of Malawi",1990,155.0545508902,12.5503667332398
"51332","Republic of Malawi",1991,153.49641648367,10.821870331023
"51334","Republic of Malawi",1992,152.02443598826,9.29905203339031
"51336","Republic of Malawi",1993,150.82984388437,8.18606162198725
"51338","Republic of Malawi",1994,150.0868762335,7.53927421854847
"51340","Republic of Malawi",1995,150.0100553157,6.98497623092602
"51342","Republic of Malawi",1996,150.31006175631,6.54581488091837
"51344","Republic of Malawi",1997,150.43812161249,6.16810264319898
"51346","Republic of Malawi",1998,150.25933228974,5.92212962234949
"51348","Republic of Malawi",1999,149.65456573001,5.74117833341072
"51350","Republic of Malawi",2000,148.50849537781,5.68988697558418
"51352","Republic of Malawi",2001,142.1574070117,5.29769809983673
"51354","Republic of Malawi",2002,128.48917742425,4.69457401319133
"51356","Republic of Malawi",2003,111.21394408521,4.06380502260459
"51358","Republic of Malawi",2004,94.03882426126,3.32286047513776
"51360","Republic of Malawi",2005,80.67054359562,2.83536391488776
"51362","Republic of Malawi",2006,70.53466792131,2.48614026989796
"51364","Republic of Malawi",2007,60.89207545521,2.16581533395919
"51366","Republic of Malawi",2008,52.20250662721,1.87673812639796
"51368","Republic of Malawi",2009,44.92566242372,1.6555098256199
"51370","Republic of Malawi",2010,39.51918365863,1.53818930879592
"51372","Republic of Malawi",2011,35.22461663057,1.43180695449235
"51374","Republic of Malawi",2012,31.22947083471,1.32897748227041
"51376","Republic of Malawi",2013,27.90960306853,1.30606086760459
"51378","Republic of Malawi",2014,25.64111764546,1.28481044152806
"51380","Republic of Malawi",2015,24.79937184624,1.37284405240306
"51382","Republic of Malawi",2016,25.29455198229,1.36609575674235
"51384","Republic of Malawi",2017,26.76988178282,1.50786603421429
"51386","Republic of Malawi",2018,29.19984362558,1.79935921065306
"51388","Republic of Malawi",2019,32.55909280968,2.29359711027296
"51390","Republic of Malawi",2020,45.99553905676,3.9077467751301
"51392","Republic of Malawi",2021,45.1631018902,3.69547479618367
"28770","Republic of Maldives",1990,5.37130634559,0.534637134183673
"28772","Republic of Maldives",1991,5.27501746462,0.515264141163265
"28774","Republic of Maldives",1992,5.17362221443,0.498578769158163
"28776","Republic of Maldives",1993,5.0686461846,0.491334425352041
"28778","Republic of Maldives",1994,4.96162420805,0.50270579140051
"28780","Republic of Maldives",1995,4.85424537333,0.499301330188775
"28782","Republic of Maldives",1996,4.72847918605,0.484233663145408
"28784","Republic of Maldives",1997,4.58002927518,0.462025613954082
"28786","Republic of Maldives",1998,4.43154690647,0.449796945660714
"28788","Republic of Maldives",1999,4.30576075209,0.446559969795918
"28790","Republic of Maldives",2000,4.22550871103,0.439198703135204
"28792","Republic of Maldives",2001,4.18272139716,0.422114572114796
"28794","Republic of Maldives",2002,4.15125156122,0.414754970852041
"28796","Republic of Maldives",2003,4.12694108723,0.40910619117602
"28798","Republic of Maldives",2004,4.10564211451,0.404869893436225
"28800","Republic of Maldives",2005,4.08319383125,0.40134150765051
"28802","Republic of Maldives",2006,4.05052090771,0.398687787897959
"28804","Republic of Maldives",2007,4.00465032196,0.402978767084184
"28806","Republic of Maldives",2008,3.95043046973,0.404156329030612
"28808","Republic of Maldives",2009,3.89271229417,0.412097551591837
"28810","Republic of Maldives",2010,3.83637297161,0.422592996818878
"28812","Republic of Maldives",2011,3.77262538323,0.409293685512755
"28814","Republic of Maldives",2012,3.69583141845,0.403967039122449
"28816","Republic of Maldives",2013,3.61557765947,0.390977063188776
"28818","Republic of Maldives",2014,3.54144179029,0.386506437127551
"28820","Republic of Maldives",2015,3.48299847704,0.380666953005102
"28822","Republic of Maldives",2016,3.43539484158,0.373282482943878
"28824","Republic of Maldives",2017,3.38876489797,0.364277040033163
"28826","Republic of Maldives",2018,3.34512684781,0.369522721410714
"28828","Republic of Maldives",2019,3.30657303856,0.369721024306122
"28830","Republic of Maldives",2020,3.31687668905,0.355154219821429
"28832","Republic of Maldives",2021,3.24841987157,0.354663588971939
"55010","Republic of Mali",1990,58.97814910539,5.45725183636735
"55012","Republic of Mali",1991,58.90117222487,5.42460839201786
"55014","Republic of Mali",1992,58.95425986287,5.47219591784439
"55016","Republic of Mali",1993,59.1077849706,5.50006749053062
"55018","Republic of Mali",1994,59.34074281974,5.4981004962449
"55020","Republic of Mali",1995,59.63158711006,5.56000566958418
"55022","Republic of Mali",1996,60.32130834867,5.57993558745153
"55024","Republic of Mali",1997,61.69668281467,5.66040099596939
"55026","Republic of Mali",1998,63.69780072753,5.80603737155102
"55028","Republic of Mali",1999,66.26890469146,6.03322674764031
"55030","Republic of Mali",2000,69.35847321923,6.36260297333418
"55032","Republic of Mali",2001,77.67879000038,6.76868201881122
"55034","Republic of Mali",2002,92.68262731649,7.7245094704847
"55036","Republic of Mali",2003,109.47515586224,8.87146247082398
"55038","Republic of Mali",2004,123.16723720272,9.95027020916837
"55040","Republic of Mali",2005,128.86691212873,10.4972202381709
"55042","Republic of Mali",2006,123.05117226856,9.9601977696148
"55044","Republic of Mali",2007,109.2661164933,9.02717718027806
"55046","Republic of Mali",2008,92.83404055831,7.86863447445153
"55048","Republic of Mali",2009,79.07531510519,7.063737325375
"55050","Republic of Mali",2010,73.26334553264,7.09370880503826
"55052","Republic of Mali",2011,74.41000963335,7.01490330258928
"55054","Republic of Mali",2012,77.13262586379,7.21131864401531
"55056","Republic of Mali",2013,80.38760177939,7.35552243144643
"55058","Republic of Mali",2014,83.11009637437,7.62883384741837
"55060","Republic of Mali",2015,84.25823111041,7.79841250209184
"55062","Republic of Mali",2016,83.85126806158,7.72006372858674
"55064","Republic of Mali",2017,82.83586410989,7.62046779107398
"55066","Republic of Mali",2018,81.50160755367,7.65805466291837
"55068","Republic of Mali",2019,80.13949383134,7.53654206767857
"55070","Republic of Mali",2020,78.18213204611,7.13628273389796
"55072","Republic of Mali",2021,76.23776036237,7.37019494031377
"35330","Republic of Malta",1990,0.27069471296,0.0672951440663265
"35332","Republic of Malta",1991,0.27139076334,0.0668270576122449
"35334","Republic of Malta",1992,0.27238069322,0.0664004980892857
"35336","Republic of Malta",1993,0.27252752186,0.0664757615178572
"35338","Republic of Malta",1994,0.27252114244,0.0689647681887755
"35340","Republic of Malta",1995,0.2729279298,0.0686478617040816
"35342","Republic of Malta",1996,0.27204663471,0.0667610694362245
"35344","Republic of Malta",1997,0.27045464532,0.0658263530102041
"35346","Republic of Malta",1998,0.2683300464,0.0663930381454082
"35348","Republic of Malta",1999,0.26667309218,0.066598623375
"35350","Republic of Malta",2000,0.26565234389,0.0675925082729592
"35352","Republic of Malta",2001,0.26500740805,0.067215740242347
"35354","Republic of Malta",2002,0.26451014987,0.0674624426377551
"35356","Republic of Malta",2003,0.26418255595,0.0664079005561224
"35358","Republic of Malta",2004,0.26414267098,0.0677464260535714
"35360","Republic of Malta",2005,0.26445727855,0.0702638545127551
"35362","Republic of Malta",2006,0.26559528005,0.0693085097602041
"35364","Republic of Malta",2007,0.2677462085,0.0682557662602041
"35366","Republic of Malta",2008,0.27018911953,0.0672245034591837
"35368","Republic of Malta",2009,0.27225428663,0.0675269091556122
"35370","Republic of Malta",2010,0.27320195196,0.0702959345408163
"35372","Republic of Malta",2011,0.27326252585,0.0696221371836735
"35374","Republic of Malta",2012,0.273235496,0.070986877747449
"35376","Republic of Malta",2013,0.27307715979,0.0729493508061224
"35378","Republic of Malta",2014,0.27285220728,0.0754647666428571
"35380","Republic of Malta",2015,0.2726128426,0.0772130198826531
"35382","Republic of Malta",2016,0.27171301119,0.0745777892397959
"35384","Republic of Malta",2017,0.27009341709,0.0738206313137755
"35386","Republic of Malta",2018,0.26852454774,0.0721482233494898
"35388","Republic of Malta",2019,0.26780568125,0.0718231736862245
"35390","Republic of Malta",2020,0.26478644008,0.0727833404209184
"35392","Republic of Malta",2021,0.27673431703,0.0784015239260204
"51170","Republic of Mauritius",1990,1.15122799866,0.162173516308673
"51172","Republic of Mauritius",1991,1.1487405327,0.162448110022959
"51174","Republic of Mauritius",1992,1.14488134942,0.16175048042602
"51176","Republic of Mauritius",1993,1.13998602595,0.159501508719388
"51178","Republic of Mauritius",1994,1.13440241854,0.157943294903061
"51180","Republic of Mauritius",1995,1.12848056747,0.15634930319898
"51182","Republic of Mauritius",1996,1.11876609368,0.157313946311224
"51184","Republic of Mauritius",1997,1.10418089281,0.157990263229592
"51186","Republic of Mauritius",1998,1.08862414994,0.155741832681122
"51188","Republic of Mauritius",1999,1.07598389561,0.156937112732143
"51190","Republic of Mauritius",2000,1.07014699225,0.161063006058673
"51192","Republic of Mauritius",2001,1.07226086415,0.157527763752551
"51194","Republic of Mauritius",2002,1.07892941299,0.15725415475
"51196","Republic of Mauritius",2003,1.08724541613,0.157114971096939
"51198","Republic of Mauritius",2004,1.09429861364,0.156340531433673
"51200","Republic of Mauritius",2005,1.09716872928,0.158887837543367
"51202","Republic of Mauritius",2006,1.09261694911,0.155876720270408
"51204","Republic of Mauritius",2007,1.08193919134,0.152526689931122
"51206","Republic of Mauritius",2008,1.0690274264,0.151771445864796
"51208","Republic of Mauritius",2009,1.05776745919,0.151514972897959
"51210","Republic of Mauritius",2010,1.05205811366,0.149014875928571
"51212","Republic of Mauritius",2011,1.05190335421,0.151389431260204
"51214","Republic of Mauritius",2012,1.05389065406,0.151921734505102
"51216","Republic of Mauritius",2013,1.05679163284,0.156085346127551
"51218","Republic of Mauritius",2014,1.05936781434,0.159996504818878
"51220","Republic of Mauritius",2015,1.06038775055,0.163123475454082
"51222","Republic of Mauritius",2016,1.05635477303,0.159068698997449
"51224","Republic of Mauritius",2017,1.04799074381,0.16136233582398
"51226","Republic of Mauritius",2018,1.04038473681,0.164472160492347
"51228","Republic of Mauritius",2019,1.03862131177,0.169368586280612
"51230","Republic of Mauritius",2020,1.06912347694,0.147656227938775
"51232","Republic of Mauritius",2021,1.07607097738,0.161754793964286
"36610","Republic of Moldova",1990,0.27399986308,0.0703429982908163
"36612","Republic of Moldova",1991,0.27012159734,0.0687792719923469
"36614","Republic of Moldova",1992,0.2665218203,0.0659286906734694
"36616","Republic of Moldova",1993,0.26335239605,0.0651292248647959
"36618","Republic of Moldova",1994,0.26076687358,0.0667146325306122
"36620","Republic of Moldova",1995,0.25891955288,0.068102108625
"36622","Republic of Moldova",1996,0.25747810504,0.0669040037984694
"36624","Republic of Moldova",1997,0.2561225886,0.0643492701096939
"36626","Republic of Moldova",1998,0.25502158023,0.0642743381836735
"36628","Republic of Moldova",1999,0.2543450759,0.0652979122066326
"36630","Republic of Moldova",2000,0.25426039727,0.0658728665510204
"36632","Republic of Moldova",2001,0.25497336861,0.0656234189030612
"36634","Republic of Moldova",2002,0.25631629347,0.0669542390280612
"36636","Republic of Moldova",2003,0.25789412801,0.0680879827193878
"36638","Republic of Moldova",2004,0.25931123514,0.0686512414209184
"36640","Republic of Moldova",2005,0.260172465,0.0712984266096939
"36642","Republic of Moldova",2006,0.26040399611,0.0686518958265306
"36644","Republic of Moldova",2007,0.26031637809,0.0676692753137755
"36646","Republic of Moldova",2008,0.26009321952,0.0670706303010204
"36648","Republic of Moldova",2009,0.25991828751,0.0657389327015306
"36650","Republic of Moldova",2010,0.25997441399,0.0653483623622449
"36652","Republic of Moldova",2011,0.26052081092,0.0663219118826531
"36654","Republic of Moldova",2012,0.26161737611,0.0649357998188776
"36656","Republic of Moldova",2013,0.26314566718,0.0669702316887755
"36658","Republic of Moldova",2014,0.26498733984,0.068159643997449
"36660","Republic of Moldova",2015,0.26702401004,0.0699645166045918
"36662","Republic of Moldova",2016,0.27209443728,0.0716377941556122
"36664","Republic of Moldova",2017,0.28052572896,0.0742677671479592
"36666","Republic of Moldova",2018,0.28843412739,0.0752158800994898
"36668","Republic of Moldova",2019,0.29193584481,0.0777049196377551
"36670","Republic of Moldova",2020,0.29193930575,0.0777109838571429
"36672","Republic of Moldova",2021,0.29194174889,0.0777245594617347
"50210","Republic of Mozambique",1990,55.26871972169,4.86419440083419
"50212","Republic of Mozambique",1991,55.62474865866,4.87306381789796
"50214","Republic of Mozambique",1992,56.1231494451,4.82649906207653
"50216","Republic of Mozambique",1993,56.74764074622,4.84421173382908
"50218","Republic of Mozambique",1994,57.48280615096,4.91957868735969
"50220","Republic of Mozambique",1995,58.30572553047,5.00756847843112
"50222","Republic of Mozambique",1996,60.45831994593,4.82673748794898
"50224","Republic of Mozambique",1997,64.34046422005,4.76534320058418
"50226","Republic of Mozambique",1998,68.65692204095,4.74422032498215
"50228","Republic of Mozambique",1999,72.10788179884,4.8292933197449
"50230","Republic of Mozambique",2000,73.39352909607,4.82355131607908
"50232","Republic of Mozambique",2001,71.43609994624,4.66073401779592
"50234","Republic of Mozambique",2002,66.81474515098,4.38025448571939
"50236","Republic of Mozambique",2003,60.71450454863,3.95628081993367
"50238","Republic of Mozambique",2004,54.31984019069,3.46534189408163
"50240","Republic of Mozambique",2005,48.81571865769,3.15282374759439
"50242","Republic of Mozambique",2006,44.01226577895,2.84264092965561
"50244","Republic of Mozambique",2007,39.11216946073,2.58838924592857
"50246","Republic of Mozambique",2008,34.38924607837,2.33846585723469
"50248","Republic of Mozambique",2009,30.11750331572,2.09233361497449
"50250","Republic of Mozambique",2010,26.57112909416,1.85897264105357
"50252","Republic of Mozambique",2011,23.37861545499,1.6753847106199
"50254","Republic of Mozambique",2012,20.22285194802,1.46897396284949
"50256","Republic of Mozambique",2013,17.45930897375,1.30985033624745
"50258","Republic of Mozambique",2014,15.44334634418,1.18895499982908
"50260","Republic of Mozambique",2015,14.53038789094,1.12766830639286
"50262","Republic of Mozambique",2016,14.43962745398,1.08585499259184
"50264","Republic of Mozambique",2017,14.59433136016,1.07827804506888
"50266","Republic of Mozambique",2018,14.90612853768,1.12747735118623
"50268","Republic of Mozambique",2019,15.28657441631,1.20899683183163
"50270","Republic of Mozambique",2020,15.87972026063,1.33721804736225
"50272","Republic of Mozambique",2021,15.57272092502,1.39323100470153
"52290","Republic of Namibia",1990,25.20228902537,2.16817896506378
"52292","Republic of Namibia",1991,24.85566442955,2.12332140070153
"52294","Republic of Namibia",1992,24.51968273682,2.09034195191327
"52296","Republic of Namibia",1993,24.19781046719,2.06761078306122
"52298","Republic of Namibia",1994,23.89328665983,2.05211829738265
"52300","Republic of Namibia",1995,23.60941108411,2.05193843289286
"52302","Republic of Namibia",1996,23.31351798068,2.00117305401276
"52304","Republic of Namibia",1997,22.9979155845,1.94158503991837
"52306","Republic of Namibia",1998,22.70199345797,1.89186523323214
"52308","Republic of Namibia",1999,22.46509275282,1.86091846804847
"52310","Republic of Namibia",2000,22.32657645697,1.87706823397194
"52312","Republic of Namibia",2001,22.27215061974,1.85757441582398
"52314","Republic of Namibia",2002,22.24710334372,1.84461653226531
"52316","Republic of Namibia",2003,22.22877877806,1.83115966196684
"52318","Republic of Namibia",2004,22.19454661972,1.82946306168112
"52320","Republic of Namibia",2005,22.12196070116,1.84618761333418
"52322","Republic of Namibia",2006,21.40729588849,1.76658519383418
"52324","Republic of Namibia",2007,19.80905766726,1.62132077295153
"52326","Republic of Namibia",2008,17.84708807004,1.45759667330612
"52328","Republic of Namibia",2009,16.04101386384,1.31851307114031
"52330","Republic of Namibia",2010,14.91029721076,1.28499659481633
"52332","Republic of Namibia",2011,14.35300707109,1.21093624440561
"52334","Republic of Namibia",2012,13.90286702871,1.17888698054592
"52336","Republic of Namibia",2013,13.5326029553,1.1423412116352
"52338","Republic of Namibia",2014,13.21493510194,1.1223644973801
"52340","Republic of Namibia",2015,12.92264169455,1.11713515846939
"52342","Republic of Namibia",2016,12.64547250494,1.07054152479592
"52344","Republic of Namibia",2017,12.39207165105,1.02619271309439
"52346","Republic of Namibia",2018,12.16363107017,0.99992179467347
"52348","Republic of Namibia",2019,11.9614354766,1.00286136117857
"52350","Republic of Namibia",2020,11.74634771074,0.994201860155612
"52352","Republic of Namibia",2021,11.66465015599,0.980569703790816
"57250","Republic of Nauru",1990,1.00577982031,0.154952699244898
"57252","Republic of Nauru",1991,1.02435280831,0.154259123170918
"57254","Republic of Nauru",1992,1.04282796461,0.155234803931122
"57256","Republic of Nauru",1993,1.06061040161,0.152358083028061
"57258","Republic of Nauru",1994,1.077104645,0.155172502096939
"57260","Republic of Nauru",1995,1.09171658785,0.159273808017857
"57262","Republic of Nauru",1996,1.10872998822,0.160096006160714
"57264","Republic of Nauru",1997,1.12982584543,0.16381938709949
"57266","Republic of Nauru",1998,1.15050558751,0.167581369234694
"57268","Republic of Nauru",1999,1.16626402586,0.169993960755102
"57270","Republic of Nauru",2000,1.17258741899,0.171127292954082
"57272","Republic of Nauru",2001,1.16795427418,0.171746375247449
"57274","Republic of Nauru",2002,1.15601835598,0.170178103214286
"57276","Republic of Nauru",2003,1.1400250802,0.166075095530612
"57278","Republic of Nauru",2004,1.12322597554,0.165868264614796
"57280","Republic of Nauru",2005,1.10887455918,0.167012270943878
"57282","Republic of Nauru",2006,1.09432101734,0.161990367441327
"57284","Republic of Nauru",2007,1.07655905748,0.155553207260204
"57286","Republic of Nauru",2008,1.0582978713,0.155501233714286
"57288","Republic of Nauru",2009,1.04224193671,0.156473106043367
"57290","Republic of Nauru",2010,1.03108963423,0.158664833836735
"57292","Republic of Nauru",2011,1.02212221801,0.155364632086735
"57294","Republic of Nauru",2012,1.01189655661,0.151428043186225
"57296","Republic of Nauru",2013,1.0020210714,0.151893706040816
"57298","Republic of Nauru",2014,0.99410825709,0.15454358827551
"57300","Republic of Nauru",2015,0.98977391232,0.158336075005102
"57302","Republic of Nauru",2016,0.98901951072,0.153489356211735
"57304","Republic of Nauru",2017,0.98995564218,0.150734278691327
"57306","Republic of Nauru",2018,0.99136453076,0.149872312558673
"57308","Republic of Nauru",2019,0.99201744464,0.154708879252551
"57310","Republic of Nauru",2020,0.98311264055,0.146026843196429
"57312","Republic of Nauru",2021,0.9800286604,0.153544990048469
"42690","Republic of Nicaragua",1990,0.28044891636,0.0839019586045918
"42692","Republic of Nicaragua",1991,0.2804589843,0.0839008304489796
"42694","Republic of Nicaragua",1992,0.28046913862,0.0839012462984694
"42696","Republic of Nicaragua",1993,0.28047901046,0.0839027217295918
"42698","Republic of Nicaragua",1994,0.28048960164,0.0839049492678571
"42700","Republic of Nicaragua",1995,0.28049864999,0.0839071763494898
"42702","Republic of Nicaragua",1996,0.28050674087,0.0839097115739796
"42704","Republic of Nicaragua",1997,0.28051463398,0.0839129814719388
"42706","Republic of Nicaragua",1998,0.28052257315,0.0839153312933673
"42708","Republic of Nicaragua",1999,0.28053023101,0.0839179377321429
"42710","Republic of Nicaragua",2000,0.28053681899,0.083919598247449
"42712","Republic of Nicaragua",2001,0.28054306121,0.0839207542984694
"42714","Republic of Nicaragua",2002,0.28054922097,0.0839218513418367
"42716","Republic of Nicaragua",2003,0.28055539611,0.0839221671020408
"42718","Republic of Nicaragua",2004,0.28056083327,0.0839220268928572
"42720","Republic of Nicaragua",2005,0.28056668334,0.0839204390408163
"42722","Republic of Nicaragua",2006,0.28057255373,0.0839182794923469
"42724","Republic of Nicaragua",2007,0.2805783491,0.0839157874413265
"42726","Republic of Nicaragua",2008,0.28058435755,0.0839126856836735
"42728","Republic of Nicaragua",2009,0.28058932993,0.0839088950816327
"42730","Republic of Nicaragua",2010,0.28059499215,0.0839043812270408
"42732","Republic of Nicaragua",2011,0.28060075139,0.0838993565943878
"42734","Republic of Nicaragua",2012,0.2806062841,0.083893952372449
"42736","Republic of Nicaragua",2013,0.2806119704,0.0838877792678571
"42738","Republic of Nicaragua",2014,0.28061673623,0.0838824415127551
"42740","Republic of Nicaragua",2015,0.28069507235,0.0838875819285714
"42742","Republic of Nicaragua",2016,0.28143434269,0.0829234919107143
"42744","Republic of Nicaragua",2017,0.28236779581,0.0818262522219388
"42746","Republic of Nicaragua",2018,0.28334881006,0.0812991362908163
"42748","Republic of Nicaragua",2019,0.28379815203,0.0801824725255102
"42750","Republic of Nicaragua",2020,0.27890083581,0.0793099572168367
"42752","Republic of Nicaragua",2021,0.27887328137,0.0793039459515306
"57730","Republic of Niue",1990,0.90345717769,0.149831755397959
"57732","Republic of Niue",1991,0.90474342064,0.146872488033163
"57734","Republic of Niue",1992,0.90589110896,0.14641515252551
"57736","Republic of Niue",1993,0.9068533514,0.14424538207398
"57738","Republic of Niue",1994,0.90755950015,0.145317990645408
"57740","Republic of Niue",1995,0.90793596867,0.148720918193878
"57742","Republic of Niue",1996,0.90843024089,0.143074306510204
"57744","Republic of Niue",1997,0.9091500446,0.140725325584184
"57746","Republic of Niue",1998,0.90953630109,0.139033269201531
"57748","Republic of Niue",1999,0.90902588615,0.140853955563775
"57750","Republic of Niue",2000,0.90701918836,0.143885977372449
"57752","Republic of Niue",2001,0.90126426697,0.141297571841837
"57754","Republic of Niue",2002,0.89126262412,0.141494255635204
"57756","Republic of Niue",2003,0.87899410644,0.141655905237245
"57758","Republic of Niue",2004,0.86639301574,0.143243061043367
"57760","Republic of Niue",2005,0.85536164002,0.147351305040816
"57762","Republic of Niue",2006,0.84161715965,0.141844150196429
"57764","Republic of Niue",2007,0.82272567764,0.137748724813776
"57766","Republic of Niue",2008,0.8033773191,0.133345942556122
"57768","Republic of Niue",2009,0.78824288508,0.132149062711735
"57770","Republic of Niue",2010,0.78199027366,0.131475492961735
"57772","Republic of Niue",2011,0.78567393824,0.12943735380102
"57774","Republic of Niue",2012,0.79528206798,0.131106983188776
"57776","Republic of Niue",2013,0.8078934616,0.131212762061225
"57778","Republic of Niue",2014,0.82060155692,0.132818397691327
"57780","Republic of Niue",2015,0.83050458795,0.138197188732143
"57782","Republic of Niue",2016,0.84080037829,0.13465901082398
"57784","Republic of Niue",2017,0.85387842272,0.136004056229592
"57786","Republic of Niue",2018,0.86558761659,0.141261292586735
"57788","Republic of Niue",2019,0.87173657762,0.144114652890306
"57790","Republic of Niue",2020,0.89679681256,0.148316137505102
"57792","Republic of Niue",2021,0.91596609006,0.149101802721939
"56450","Republic of Palau",1990,0.85061269,0.138664025454082
"56452","Republic of Palau",1991,0.84863872033,0.136815027846939
"56454","Republic of Palau",1992,0.84856297703,0.133046582704082
"56456","Republic of Palau",1993,0.84977657705,0.137200659716837
"56458","Republic of Palau",1994,0.85161642341,0.141968044484694
"56460","Republic of Palau",1995,0.85335182251,0.146241785341837
"56462","Republic of Palau",1996,0.85926205318,0.146461871892857
"56464","Republic of Palau",1997,0.87118363611,0.145843503609694
"56466","Republic of Palau",1998,0.8847349773,0.145005892770408
"56468","Republic of Palau",1999,0.89558346866,0.150693272066327
"56470","Republic of Palau",2000,0.89945613991,0.155962639647959
"56472","Republic of Palau",2001,0.8931039568,0.152823613125
"56474","Republic of Palau",2002,0.87906148645,0.150336352688776
"56476","Republic of Palau",2003,0.86177871647,0.14463090415051
"56478","Republic of Palau",2004,0.84570300957,0.140756573790816
"56480","Republic of Palau",2005,0.83528537876,0.143004907836735
"56482","Republic of Palau",2006,0.82874763504,0.136810456875
"56484","Republic of Palau",2007,0.82200991891,0.137503023306122
"56486","Republic of Palau",2008,0.81604644696,0.136030492548469
"56488","Republic of Palau",2009,0.81179255867,0.13744191340051
"56490","Republic of Palau",2010,0.81018515959,0.139856700010204
"56492","Republic of Palau",2011,0.81385091794,0.138169796153061
"56494","Republic of Palau",2012,0.8228936415,0.134867436122449
"56496","Republic of Palau",2013,0.83450986303,0.134371110267857
"56498","Republic of Palau",2014,0.84579729652,0.134327564890306
"56500","Republic of Palau",2015,0.85392017938,0.136595768109694
"56502","Republic of Palau",2016,0.86079720551,0.134934398053571
"56504","Republic of Palau",2017,0.86880509964,0.13356949057398
"56506","Republic of Palau",2018,0.87586005825,0.140562856989796
"56508","Republic of Palau",2019,0.87981489055,0.143627767502551
"56510","Republic of Palau",2020,0.86715018687,0.147650369798469
"56512","Republic of Palau",2021,0.86459473364,0.144289871645408
"43970","Republic of Panama",1990,0.37033691332,0.0797461359795919
"43972","Republic of Panama",1991,0.36458291639,0.0800850591530612
"43974","Republic of Panama",1992,0.36026581173,0.0791534843010204
"43976","Republic of Panama",1993,0.35720989487,0.0781889780612245
"43978","Republic of Panama",1994,0.35514975494,0.0773284940688775
"43980","Republic of Panama",1995,0.35397411199,0.0772562186734694
"43982","Republic of Panama",1996,0.35427211508,0.0746630355561225
"43984","Republic of Panama",1997,0.35627663546,0.073328087627551
"43986","Republic of Panama",1998,0.35934918316,0.0737078698010204
"43988","Republic of Panama",1999,0.3628506835,0.0730668142627551
"43990","Republic of Panama",2000,0.36615120204,0.0733813252015306
"43992","Republic of Panama",2001,0.36983265162,0.0723417618647959
"43994","Republic of Panama",2002,0.37440415685,0.0743166798163265
"43996","Republic of Panama",2003,0.37913587707,0.0773113888061225
"43998","Republic of Panama",2004,0.38330169174,0.0804591681556123
"44000","Republic of Panama",2005,0.38617249039,0.082868225127551
"44002","Republic of Panama",2006,0.38561963968,0.079557277617347
"44004","Republic of Panama",2007,0.38145884957,0.0766713685586735
"44006","Republic of Panama",2008,0.37585621309,0.073289091130102
"44008","Republic of Panama",2009,0.3709696818,0.0721003681020408
"44010","Republic of Panama",2010,0.36895907808,0.0720064432142857
"44012","Republic of Panama",2011,0.36902744856,0.0710946412780612
"44014","Republic of Panama",2012,0.36894169925,0.0719256921352041
"44016","Republic of Panama",2013,0.36871267932,0.0738629131530612
"44018","Republic of Panama",2014,0.3683534574,0.0775034225306122
"44020","Republic of Panama",2015,0.36787789375,0.0806326571403061
"44022","Republic of Panama",2016,0.36799313032,0.0813940185484694
"44024","Republic of Panama",2017,0.36888759986,0.0823704793647959
"44026","Republic of Panama",2018,0.3697984376,0.0834516400357143
"44028","Republic of Panama",2019,0.36993135117,0.0857802648316327
"44030","Republic of Panama",2020,0.3712504079,0.0849797934744898
"44032","Republic of Panama",2021,0.39464206874,0.100168513385204
"43490","Republic of Paraguay",1990,0.57863522581,0.0968836002142857
"43492","Republic of Paraguay",1991,0.57323567654,0.0960038749591837
"43494","Republic of Paraguay",1992,0.56923993532,0.0962820758622449
"43496","Republic of Paraguay",1993,0.56654517648,0.0964867694795918
"43498","Republic of Paraguay",1994,0.56505013829,0.10019154847449
"43500","Republic of Paraguay",1995,0.56465004637,0.101465658382653
"43502","Republic of Paraguay",1996,0.56682926784,0.10019585180102
"43504","Republic of Paraguay",1997,0.57187083033,0.0983779875994898
"43506","Republic of Paraguay",1998,0.57786804424,0.096658215122449
"43508","Republic of Paraguay",1999,0.58291647773,0.0994468446862245
"43510","Republic of Paraguay",2000,0.5851160874,0.100554170484694
"43512","Republic of Paraguay",2001,0.58361003909,0.0994758323928571
"43514","Republic of Paraguay",2002,0.57972701939,0.0976233664311225
"43516","Republic of Paraguay",2003,0.57484796787,0.0934537413290816
"43518","Republic of Paraguay",2004,0.57035330672,0.0929765364005102
"43520","Republic of Paraguay",2005,0.56762723527,0.0933727190918367
"43522","Republic of Paraguay",2006,0.56614502934,0.0926144073596939
"43524","Republic of Paraguay",2007,0.56459309013,0.0918457564642857
"43526","Republic of Paraguay",2008,0.56317430793,0.0945018116020408
"43528","Republic of Paraguay",2009,0.56208943056,0.0975524197806123
"43530","Republic of Paraguay",2010,0.56153712995,0.0994080680153061
"43532","Republic of Paraguay",2011,0.56187530621,0.0992718993035714
"43534","Republic of Paraguay",2012,0.56296653546,0.0977258683596939
"43536","Republic of Paraguay",2013,0.56426664351,0.0962559430688776
"43538","Republic of Paraguay",2014,0.56523812773,0.09595626425
"43540","Republic of Paraguay",2015,0.5653390834,0.0980151986071429
"43542","Republic of Paraguay",2016,0.56310660291,0.0949419013367347
"43544","Republic of Paraguay",2017,0.55881408489,0.0958676154770408
"43546","Republic of Paraguay",2018,0.55452242245,0.0955251493520408
"43548","Republic of Paraguay",2019,0.55228815776,0.0998233911887755
"43550","Republic of Paraguay",2020,0.55832196081,0.0892575376377551
"43552","Republic of Paraguay",2021,0.56528767425,0.0925737549668367
"42530","Republic of Peru",1990,0.66108100317,0.119692839272959
"42532","Republic of Peru",1991,0.67100986009,0.115191788630102
"42534","Republic of Peru",1992,0.67931447021,0.114232018178571
"42536","Republic of Peru",1993,0.68565927791,0.114452846183673
"42538","Republic of Peru",1994,0.689709742,0.114538540589286
"42540","Republic of Peru",1995,0.69113129671,0.118393432752551
"42542","Republic of Peru",1996,0.68941282152,0.117078139941327
"42544","Republic of Peru",1997,0.68532855966,0.116056021683673
"42546","Republic of Peru",1998,0.68047431987,0.112794914155612
"42548","Republic of Peru",1999,0.67644918459,0.113565871566327
"42550","Republic of Peru",2000,0.67485714865,0.11261572817602
"42552","Republic of Peru",2001,0.67669723982,0.110665332688776
"42554","Republic of Peru",2002,0.68083593319,0.115638320193878
"42556","Republic of Peru",2003,0.68567784871,0.11892455709949
"42558","Republic of Peru",2004,0.68962395682,0.121256055668367
"42560","Republic of Peru",2005,0.69106835119,0.124417296420918
"42562","Republic of Peru",2006,0.6879706777,0.122059988512755
"42564","Republic of Peru",2007,0.68104385247,0.119049342535714
"42566","Republic of Peru",2008,0.67281311135,0.119782334423469
"42568","Republic of Peru",2009,0.66582188946,0.118323355168367
"42570","Republic of Peru",2010,0.66263258518,0.116306955538265
"42572","Republic of Peru",2011,0.66447434358,0.118789578007653
"42574","Republic of Peru",2012,0.66945180331,0.119526735716837
"42576","Republic of Peru",2013,0.67544243177,0.122345795132653
"42578","Republic of Peru",2014,0.68030203725,0.128333393227041
"42580","Republic of Peru",2015,0.68189474674,0.130728812
"42582","Republic of Peru",2016,0.67762874091,0.12598881959949
"42584","Republic of Peru",2017,0.66917946065,0.121630799584184
"42586","Republic of Peru",2018,0.66082605095,0.118502174288265
"42588","Republic of Peru",2019,0.65684909489,0.115015335487245
"42590","Republic of Peru",2020,0.67224269932,0.120656030173469
"42592","Republic of Peru",2021,0.67222821819,0.120650479007653
"31490","Republic of Poland",1990,0.58852367292,0.0994010866709184
"31492","Republic of Poland",1991,0.56859592076,0.0946735651505102
"31494","Republic of Poland",1992,0.54998795725,0.0908621070459184
"31496","Republic of Poland",1993,0.53394585148,0.0885555220994898
"31498","Republic of Poland",1994,0.52084644065,0.0867164518163265
"31500","Republic of Poland",1995,0.5094390702,0.0856424201811224
"31502","Republic of Poland",1996,0.49942481892,0.0853695657244898
"31504","Republic of Poland",1997,0.48807891007,0.0847194515867347
"31506","Republic of Poland",1998,0.47683798561,0.0842798266862245
"31508","Republic of Poland",1999,0.46644136602,0.0837064374795918
"31510","Republic of Poland",2000,0.45784271487,0.0830990561964286
"31512","Republic of Poland",2001,0.44891252551,0.0823243224209184
"31514","Republic of Poland",2002,0.43819269368,0.0818206104795918
"31516","Republic of Poland",2003,0.427652048,0.0824415742066326
"31518","Republic of Poland",2004,0.41926500498,0.0826884866403061
"31520","Republic of Poland",2005,0.41501387208,0.0835154322219388
"31522","Republic of Poland",2006,0.41399840544,0.0833216770102041
"31524","Republic of Poland",2007,0.41395358843,0.0829551350867347
"31526","Republic of Poland",2008,0.41483104695,0.0834374678673469
"31528","Republic of Poland",2009,0.4165926431,0.0839851519438776
"31530","Republic of Poland",2010,0.4192186566,0.0840474510739796
"31532","Republic of Poland",2011,0.42434591252,0.0842772784362245
"31534","Republic of Poland",2012,0.43301815207,0.0845401924515306
"31536","Republic of Poland",2013,0.44433836666,0.0853476769489796
"31538","Republic of Poland",2014,0.45740840005,0.0863390507091837
"31540","Republic of Poland",2015,0.47133716882,0.0889112261326531
"31542","Republic of Poland",2016,0.49526711283,0.0943346136377551
"31544","Republic of Poland",2017,0.53100195924,0.101076805168367
"31546","Republic of Poland",2018,0.56665638524,0.10843478372449
"31548","Republic of Poland",2019,0.59032064643,0.112103631313776
"31550","Republic of Poland",2020,0.59691613161,0.112332267954082
"31552","Republic of Poland",2021,0.62335965322,0.118500406311225
"51810","Republic of Rwanda",1990,3.90310070739,0.381913605063776
"51812","Republic of Rwanda",1991,3.94141696005,0.38148534840051
"51814","Republic of Rwanda",1992,3.97838445877,0.391104741505102
"51816","Republic of Rwanda",1993,4.01280831033,0.401665081778061
"51818","Republic of Rwanda",1994,4.03866003937,0.409102063283163
"51820","Republic of Rwanda",1995,4.05858461611,0.413287427061225
"51822","Republic of Rwanda",1996,4.084584384,0.406764430502551
"51824","Republic of Rwanda",1997,4.11473496397,0.398312554012755
"51826","Republic of Rwanda",1998,4.14300153026,0.396560702375
"51828","Republic of Rwanda",1999,4.1635155809,0.395882757670918
"51830","Republic of Rwanda",2000,4.1704018792,0.401793266469388
"51832","Republic of Rwanda",2001,4.03912317999,0.380803308665816
"51834","Republic of Rwanda",2002,3.71716591275,0.346350902882653
"51836","Republic of Rwanda",2003,3.30695350955,0.30335839859949
"51838","Republic of Rwanda",2004,2.91089625113,0.27363313677551
"51840","Republic of Rwanda",2005,2.63150011752,0.25805367107398
"51842","Republic of Rwanda",2006,2.45231280208,0.246058133994898
"51844","Republic of Rwanda",2007,2.29114669625,0.229612181831633
"51846","Republic of Rwanda",2008,2.15189467087,0.221417381058674
"51848","Republic of Rwanda",2009,2.03847627895,0.217289754002551
"51850","Republic of Rwanda",2010,1.95481232199,0.21696930180102
"51852","Republic of Rwanda",2011,1.89206229736,0.216036480885204
"51854","Republic of Rwanda",2012,1.83843305788,0.21463865715051
"51856","Republic of Rwanda",2013,1.79332977627,0.210378652096939
"51858","Republic of Rwanda",2014,1.75623164962,0.210096390653061
"51860","Republic of Rwanda",2015,1.72663172854,0.209544065058673
"51862","Republic of Rwanda",2016,1.70377068565,0.198769844716837
"51864","Republic of Rwanda",2017,1.68479880445,0.193156560737245
"51866","Republic of Rwanda",2018,1.66592050304,0.190983270609694
"51868","Republic of Rwanda",2019,1.64338714466,0.191054282428571
"51870","Republic of Rwanda",2020,1.59150338334,0.190177374102041
"51872","Republic of Rwanda",2021,1.55893079811,0.197837960155612
"57410","Republic of San Marino",1990,0.29236873612,0.0791131671964286
"57412","Republic of San Marino",1991,0.29171027297,0.0776633734693878
"57414","Republic of San Marino",1992,0.29121157273,0.0765134494056122
"57416","Republic of San Marino",1993,0.29086306489,0.0781388575994898
"57418","Republic of San Marino",1994,0.29065549011,0.0788698404821429
"57420","Republic of San Marino",1995,0.29057996778,0.078847208744898
"57422","Republic of San Marino",1996,0.29028844756,0.0768167683265306
"57424","Republic of San Marino",1997,0.28961548318,0.0784646504566326
"57426","Republic of San Marino",1998,0.28882510654,0.0809604393647959
"57428","Republic of San Marino",1999,0.28818032031,0.08132898675
"57430","Republic of San Marino",2000,0.28794254841,0.0829604847295918
"57432","Republic of San Marino",2001,0.28789730924,0.0821675446632653
"57434","Republic of San Marino",2002,0.28772730554,0.0817158918443877
"57436","Republic of San Marino",2003,0.28753608193,0.081073134130102
"57438","Republic of San Marino",2004,0.28742533575,0.0809199573571429
"57440","Republic of San Marino",2005,0.28749549148,0.0818548660153061
"57442","Republic of San Marino",2006,0.28826761654,0.0807851649540816
"57444","Republic of San Marino",2007,0.28982890173,0.0804163689362245
"57446","Republic of San Marino",2008,0.291628242,0.0811570442448979
"57448","Republic of San Marino",2009,0.29311382839,0.0818965776173469
"57450","Republic of San Marino",2010,0.29373274946,0.0820336387908163
"57452","Republic of San Marino",2011,0.29373377579,0.0820353610510204
"57454","Republic of San Marino",2012,0.2937350654,0.0820370386020408
"57456","Republic of San Marino",2013,0.29373654859,0.0820389504821429
"57458","Republic of San Marino",2014,0.29373831207,0.0820411131352041
"57460","Republic of San Marino",2015,0.29374047065,0.0820432777193878
"57462","Republic of San Marino",2016,0.29391273783,0.0817726363647959
"57464","Republic of San Marino",2017,0.2942891992,0.0817037801938775
"57466","Republic of San Marino",2018,0.29466604157,0.0827630739387755
"57468","Republic of San Marino",2019,0.29483920465,0.0831946864540816
"57470","Republic of San Marino",2020,0.2948425046,0.0832067226887755
"57472","Republic of San Marino",2021,0.2948457555,0.0832184081658163
"55810","Republic of Senegal",1990,38.5630869815,3.57808814231888
"55812","Republic of Senegal",1991,38.65595495105,3.61968455269643
"55814","Republic of Senegal",1992,38.71159966677,3.69378000402806
"55816","Republic of Senegal",1993,38.73578527267,3.73523484262245
"55818","Republic of Senegal",1994,38.73399637424,3.75765664849235
"55820","Republic of Senegal",1995,38.71141077395,3.78603140953316
"55822","Republic of Senegal",1996,38.6431016402,3.73056832088775
"55824","Republic of Senegal",1997,38.50170544027,3.70543055244388
"55826","Republic of Senegal",1998,38.29122774332,3.72430426404592
"55828","Republic of Senegal",1999,38.01517259804,3.68301271555867
"55830","Republic of Senegal",2000,37.67698892332,3.67063879009439
"55832","Republic of Senegal",2001,36.45761537171,3.43978574538775
"55834","Republic of Senegal",2002,33.97609961132,3.17350681243878
"55836","Republic of Senegal",2003,30.89523617524,2.91349943325765
"55838","Republic of Senegal",2004,27.87762441734,2.64754820790561
"55840","Republic of Senegal",2005,25.58589944616,2.43102152620408
"55842","Republic of Senegal",2006,23.96300003559,2.16385319433929
"55844","Republic of Senegal",2007,22.49847742222,1.97633894576786
"55846","Republic of Senegal",2008,21.1762306737,1.80479184220153
"55848","Republic of Senegal",2009,19.98009797693,1.67298137409949
"55850","Republic of Senegal",2010,18.89398432656,1.52737268802041
"55852","Republic of Senegal",2011,17.79007512483,1.42786200865306
"55854","Republic of Senegal",2012,16.65199017481,1.3138988686199
"55856","Republic of Senegal",2013,15.63115525864,1.23123484158929
"55858","Republic of Senegal",2014,14.87913631095,1.17750920913776
"55860","Republic of Senegal",2015,14.54742217183,1.16527216617602
"55862","Republic of Senegal",2016,14.57771443386,1.20974706066326
"55864","Republic of Senegal",2017,14.73001272158,1.23435430197704
"55866","Republic of Senegal",2018,14.88325635644,1.30981665932653
"55868","Republic of Senegal",2019,14.91633481882,1.46844886335204
"55870","Republic of Senegal",2020,14.37544720006,1.41279695560969
"55872","Republic of Senegal",2021,14.17990674568,1.35807473914031
"32610","Republic of Serbia",1990,0.28504996212,0.0841696011122449
"32612","Republic of Serbia",1991,0.28556761451,0.0837449713903061
"32614","Republic of Serbia",1992,0.28605574771,0.0831536675765306
"32616","Republic of Serbia",1993,0.28645575629,0.0818681559489796
"32618","Republic of Serbia",1994,0.2867262377,0.0814145225382653
"32620","Republic of Serbia",1995,0.28682483447,0.0811753132117347
"32622","Republic of Serbia",1996,0.28682108058,0.0811864600663265
"32624","Republic of Serbia",1997,0.28681548457,0.0812009955255102
"32626","Republic of Serbia",1998,0.28680913829,0.081219714125
"32628","Republic of Serbia",1999,0.28680355873,0.0812432817984694
"32630","Republic of Serbia",2000,0.28679960473,0.0812714201122449
"32632","Republic of Serbia",2001,0.28643738296,0.0810923375739796
"32634","Republic of Serbia",2002,0.28558353948,0.0810405622806123
"32636","Republic of Serbia",2003,0.28456873739,0.0808192954846939
"32638","Republic of Serbia",2004,0.2837171546,0.0809599348903061
"32640","Republic of Serbia",2005,0.28335012369,0.0807750405892857
"32642","Republic of Serbia",2006,0.28370287679,0.0808424413928572
"32644","Republic of Serbia",2007,0.28456746595,0.0809208994795918
"32646","Republic of Serbia",2008,0.2855986504,0.0811935698137755
"32648","Republic of Serbia",2009,0.28645780908,0.0821271012397959
"32650","Republic of Serbia",2010,0.2868120788,0.0831706627295918
"32652","Republic of Serbia",2011,0.28680400125,0.0831752310204082
"32654","Republic of Serbia",2012,0.28679629451,0.0831776516147959
"32656","Republic of Serbia",2013,0.28678860335,0.0831785542321429
"32658","Republic of Serbia",2014,0.28678140402,0.0831787124260204
"32660","Republic of Serbia",2015,0.2867760382,0.0831779374464286
"32662","Republic of Serbia",2016,0.28685401805,0.0828948466658163
"32664","Republic of Serbia",2017,0.28703002359,0.0824939318239796
"32666","Republic of Serbia",2018,0.28720569211,0.082379420502551
"32668","Republic of Serbia",2019,0.28728285684,0.0824164882423469
"32670","Republic of Serbia",2020,0.28675254429,0.0831677539005102
"32672","Republic of Serbia",2021,0.28727496693,0.0824104634795918
"50050","Republic of Seychelles",1990,1.78221223471,0.216257147714286
"50052","Republic of Seychelles",1991,1.82268973228,0.225343338405612
"50054","Republic of Seychelles",1992,1.85768000533,0.22899573644898
"50056","Republic of Seychelles",1993,1.88524619784,0.235928389035714
"50058","Republic of Seychelles",1994,1.90348006169,0.239239612869898
"50060","Republic of Seychelles",1995,1.91048446041,0.239672398869898
"50062","Republic of Seychelles",1996,1.90664588738,0.232163493066327
"50064","Republic of Seychelles",1997,1.89648118105,0.237206812543367
"50066","Republic of Seychelles",1998,1.88429762132,0.241044989854592
"50068","Republic of Seychelles",1999,1.8743989368,0.241537459390306
"50070","Republic of Seychelles",2000,1.87108447218,0.245863988071429
"50072","Republic of Seychelles",2001,1.87959759018,0.241976850283163
"50074","Republic of Seychelles",2002,1.89796396569,0.245231482234694
"50076","Republic of Seychelles",2003,1.91964363638,0.24515205844898
"50078","Republic of Seychelles",2004,1.93815234957,0.249092320757653
"50080","Republic of Seychelles",2005,1.94699418447,0.250565172857143
"50082","Republic of Seychelles",2006,1.94242508443,0.248688179436225
"50084","Republic of Seychelles",2007,1.92881895455,0.243552746362245
"50086","Republic of Seychelles",2008,1.91180333361,0.233898737102041
"50088","Republic of Seychelles",2009,1.8970061252,0.233577911882653
"50090","Republic of Seychelles",2010,1.89008535049,0.239793010788265
"50092","Republic of Seychelles",2011,1.89104489298,0.231752918173469
"50094","Republic of Seychelles",2012,1.89451389955,0.235048968321429
"50096","Republic of Seychelles",2013,1.89811300139,0.238760156109694
"50098","Republic of Seychelles",2014,1.89948750871,0.246381186617347
"50100","Republic of Seychelles",2015,1.89626119459,0.251610343211735
"50102","Republic of Seychelles",2016,1.87890786649,0.24226741097449
"50104","Republic of Seychelles",2017,1.84700025388,0.236193610625
"50106","Republic of Seychelles",2018,1.81183070571,0.235285373364796
"50108","Republic of Seychelles",2019,1.78473440528,0.234103356540816
"50110","Republic of Seychelles",2020,1.7866500823,0.22740837207398
"50112","Republic of Seychelles",2021,1.76618133543,0.233930509415816
"55330","Republic of Sierra Leone",1990,44.7427595147,4.06600437102296
"55332","Republic of Sierra Leone",1991,46.31537475635,4.20489355916837
"55334","Republic of Sierra Leone",1992,49.03708166967,4.53589788223214
"55336","Republic of Sierra Leone",1993,52.66292612368,4.96615963256888
"55338","Republic of Sierra Leone",1994,56.94931241606,5.49435212993877
"55340","Republic of Sierra Leone",1995,61.63893386218,5.98280747510969
"55342","Republic of Sierra Leone",1996,67.43738436823,6.466516089625
"55344","Republic of Sierra Leone",1997,74.94995059933,7.19924465384183
"55346","Republic of Sierra Leone",1998,83.75112115209,7.87404099099235
"55348","Republic of Sierra Leone",1999,93.40785301524,8.60550985667602
"55350","Republic of Sierra Leone",2000,103.51145920615,9.17559829327296
"55352","Republic of Sierra Leone",2001,117.0925902141,9.87282655556377
"55354","Republic of Sierra Leone",2002,134.7406860653,10.6542204558852
"55356","Republic of Sierra Leone",2003,152.38017228426,11.4323116133138
"55358","Republic of Sierra Leone",2004,165.94310744168,12.083251823824
"55360","Republic of Sierra Leone",2005,171.37605191159,12.5904117787296
"55362","Republic of Sierra Leone",2006,166.78934899374,12.3080327412679
"55364","Republic of Sierra Leone",2007,155.16236570604,11.5608519660969
"55366","Republic of Sierra Leone",2008,139.72429490846,10.6504223075357
"55368","Republic of Sierra Leone",2009,123.6996295584,9.86058087956888
"55370","Republic of Sierra Leone",2010,110.32045328159,9.47972142383163
"55372","Republic of Sierra Leone",2011,98.12005948816,8.71835431350255
"55374","Republic of Sierra Leone",2012,84.82427913928,7.83587732184183
"55376","Republic of Sierra Leone",2013,72.44401357714,6.91319340838266
"55378","Republic of Sierra Leone",2014,62.99002387261,6.07184644863775
"55380","Republic of Sierra Leone",2015,58.47618753558,5.66817377379592
"55382","Republic of Sierra Leone",2016,57.34186163775,5.49301431728061
"55384","Republic of Sierra Leone",2017,56.57172747236,5.41514702118367
"55386","Republic of Sierra Leone",2018,55.99123570667,5.33398928166327
"55388","Republic of Sierra Leone",2019,55.42539017009,5.25476533291582
"55390","Republic of Sierra Leone",2020,54.88079382653,5.44637529339541
"55392","Republic of Sierra Leone",2021,53.3169516668,4.88396940950255
"30690","Republic of Singapore",1990,0.36549625808,0.0873630671096939
"30692","Republic of Singapore",1991,0.35005986758,0.0801367988035714
"30694","Republic of Singapore",1992,0.33536481678,0.0730709262117347
"30696","Republic of Singapore",1993,0.31947860527,0.0687795694005102
"30698","Republic of Singapore",1994,0.30428511645,0.0657681374285714
"30700","Republic of Singapore",1995,0.28881504092,0.0639430866709184
"30702","Republic of Singapore",1996,0.27834436697,0.0621669829719388
"30704","Republic of Singapore",1997,0.27446182646,0.0617861057653061
"30706","Republic of Singapore",1998,0.27046398088,0.060544729752551
"30708","Republic of Singapore",1999,0.26450936382,0.0601584200612245
"30710","Republic of Singapore",2000,0.26104544403,0.0590748457321429
"30712","Republic of Singapore",2001,0.26074346258,0.0585182334005102
"30714","Republic of Singapore",2002,0.25999750334,0.0594673367244898
"30716","Republic of Singapore",2003,0.25761699418,0.0608514247219388
"30718","Republic of Singapore",2004,0.25527695532,0.0619992066173469
"30720","Republic of Singapore",2005,0.25361549295,0.0627993920561224
"30722","Republic of Singapore",2006,0.25233518064,0.0606251178316327
"30724","Republic of Singapore",2007,0.25231297613,0.0607042216760204
"30726","Republic of Singapore",2008,0.25031108675,0.0596543085102041
"30728","Republic of Singapore",2009,0.24936456957,0.0603311647984694
"30730","Republic of Singapore",2010,0.24719090406,0.0608107273647959
"30732","Republic of Singapore",2011,0.24578022432,0.0598210918596939
"30734","Republic of Singapore",2012,0.24557491886,0.0599956306581633
"30736","Republic of Singapore",2013,0.24767945391,0.0612249870714286
"30738","Republic of Singapore",2014,0.24956910448,0.0632372902346939
"30740","Republic of Singapore",2015,0.25106980504,0.0648303703086735
"30742","Republic of Singapore",2016,0.25372492933,0.0649798428571429
"30744","Republic of Singapore",2017,0.25656021417,0.068132151752551
"30746","Republic of Singapore",2018,0.25919019134,0.0709349005688776
"30748","Republic of Singapore",2019,0.26081683682,0.0734158523494898
"30750","Republic of Singapore",2020,0.26079497634,0.073446847497449
"30752","Republic of Singapore",2021,0.26480817808,0.0667567449030612
"34050","Republic of Slovenia",1990,0.25600120618,0.0681147654183673
"34052","Republic of Slovenia",1991,0.25360910632,0.0638780782397959
"34054","Republic of Slovenia",1992,0.25124178747,0.0621393916377551
"34056","Republic of Slovenia",1993,0.24902998286,0.0607245568010204
"34058","Republic of Slovenia",1994,0.24710173799,0.0608570362397959
"34060","Republic of Slovenia",1995,0.2455895592,0.0624810452244898
"34062","Republic of Slovenia",1996,0.24333094267,0.0600545983520408
"34064","Republic of Slovenia",1997,0.23978079613,0.0573598691454082
"34066","Republic of Slovenia",1998,0.23596773852,0.056339480002551
"34068","Republic of Slovenia",1999,0.23293283439,0.056724585875
"34070","Republic of Slovenia",2000,0.23172139643,0.056805969122449
"34072","Republic of Slovenia",2001,0.23254864868,0.0567492386607143
"34074","Republic of Slovenia",2002,0.23451513579,0.0569403116785714
"34076","Republic of Slovenia",2003,0.23698606292,0.0569376322346939
"34078","Republic of Slovenia",2004,0.2393278368,0.0589319676122449
"34080","Republic of Slovenia",2005,0.24090461343,0.0611632865969388
"34082","Republic of Slovenia",2006,0.24205865466,0.0606254271709184
"34084","Republic of Slovenia",2007,0.24340964488,0.0592377855306122
"34086","Republic of Slovenia",2008,0.24473286057,0.061405907994898
"34088","Republic of Slovenia",2009,0.24580306312,0.0618411894260204
"34090","Republic of Slovenia",2010,0.24639767289,0.0621847988520408
"34092","Republic of Slovenia",2011,0.24641449521,0.0629912628341837
"34094","Republic of Slovenia",2012,0.24610977671,0.0633563321147959
"34096","Republic of Slovenia",2013,0.24579171787,0.0646310083290816
"34098","Republic of Slovenia",2014,0.24576827846,0.065464055630102
"34100","Republic of Slovenia",2015,0.24635190437,0.0665029296352041
"34102","Republic of Slovenia",2016,0.24943612443,0.0680844609489796
"34104","Republic of Slovenia",2017,0.25493300682,0.0679298857091837
"34106","Republic of Slovenia",2018,0.26018246721,0.0691976402908163
"34108","Republic of Slovenia",2019,0.26252400123,0.0722314764617347
"34110","Republic of Slovenia",2020,0.26252301741,0.0722303368316327
"34112","Republic of Slovenia",2021,0.26590537862,0.0758906939872449
"52130","Republic of South Africa",1990,14.58551698556,4.4594383723648
"52132","Republic of South Africa",1991,14.84237842813,4.22435070643112
"52134","Republic of South Africa",1992,15.05736157686,3.99785275774235
"52136","Republic of South Africa",1993,15.21794702188,3.84320353529847
"52138","Republic of South Africa",1994,15.31258773948,3.76082235695153
"52140","Republic of South Africa",1995,15.3281468936,3.67183161093623
"52142","Republic of South Africa",1996,15.27222082608,3.56308308589541
"52144","Republic of South Africa",1997,15.16453926976,3.41102246778316
"52146","Republic of South Africa",1998,15.00648880331,3.3435975846352
"52148","Republic of South Africa",1999,14.79832166201,3.28212454616327
"52150","Republic of South Africa",2000,14.54040171251,3.28105510833418
"52152","Republic of South Africa",2001,14.06583008604,3.05164228859184
"52154","Republic of South Africa",2002,13.3196836253,2.69699151661224
"52156","Republic of South Africa",2003,12.46726413553,2.32943149721173
"52158","Republic of South Africa",2004,11.67275866003,2.02048685110969
"52160","Republic of South Africa",2005,11.09568880191,1.91917243209439
"52162","Republic of South Africa",2006,10.61576470763,1.82601058117347
"52164","Republic of South Africa",2007,10.05747324801,1.76791356052551
"52166","Republic of South Africa",2008,9.48903593201,1.71515758143367
"52168","Republic of South Africa",2009,8.97833731729,1.6889269893699
"52170","Republic of South Africa",2010,8.59042296131,1.63871369629337
"52172","Republic of South Africa",2011,8.26002483099,1.42728822634949
"52174","Republic of South Africa",2012,7.91513491943,1.25118232157143
"52176","Republic of South Africa",2013,7.60731335641,1.13408118916837
"52178","Republic of South Africa",2014,7.38690424851,1.01577045319643
"52180","Republic of South Africa",2015,7.30362164007,1.01273375888775
"52182","Republic of South Africa",2016,7.63980283845,1.12019280212755
"52184","Republic of South Africa",2017,8.41556757555,1.45029584527806
"52186","Republic of South Africa",2018,9.29059934578,1.82002206934949
"52188","Republic of South Africa",2019,9.92581390206,2.1651337518801
"52190","Republic of South Africa",2020,10.08572167218,2.29819037905102
"52192","Republic of South Africa",2021,10.18654793859,2.65887985093622
"58210","Republic of South Sudan",1990,4.45629226891,0.413338368436224
"58212","Republic of South Sudan",1991,4.49011058516,0.407173479140306
"58214","Republic of South Sudan",1992,4.57809487233,0.412550891492347
"58216","Republic of South Sudan",1993,4.70802719083,0.428701884778061
"58218","Republic of South Sudan",1994,4.86767748333,0.455359024403061
"58220","Republic of South Sudan",1995,5.04486547419,0.482225491977041
"58222","Republic of South Sudan",1996,5.3713814911,0.49263040884949
"58224","Republic of South Sudan",1997,5.88766819709,0.521716052946428
"58226","Republic of South Sudan",1998,6.44429685888,0.565205316237245
"58228","Republic of South Sudan",1999,6.89195178784,0.607001651992347
"58230","Republic of South Sudan",2000,7.0814521948,0.625069157362245
"58232","Republic of South Sudan",2001,7.08321698602,0.617606064201531
"58234","Republic of South Sudan",2002,7.06809348067,0.600501473545919
"58236","Republic of South Sudan",2003,7.037428592,0.595390227961735
"58238","Republic of South Sudan",2004,6.9925755492,0.59716855969898
"58240","Republic of South Sudan",2005,6.93490102167,0.603893009507653
"58242","Republic of South Sudan",2006,6.6354764747,0.57653287365051
"58244","Republic of South Sudan",2007,5.99882051707,0.524955784329082
"58246","Republic of South Sudan",2008,5.22626776903,0.459313552604592
"58248","Republic of South Sudan",2009,4.51897751419,0.413118654997449
"58250","Republic of South Sudan",2010,4.07802868526,0.389979375505102
"58252","Republic of South Sudan",2011,3.85156144977,0.36708950872449
"58254","Republic of South Sudan",2012,3.6569372266,0.347366818589286
"58256","Republic of South Sudan",2013,3.49896678761,0.329066241270408
"58258","Republic of South Sudan",2014,3.38219198086,0.319660231584184
"58260","Republic of South Sudan",2015,3.31134137618,0.321036601737245
"58262","Republic of South Sudan",2016,3.27052382937,0.309267571030612
"58264","Republic of South Sudan",2017,3.2384361943,0.31144961919898
"58266","Republic of South Sudan",2018,3.21351892706,0.316177775290816
"58268","Republic of South Sudan",2019,3.19455623252,0.326721927262755
"58270","Republic of South Sudan",2020,3.17681746858,0.33680405834949
"58272","Republic of South Sudan",2021,3.1328490638,0.304825980170918
"57890","Republic of Sudan",1990,2.92361124031,0.344589483530612
"57892","Republic of Sudan",1991,2.93058717291,0.333490257790816
"57894","Republic of Sudan",1992,2.95148155371,0.327180119793367
"57896","Republic of Sudan",1993,2.9834674678,0.329398997571429
"57898","Republic of Sudan",1994,3.02361975471,0.333539653346939
"57900","Republic of Sudan",1995,3.06906544858,0.339484754530612
"57902","Republic of Sudan",1996,3.14991819665,0.342564388321429
"57904","Republic of Sudan",1997,3.28050726141,0.351945144053571
"57906","Republic of Sudan",1998,3.43433638219,0.370309847528061
"57908","Republic of Sudan",1999,3.58499438101,0.38667497794898
"57910","Republic of Sudan",2000,3.70601098991,0.401345479165816
"57912","Republic of Sudan",2001,3.81634723418,0.404661243545918
"57914","Republic of Sudan",2002,3.93908147304,0.414406351091837
"57916","Republic of Sudan",2003,4.05386009912,0.42592969867602
"57918","Republic of Sudan",2004,4.14029401062,0.440369978081632
"57920","Republic of Sudan",2005,4.17808597214,0.449465849459184
"57922","Republic of Sudan",2006,4.17122615068,0.440850895048469
"57924","Republic of Sudan",2007,4.14388890844,0.425928664063776
"57926","Republic of Sudan",2008,4.10603762344,0.417227096880102
"57928","Republic of Sudan",2009,4.06771898897,0.413637430806122
"57930","Republic of Sudan",2010,4.03900595223,0.415016038558673
"57932","Republic of Sudan",2011,4.02401537403,0.415448831329082
"57934","Republic of Sudan",2012,4.0143727453,0.408158105423469
"57936","Republic of Sudan",2013,4.00149422631,0.406683942882653
"57938","Republic of Sudan",2014,3.97684567485,0.416540019517857
"57940","Republic of Sudan",2015,3.93191987483,0.422986915778061
"57942","Republic of Sudan",2016,3.81040095823,0.408935438568878
"57944","Republic of Sudan",2017,3.61237465424,0.389072964359694
"57946","Republic of Sudan",2018,3.41394001144,0.368241703303571
"57948","Republic of Sudan",2019,3.29126624853,0.370353146630102
"57950","Republic of Sudan",2020,3.39020761633,0.389556728931122
"57952","Republic of Sudan",2021,3.22395500748,0.35400074132398
"43010","Republic of Suriname",1990,0.30488310468,0.0809190212321429
"43012","Republic of Suriname",1991,0.30573446602,0.0794320807295918
"43014","Republic of Suriname",1992,0.30665932487,0.0795256990382653
"43016","Republic of Suriname",1993,0.3075352819,0.0807819080280612
"43018","Republic of Suriname",1994,0.30824092982,0.0802395480229592
"43020","Republic of Suriname",1995,0.30865205428,0.0810665857117347
"43022","Republic of Suriname",1996,0.30922029224,0.0806320284617347
"43024","Republic of Suriname",1997,0.31024596728,0.0817384608112245
"43026","Republic of Suriname",1998,0.31137416148,0.0832563927729592
"43028","Republic of Suriname",1999,0.31224943259,0.0824662283316327
"43030","Republic of Suriname",2000,0.31251917325,0.0810817367857143
"43032","Republic of Suriname",2001,0.31178502726,0.0825518308877551
"43034","Republic of Suriname",2002,0.31024515481,0.0825264758596939
"43036","Republic of Suriname",2003,0.30844451441,0.0813785975306122
"43038","Republic of Suriname",2004,0.30692682429,0.0824642640637755
"43040","Republic of Suriname",2005,0.30623337109,0.0825989309566326
"43042","Republic of Suriname",2006,0.30647706163,0.0819434205153061
"43044","Republic of Suriname",2007,0.3072162505,0.0812786990229592
"43046","Republic of Suriname",2008,0.30816185201,0.0815629301734694
"43048","Republic of Suriname",2009,0.30902579139,0.0810927067346939
"43050","Republic of Suriname",2010,0.30952202998,0.0842880370153061
"43052","Republic of Suriname",2011,0.30996701585,0.0826782200612245
"43054","Republic of Suriname",2012,0.31070662445,0.0820152303520408
"43056","Republic of Suriname",2013,0.31149839105,0.0815781483341837
"43058","Republic of Suriname",2014,0.31210289611,0.0830894948647959
"43060","Republic of Suriname",2015,0.31228594352,0.0841973369872449
"43062","Republic of Suriname",2016,0.31176175492,0.0810633520331633
"43064","Republic of Suriname",2017,0.31077119036,0.0814222275178571
"43066","Republic of Suriname",2018,0.30986210769,0.0837602254413265
"43068","Republic of Suriname",2019,0.30957413615,0.0847978422959184
"43070","Republic of Suriname",2020,0.31532861069,0.0843548893265306
"43072","Republic of Suriname",2021,0.3149593295,0.0849916876683674
"29090","Republic of Tajikistan",1990,0.31040064389,0.084959408252551
"29092","Republic of Tajikistan",1991,0.31044228113,0.0849684502040816
"29094","Republic of Tajikistan",1992,0.31049732318,0.0849972746454082
"29096","Republic of Tajikistan",1993,0.31033311586,0.0850348735357143
"29098","Republic of Tajikistan",1994,0.31032589133,0.0850588629387755
"29100","Republic of Tajikistan",1995,0.31033228906,0.0850914419846939
"29102","Republic of Tajikistan",1996,0.31031298222,0.0851188573979592
"29104","Republic of Tajikistan",1997,0.31030363328,0.0851567741454082
"29106","Republic of Tajikistan",1998,0.31029716625,0.0851899397551021
"29108","Republic of Tajikistan",1999,0.3102997565,0.0852233361964286
"29110","Republic of Tajikistan",2000,0.31028428729,0.0852613124438776
"29112","Republic of Tajikistan",2001,0.31027560592,0.0852955975127551
"29114","Republic of Tajikistan",2002,0.31027279821,0.0853268228418367
"29116","Republic of Tajikistan",2003,0.31027274885,0.0853605056479592
"29118","Republic of Tajikistan",2004,0.31027320409,0.0853950352984694
"29120","Republic of Tajikistan",2005,0.31027318175,0.085425415755102
"29122","Republic of Tajikistan",2006,0.31014348386,0.0838493853979592
"29124","Republic of Tajikistan",2007,0.30984117366,0.0824303434311224
"29126","Republic of Tajikistan",2008,0.30948268394,0.0822825230714286
"29128","Republic of Tajikistan",2009,0.30918280271,0.0818064425765306
"29130","Republic of Tajikistan",2010,0.3090602015,0.0815753601071429
"29132","Republic of Tajikistan",2011,0.30906620768,0.0815742392984694
"29134","Republic of Tajikistan",2012,0.30907338337,0.0815736477959184
"29136","Republic of Tajikistan",2013,0.30908089687,0.0815728721530612
"29138","Republic of Tajikistan",2014,0.30908623527,0.0815748199744898
"29140","Republic of Tajikistan",2015,0.30909047072,0.0815786478010204
"29142","Republic of Tajikistan",2016,0.3090941537,0.0815825987806122
"29144","Republic of Tajikistan",2017,0.30909856102,0.081582440505102
"29146","Republic of Tajikistan",2018,0.30910313007,0.0815803762984694
"29148","Republic of Tajikistan",2019,0.3091056273,0.0815804728392857
"29150","Republic of Tajikistan",2020,0.30910809685,0.0815803600688775
"29152","Republic of Tajikistan",2021,0.30911167486,0.0815785557295918
"51650","Republic of the Congo",1990,25.75118242474,2.16995218463265
"51652","Republic of the Congo",1991,25.95534031944,2.20774952647704
"51654","Republic of the Congo",1992,26.45351736072,2.22734156334949
"51656","Republic of the Congo",1993,27.18090954273,2.28255455657398
"51658","Republic of the Congo",1994,28.07370208338,2.39663884873469
"51660","Republic of the Congo",1995,29.06656512962,2.52421472996684
"51662","Republic of the Congo",1996,30.60885828398,2.64759611618112
"51664","Republic of the Congo",1997,32.94143510383,2.80840313322194
"51666","Republic of the Congo",1998,35.69137126709,3.0491853073648
"51668","Republic of the Congo",1999,38.48878569525,3.31135250599745
"51670","Republic of the Congo",2000,40.95695057334,3.6387705452398
"51672","Republic of the Congo",2001,43.46709172657,3.81037064544133
"51674","Republic of the Congo",2002,46.30183415418,4.04809131096429
"51676","Republic of the Congo",2003,48.95512042728,4.25904140055612
"51678","Republic of the Congo",2004,50.92160501862,4.42308507787755
"51680","Republic of the Congo",2005,51.69517578371,4.48231470395408
"51682","Republic of the Congo",2006,48.64998627948,4.18645046954847
"51684","Republic of the Congo",2007,41.34610811521,3.53403632263265
"51686","Republic of the Congo",2008,32.5614493851,2.77714801714031
"51688","Republic of the Congo",2009,25.07645195256,2.15075443753316
"51690","Republic of the Congo",2010,21.67293310702,1.88431120029847
"51692","Republic of the Congo",2011,21.32509931668,1.8493679048852
"51694","Republic of the Congo",2012,21.10609567442,1.82597053669388
"51696","Republic of the Congo",2013,20.94766877313,1.82086852076275
"51698","Republic of the Congo",2014,20.78168721023,1.84852612258929
"51700","Republic of the Congo",2015,20.53960677685,1.83937548773725
"51702","Republic of the Congo",2016,20.15870219392,1.76781428482398
"51704","Republic of the Congo",2017,19.65772312756,1.69298871163265
"51706","Republic of the Congo",2018,19.09070116429,1.60187879104847
"51708","Republic of the Congo",2019,18.51153661757,1.53554671004592
"51710","Republic of the Congo",2020,17.5782732564,1.54836402501531
"51712","Republic of the Congo",2021,17.09504871327,1.54287265933418
"53890","Republic of the Gambia",1990,60.88527091784,5.67449736188265
"53892","Republic of the Gambia",1991,61.06557386489,5.49086025450255
"53894","Republic of the Gambia",1992,61.29210835431,5.39628456221428
"53896","Republic of the Gambia",1993,61.55286632652,5.23233936928571
"53898","Republic of the Gambia",1994,61.83732413932,5.17758984059184
"53900","Republic of the Gambia",1995,62.13487051402,5.14881585844643
"53902","Republic of the Gambia",1996,62.57564856849,5.19730920715817
"53904","Republic of the Gambia",1997,63.19106686364,5.23686498829847
"53906","Republic of the Gambia",1998,63.82369680274,5.34966277609184
"53908","Republic of the Gambia",1999,64.313684547,5.51549412646429
"53910","Republic of the Gambia",2000,64.50159671253,5.62278615130102
"53912","Republic of the Gambia",2001,63.17809131603,5.36496379529592
"53914","Republic of the Gambia",2002,59.87027407432,5.00364625681633
"53916","Republic of the Gambia",2003,55.52390832928,4.66557741197704
"53918","Republic of the Gambia",2004,51.08405263225,4.27608218872704
"53920","Republic of the Gambia",2005,47.4948215808,3.98107399996939
"53922","Republic of the Gambia",2006,44.70175603014,3.74847982844643
"53924","Republic of the Gambia",2007,42.03952173741,3.6221700287602
"53926","Republic of the Gambia",2008,39.53650313889,3.50802891542857
"53928","Republic of the Gambia",2009,37.22115285722,3.42996961572449
"53930","Republic of the Gambia",2010,35.12196270641,3.27913794709949
"53932","Republic of the Gambia",2011,33.10321525078,3.08507483990306
"53934","Republic of the Gambia",2012,31.11054751274,2.96031223980612
"53936","Republic of the Gambia",2013,29.29497468403,2.76833461276786
"53938","Republic of the Gambia",2014,27.80752655539,2.65278779949745
"53940","Republic of the Gambia",2015,26.7992920773,2.56797378897194
"53942","Republic of the Gambia",2016,26.18688715917,2.52165201555357
"53944","Republic of the Gambia",2017,25.72651792508,2.502444631625
"53946","Republic of the Gambia",2018,25.32882924914,2.4975790485
"53948","Republic of the Gambia",2019,24.90446964187,2.50212608370918
"53950","Republic of the Gambia",2020,24.38109675902,2.23934940269898
"53952","Republic of the Gambia",2021,23.48545290872,2.33007703416582
"26370","Republic of the Marshall Islands",1990,1.47630124891,0.202156492283163
"26372","Republic of the Marshall Islands",1991,1.45474111897,0.196515161173469
"26374","Republic of the Marshall Islands",1992,1.43780595053,0.189251844515306
"26376","Republic of the Marshall Islands",1993,1.42501471487,0.185618668433673
"26378","Republic of the Marshall Islands",1994,1.41589314205,0.185902037841837
"26380","Republic of the Marshall Islands",1995,1.40994649779,0.192196193408163
"26382","Republic of the Marshall Islands",1996,1.41247114553,0.184304702020408
"26384","Republic of the Marshall Islands",1997,1.42446979524,0.184076350178571
"26386","Republic of the Marshall Islands",1998,1.43898715761,0.188584023767857
"26388","Republic of the Marshall Islands",1999,1.44906213202,0.189591285227041
"26390","Republic of the Marshall Islands",2000,1.44773158974,0.19120770417602
"26392","Republic of the Marshall Islands",2001,1.42883148944,0.191748108188776
"26394","Republic of the Marshall Islands",2002,1.39582777561,0.189317683359694
"26396","Republic of the Marshall Islands",2003,1.35616861528,0.182915437158163
"26398","Republic of the Marshall Islands",2004,1.3172962898,0.17740195459949
"26400","Republic of the Marshall Islands",2005,1.28665835007,0.176084114053571
"26402","Republic of the Marshall Islands",2006,1.26110691615,0.171506642946429
"26404","Republic of the Marshall Islands",2007,1.23466516612,0.169230485543367
"26406","Republic of the Marshall Islands",2008,1.21052380902,0.166364256841837
"26408","Republic of the Marshall Islands",2009,1.19187508795,0.166481585122449
"26410","Republic of the Marshall Islands",2010,1.18191648144,0.170729358571429
"26412","Republic of the Marshall Islands",2011,1.17883885293,0.170573527484694
"26414","Republic of the Marshall Islands",2012,1.17831902346,0.168854320040816
"26416","Republic of the Marshall Islands",2013,1.17978670612,0.172496816107143
"26418","Republic of the Marshall Islands",2014,1.1826714564,0.175210529079082
"26420","Republic of the Marshall Islands",2015,1.18640348908,0.176059438186225
"26422","Republic of the Marshall Islands",2016,1.19110533812,0.174752992285714
"26424","Republic of the Marshall Islands",2017,1.19642369321,0.169339936117347
"26426","Republic of the Marshall Islands",2018,1.20105936135,0.167156294821429
"26428","Republic of the Marshall Islands",2019,1.20370289983,0.171876493316327
"26430","Republic of the Marshall Islands",2020,1.19078588738,0.177234017318878
"26432","Republic of the Marshall Islands",2021,1.17405220241,0.177200489540816
"54210","Republic of the Niger",1990,38.13875757627,3.74901271130867
"54212","Republic of the Niger",1991,38.07046744448,3.65144538357908
"54214","Republic of the Niger",1992,38.10711588357,3.60127153247704
"54216","Republic of the Niger",1993,38.22784451981,3.65231064842602
"54218","Republic of the Niger",1994,38.40923758916,3.59159887960714
"54220","Republic of the Niger",1995,38.6301738214,3.56396247333418
"54222","Republic of the Niger",1996,38.98610476871,3.59478072421173
"54224","Republic of the Niger",1997,39.58280784468,3.66904057918878
"54226","Republic of the Niger",1998,40.41659342457,3.7413300453699
"54228","Republic of the Niger",1999,41.48620807172,3.86441280816837
"54230","Republic of the Niger",2000,42.78929446917,3.9945925626148
"54232","Republic of the Niger",2001,45.38606301381,4.28755990191326
"54234","Republic of the Niger",2002,49.92376627095,4.71530534029082
"54236","Republic of the Niger",2003,55.78466534743,5.34759137691327
"54238","Republic of the Niger",2004,62.35313374919,5.90243115395918
"54240","Republic of the Niger",2005,69.01291724028,6.5953562923699
"54242","Republic of the Niger",2006,77.6536116323,7.12695473927041
"54244","Republic of the Niger",2007,88.85737253137,7.89634539134184
"54246","Republic of the Niger",2008,100.04526597002,8.64140319153826
"54248","Republic of the Niger",2009,108.6419174859,9.4028335357551
"54250","Republic of the Niger",2010,112.07540561993,9.78682063537755
"54252","Republic of the Niger",2011,106.51481091132,9.19520824046429
"54254","Republic of the Niger",2012,93.24152636942,8.18066540142347
"54256","Republic of the Niger",2013,77.30942147992,6.90916750063011
"54258","Republic of the Niger",2014,63.78762424845,5.7659070112398
"54260","Republic of the Niger",2015,57.69356581681,5.3810248723801
"54262","Republic of the Niger",2016,57.18732374194,5.26445027530357
"54264","Republic of the Niger",2017,56.90199248536,5.23404569052296
"54266","Republic of the Niger",2018,56.64804474079,5.23541768857398
"54268","Republic of the Niger",2019,56.24598556548,5.25482183344388
"54270","Republic of the Niger",2020,54.99125378631,5.14159534265051
"54272","Republic of the Niger",2021,54.06340892832,5.30721332515306
"29410","Republic of the Philippines",1990,4.24599089887,0.437496877793367
"29412","Republic of the Philippines",1991,4.22392216191,0.43635238082398
"29414","Republic of the Philippines",1992,4.19715115229,0.435041514362245
"29416","Republic of the Philippines",1993,4.16576277823,0.430306810295918
"29418","Republic of the Philippines",1994,4.13098607499,0.425487603257653
"29420","Republic of the Philippines",1995,4.09410512339,0.421141385369898
"29422","Republic of the Philippines",1996,4.03969455969,0.417397219038265
"29424","Republic of the Philippines",1997,3.96309163874,0.411823622448979
"29426","Republic of the Philippines",1998,3.88164646167,0.405740013423469
"29428","Republic of the Philippines",1999,3.81283207526,0.398943520818878
"29430","Republic of the Philippines",2000,3.77413765476,0.394273916579082
"29432","Republic of the Philippines",2001,3.76554177816,0.394343330028061
"29434","Republic of the Philippines",2002,3.77082829201,0.394933645127551
"29436","Republic of the Philippines",2003,3.78302063205,0.396179748193878
"29438","Republic of the Philippines",2004,3.79514639555,0.397322837637755
"29440","Republic of the Philippines",2005,3.80023057063,0.397743627966837
"29442","Republic of the Philippines",2006,3.80259240154,0.398454643145408
"29444","Republic of the Philippines",2007,3.80816401819,0.399796717178571
"29446","Republic of the Philippines",2008,3.81222336273,0.401467648760204
"29448","Republic of the Philippines",2009,3.80959966583,0.402712562951531
"29450","Republic of the Philippines",2010,3.79538660111,0.401992302806122
"29452","Republic of the Philippines",2011,3.74511073084,0.397517652668367
"29454","Republic of the Philippines",2012,3.65211950529,0.389882492043367
"29456","Republic of the Philippines",2013,3.53766480592,0.380804894604592
"29458","Republic of the Philippines",2014,3.42303974808,0.372089769556122
"29460","Republic of the Philippines",2015,3.32948008157,0.366708597594388
"29462","Republic of the Philippines",2016,3.24708278118,0.363783377954082
"29464","Republic of the Philippines",2017,3.16071612471,0.359537418178571
"29466","Republic of the Philippines",2018,3.08367875826,0.354850616502551
"29468","Republic of the Philippines",2019,3.02942400712,0.349523067515306
"29470","Republic of the Philippines",2020,3.09642445937,0.345306134469388
"29472","Republic of the Philippines",2021,2.96860587284,0.332612780221939
"33410","Republic of the Union of Myanmar",1990,4.99337510277,0.507222293461735
"33412","Republic of the Union of Myanmar",1991,5.00882465636,0.503755693660714
"33414","Republic of the Union of Myanmar",1992,5.01345043845,0.492377621436224
"33416","Republic of the Union of Myanmar",1993,5.00847212785,0.494344232484694
"33418","Republic of the Union of Myanmar",1994,4.99509869845,0.497411459635204
"33420","Republic of the Union of Myanmar",1995,4.97454278954,0.491329786163265
"33422","Republic of the Union of Myanmar",1996,4.93512357837,0.493422673897959
"33424","Republic of the Union of Myanmar",1997,4.87152039958,0.487887056206633
"33426","Republic of the Union of Myanmar",1998,4.794468881,0.480506507739796
"33428","Republic of the Union of Myanmar",1999,4.71470549175,0.46905851655102
"33430","Republic of the Union of Myanmar",2000,4.6429837646,0.46174965172449
"33432","Republic of the Union of Myanmar",2001,4.57475160897,0.459129865612245
"33434","Republic of the Union of Myanmar",2002,4.50059400886,0.453071835270408
"33436","Republic of the Union of Myanmar",2003,4.42393515065,0.436626216344388
"33438","Republic of the Union of Myanmar",2004,4.34817365937,0.434495471278061
"33440","Republic of the Union of Myanmar",2005,4.27673355911,0.435871798165816
"33442","Republic of the Union of Myanmar",2006,4.1983141018,0.423566952691326
"33444","Republic of the Union of Myanmar",2007,4.10696471263,0.415634852267857
"33446","Republic of the Union of Myanmar",2008,4.01411250672,0.407730472808674
"33448","Republic of the Union of Myanmar",2009,3.93108890201,0.394627813568877
"33450","Republic of the Union of Myanmar",2010,3.86921890744,0.399517247158163
"33452","Republic of the Union of Myanmar",2011,3.82587775083,0.391750227903061
"33454","Republic of the Union of Myanmar",2012,3.78830780656,0.39554205694898
"33456","Republic of the Union of Myanmar",2013,3.75268200195,0.389692950793367
"33458","Republic of the Union of Myanmar",2014,3.71515863392,0.384673723890306
"33460","Republic of the Union of Myanmar",2015,3.67191369372,0.386691721829082
"33462","Republic of the Union of Myanmar",2016,3.61122714194,0.386848928533163
"33464","Republic of the Union of Myanmar",2017,3.53469433494,0.374122850686225
"33466","Republic of the Union of Myanmar",2018,3.45842245452,0.367390172997449
"33468","Republic of the Union of Myanmar",2019,3.39851534503,0.37020623765051
"33470","Republic of the Union of Myanmar",2020,3.43988865036,0.389566791038265
"33472","Republic of the Union of Myanmar",2021,3.3630724086,0.386251655744898
"41410","Republic of Trinidad and Tobago",1990,0.438490819,0.0891327548877551
"41412","Republic of Trinidad and Tobago",1991,0.42467386446,0.0852106246989796
"41414","Republic of Trinidad and Tobago",1992,0.41307362894,0.0829485986122449
"41416","Republic of Trinidad and Tobago",1993,0.40413633349,0.0820047263392857
"41418","Republic of Trinidad and Tobago",1994,0.39830062139,0.0824032910255102
"41420","Republic of Trinidad and Tobago",1995,0.3959988999,0.0842280656505102
"41422","Republic of Trinidad and Tobago",1996,0.39787034511,0.0814696640841837
"41424","Republic of Trinidad and Tobago",1997,0.40290379687,0.0802524516683673
"41426","Republic of Trinidad and Tobago",1998,0.40905831148,0.0791837039795918
"41428","Republic of Trinidad and Tobago",1999,0.41431043688,0.0806043568341837
"41430","Republic of Trinidad and Tobago",2000,0.41663268235,0.0836608644591837
"41432","Republic of Trinidad and Tobago",2001,0.41559229023,0.083270337744898
"41434","Republic of Trinidad and Tobago",2002,0.41288793058,0.0824818990153061
"41436","Republic of Trinidad and Tobago",2003,0.40969997324,0.0845950253979592
"41438","Republic of Trinidad and Tobago",2004,0.40721246261,0.0871705663392857
"41440","Republic of Trinidad and Tobago",2005,0.40661257309,0.0896966869591837
"41442","Republic of Trinidad and Tobago",2006,0.40979989244,0.0887016574107143
"41444","Republic of Trinidad and Tobago",2007,0.41666504371,0.0857700893673469
"41446","Republic of Trinidad and Tobago",2008,0.42539989083,0.0868590473469388
"41448","Republic of Trinidad and Tobago",2009,0.43418498877,0.087719587002551
"41450","Republic of Trinidad and Tobago",2010,0.44119735456,0.0890841210331633
"41452","Republic of Trinidad and Tobago",2011,0.44769567178,0.0881201083622449
"41454","Republic of Trinidad and Tobago",2012,0.45564780324,0.0881413075867347
"41456","Republic of Trinidad and Tobago",2013,0.46432205304,0.0886950715306122
"41458","Republic of Trinidad and Tobago",2014,0.4729834372,0.0919052986377551
"41460","Republic of Trinidad and Tobago",2015,0.48089578462,0.0944405082780612
"41462","Republic of Trinidad and Tobago",2016,0.49196214784,0.0959581364030612
"41464","Republic of Trinidad and Tobago",2017,0.50698567681,0.102200963283163
"41466","Republic of Trinidad and Tobago",2018,0.52060209738,0.107802479484694
"41468","Republic of Trinidad and Tobago",2019,0.52744601287,0.115085464808674
"41470","Republic of Trinidad and Tobago",2020,0.52337732302,0.116994044464286
"41472","Republic of Trinidad and Tobago",2021,0.52834310341,0.113944144058673
"46210","Republic of Tunisia",1990,1.4709158686,0.216519024862245
"46212","Republic of Tunisia",1991,1.45186885663,0.213899063288265
"46214","Republic of Tunisia",1992,1.4337912301,0.208224161280612
"46216","Republic of Tunisia",1993,1.41709781749,0.207185886068878
"46218","Republic of Tunisia",1994,1.4022035051,0.206523441943878
"46220","Republic of Tunisia",1995,1.38952265555,0.205356777352041
"46222","Republic of Tunisia",1996,1.37792527914,0.200893451563775
"46224","Republic of Tunisia",1997,1.3663867368,0.194703174344388
"46226","Republic of Tunisia",1998,1.3554797925,0.186890441209184
"46228","Republic of Tunisia",1999,1.34578191127,0.183663579232143
"46230","Republic of Tunisia",2000,1.33787728972,0.180426614397959
"46232","Republic of Tunisia",2001,1.32899626175,0.181818662727041
"46234","Republic of Tunisia",2002,1.31808270122,0.183771448405612
"46236","Republic of Tunisia",2003,1.30829220087,0.191773172627551
"46238","Republic of Tunisia",2004,1.30278222439,0.194454355247449
"46240","Republic of Tunisia",2005,1.30471396634,0.195065733839286
"46242","Republic of Tunisia",2006,1.3289890775,0.198281282670918
"46244","Republic of Tunisia",2007,1.37785964586,0.200627715668367
"46246","Republic of Tunisia",2008,1.43552677985,0.204250976977041
"46248","Republic of Tunisia",2009,1.48621020321,0.207058340329082
"46250","Republic of Tunisia",2010,1.51415205053,0.212134351709184
"46252","Republic of Tunisia",2011,1.52655489496,0.21340358480102
"46254","Republic of Tunisia",2012,1.53950546017,0.211416217767857
"46256","Republic of Tunisia",2013,1.55058529162,0.214154317005102
"46258","Republic of Tunisia",2014,1.55736766042,0.215581001380102
"46260","Republic of Tunisia",2015,1.55741847573,0.216423859160714
"46262","Republic of Tunisia",2016,1.53472626601,0.21189833007398
"46264","Republic of Tunisia",2017,1.48988348729,0.20781913422449
"46266","Republic of Tunisia",2018,1.44536006596,0.204896570765306
"46268","Republic of Tunisia",2019,1.423633491,0.208455502239796
"46270","Republic of Tunisia",2020,1.51473332627,0.204111177030612
"46272","Republic of Tunisia",2021,1.45630480149,0.200443252484694
"47010","Republic of Turkey",1990,1.73986394088,0.228576597038265
"47012","Republic of Turkey",1991,1.72118469666,0.230056420663265
"47014","Republic of Turkey",1992,1.70281673309,0.230913050658163
"47016","Republic of Turkey",1993,1.68544422134,0.232400547298469
"47018","Republic of Turkey",1994,1.6697563606,0.235436161857143
"47020","Republic of Turkey",1995,1.65646931901,0.236766146464286
"47022","Republic of Turkey",1996,1.64292227006,0.235768608232143
"47024","Republic of Turkey",1997,1.62737586175,0.232565719155612
"47026","Republic of Turkey",1998,1.61223948209,0.229099061747449
"47028","Republic of Turkey",1999,1.59953255367,0.224234606104592
"47030","Republic of Turkey",2000,1.59175361995,0.220706492436224
"47032","Republic of Turkey",2001,1.59387720494,0.219534482522959
"47034","Republic of Turkey",2002,1.60628574551,0.220453360515306
"47036","Republic of Turkey",2003,1.62346411038,0.219881986668367
"47038","Republic of Turkey",2004,1.63969282137,0.219912058579082
"47040","Republic of Turkey",2005,1.64941349624,0.223710650278061
"47042","Republic of Turkey",2006,1.66615620433,0.220963893109694
"47044","Republic of Turkey",2007,1.69938523457,0.220900246502551
"47046","Republic of Turkey",2008,1.73743197856,0.220582368637755
"47048","Republic of Turkey",2009,1.76860970085,0.219864593030612
"47050","Republic of Turkey",2010,1.78121939568,0.220951346147959
"47052","Republic of Turkey",2011,1.77140748665,0.22170449357398
"47054","Republic of Turkey",2012,1.74695907849,0.222564279441326
"47056","Republic of Turkey",2013,1.71363790099,0.22094137972449
"47058","Republic of Turkey",2014,1.67721782554,0.226881695770408
"47060","Republic of Turkey",2015,1.64347616814,0.233245129030612
"47062","Republic of Turkey",2016,1.60016408336,0.219804620681122
"47064","Republic of Turkey",2017,1.5433027618,0.211189535854592
"47066","Republic of Turkey",2018,1.49107688538,0.208882970494898
"47068","Republic of Turkey",2019,1.46166877408,0.205236783522959
"47070","Republic of Turkey",2020,1.53106286165,0.206429128377551
"47072","Republic of Turkey",2021,1.44761564108,0.202146999446429
"50850","Republic of Uganda",1990,15.30575187142,1.34378198364541
"50852","Republic of Uganda",1991,15.59393605137,1.35410384704082
"50854","Republic of Uganda",1992,15.88280729027,1.38166277977041
"50856","Republic of Uganda",1993,16.16958562421,1.40635110071429
"50858","Republic of Uganda",1994,16.451328711,1.42123595652041
"50860","Republic of Uganda",1995,16.72512780387,1.44698011406122
"50862","Republic of Uganda",1996,17.04231060812,1.45332324309184
"50864","Republic of Uganda",1997,17.40920881077,1.45940252533929
"50866","Republic of Uganda",1998,17.75662466372,1.50279003339541
"50868","Republic of Uganda",1999,18.01560397146,1.52729202436735
"50870","Republic of Uganda",2000,18.11676215453,1.56354154051786
"50872","Republic of Uganda",2001,17.61542264544,1.49467474129337
"50874","Republic of Uganda",2002,16.3410255039,1.37444921158673
"50876","Republic of Uganda",2003,14.63638555924,1.24561262892092
"50878","Republic of Uganda",2004,12.84433161212,1.1153388776199
"50880","Republic of Uganda",2005,11.30773727996,0.99381768109949
"50882","Republic of Uganda",2006,9.96435747833,0.870162266617347
"50884","Republic of Uganda",2007,8.58339169635,0.740908166681122
"50886","Republic of Uganda",2008,7.25527858175,0.634174175706632
"50888","Republic of Uganda",2009,6.07042547461,0.551451541431123
"50890","Republic of Uganda",2010,5.11928296231,0.48860362880102
"50892","Republic of Uganda",2011,4.30133599687,0.423397504673469
"50894","Republic of Uganda",2012,3.51115654578,0.351265839579082
"50896","Republic of Uganda",2013,2.83190984604,0.293987203451531
"50898","Republic of Uganda",2014,2.34676641261,0.267565466543367
"50900","Republic of Uganda",2015,2.13889296143,0.252143475502551
"50902","Republic of Uganda",2016,2.1072919418,0.242936814622449
"50904","Republic of Uganda",2017,2.08876782409,0.240589830887755
"50906","Republic of Uganda",2018,2.07317025841,0.241447335915816
"50908","Republic of Uganda",2019,2.0503326002,0.23693343165051
"50910","Republic of Uganda",2020,1.98295139492,0.226254108038265
"50912","Republic of Uganda",2021,1.93233359544,0.215534349793367
"28930","Republic of Uzbekistan",1990,0.27786913083,0.0799801746632653
"28932","Republic of Uzbekistan",1991,0.27786913083,0.0799801746632653
"28934","Republic of Uzbekistan",1992,0.27786913083,0.0799801746632653
"28936","Republic of Uzbekistan",1993,0.27786913083,0.0799801746632653
"28938","Republic of Uzbekistan",1994,0.27786913083,0.0799801746632653
"28940","Republic of Uzbekistan",1995,0.27786913083,0.0799801746632653
"28942","Republic of Uzbekistan",1996,0.2756956019,0.0762558479795918
"28944","Republic of Uzbekistan",1997,0.27034421135,0.071831967122449
"28946","Republic of Uzbekistan",1998,0.26356972818,0.0697199453265306
"28948","Republic of Uzbekistan",1999,0.25712794771,0.0688495455
"28950","Republic of Uzbekistan",2000,0.25277473752,0.0689102970637755
"28952","Republic of Uzbekistan",2001,0.24976305678,0.0664119408596939
"28954","Republic of Uzbekistan",2002,0.24642011117,0.0650947755280612
"28956","Republic of Uzbekistan",2003,0.24311302909,0.0627388084821428
"28958","Republic of Uzbekistan",2004,0.2402094037,0.0612557954591837
"28960","Republic of Uzbekistan",2005,0.23807591388,0.0601488950841837
"28962","Republic of Uzbekistan",2006,0.23628314622,0.0590963641352041
"28964","Republic of Uzbekistan",2007,0.23435864543,0.0584932003954082
"28966","Republic of Uzbekistan",2008,0.23260453886,0.0579885189642857
"28968","Republic of Uzbekistan",2009,0.23132392546,0.0579959255663265
"28970","Republic of Uzbekistan",2010,0.23081792908,0.0584826714566327
"28972","Republic of Uzbekistan",2011,0.2311649527,0.057860973877551
"28974","Republic of Uzbekistan",2012,0.2321384895,0.058010754119898
"28976","Republic of Uzbekistan",2013,0.23358202755,0.0601351060918367
"28978","Republic of Uzbekistan",2014,0.23533941156,0.0614370916428571
"28980","Republic of Uzbekistan",2015,0.23725371727,0.06293639675
"28982","Republic of Uzbekistan",2016,0.23995766433,0.0629564475688776
"28984","Republic of Uzbekistan",2017,0.24405910171,0.064686438869898
"28986","Republic of Uzbekistan",2018,0.2493640276,0.0657553349770408
"28988","Republic of Uzbekistan",2019,0.25567728238,0.0682173130178571
"28990","Republic of Uzbekistan",2020,0.27786913083,0.0799801746632653
"28992","Republic of Uzbekistan",2021,0.27786913083,0.0799801746632653
"28610","Republic of Vanuatu",1990,1.70892302072,0.229182233020408
"28612","Republic of Vanuatu",1991,1.722554099,0.224666769125
"28614","Republic of Vanuatu",1992,1.73886889529,0.219058817260204
"28616","Republic of Vanuatu",1993,1.75546559533,0.21892134190051
"28618","Republic of Vanuatu",1994,1.76992242324,0.220737478665816
"28620","Republic of Vanuatu",1995,1.77980207388,0.223750661994898
"28622","Republic of Vanuatu",1996,1.79808190466,0.223585564530612
"28624","Republic of Vanuatu",1997,1.83191258327,0.234143481364796
"28626","Republic of Vanuatu",1998,1.87006950914,0.240835648137755
"28628","Republic of Vanuatu",1999,1.90133350066,0.243807856285714
"28630","Republic of Vanuatu",2000,1.91449567141,0.251150455219388
"28632","Republic of Vanuatu",2001,1.91079079388,0.242747990178571
"28634","Republic of Vanuatu",2002,1.90070273468,0.233756636852041
"28636","Republic of Vanuatu",2003,1.8869128668,0.23162082380102
"28638","Republic of Vanuatu",2004,1.87209053508,0.22864600867602
"28640","Republic of Vanuatu",2005,1.85890494435,0.229819436665816
"28642","Republic of Vanuatu",2006,1.83992534701,0.225849987311224
"28644","Republic of Vanuatu",2007,1.81115351822,0.22255592597449
"28646","Republic of Vanuatu",2008,1.78039771845,0.21990820844898
"28648","Republic of Vanuatu",2009,1.75546678354,0.223098619007653
"28650","Republic of Vanuatu",2010,1.74414732818,0.228111762903061
"28652","Republic of Vanuatu",2011,1.74362051609,0.22249435430102
"28654","Republic of Vanuatu",2012,1.74574663341,0.217517585589286
"28656","Republic of Vanuatu",2013,1.75030395534,0.216418743757653
"28658","Republic of Vanuatu",2014,1.75708173162,0.215077099438776
"28660","Republic of Vanuatu",2015,1.7658712103,0.219155132497449
"28662","Republic of Vanuatu",2016,1.78616202599,0.213955990306122
"28664","Republic of Vanuatu",2017,1.81846389605,0.216842074211735
"28666","Republic of Vanuatu",2018,1.84910550539,0.224845008954082
"28668","Republic of Vanuatu",2019,1.8644080436,0.236143996255102
"28670","Republic of Vanuatu",2020,1.81891046206,0.233146641875
"28672","Republic of Vanuatu",2021,1.77147549479,0.229170223112245
"47810","Republic of Yemen",1990,3.80603374671,0.43500991827551
"47812","Republic of Yemen",1991,3.8305641385,0.429484751464286
"47814","Republic of Yemen",1992,3.8532911809,0.430783122079082
"47816","Republic of Yemen",1993,3.87396517396,0.432619903678571
"47818","Republic of Yemen",1994,3.89233821364,0.434476386584184
"47820","Republic of Yemen",1995,3.90818125536,0.433526355515306
"47822","Republic of Yemen",1996,3.92584661194,0.428815481954081
"47824","Republic of Yemen",1997,3.94571487559,0.4255559805
"47826","Republic of Yemen",1998,3.961509793,0.422406138619898
"47828","Republic of Yemen",1999,3.96697855058,0.420639346395408
"47830","Republic of Yemen",2000,3.95590891043,0.417986718397959
"47832","Republic of Yemen",2001,3.92288131592,0.408824119204082
"47834","Republic of Yemen",2002,3.87317091436,0.404834854038265
"47836","Republic of Yemen",2003,3.81665163109,0.404534757040816
"47838","Republic of Yemen",2004,3.76321013375,0.402160102579082
"47840","Republic of Yemen",2005,3.72275301511,0.406539774076531
"47842","Republic of Yemen",2006,3.67614060823,0.398685213737245
"47844","Republic of Yemen",2007,3.60667594377,0.38811663644898
"47846","Republic of Yemen",2008,3.52785800836,0.38127764419898
"47848","Republic of Yemen",2009,3.45317187974,0.380270932670918
"47850","Republic of Yemen",2010,3.3960721896,0.376717617196429
"47852","Republic of Yemen",2011,3.34043614313,0.372145208732143
"47854","Republic of Yemen",2012,3.26918277632,0.36362512365051
"47856","Republic of Yemen",2013,3.19439764561,0.355254382002551
"47858","Republic of Yemen",2014,3.12817284104,0.348892382448979
"47860","Republic of Yemen",2015,3.08261150587,0.343571360979592
"47862","Republic of Yemen",2016,3.03929876134,0.33438306084949
"47864","Republic of Yemen",2017,2.98441008699,0.325594219931122
"47866","Republic of Yemen",2018,2.93689422434,0.322292208288265
"47868","Republic of Yemen",2019,2.91571554477,0.325625948617347
"47870","Republic of Yemen",2020,3.09273699239,0.364317078923469
"47872","Republic of Yemen",2021,2.97284479236,0.327926297079082
"50530","Republic of Zambia",1990,3.88739247199,0.373264880780612
"50532","Republic of Zambia",1991,3.95971699784,0.377782627645408
"50534","Republic of Zambia",1992,4.07392801091,0.394300381647959
"50536","Republic of Zambia",1993,4.22131219011,0.40704984622449
"50538","Republic of Zambia",1994,4.39314608573,0.407948436538265
"50540","Republic of Zambia",1995,4.58066623602,0.417695739744898
"50542","Republic of Zambia",1996,4.87169323033,0.431210544670918
"50544","Republic of Zambia",1997,5.28739109683,0.463549779094388
"50546","Republic of Zambia",1998,5.71904562364,0.491910610836735
"50548","Republic of Zambia",1999,6.05791345557,0.522128845094388
"50550","Republic of Zambia",2000,6.19521173961,0.53928966604847
"50552","Republic of Zambia",2001,6.00189558669,0.516407863836735
"50554","Republic of Zambia",2002,5.51886863806,0.473288820903061
"50556","Republic of Zambia",2003,4.89232989617,0.442666613887755
"50558","Republic of Zambia",2004,4.26851594402,0.405470288543367
"50560","Republic of Zambia",2005,3.79377396508,0.384458324767857
"50562","Republic of Zambia",2006,3.43076591129,0.339088440622449
"50564","Republic of Zambia",2007,3.07085918533,0.305499074780612
"50566","Republic of Zambia",2008,2.75354945678,0.282378630216837
"50568","Republic of Zambia",2009,2.51834050018,0.259270872556122
"50570","Republic of Zambia",2010,2.40472230321,0.257151313946429
"50572","Republic of Zambia",2011,2.37309856107,0.250031954994898
"50574","Republic of Zambia",2012,2.35315783529,0.244366099313775
"50576","Republic of Zambia",2013,2.33833550216,0.245704850915816
"50578","Republic of Zambia",2014,2.32205982574,0.247727054528061
"50580","Republic of Zambia",2015,2.29773742407,0.240906054946428
"50582","Republic of Zambia",2016,2.24909617006,0.240023928711735
"50584","Republic of Zambia",2017,2.17792335316,0.237588677477041
"50586","Republic of Zambia",2018,2.10472103878,0.230307917964286
"50588","Republic of Zambia",2019,2.0499997539,0.225536374584184
"50590","Republic of Zambia",2020,2.0183942422,0.232710729836735
"50592","Republic of Zambia",2021,1.96752586556,0.23301425009949
"52450","Republic of Zimbabwe",1990,16.28617965936,1.42562292124745
"52452","Republic of Zimbabwe",1991,16.27500257841,1.39459432144643
"52454","Republic of Zimbabwe",1992,16.25334036104,1.38839996053571
"52456","Republic of Zimbabwe",1993,16.22522549409,1.3768452045051
"52458","Republic of Zimbabwe",1994,16.1910451969,1.36307389327806
"52460","Republic of Zimbabwe",1995,16.15372880194,1.36062564703316
"52462","Republic of Zimbabwe",1996,16.08014673716,1.33905182225255
"52464","Republic of Zimbabwe",1997,15.95750974673,1.32626685945663
"52466","Republic of Zimbabwe",1998,15.82363875372,1.32251643497704
"52468","Republic of Zimbabwe",1999,15.71435643568,1.34104724781378
"52470","Republic of Zimbabwe",2000,15.66641013757,1.36519520118112
"52472","Republic of Zimbabwe",2001,15.78105411169,1.35619367950255
"52474","Republic of Zimbabwe",2002,16.08119823576,1.35031237368878
"52476","Republic of Zimbabwe",2003,16.48821250588,1.39320378872959
"52478","Republic of Zimbabwe",2004,16.92311062246,1.42970389294133
"52480","Republic of Zimbabwe",2005,17.30727834338,1.45778130108929
"52482","Republic of Zimbabwe",2006,17.70259419263,1.49157813528827
"52484","Republic of Zimbabwe",2007,18.16406260367,1.51983030706888
"52486","Republic of Zimbabwe",2008,18.6033650118,1.56149399954592
"52488","Republic of Zimbabwe",2009,18.93227800968,1.60850498054337
"52490","Republic of Zimbabwe",2010,19.06228344575,1.65309818382398
"52492","Republic of Zimbabwe",2011,19.01882052441,1.60251209322959
"52494","Republic of Zimbabwe",2012,18.90188270498,1.57946610994643
"52496","Republic of Zimbabwe",2013,18.73467170565,1.54251234558673
"52498","Republic of Zimbabwe",2014,18.54086480192,1.53177493908418
"52500","Republic of Zimbabwe",2015,18.34371786039,1.54363756374745
"52502","Republic of Zimbabwe",2016,18.06752853215,1.51914848775
"52504","Republic of Zimbabwe",2017,17.68889233875,1.49450501769388
"52506","Republic of Zimbabwe",2018,17.30932891892,1.48097468176531
"52508","Republic of Zimbabwe",2019,17.02994022076,1.46744783072704
"52510","Republic of Zimbabwe",2020,16.8951155892,1.41133731672194
"52512","Republic of Zimbabwe",2021,16.70737565624,1.42337573344133
"35010","Romania",1990,0.24252622852,0.0643619371862245
"35012","Romania",1991,0.24789455151,0.0638628180433674
"35014","Romania",1992,0.2529397827,0.0632734576071429
"35016","Romania",1993,0.25738194204,0.0628461930306123
"35018","Romania",1994,0.26094362955,0.0619875613852041
"35020","Romania",1995,0.26334612891,0.0640469052346939
"35022","Romania",1996,0.26523628733,0.0633958705637755
"35024","Romania",1997,0.2673206228,0.0649458430408163
"35026","Romania",1998,0.26940969981,0.0658317567882653
"35028","Romania",1999,0.27131006997,0.0676812616658163
"35030","Romania",2000,0.2728238823,0.0701066814872449
"35032","Romania",2001,0.27458287925,0.0678247170306122
"35034","Romania",2002,0.27695500165,0.0666227615357143
"35036","Romania",2003,0.27934103555,0.0651561627627551
"35038","Romania",2004,0.28114167471,0.0655564302397959
"35040","Romania",2005,0.28175625501,0.0654484609336735
"35042","Romania",2006,0.27866313769,0.0655968815178571
"35044","Romania",2007,0.27150890681,0.0651808617117347
"35046","Romania",2008,0.26294980811,0.0642823630484694
"35048","Romania",2009,0.25564171909,0.0631780921530612
"35050","Romania",2010,0.25224165056,0.0626003215841837
"35052","Romania",2011,0.25253065555,0.0618077404872449
"35054","Romania",2012,0.25414978591,0.0642254818086735
"35056","Romania",2013,0.25654735668,0.0674603065459184
"35058","Romania",2014,0.25917143384,0.0693081414540816
"35060","Romania",2015,0.26146866345,0.0700913788520408
"35062","Romania",2016,0.26476310914,0.0710751236122449
"35064","Romania",2017,0.2694799402,0.0700450235688776
"35066","Romania",2018,0.2737203099,0.0725995083469388
"35068","Romania",2019,0.27558992306,0.0740132152882653
"35070","Romania",2020,0.26871893104,0.0692477086683673
"35072","Romania",2021,0.27558615592,0.0740112237397959
"36130","Russian Federation",1990,0.6967811859,0.150707706375
"36132","Russian Federation",1991,0.63650336752,0.133526642313776
"36134","Russian Federation",1992,0.58110198888,0.120196504553571
"36136","Russian Federation",1993,0.53361683127,0.109108911665816
"36138","Russian Federation",1994,0.49716937215,0.101062925903061
"36140","Russian Federation",1995,0.47486641991,0.0960227701122449
"36142","Russian Federation",1996,0.4615117698,0.0929124000739796
"36144","Russian Federation",1997,0.44988759011,0.0912358619081633
"36146","Russian Federation",1998,0.44008132308,0.0908455808596939
"36148","Russian Federation",1999,0.4321911464,0.0891402308826531
"36150","Russian Federation",2000,0.42629871061,0.0867264207193878
"36152","Russian Federation",2001,0.42109907249,0.0847803699362245
"36154","Russian Federation",2002,0.41557231347,0.0826330384081633
"36156","Russian Federation",2003,0.41028513297,0.0792861302142857
"36158","Russian Federation",2004,0.40583376718,0.077299007377551
"36160","Russian Federation",2005,0.40280641692,0.0755064305178571
"36162","Russian Federation",2006,0.39960538722,0.0755710186887755
"36164","Russian Federation",2007,0.3950409267,0.0753271408596939
"36166","Russian Federation",2008,0.39031152881,0.0751900520280612
"36168","Russian Federation",2009,0.38667147353,0.0751873383545918
"36170","Russian Federation",2010,0.38539832306,0.0763773931530612
"36172","Russian Federation",2011,0.38758026476,0.0766818335127551
"36174","Russian Federation",2012,0.39267011618,0.0786645465535715
"36176","Russian Federation",2013,0.39947991787,0.0811195631428571
"36178","Russian Federation",2014,0.40684961319,0.0839699147806122
"36180","Russian Federation",2015,0.41361540326,0.0869790915867347
"36182","Russian Federation",2016,0.42299508188,0.0895982975637755
"36184","Russian Federation",2017,0.43640901776,0.0920024030586735
"36186","Russian Federation",2018,0.44999303805,0.0950779844744898
"36188","Russian Federation",2019,0.45995352465,0.0982549134693878
"36190","Russian Federation",2020,0.46789658051,0.101826925326531
"36192","Russian Federation",2021,0.4751000066,0.101222321352041
"56930","Saint Kitts and Nevis",1990,0.26647857108,0.0734616663954082
"56932","Saint Kitts and Nevis",1991,0.26599192953,0.0730382116887755
"56934","Saint Kitts and Nevis",1992,0.26561027888,0.0716231850357143
"56936","Saint Kitts and Nevis",1993,0.26535574244,0.0703820410280612
"56938","Saint Kitts and Nevis",1994,0.2652493513,0.0698026466122449
"56940","Saint Kitts and Nevis",1995,0.26531246277,0.0702795925637755
"56942","Saint Kitts and Nevis",1996,0.26550003883,0.0700377942015306
"56944","Saint Kitts and Nevis",1997,0.26573699482,0.0708614082704082
"56946","Saint Kitts and Nevis",1998,0.26600692071,0.0718277208903061
"56948","Saint Kitts and Nevis",1999,0.26629414625,0.0746148534183673
"56950","Saint Kitts and Nevis",2000,0.26658381472,0.076624464744898
"56952","Saint Kitts and Nevis",2001,0.26691186892,0.074102961127551
"56954","Saint Kitts and Nevis",2002,0.26727790246,0.0727452659693878
"56956","Saint Kitts and Nevis",2003,0.26761824144,0.0726938052627551
"56958","Saint Kitts and Nevis",2004,0.26787244562,0.0740263980331633
"56960","Saint Kitts and Nevis",2005,0.26798185737,0.0756606965841837
"56962","Saint Kitts and Nevis",2006,0.26784261548,0.0750316573188776
"56964","Saint Kitts and Nevis",2007,0.26747875962,0.0745316864846939
"56966","Saint Kitts and Nevis",2008,0.26703155449,0.0750238987295918
"56968","Saint Kitts and Nevis",2009,0.26664228639,0.0758076864362245
"56970","Saint Kitts and Nevis",2010,0.26645195975,0.0768838148877551
"56972","Saint Kitts and Nevis",2011,0.26641337642,0.0748177395688776
"56974","Saint Kitts and Nevis",2012,0.26640179473,0.0731705597346939
"56976","Saint Kitts and Nevis",2013,0.2664401495,0.0729147579719388
"56978","Saint Kitts and Nevis",2014,0.26655170812,0.0735324554693878
"56980","Saint Kitts and Nevis",2015,0.26675970402,0.073360183622449
"56982","Saint Kitts and Nevis",2016,0.26822863307,0.07303631775
"56984","Saint Kitts and Nevis",2017,0.27112353614,0.0744818069617347
"56986","Saint Kitts and Nevis",2018,0.27396419824,0.0735825783979592
"56988","Saint Kitts and Nevis",2019,0.27526814607,0.0741817515790816
"56990","Saint Kitts and Nevis",2020,0.27235663804,0.0798874708265306
"56992","Saint Kitts and Nevis",2021,0.26988145148,0.0754075091989796
"42050","Saint Lucia",1990,0.31240828893,0.0744254014540816
"42052","Saint Lucia",1991,0.30628495167,0.0742348182831633
"42054","Saint Lucia",1992,0.30099018633,0.0744173330076531
"42056","Saint Lucia",1993,0.29663555436,0.0740894536836735
"42058","Saint Lucia",1994,0.29331551532,0.0733049379693878
"42060","Saint Lucia",1995,0.29112523724,0.0737423731428571
"42062","Saint Lucia",1996,0.28979407472,0.0721070766811225
"42064","Saint Lucia",1997,0.28894267393,0.0711291215714286
"42066","Saint Lucia",1998,0.28847010787,0.0717012411505102
"42068","Saint Lucia",1999,0.28827964319,0.0713286348061224
"42070","Saint Lucia",2000,0.28828484765,0.0724474157933673
"42072","Saint Lucia",2001,0.28879668104,0.071382319747449
"42074","Saint Lucia",2002,0.28992833665,0.072307002872449
"42076","Saint Lucia",2003,0.29128310927,0.0729500385382653
"42078","Saint Lucia",2004,0.29246470273,0.0736678773188775
"42080","Saint Lucia",2005,0.29307455507,0.0742150993137755
"42082","Saint Lucia",2006,0.2932424901,0.0739677578188775
"42084","Saint Lucia",2007,0.29340886741,0.0740607158163265
"42086","Saint Lucia",2008,0.29363981429,0.0749878228137755
"42088","Saint Lucia",2009,0.29398873248,0.0752288556836735
"42090","Saint Lucia",2010,0.2945094808,0.0780679468647959
"42092","Saint Lucia",2011,0.29591122548,0.0780802048265306
"42094","Saint Lucia",2012,0.29844289574,0.0775166408341837
"42096","Saint Lucia",2013,0.30145623232,0.076994687372449
"42098","Saint Lucia",2014,0.30429044493,0.0761613444056123
"42100","Saint Lucia",2015,0.30627970511,0.0779863921785714
"42102","Saint Lucia",2016,0.30865860136,0.0783501306505102
"42104","Saint Lucia",2017,0.31219717582,0.0798431405280612
"42106","Saint Lucia",2018,0.31555062749,0.0812374101938775
"42108","Saint Lucia",2019,0.31737290783,0.080806786130102
"42110","Saint Lucia",2020,0.31312293734,0.0798743584260204
"42112","Saint Lucia",2021,0.31312057657,0.0798578648163265
"41090","Saint Vincent and the Grenadines",1990,0.48585951865,0.0926546848061224
"41092","Saint Vincent and the Grenadines",1991,0.48408024342,0.0906057632576531
"41094","Saint Vincent and the Grenadines",1992,0.48115328141,0.0900044633035714
"41096","Saint Vincent and the Grenadines",1993,0.47736732834,0.0900169086607143
"41098","Saint Vincent and the Grenadines",1994,0.47301123699,0.0889407189260204
"41100","Saint Vincent and the Grenadines",1995,0.4683808919,0.0870779955433674
"41102","Saint Vincent and the Grenadines",1996,0.45899492875,0.0856794970561224
"41104","Saint Vincent and the Grenadines",1997,0.44331655283,0.0842471186581633
"41106","Saint Vincent and the Grenadines",1998,0.42606344448,0.0847815674234694
"41108","Saint Vincent and the Grenadines",1999,0.41195869733,0.084860690994898
"41110","Saint Vincent and the Grenadines",2000,0.40574011351,0.0862336329591837
"41112","Saint Vincent and the Grenadines",2001,0.40742794999,0.0836375927193878
"41114","Saint Vincent and the Grenadines",2002,0.41246240167,0.087121238252551
"41116","Saint Vincent and the Grenadines",2003,0.41873160903,0.0914450444413265
"41118","Saint Vincent and the Grenadines",2004,0.42412109021,0.0963244382142857
"41120","Saint Vincent and the Grenadines",2005,0.42651210408,0.0988510707933674
"41122","Saint Vincent and the Grenadines",2006,0.42512628774,0.097175908622449
"41124","Saint Vincent and the Grenadines",2007,0.42156282784,0.0972397839260204
"41126","Saint Vincent and the Grenadines",2008,0.41728865924,0.0973097561479592
"41128","Saint Vincent and the Grenadines",2009,0.41377536232,0.0981868640331633
"41130","Saint Vincent and the Grenadines",2010,0.41249905264,0.0988274059846939
"41132","Saint Vincent and the Grenadines",2011,0.4152509321,0.0973936443163265
"41134","Saint Vincent and the Grenadines",2012,0.42141761341,0.0956877642678571
"41136","Saint Vincent and the Grenadines",2013,0.42889619447,0.0959293950816326
"41138","Saint Vincent and the Grenadines",2014,0.43558864528,0.0964807164209184
"41140","Saint Vincent and the Grenadines",2015,0.4393933822,0.097153380247449
"41142","Saint Vincent and the Grenadines",2016,0.44042450639,0.0943461168928571
"41144","Saint Vincent and the Grenadines",2017,0.44057907189,0.0947473019591837
"41146","Saint Vincent and the Grenadines",2018,0.44042666573,0.0993634874591837
"41148","Saint Vincent and the Grenadines",2019,0.44053516912,0.1023127425
"41150","Saint Vincent and the Grenadines",2020,0.44220862449,0.100518624943878
"41152","Saint Vincent and the Grenadines",2021,0.45590783278,0.10639132742602
"36450","Slovak Republic",1990,0.28511048974,0.0840136557959184
"36452","Slovak Republic",1991,0.28561366416,0.0839055657704082
"36454","Slovak Republic",1992,0.28607527143,0.0833965469260204
"36456","Slovak Republic",1993,0.2864546719,0.0822236449056123
"36458","Slovak Republic",1994,0.28671134549,0.0818896696913265
"36460","Slovak Republic",1995,0.28680523632,0.0813518510127551
"36462","Slovak Republic",1996,0.2868043153,0.081358940372449
"36464","Slovak Republic",1997,0.28680284784,0.0813704269566327
"36466","Slovak Republic",1998,0.28680110849,0.0813822783826531
"36468","Slovak Republic",1999,0.28679926638,0.0813918340867347
"36470","Slovak Republic",2000,0.28679753743,0.0814015917729592
"36472","Slovak Republic",2001,0.28644525952,0.0813814339107143
"36474","Slovak Republic",2002,0.28560589418,0.081241623117347
"36476","Slovak Republic",2003,0.28460106779,0.0809210011709184
"36478","Slovak Republic",2004,0.28375124606,0.0809402890229592
"36480","Slovak Republic",2005,0.28337595815,0.08074718225
"36482","Slovak Republic",2006,0.28371474497,0.0807703426198979
"36484","Slovak Republic",2007,0.28456790502,0.0808363058622449
"36486","Slovak Republic",2008,0.28559567145,0.0812518402091837
"36488","Slovak Republic",2009,0.28645888183,0.0820144760204082
"36490","Slovak Republic",2010,0.28681900538,0.0830250647219388
"36492","Slovak Republic",2011,0.28681488467,0.0830300078061224
"36494","Slovak Republic",2012,0.28681065174,0.0830364295484694
"36496","Slovak Republic",2013,0.28680643234,0.083044061130102
"36498","Slovak Republic",2014,0.28680228913,0.0830517506173469
"36500","Slovak Republic",2015,0.28679829408,0.0830586899897959
"36502","Slovak Republic",2016,0.28688029963,0.0827151528010204
"36504","Slovak Republic",2017,0.28706575554,0.0823171831326531
"36506","Slovak Republic",2018,0.28725166422,0.0822055440867347
"36508","Slovak Republic",2019,0.28733433618,0.0822989175816327
"36510","Slovak Republic",2020,0.28677870275,0.083093445502551
"36512","Slovak Republic",2021,0.28732901026,0.0823025529872449
"30210","Socialist Republic of Viet Nam",1990,3.04534863289,0.345209515760204
"30212","Socialist Republic of Viet Nam",1991,3.02903015908,0.342273867742347
"30214","Socialist Republic of Viet Nam",1992,3.00817199972,0.345540479270408
"30216","Socialist Republic of Viet Nam",1993,2.98427824605,0.348934642038265
"30218","Socialist Republic of Viet Nam",1994,2.95884964309,0.349704621778061
"30220","Socialist Republic of Viet Nam",1995,2.93337852761,0.357539180701531
"30222","Socialist Republic of Viet Nam",1996,2.89812547803,0.351543599423469
"30224","Socialist Republic of Viet Nam",1997,2.8482447528,0.345774095670918
"30226","Socialist Republic of Viet Nam",1998,2.79256628024,0.334963821831633
"30228","Socialist Republic of Viet Nam",1999,2.73992162834,0.325656645854592
"30230","Socialist Republic of Viet Nam",2000,2.69912810976,0.316790190538265
"30232","Socialist Republic of Viet Nam",2001,2.66912407159,0.310621301946428
"30234","Socialist Republic of Viet Nam",2002,2.64212505969,0.306876597964286
"30236","Socialist Republic of Viet Nam",2003,2.61686381079,0.30779224534949
"30238","Socialist Republic of Viet Nam",2004,2.59209007203,0.311606140278061
"30240","Socialist Republic of Viet Nam",2005,2.56654965404,0.312212905596939
"30242","Socialist Republic of Viet Nam",2006,2.5324416205,0.306190090969388
"30244","Socialist Republic of Viet Nam",2007,2.48753652551,0.291603543298469
"30246","Socialist Republic of Viet Nam",2008,2.43892780575,0.282396631492347
"30248","Socialist Republic of Viet Nam",2009,2.39369410753,0.273378707188775
"30250","Socialist Republic of Viet Nam",2010,2.35889540558,0.269757105936224
"30252","Socialist Republic of Viet Nam",2011,2.33312878868,0.268820222956633
"30254","Socialist Republic of Viet Nam",2012,2.30945999866,0.271504124206633
"30256","Socialist Republic of Viet Nam",2013,2.28664564564,0.272004117339286
"30258","Socialist Republic of Viet Nam",2014,2.26344596761,0.274964083387755
"30260","Socialist Republic of Viet Nam",2015,2.23860596193,0.275891568721939
"30262","Socialist Republic of Viet Nam",2016,2.20529939518,0.266585319191327
"30264","Socialist Republic of Viet Nam",2017,2.16465552767,0.258976634221939
"30266","Socialist Republic of Viet Nam",2018,2.12737066766,0.25888973002551
"30268","Socialist Republic of Viet Nam",2019,2.10416315505,0.26263567590051
"30270","Socialist Republic of Viet Nam",2020,2.12689767885,0.259066035923469
"30272","Socialist Republic of Viet Nam",2021,2.05505079915,0.262450084780612
"27650","Solomon Islands",1990,1.42805984403,0.198493975788265
"27652","Solomon Islands",1991,1.41561134125,0.196522730877551
"27654","Solomon Islands",1992,1.40599922563,0.192326611204082
"27656","Solomon Islands",1993,1.3987767348,0.188962946614796
"27658","Solomon Islands",1994,1.39349524008,0.188548456066327
"27660","Solomon Islands",1995,1.38970928762,0.188903000334184
"27662","Solomon Islands",1996,1.39050435574,0.190835963681122
"27664","Solomon Islands",1997,1.39680654347,0.192069018915816
"27666","Solomon Islands",1998,1.4049587847,0.192476918415816
"27668","Solomon Islands",1999,1.4112967812,0.194343128793367
"27670","Solomon Islands",2000,1.41215104988,0.199015805721939
"27672","Solomon Islands",2001,1.40566091353,0.196415195076531
"27674","Solomon Islands",2002,1.39419004529,0.190082735214286
"27676","Solomon Islands",2003,1.38040137183,0.187929720104592
"27678","Solomon Islands",2004,1.36695771897,0.185740389971939
"27680","Solomon Islands",2005,1.35652426837,0.184490400272959
"27682","Solomon Islands",2006,1.34479184612,0.189028281757653
"27684","Solomon Islands",2007,1.32817219831,0.188414920867347
"27686","Solomon Islands",2008,1.310422152,0.188260662897959
"27688","Solomon Islands",2009,1.29529421607,0.1887525095
"27690","Solomon Islands",2010,1.28653678073,0.192018657528061
"27692","Solomon Islands",2011,1.28204812574,0.192029480691326
"27694","Solomon Islands",2012,1.27765359003,0.190298857821429
"27696","Solomon Islands",2013,1.27399861539,0.184182256538265
"27698","Solomon Islands",2014,1.27173155652,0.179964650395408
"27700","Solomon Islands",2015,1.27150396879,0.182368557135204
"27702","Solomon Islands",2016,1.27067597972,0.181526150719388
"27704","Solomon Islands",2017,1.26755790658,0.185189511811225
"27706","Solomon Islands",2018,1.26422867652,0.186924009122449
"27708","Solomon Islands",2019,1.26275881446,0.185991395688776
"27710","Solomon Islands",2020,1.27092745417,0.185455776739796
"27712","Solomon Islands",2021,1.2623194891,0.180411561183673
"51490","State of Eritrea",1990,3.03029883497,0.306286995158163
"51492","State of Eritrea",1991,3.00341214412,0.30502606982398
"51494","State of Eritrea",1992,2.97592520181,0.307470657239796
"51496","State of Eritrea",1993,2.94887006745,0.308620378540816
"51498","State of Eritrea",1994,2.92315016869,0.319275899839286
"51500","State of Eritrea",1995,2.89977948895,0.322962472028061
"51502","State of Eritrea",1996,2.87552284673,0.311804868494898
"51504","State of Eritrea",1997,2.84699297823,0.296493794755102
"51506","State of Eritrea",1998,2.81501250204,0.282453771043367
"51508","State of Eritrea",1999,2.78030140405,0.279446019609694
"51510","State of Eritrea",2000,2.7437916856,0.276595014614796
"51512","State of Eritrea",2001,2.68444788146,0.279203907989796
"51514","State of Eritrea",2002,2.59198667307,0.26881629755102
"51516","State of Eritrea",2003,2.48373349353,0.260253245862245
"51518","State of Eritrea",2004,2.37707256592,0.253670342431123
"51520","State of Eritrea",2005,2.28946881417,0.252783274056122
"51522","State of Eritrea",2006,2.21523170757,0.24490774832398
"51524","State of Eritrea",2007,2.140582621,0.236272434908163
"51526","State of Eritrea",2008,2.07092376642,0.234407700464286
"51528","State of Eritrea",2009,2.01167727052,0.232640093033163
"51530","State of Eritrea",2010,1.96828592597,0.234935462035714
"51532","State of Eritrea",2011,1.93740746738,0.230649153767857
"51534","State of Eritrea",2012,1.91121397931,0.228159438836735
"51536","State of Eritrea",2013,1.88841671416,0.229138602173469
"51538","State of Eritrea",2014,1.86772489699,0.224695157316326
"51540","State of Eritrea",2015,1.84784613413,0.22543817392602
"51542","State of Eritrea",2016,1.82838338307,0.220205238247449
"51544","State of Eritrea",2017,1.80929211524,0.220357579762755
"51546","State of Eritrea",2018,1.78981716086,0.213582444721939
"51548","State of Eritrea",2019,1.76922521317,0.209275265316327
"51550","State of Eritrea",2020,1.72361938019,0.193488221760204
"51552","State of Eritrea",2021,1.67422019728,0.196462532147959
"37730","State of Israel",1990,1.04816203474,0.134093160821429
"37732","State of Israel",1991,1.1008009637,0.13084157665051
"37734","State of Israel",1992,1.14782214505,0.124689002846939
"37736","State of Israel",1993,1.1871306265,0.117491633237245
"37738","State of Israel",1994,1.21668550681,0.112091154038265
"37740","State of Israel",1995,1.23434594231,0.110927854104592
"37742","State of Israel",1996,1.24399740412,0.105851138352041
"37744","State of Israel",1997,1.25013069785,0.102559952632653
"37746","State of Israel",1998,1.25183935679,0.0992175462908163
"37748","State of Israel",1999,1.24820017274,0.0975467882219387
"37750","State of Israel",2000,1.23808993489,0.0984326306632653
"37752","State of Israel",2001,1.21652452325,0.0918724955841837
"37754","State of Israel",2002,1.18408331654,0.0833925441020408
"37756","State of Israel",2003,1.14792157569,0.073747544507653
"37758","State of Israel",2004,1.11521311499,0.0690835088596939
"37760","State of Israel",2005,1.09299708799,0.0673176163367347
"37762","State of Israel",2006,1.07829202651,0.0670055182959183
"37764","State of Israel",2007,1.06386926739,0.0670540081836735
"37766","State of Israel",2008,1.05058464746,0.0669842063086735
"37768","State of Israel",2009,1.03927507857,0.0694108180127551
"37770","State of Israel",2010,1.03068010182,0.0709953237295919
"37772","State of Israel",2011,1.02737628931,0.0735119535714285
"37774","State of Israel",2012,1.02919109424,0.0767205831760204
"37776","State of Israel",2013,1.03277727068,0.0825069513239796
"37778","State of Israel",2014,1.03475487178,0.088458465380102
"37780","State of Israel",2015,1.03167220077,0.0971884783724489
"37782","State of Israel",2016,1.01290925847,0.10335928167602
"37784","State of Israel",2017,0.98039448306,0.117515752915816
"37786","State of Israel",2018,0.94957054733,0.132557392798469
"37788","State of Israel",2019,0.93591896661,0.144260280678571
"37790","State of Israel",2020,0.93599693708,0.144256010691327
"37792","State of Israel",2021,1.07185419935,0.156230614640306
"44770","State of Kuwait",1990,0.95040928881,0.149448824076531
"44772","State of Kuwait",1991,0.96175852536,0.145763792321429
"44774","State of Kuwait",1992,0.97191885806,0.144227403466837
"44776","State of Kuwait",1993,0.98080709401,0.146613110033163
"44778","State of Kuwait",1994,0.98804070894,0.14683026357398
"44780","State of Kuwait",1995,0.99344301211,0.152360376403061
"44782","State of Kuwait",1996,0.9973574155,0.150673267290816
"44784","State of Kuwait",1997,1.00024118,0.148144850071429
"44786","State of Kuwait",1998,1.00205021626,0.151032516576531
"44788","State of Kuwait",1999,1.00269049743,0.152668270632653
"44790","State of Kuwait",2000,1.00191002247,0.155537567522959
"44792","State of Kuwait",2001,1.00039893376,0.154709177757653
"44794","State of Kuwait",2002,0.9993400744,0.158024682905612
"44796","State of Kuwait",2003,0.99922227124,0.15938140172449
"44798","State of Kuwait",2004,1.00043906514,0.163069053331633
"44800","State of Kuwait",2005,1.00351822884,0.169770389719388
"44802","State of Kuwait",2006,1.01485208422,0.166358378201531
"44804","State of Kuwait",2007,1.03648147318,0.165339917038265
"44806","State of Kuwait",2008,1.0623051784,0.16430195697449
"44808","State of Kuwait",2009,1.08622255446,0.169478990063776
"44810","State of Kuwait",2010,1.10205012934,0.169347706334184
"44812","State of Kuwait",2011,1.11522856031,0.170746969086735
"44814","State of Kuwait",2012,1.13264467573,0.171918090941327
"44816","State of Kuwait",2013,1.15023838901,0.171930121910714
"44818","State of Kuwait",2014,1.16397892282,0.173565085895408
"44820","State of Kuwait",2015,1.16978442248,0.174293700007653
"44822","State of Kuwait",2016,1.1627122913,0.171234121808673
"44824","State of Kuwait",2017,1.14628747612,0.166029966653061
"44826","State of Kuwait",2018,1.12915287493,0.162995850086735
"44828","State of Kuwait",2019,1.12001812819,0.16447130082398
"44830","State of Kuwait",2020,1.17597845961,0.173223725367347
"44832","State of Kuwait",2021,1.13737944004,0.175592522145408
"45410","State of Libya",1990,1.34246606787,0.192422401193878
"45412","State of Libya",1991,1.28641122841,0.186223382693878
"45414","State of Libya",1992,1.23539687675,0.178905287961735
"45416","State of Libya",1993,1.19237248395,0.174378424313776
"45418","State of Libya",1994,1.16027237947,0.174842204428571
"45420","State of Libya",1995,1.14199897142,0.175745085265306
"45422","State of Libya",1996,1.13327629568,0.171735017507653
"45424","State of Libya",1997,1.12726462867,0.16643257030102
"45426","State of Libya",1998,1.12300414434,0.167392325410714
"45428","State of Libya",1999,1.1195371493,0.164477764433673
"45430","State of Libya",2000,1.1159003105,0.165969535390306
"45432","State of Libya",2001,1.1096226466,0.161865572954082
"45434","State of Libya",2002,1.10069260672,0.162361280163265
"45436","State of Libya",2003,1.09180297641,0.166477825469388
"45438","State of Libya",2004,1.08561057726,0.169656712836735
"45440","State of Libya",2005,1.08475386964,0.168466171943878
"45442","State of Libya",2006,1.09645863708,0.167113975941326
"45444","State of Libya",2007,1.12103156042,0.167755883594388
"45446","State of Libya",2008,1.15075427015,0.169478818543367
"45448","State of Libya",2009,1.17791550122,0.172777152589286
"45450","State of Libya",2010,1.19480451995,0.175706871732143
"45452","State of Libya",2011,1.20857332769,0.176090454102041
"45454","State of Libya",2012,1.22823452139,0.179921450987245
"45456","State of Libya",2013,1.24886495078,0.183117739548469
"45458","State of Libya",2014,1.26555402824,0.181539852186224
"45460","State of Libya",2015,1.27338596456,0.187310259308673
"45462","State of Libya",2016,1.26901533095,0.186018978936224
"45464","State of Libya",2017,1.2570012614,0.187860947505102
"45466","State of Libya",2018,1.2448147941,0.182025111783163
"45468","State of Libya",2019,1.24006274422,0.17871463997449
"45470","State of Libya",2020,1.31324800952,0.184656749272959
"45472","State of Libya",2021,1.27140552681,0.183150628321429
"42210","State of Qatar",1990,1.03865719399,0.167396838137755
"42212","State of Qatar",1991,1.02767224737,0.157384475094388
"42214","State of Qatar",1992,1.01863867834,0.153382501721939
"42216","State of Qatar",1993,1.01168445868,0.153601970048469
"42218","State of Qatar",1994,1.00698735897,0.150913233579082
"42220","State of Qatar",1995,1.004651423,0.151333774119898
"42222","State of Qatar",1996,1.00631758745,0.151237780502551
"42224","State of Qatar",1997,1.0118517526,0.152935206854592
"42226","State of Qatar",1998,1.01868596781,0.153454766665816
"42228","State of Qatar",1999,1.02433346822,0.156315360612245
"42230","State of Qatar",2000,1.02648220336,0.162408664522959
"42232","State of Qatar",2001,1.02368475746,0.160250635533163
"42234","State of Qatar",2002,1.01815131652,0.160419100178571
"42236","State of Qatar",2003,1.01237805365,0.16082489025
"42238","State of Qatar",2004,1.00894038913,0.162902872086735
"42240","State of Qatar",2005,1.01017536616,0.164651655778061
"42242","State of Qatar",2006,1.02496575486,0.168072331563776
"42244","State of Qatar",2007,1.054455945,0.163643921581633
"42246","State of Qatar",2008,1.08915836137,0.161293751048469
"42248","State of Qatar",2009,1.11979656269,0.163645621163265
"42250","State of Qatar",2010,1.13733587553,0.169751328872449
"42252","State of Qatar",2011,1.14664363587,0.168403637885204
"42254","State of Qatar",2012,1.15727309425,0.173027171691327
"42256","State of Qatar",2013,1.16732265942,0.17977233040051
"42258","State of Qatar",2014,1.17487752556,0.184278212706633
"42260","State of Qatar",2015,1.17800631226,0.192370919094388
"42262","State of Qatar",2016,1.17122172779,0.184839451418367
"42264","State of Qatar",2017,1.15583012532,0.17841223655102
"42266","State of Qatar",2018,1.14012654299,0.173262340744898
"42268","State of Qatar",2019,1.13259837483,0.172796561938776
"42270","State of Qatar",2020,1.19737194553,0.192217382257653
"42272","State of Qatar",2021,1.1420997051,0.17721496609949
"46850","Sultanate of Oman",1990,2.70727746516,0.32584173780102
"46852","Sultanate of Oman",1991,2.58363134147,0.31363255065051
"46854","Sultanate of Oman",1992,2.46860881783,0.300637388887755
"46856","Sultanate of Oman",1993,2.36464944563,0.288084099122449
"46858","Sultanate of Oman",1994,2.27416543218,0.275663382234694
"46860","Sultanate of Oman",1995,2.19952219686,0.272407432326531
"46862","Sultanate of Oman",1996,2.14101952649,0.259142617890306
"46864","Sultanate of Oman",1997,2.09293500483,0.257822058581633
"46866","Sultanate of Oman",1998,2.04860068446,0.254068493385204
"46868","Sultanate of Oman",1999,2.00138303327,0.254876376170918
"46870","Sultanate of Oman",2000,1.94467866869,0.255424524908163
"46872","Sultanate of Oman",2001,1.85936098323,0.243870190318877
"46874","Sultanate of Oman",2002,1.74649025362,0.230588497487245
"46876","Sultanate of Oman",2003,1.6297535018,0.222281194183673
"46878","Sultanate of Oman",2004,1.53275684844,0.214035789584184
"46880","Sultanate of Oman",2005,1.47904742808,0.209004604892857
"46882","Sultanate of Oman",2006,1.46328181296,0.205069819770408
"46884","Sultanate of Oman",2007,1.4602989235,0.199581585760204
"46886","Sultanate of Oman",2008,1.4639312314,0.202630764512755
"46888","Sultanate of Oman",2009,1.46801972639,0.205773618477041
"46890","Sultanate of Oman",2010,1.46639426069,0.210248217221939
"46892","Sultanate of Oman",2011,1.45913629182,0.204794742576531
"46894","Sultanate of Oman",2012,1.45055085196,0.200711777507653
"46896","Sultanate of Oman",2013,1.4407650813,0.195343007293367
"46898","Sultanate of Oman",2014,1.42991013137,0.194721962155612
"46900","Sultanate of Oman",2015,1.41811790368,0.195477608214286
"46902","Sultanate of Oman",2016,1.39932562661,0.19054772765051
"46904","Sultanate of Oman",2017,1.37320269778,0.189029423397959
"46906","Sultanate of Oman",2018,1.34846024903,0.190971748862245
"46908","Sultanate of Oman",2019,1.33381125449,0.190968708035714
"46910","Sultanate of Oman",2020,1.39679421527,0.205047130778061
"46912","Sultanate of Oman",2021,1.32971526329,0.190132678438775
"38370","Swiss Confederation",1990,0.27062039955,0.0722884104515306
"38372","Swiss Confederation",1991,0.27193561945,0.0701470240561225
"38374","Swiss Confederation",1992,0.27301068627,0.0688712043979592
"38376","Swiss Confederation",1993,0.27393483901,0.0684009394566327
"38378","Swiss Confederation",1994,0.2747723444,0.0666770845306122
"38380","Swiss Confederation",1995,0.27616507467,0.0665466803979592
"38382","Swiss Confederation",1996,0.27503635959,0.0654985817984694
"38384","Swiss Confederation",1997,0.27247873698,0.0652275729438776
"38386","Swiss Confederation",1998,0.2691455654,0.0640394374056123
"38388","Swiss Confederation",1999,0.26686087406,0.0630442077321429
"38390","Swiss Confederation",2000,0.26535516746,0.0640357546964286
"38392","Swiss Confederation",2001,0.26445648929,0.0627408930714286
"38394","Swiss Confederation",2002,0.26344058888,0.0620686806556122
"38396","Swiss Confederation",2003,0.26220328613,0.0623186577729592
"38398","Swiss Confederation",2004,0.26109061271,0.0638948719005102
"38400","Swiss Confederation",2005,0.26010591327,0.0634541876734694
"38402","Swiss Confederation",2006,0.2589706747,0.0628701070076531
"38404","Swiss Confederation",2007,0.2575277026,0.0616018792857143
"38406","Swiss Confederation",2008,0.25603349055,0.0609617880153061
"38408","Swiss Confederation",2009,0.25475960124,0.0623284585510204
"38410","Swiss Confederation",2010,0.25398653193,0.0644904574515306
"38412","Swiss Confederation",2011,0.25347908207,0.0630323140612245
"38414","Swiss Confederation",2012,0.25294395491,0.0633416847882653
"38416","Swiss Confederation",2013,0.25251839096,0.0640355320153061
"38418","Swiss Confederation",2014,0.25234842923,0.0647634381785714
"38420","Swiss Confederation",2015,0.25258418616,0.0665687294387755
"38422","Swiss Confederation",2016,0.25425584525,0.066263414505102
"38424","Swiss Confederation",2017,0.25731824501,0.0662643359770408
"38426","Swiss Confederation",2018,0.26022626875,0.0667607271913265
"38428","Swiss Confederation",2019,0.26153370597,0.0685610423852041
"38430","Swiss Confederation",2020,0.26159437858,0.0685647220076531
"38432","Swiss Confederation",2021,0.27883551078,0.0754492687908163
"46530","Syrian Arab Republic",1990,1.29540620122,0.178435485785714
"46532","Syrian Arab Republic",1991,1.2682855307,0.175083741510204
"46534","Syrian Arab Republic",1992,1.24432423681,0.176549404270408
"46536","Syrian Arab Republic",1993,1.22414747913,0.175503640216837
"46538","Syrian Arab Republic",1994,1.20838524232,0.179123057012755
"46540","Syrian Arab Republic",1995,1.1976742574,0.183823010813776
"46542","Syrian Arab Republic",1996,1.19166730528,0.177885472053571
"46544","Syrian Arab Republic",1997,1.18883586934,0.175629225686225
"46546","Syrian Arab Republic",1998,1.18804309642,0.172510850966837
"46548","Syrian Arab Republic",1999,1.18814553598,0.173157621579082
"46550","Syrian Arab Republic",2000,1.18813986889,0.174273645056122
"46552","Syrian Arab Republic",2001,1.18788212117,0.174929866956633
"46554","Syrian Arab Republic",2002,1.18857321994,0.178702005469388
"46556","Syrian Arab Republic",2003,1.19001108973,0.180338612081633
"46558","Syrian Arab Republic",2004,1.19196319023,0.184230778625
"46560","Syrian Arab Republic",2005,1.19422579057,0.188203160839286
"46562","Syrian Arab Republic",2006,1.20443540134,0.185900887094388
"46564","Syrian Arab Republic",2007,1.22562586011,0.183654955135204
"46566","Syrian Arab Republic",2008,1.2506825596,0.185702174408163
"46568","Syrian Arab Republic",2009,1.27262262119,0.186738938247449
"46570","Syrian Arab Republic",2010,1.28441438861,0.186586510806122
"46572","Syrian Arab Republic",2011,1.29430341225,0.188956528714286
"46574","Syrian Arab Republic",2012,1.3116084322,0.188402228219388
"46576","Syrian Arab Republic",2013,1.33072614762,0.194293619272959
"46578","Syrian Arab Republic",2014,1.34596747869,0.197876639594388
"46580","Syrian Arab Republic",2015,1.35205309245,0.197999327415816
"46582","Syrian Arab Republic",2016,1.3439873879,0.194152529959184
"46584","Syrian Arab Republic",2017,1.3260339113,0.188158202466837
"46586","Syrian Arab Republic",2018,1.30723060671,0.186633921033163
"46588","Syrian Arab Republic",2019,1.29668181056,0.183343138158163
"46590","Syrian Arab Republic",2020,1.3188876505,0.186387753280612
"46592","Syrian Arab Republic",2021,1.27823433102,0.192587660377551
"26210","Taiwan (Province of China)",1990,9.08898696499,1.36865443694898
"26212","Taiwan (Province of China)",1991,8.83933031035,1.34181478887755
"26214","Taiwan (Province of China)",1992,8.59868739629,1.28359190950255
"26216","Taiwan (Province of China)",1993,8.38095062648,1.22784085788776
"26218","Taiwan (Province of China)",1994,8.20057018141,1.17862488643367
"26220","Taiwan (Province of China)",1995,8.0713405014,1.18087615813265
"26222","Taiwan (Province of China)",1996,7.95826954697,1.15255650729592
"26224","Taiwan (Province of China)",1997,7.82124860412,1.14345344201275
"26226","Taiwan (Province of China)",1998,7.66701050873,1.12195224201786
"26228","Taiwan (Province of China)",1999,7.50272107982,1.14013026396429
"26230","Taiwan (Province of China)",2000,7.3352291641,1.14567616706633
"26232","Taiwan (Province of China)",2001,7.04116696841,1.0719999757602
"26234","Taiwan (Province of China)",2002,6.57709443763,0.944946767581633
"26236","Taiwan (Province of China)",2003,6.07035758461,0.845652723803571
"26238","Taiwan (Province of China)",2004,5.64846740142,0.756131201852041
"26240","Taiwan (Province of China)",2005,5.43850474056,0.71027690215051
"26242","Taiwan (Province of China)",2006,5.37852842985,0.706987944928571
"26244","Taiwan (Province of China)",2007,5.3243299003,0.698637571316327
"26246","Taiwan (Province of China)",2008,5.27997719627,0.704869787170919
"26248","Taiwan (Province of China)",2009,5.24970565265,0.712608947196429
"26250","Taiwan (Province of China)",2010,5.23743505199,0.711890634653061
"26252","Taiwan (Province of China)",2011,5.33640842161,0.730121895852041
"26254","Taiwan (Province of China)",2012,5.57842198792,0.764504338783163
"26256","Taiwan (Province of China)",2013,5.87555355635,0.796167515617347
"26258","Taiwan (Province of China)",2014,6.13997918234,0.843635999732143
"26260","Taiwan (Province of China)",2015,6.28360802567,0.896568968551021
"26262","Taiwan (Province of China)",2016,6.30142606677,0.892861348961735
"26264","Taiwan (Province of China)",2017,6.26396175827,0.916168530117347
"26266","Taiwan (Province of China)",2018,6.19676521694,0.921976503265306
"26268","Taiwan (Province of China)",2019,6.12535340466,0.942250553617347
"26270","Taiwan (Province of China)",2020,5.54449863148,0.802336911581633
"26272","Taiwan (Province of China)",2021,6.12331146407,0.853730314941327
"55490","Togolese Republic",1990,45.6535976357,4.46435579684949
"55492","Togolese Republic",1991,44.83763264225,4.35549676440816
"55494","Togolese Republic",1992,44.33619549382,4.24353903782653
"55496","Togolese Republic",1993,44.07403200556,4.19904588748724
"55498","Togolese Republic",1994,43.97779811305,4.19529211317602
"55500","Togolese Republic",1995,43.97117127963,4.20622118105868
"55502","Togolese Republic",1996,44.29958677202,4.22790275130612
"55504","Togolese Republic",1997,45.20857720286,4.31059479444898
"55506","Togolese Republic",1998,46.62057320483,4.37427768799235
"55508","Togolese Republic",1999,48.46002293194,4.51992595855102
"55510","Togolese Republic",2000,50.64874258096,4.63251724098214
"55512","Togolese Republic",2001,56.32998505622,5.12307057101275
"55514","Togolese Republic",2002,66.82162925949,6.0698569688699
"55516","Togolese Republic",2003,79.30498061915,7.22941601140051
"55518","Togolese Republic",2004,90.96543743217,8.16989990179592
"55520","Togolese Republic",2005,98.98451669552,8.79168563317601
"55522","Togolese Republic",2006,104.23802408036,9.28931091764796
"55524","Togolese Republic",2007,109.16021229736,9.68475634497705
"55526","Togolese Republic",2008,113.26842445935,9.8737855071454
"55528","Togolese Republic",2009,116.08599168442,10.0438492290306
"55530","Togolese Republic",2010,117.1295481773,10.1234924519133
"55532","Togolese Republic",2011,112.82508342162,9.88471426291582
"55534","Togolese Republic",2012,102.4571710728,9.27925022927551
"55536","Togolese Republic",2013,89.83131394217,8.43273382363265
"55538","Togolese Republic",2014,78.75652050635,7.64992261548725
"55540","Togolese Republic",2015,73.03443165355,7.30806960069133
"55542","Togolese Republic",2016,71.59671341602,6.99810972253316
"55544","Togolese Republic",2017,70.63476506815,6.86940690278571
"55546","Togolese Republic",2018,69.8423300066,6.75438293584949
"55548","Togolese Republic",2019,68.91578610394,6.63625258392347
"55550","Togolese Republic",2020,67.56921575703,6.61288159315561
"55552","Togolese Republic",2021,65.37881035143,6.50105902305612
"58370","Tokelau",1990,1.17671860493,0.186190088969388
"58372","Tokelau",1991,1.17936078097,0.179934821806122
"58374","Tokelau",1992,1.18065316645,0.175515294862245
"58376","Tokelau",1993,1.18076638455,0.169499165339286
"58378","Tokelau",1994,1.17973956916,0.166395058132653
"58380","Tokelau",1995,1.17757137811,0.170276125704082
"58382","Tokelau",1996,1.17332857899,0.167110081607143
"58384","Tokelau",1997,1.16636912541,0.167070249137755
"58386","Tokelau",1998,1.15708842983,0.167896267505102
"58388","Tokelau",1999,1.1460567743,0.169551974033163
"58390","Tokelau",2000,1.13400589425,0.17151312882398
"58392","Tokelau",2001,1.11716062889,0.164576830484694
"58394","Tokelau",2002,1.09375233946,0.1620253535
"58396","Tokelau",2003,1.06746365469,0.153184591489796
"58398","Tokelau",2004,1.04206013915,0.150886460247449
"58400","Tokelau",2005,1.02134530022,0.150078935377551
"58402","Tokelau",2006,1.00271579497,0.14531300717602
"58404","Tokelau",2007,0.9828731909,0.142642910094388
"58406","Tokelau",2008,0.96457252374,0.141329320181122
"58408","Tokelau",2009,0.95056954257,0.140955061512755
"58410","Tokelau",2010,0.94356165989,0.14193044957398
"58412","Tokelau",2011,0.94198540581,0.143855840061225
"58414","Tokelau",2012,0.94215843885,0.145651899755102
"58416","Tokelau",2013,0.94357708016,0.145290252339286
"58418","Tokelau",2014,0.94571509567,0.147995134252551
"58420","Tokelau",2015,0.94800929527,0.151070040280612
"58422","Tokelau",2016,0.95077657806,0.146346285594388
"58424","Tokelau",2017,0.95412894438,0.143233139007653
"58426","Tokelau",2018,0.95719731965,0.143200518397959
"58428","Tokelau",2019,0.95909804476,0.14767481234949
"58430","Tokelau",2020,1.00259126814,0.152701403714286
"58432","Tokelau",2021,0.99937964472,0.158593506762755
"26690","Turkmenistan",1990,0.3104318678,0.0848709379413266
"26692","Turkmenistan",1991,0.31043743994,0.084911612880102
"26694","Turkmenistan",1992,0.31044173947,0.0849595134846939
"26696","Turkmenistan",1993,0.31044555459,0.0850114167066326
"26698","Turkmenistan",1994,0.31044926891,0.0850649119132653
"26700","Turkmenistan",1995,0.31045030545,0.0851223688214286
"26702","Turkmenistan",1996,0.31044943673,0.0851855134591837
"26704","Turkmenistan",1997,0.31044775722,0.0852469956147959
"26706","Turkmenistan",1998,0.31044507824,0.0853055909489796
"26708","Turkmenistan",1999,0.31044064731,0.0853610252423469
"26710","Turkmenistan",2000,0.31043430879,0.0854125562295918
"26712","Turkmenistan",2001,0.31042872842,0.0854623367704082
"26714","Turkmenistan",2002,0.31042263253,0.085506608007653
"26716","Turkmenistan",2003,0.31041707108,0.0855440256147959
"26718","Turkmenistan",2004,0.31041187734,0.0855748173392857
"26720","Turkmenistan",2005,0.3104059262,0.0856008048188776
"26722","Turkmenistan",2006,0.3102667968,0.0843721477040816
"26724","Turkmenistan",2007,0.30993727087,0.0827368053214286
"26726","Turkmenistan",2008,0.3095427705,0.0821661430739796
"26728","Turkmenistan",2009,0.3092093306,0.081547247125
"26730","Turkmenistan",2010,0.30906474108,0.0814807355816327
"26732","Turkmenistan",2011,0.30905765904,0.0814779277168367
"26734","Turkmenistan",2012,0.30905048127,0.0814754843545918
"26736","Turkmenistan",2013,0.30904361576,0.0814730245969388
"26738","Turkmenistan",2014,0.30903725467,0.0814708566964286
"26740","Turkmenistan",2015,0.30903082025,0.0814703487653061
"26742","Turkmenistan",2016,0.30902597171,0.0814670893826531
"26744","Turkmenistan",2017,0.30902094354,0.0814657191403061
"26746","Turkmenistan",2018,0.30901603401,0.0814667978112245
"26748","Turkmenistan",2019,0.30901146255,0.0814704625051021
"26750","Turkmenistan",2020,0.30900787244,0.0814745785637755
"26752","Turkmenistan",2021,0.30900669955,0.08147683075
"58690","Tuvalu",1990,1.29484822709,0.183047522214286
"58692","Tuvalu",1991,1.28067801283,0.174469081607143
"58694","Tuvalu",1992,1.26856697411,0.169742296566327
"58696","Tuvalu",1993,1.25845176046,0.171120697951531
"58698","Tuvalu",1994,1.25026691686,0.176215489017857
"58700","Tuvalu",1995,1.24395514543,0.181860203158163
"58702","Tuvalu",1996,1.24183246023,0.178271141808673
"58704","Tuvalu",1997,1.24409606731,0.174238352377551
"58706","Tuvalu",1998,1.2475121844,0.174907094369898
"58708","Tuvalu",1999,1.2488373944,0.174702125571429
"58710","Tuvalu",2000,1.24481603725,0.173376394938775
"58712","Tuvalu",2001,1.23081109799,0.170071482831633
"58714","Tuvalu",2002,1.20751555374,0.168851684637755
"58716","Tuvalu",2003,1.17967582374,0.165621585719388
"58718","Tuvalu",2004,1.15202636389,0.166364405392857
"58720","Tuvalu",2005,1.12928824413,0.169111764701531
"58722","Tuvalu",2006,1.10867321102,0.1648999715
"58724","Tuvalu",2007,1.08643202754,0.162955852765306
"58726","Tuvalu",2008,1.06584767641,0.162124213267857
"58728","Tuvalu",2009,1.050205146,0.16169777025
"58730","Tuvalu",2010,1.04279224169,0.159841616390306
"58732","Tuvalu",2011,1.04269314038,0.156313648943878
"58734","Tuvalu",2012,1.0457288635,0.151796227451531
"58736","Tuvalu",2013,1.0503133764,0.149853733678571
"58738","Tuvalu",2014,1.05485927014,0.146645439280612
"58740","Tuvalu",2015,1.05777545869,0.149653093528061
"58742","Tuvalu",2016,1.06460945811,0.149004531492347
"58744","Tuvalu",2017,1.07749346503,0.155186174201531
"58746","Tuvalu",2018,1.08973205463,0.157177696201531
"58748","Tuvalu",2019,1.09463452042,0.164102780663265
"58750","Tuvalu",2020,1.06164687939,0.160079746377551
"58752","Tuvalu",2021,1.05878931521,0.154817427737245
"37250","Ukraine",1990,0.4720934584,0.107401025443878
"37252","Ukraine",1991,0.47209142838,0.107414539653061
"37254","Ukraine",1992,0.47208879746,0.107433881910714
"37256","Ukraine",1993,0.47208537884,0.107452940841837
"37258","Ukraine",1994,0.47208223063,0.107472797451531
"37260","Ukraine",1995,0.47207877502,0.107492885160714
"37262","Ukraine",1996,0.47214098598,0.107493181137755
"37264","Ukraine",1997,0.47229314817,0.107500835395408
"37266","Ukraine",1998,0.47247485453,0.10750982747449
"37268","Ukraine",1999,0.4726266225,0.107539129897959
"37270","Ukraine",2000,0.47268863061,0.107586639344388
"37272","Ukraine",2001,0.47268728747,0.107594322056122
"37274","Ukraine",2002,0.47268648331,0.10760162834949
"37276","Ukraine",2003,0.47268562414,0.107608855515306
"37278","Ukraine",2004,0.47268467097,0.107615555872449
"37280","Ukraine",2005,0.47268281512,0.107621332829082
"37282","Ukraine",2006,0.47268106262,0.107625604918367
"37284","Ukraine",2007,0.47267894343,0.107628669204082
"37286","Ukraine",2008,0.4726762013,0.107632082153061
"37288","Ukraine",2009,0.472673792,0.107634519808673
"37290","Ukraine",2010,0.47267166202,0.107635360739796
"37292","Ukraine",2011,0.47266935769,0.107634614285714
"37294","Ukraine",2012,0.47266650379,0.107632683982143
"37296","Ukraine",2013,0.47266324952,0.10763035505102
"37298","Ukraine",2014,0.47266010709,0.107627179512755
"37300","Ukraine",2015,0.47265702496,0.107624824739796
"37302","Ukraine",2016,0.47265379959,0.107630292102041
"37304","Ukraine",2017,0.47264935147,0.107634798821429
"37306","Ukraine",2018,0.47264450813,0.107638924494898
"37308","Ukraine",2019,0.47263914297,0.107642118160714
"37310","Ukraine",2020,0.4726334634,0.107644096293367
"37312","Ukraine",2021,0.47262721642,0.107644588469388
"49410","Union of the Comoros",1990,2.01331397626,0.222887322482143
"49412","Union of the Comoros",1991,1.95113703167,0.218420153484694
"49414","Union of the Comoros",1992,1.89889615095,0.21236350367602
"49416","Union of the Comoros",1993,1.85882290858,0.209295283954082
"49418","Union of the Comoros",1994,1.83311797343,0.211034324196429
"49420","Union of the Comoros",1995,1.82398242721,0.213189079581633
"49422","Union of the Comoros",1996,1.83390453332,0.210901311890306
"49424","Union of the Comoros",1997,1.85773395879,0.212654253
"49426","Union of the Comoros",1998,1.88623438219,0.216516829221939
"49428","Union of the Comoros",1999,1.91012699665,0.216880331209184
"49430","Union of the Comoros",2000,1.9201213214,0.217655364834184
"49432","Union of the Comoros",2001,1.90354695215,0.21506240807398
"49434","Union of the Comoros",2002,1.86066935402,0.212398666181122
"49436","Union of the Comoros",2003,1.80165148795,0.209930528265306
"49438","Union of the Comoros",2004,1.73665379315,0.203355765683674
"49440","Union of the Comoros",2005,1.67583617345,0.198104085686224
"49442","Union of the Comoros",2006,1.6105573264,0.191863828446429
"49444","Union of the Comoros",2007,1.53287863677,0.180572146540816
"49446","Union of the Comoros",2008,1.454078255,0.173726142344388
"49448","Union of the Comoros",2009,1.38541971262,0.167158140971939
"49450","Union of the Comoros",2010,1.33818206568,0.167987873339286
"49452","Union of the Comoros",2011,1.30696880525,0.165808064543367
"49454","Union of the Comoros",2012,1.27931132022,0.16555002882398
"49456","Union of the Comoros",2013,1.25591008267,0.168140897816327
"49458","Union of the Comoros",2014,1.23745067001,0.168494145094388
"49460","Union of the Comoros",2015,1.22462048963,0.170390635854592
"49462","Union of the Comoros",2016,1.21567944178,0.165448728872449
"49464","Union of the Comoros",2017,1.20808809164,0.164328803443878
"49466","Union of the Comoros",2018,1.20134025023,0.160386543380102
"49468","Union of the Comoros",2019,1.19492769532,0.160552444058674
"49470","Union of the Comoros",2020,1.17770543789,0.150324619943878
"49472","Union of the Comoros",2021,1.13904638722,0.151562683163265
"47170","United Arab Emirates",1990,1.16689477717,0.172347517163265
"47172","United Arab Emirates",1991,1.14557887732,0.166659888130102
"47174","United Arab Emirates",1992,1.12656917317,0.160822561484694
"47176","United Arab Emirates",1993,1.1103957505,0.16193719505102
"47178","United Arab Emirates",1994,1.09760563646,0.164804415877551
"47180","United Arab Emirates",1995,1.08875855974,0.168560470619898
"47182","United Arab Emirates",1996,1.08396113299,0.166294249645408
"47184","United Arab Emirates",1997,1.08197151231,0.165946296765306
"47186","United Arab Emirates",1998,1.08129222809,0.162590828392857
"47188","United Arab Emirates",1999,1.08042640418,0.165870190428571
"47190","United Arab Emirates",2000,1.07787964761,0.170970890352041
"47192","United Arab Emirates",2001,1.07238503938,0.169765447602041
"47194","United Arab Emirates",2002,1.06497391957,0.166352174994898
"47196","United Arab Emirates",2003,1.05759917967,0.165087497117347
"47198","United Arab Emirates",2004,1.05223074534,0.164761519316327
"47200","United Arab Emirates",2005,1.05083096659,0.165236395234694
"47202","United Arab Emirates",2006,1.05961536525,0.165182663704082
"47204","United Arab Emirates",2007,1.0787986263,0.165410020344388
"47206","United Arab Emirates",2008,1.10204739788,0.168453927829082
"47208","United Arab Emirates",2009,1.12365038705,0.169706159678571
"47210","United Arab Emirates",2010,1.13821720305,0.174004357285714
"47212","United Arab Emirates",2011,1.1500265097,0.173256476015306
"47214","United Arab Emirates",2012,1.16501607343,0.169730871
"47216","United Arab Emirates",2013,1.18016990214,0.172699791979592
"47218","United Arab Emirates",2014,1.19407632178,0.176760808607143
"47220","United Arab Emirates",2015,1.20050301086,0.181065052040816
"47222","United Arab Emirates",2016,1.19533796618,0.178238773655612
"47224","United Arab Emirates",2017,1.17793202421,0.172309748635204
"47226","United Arab Emirates",2018,1.1594407671,0.172880455727041
"47228","United Arab Emirates",2019,1.1484987471,0.171954547071429
"47230","United Arab Emirates",2020,1.19744002557,0.17117205242602
"47232","United Arab Emirates",2021,1.15957528434,0.174939963936225
"40450","United Kingdom of Great Britain and Northern Ireland",1990,0.82038415575,0.130768267104592
"40452","United Kingdom of Great Britain and Northern Ireland",1991,0.81141262391,0.129105122839286
"40454","United Kingdom of Great Britain and Northern Ireland",1992,0.80188415913,0.126756674826531
"40456","United Kingdom of Great Britain and Northern Ireland",1993,0.79214655235,0.124110561091837
"40458","United Kingdom of Great Britain and Northern Ireland",1994,0.78260314956,0.121633905352041
"40460","United Kingdom of Great Britain and Northern Ireland",1995,0.77380419642,0.11933662769898
"40462","United Kingdom of Great Britain and Northern Ireland",1996,0.76231831928,0.116475860413265
"40464","United Kingdom of Great Britain and Northern Ireland",1997,0.74726201997,0.114001325826531
"40466","United Kingdom of Great Britain and Northern Ireland",1998,0.73277476449,0.111797970397959
"40468","United Kingdom of Great Britain and Northern Ireland",1999,0.72301404743,0.109978404931122
"40470","United Kingdom of Great Britain and Northern Ireland",2000,0.72189304228,0.10967075784949
"40472","United Kingdom of Great Britain and Northern Ireland",2001,0.73815772231,0.109898669681122
"40474","United Kingdom of Great Britain and Northern Ireland",2002,0.77378687765,0.111933575645408
"40476","United Kingdom of Great Britain and Northern Ireland",2003,0.8228729707,0.113921232068878
"40478","United Kingdom of Great Britain and Northern Ireland",2004,0.87945765369,0.11851731205102
"40480","United Kingdom of Great Britain and Northern Ireland",2005,0.9375467957,0.123658023658163
"40482","United Kingdom of Great Britain and Northern Ireland",2006,1.00812113893,0.13024544225
"40484","United Kingdom of Great Britain and Northern Ireland",2007,1.09732376552,0.140853618377551
"40486","United Kingdom of Great Britain and Northern Ireland",2008,1.19185726305,0.153066672043367
"40488","United Kingdom of Great Britain and Northern Ireland",2009,1.2785011713,0.164667842035714
"40490","United Kingdom of Great Britain and Northern Ireland",2010,1.34389967415,0.174485268811225
"40492","United Kingdom of Great Britain and Northern Ireland",2011,1.38940027936,0.17980286392602
"40494","United Kingdom of Great Britain and Northern Ireland",2012,1.42935622455,0.184381845454082
"40496","United Kingdom of Great Britain and Northern Ireland",2013,1.46969626306,0.189508214408163
"40498","United Kingdom of Great Britain and Northern Ireland",2014,1.51653995064,0.195838878204082
"40500","United Kingdom of Great Britain and Northern Ireland",2015,1.57608558483,0.203580597795918
"40502","United Kingdom of Great Britain and Northern Ireland",2016,1.70233240132,0.218159800637755
"40504","United Kingdom of Great Britain and Northern Ireland",2017,1.8950340247,0.237346552545918
"40506","United Kingdom of Great Britain and Northern Ireland",2018,2.0788270214,0.255964961311225
"40508","United Kingdom of Great Britain and Northern Ireland",2019,2.17806618929,0.268437678841837
"40510","United Kingdom of Great Britain and Northern Ireland",2020,2.13785722028,0.264040379420918
"40512","United Kingdom of Great Britain and Northern Ireland",2021,2.24522436492,0.275650424803571
"43810","United Mexican States",1990,1.77387521285,0.199222774015306
"43812","United Mexican States",1991,1.68410072643,0.192448592589286
"43814","United Mexican States",1992,1.60687866123,0.186774445826531
"43816","United Mexican States",1993,1.53348541634,0.181292691252551
"43818","United Mexican States",1994,1.45975827251,0.172920976137755
"43820","United Mexican States",1995,1.38690097891,0.164418158678571
"43822","United Mexican States",1996,1.29824535713,0.152305344760204
"43824","United Mexican States",1997,1.1936403742,0.137734972183673
"43826","United Mexican States",1998,1.08949665599,0.123497390270408
"43828","United Mexican States",1999,0.9994651537,0.113573523897959
"43830","United Mexican States",2000,0.93861780608,0.108585246895408
"43832","United Mexican States",2001,0.89672653569,0.103806453997449
"43834","United Mexican States",2002,0.85604121674,0.100626501737245
"43836","United Mexican States",2003,0.8207263344,0.098209469372449
"43838","United Mexican States",2004,0.7949397928,0.0969747303341837
"43840","United Mexican States",2005,0.78287195211,0.0984869181658163
"43842","United Mexican States",2006,0.78064461308,0.098154876005102
"43844","United Mexican States",2007,0.78131420719,0.0979050778392857
"43846","United Mexican States",2008,0.78447312446,0.0981483275255102
"43848","United Mexican States",2009,0.78975866019,0.0981520570484694
"43850","United Mexican States",2010,0.79681701251,0.0992712707678572
"43852","United Mexican States",2011,0.81118553605,0.100571520897959
"43854","United Mexican States",2012,0.83585887844,0.102894468528061
"43856","United Mexican States",2013,0.86668311911,0.106020619390306
"43858","United Mexican States",2014,0.89950991762,0.108247022522959
"43860","United Mexican States",2015,0.93017096845,0.111342692454082
"43862","United Mexican States",2016,0.96570141472,0.11388268867602
"43864","United Mexican States",2017,1.0089302429,0.119768550053571
"43866","United Mexican States",2018,1.0493719917,0.125123824418367
"43868","United Mexican States",2019,1.07653566674,0.129973140892857
"43870","United Mexican States",2020,1.08396311249,0.133198249984694
"43872","United Mexican States",2021,1.07365096381,0.129990815872449
"50690","United Republic of Tanzania",1990,9.69202988566,0.817306942711735
"50692","United Republic of Tanzania",1991,9.72720771136,0.827439517418368
"50694","United Republic of Tanzania",1992,9.82198888423,0.822353265961734
"50696","United Republic of Tanzania",1993,9.96625392719,0.853487703719388
"50698","United Republic of Tanzania",1994,10.14980585335,0.871981190043368
"50700","United Republic of Tanzania",1995,10.36240595151,0.908433202252552
"50702","United Republic of Tanzania",1996,10.88080402363,0.932483885625
"50704","United Republic of Tanzania",1997,11.79346674848,0.975875394602041
"50706","United Republic of Tanzania",1998,12.80796096962,1.0530887318801
"50708","United Republic of Tanzania",1999,13.6316319156,1.13515599973725
"50710","United Republic of Tanzania",2000,13.97175782356,1.17900224681888
"50712","United Republic of Tanzania",2001,13.56780885657,1.10395576445663
"50714","United Republic of Tanzania",2002,12.5548112269,1.0222690894949
"50716","United Republic of Tanzania",2003,11.23375233689,0.948935991538266
"50718","United Republic of Tanzania",2004,9.9056050248,0.872821651020408
"50720","United Republic of Tanzania",2005,8.871461452,0.818986116311225
"50722","United Republic of Tanzania",2006,8.068197384,0.726801715770408
"50724","United Republic of Tanzania",2007,7.26364906086,0.635288336193878
"50726","United Republic of Tanzania",2008,6.50549291782,0.58664026944898
"50728","United Republic of Tanzania",2009,5.8413253175,0.548071607670918
"50730","United Republic of Tanzania",2010,5.3187443057,0.498888379114796
"50732","United Republic of Tanzania",2011,4.86201802187,0.435256130096939
"50734","United Republic of Tanzania",2012,4.40054985315,0.389862047714286
"50736","United Republic of Tanzania",2013,3.98965614029,0.356865426658163
"50738","United Republic of Tanzania",2014,3.68461743321,0.31908651494898
"50740","United Republic of Tanzania",2015,3.54071794886,0.319307769813776
"50742","United Republic of Tanzania",2016,3.56153684586,0.324281617395408
"50744","United Republic of Tanzania",2017,3.66231825643,0.341361532566327
"50746","United Republic of Tanzania",2018,3.76591616874,0.360952319375
"50748","United Republic of Tanzania",2019,3.79523889407,0.374329760721939
"50750","United Republic of Tanzania",2020,3.69974176079,0.375223996568878
"50752","United Republic of Tanzania",2021,3.58752724773,0.335754808826531
"39970","United States of America",1990,0.67646159084,0.0897732829591837
"39972","United States of America",1991,0.67540181459,0.0864458782295918
"39974","United States of America",1992,0.6736039808,0.0831311394260204
"39976","United States of America",1993,0.67095715677,0.0801018054744898
"39978","United States of America",1994,0.6674039187,0.0782408352984694
"39980","United States of America",1995,0.66291450791,0.077026086752551
"39982","United States of America",1996,0.65647261801,0.0765607190688776
"39984","United States of America",1997,0.64813275139,0.0764058482015306
"39986","United States of America",1998,0.63919420741,0.0755843587244898
"39988","United States of America",1999,0.63091866551,0.0751203302653061
"39990","United States of America",2000,0.62465114012,0.0742470155127551
"39992","United States of America",2001,0.6157750741,0.0737602723265306
"39994","United States of America",2002,0.60159189785,0.0728964823239796
"39996","United States of America",2003,0.58617789101,0.072393632875
"39998","United States of America",2004,0.57359700416,0.0718546079540816
"40000","United States of America",2005,0.56797441469,0.0715517248214286
"40002","United States of America",2006,0.56732035972,0.0720459435816327
"40004","United States of America",2007,0.56710747991,0.0726861007857143
"40006","United States of America",2008,0.56746740171,0.0736444055408163
"40008","United States of America",2009,0.56846042508,0.0741384824923469
"40010","United States of America",2010,0.57015011812,0.0745431239336735
"40012","United States of America",2011,0.57448484527,0.0755542309081633
"40014","United States of America",2012,0.58244536689,0.0768039738163265
"40016","United States of America",2013,0.59252886063,0.0780650607806123
"40018","United States of America",2014,0.60323149163,0.0797350447219388
"40020","United States of America",2015,0.61310108094,0.0818175277397959
"40022","United States of America",2016,0.62629186504,0.0842945696352041
"40024","United States of America",2017,0.6442413202,0.0879622330663265
"40026","United States of America",2018,0.66139579353,0.0917638365153061
"40028","United States of America",2019,0.67228260427,0.0937618602704082
"40030","United States of America",2020,0.67229946853,0.091804710380102
"40032","United States of America",2021,1.01137060771,0.168255559079082
"56770","United States Virgin Islands",1990,0.31289276599,0.0869314090127551
"56772","United States Virgin Islands",1991,0.31198911856,0.0847348752321429
"56774","United States Virgin Islands",1992,0.31104714297,0.0830645385280612
"56776","United States Virgin Islands",1993,0.31013670156,0.0822948648137755
"56778","United States Virgin Islands",1994,0.30932652645,0.0794940068520408
"56780","United States Virgin Islands",1995,0.308684036,0.0810682568520408
"56782","United States Virgin Islands",1996,0.30789816621,0.0808415114923469
"56784","United States Virgin Islands",1997,0.30678653532,0.0806265525790816
"56786","United States Virgin Islands",1998,0.30560465578,0.081663839377551
"56788","United States Virgin Islands",1999,0.30460163503,0.0831531793443878
"56790","United States Virgin Islands",2000,0.30402087953,0.0851428299846939
"56792","United States Virgin Islands",2001,0.30362914853,0.0829838683010204
"56794","United States Virgin Islands",2002,0.30314806117,0.0812849593979592
"56796","United States Virgin Islands",2003,0.30275310096,0.078706692877551
"56798","United States Virgin Islands",2004,0.30262089982,0.0776607648188776
"56800","United States Virgin Islands",2005,0.30292719726,0.0776232039234694
"56802","United States Virgin Islands",2006,0.30406157805,0.0786577726836735
"56804","United States Virgin Islands",2007,0.30595369022,0.0814163940994898
"56806","United States Virgin Islands",2008,0.30808548176,0.0813819810994898
"56808","United States Virgin Islands",2009,0.30993610132,0.0814043985433673
"56810","United States Virgin Islands",2010,0.31098174503,0.0842057988061225
"56812","United States Virgin Islands",2011,0.31143163219,0.082512762127551
"56814","United States Virgin Islands",2012,0.3118189895,0.081955659502551
"56816","United States Virgin Islands",2013,0.31210475816,0.0817905798418367
"56818","United States Virgin Islands",2014,0.31224949518,0.0831438546096939
"56820","United States Virgin Islands",2015,0.31221144591,0.0842568629209184
"56822","United States Virgin Islands",2016,0.31163137341,0.0815222406607143
"56824","United States Virgin Islands",2017,0.31055584709,0.0809735091811225
"56826","United States Virgin Islands",2018,0.3095621096,0.0829258893316327
"56828","United States Virgin Islands",2019,0.30924394655,0.0818169690969388
"56830","United States Virgin Islands",2020,0.3144589565,0.082348495869898
"56832","United States Virgin Islands",2021,0.31519790749,0.0850469438647959
