measure,location,sex,age,cause,metric,year,val,upper,lower
Deaths,East Asia,Both,All ages,Invasive Non-typhoidal Salmonella (iNTS),Number,1990,908.9343442940306,1540.3547389547482,483.1810070491782
Deaths,East Asia,Both,All ages,Invasive Non-typhoidal Salmonella (iNTS),Rate,1990,0.07465948915624183,0.12652409786438423,0.03968828703937784
Deaths,East Asia,Both,Age-standardized,Invasive Non-typhoidal Salmonella (iNTS),Rate,1990,0.08239146503653215,0.1371396694313512,0.04401484454555069
Deaths,Southeast Asia,Both,All ages,Invasive Non-typhoidal Salmonella (iNTS),Number,1990,1873.2276111861208,2934.316891222786,1045.503357632246
Deaths,Southeast Asia,Both,All ages,Invasive Non-typhoidal Salmonella (iNTS),Rate,1990,0.402405887168307,0.6303485944763461,0.22459454668141032
Deaths,Southeast Asia,Both,Age-standardized,Invasive Non-typhoidal Salmonella (iNTS),Rate,1990,0.4303488813106809,0.6554442857828187,0.24370767337612065
Deaths,Central Europe,Both,All ages,Invasive Non-typhoidal Salmonella (iNTS),Number,1990,59.56339624270101,68.89186570831566,51.25778281952698
Deaths,Central Europe,Both,All ages,Invasive Non-typhoidal Salmonella (iNTS),Rate,1990,0.04761567332414148,0.055072960562750975,0.040976069129930986
Deaths,Central Europe,Both,Age-standardized,Invasive Non-typhoidal Salmonella (iNTS),Rate,1990,0.05183188596556148,0.059438836161796876,0.045051078876188845
Deaths,Oceania,Both,All ages,Invasive Non-typhoidal Salmonella (iNTS),Number,1990,16.107231589714164,27.078517007336014,8.666388956311101
Deaths,Oceania,Both,All ages,Invasive Non-typhoidal Salmonella (iNTS),Rate,1990,0.24591389722935764,0.4134157760988401,0.13231233879525703
Deaths,Oceania,Both,Age-standardized,Invasive Non-typhoidal Salmonella (iNTS),Rate,1990,0.2615375120370707,0.42879409687722286,0.14073366534581658
Deaths,Eastern Europe,Both,All ages,Invasive Non-typhoidal Salmonella (iNTS),Number,1990,36.64355017749374,56.10414216536404,23.701864560980017
Deaths,Eastern Europe,Both,All ages,Invasive Non-typhoidal Salmonella (iNTS),Rate,1990,0.01617880923036204,0.024771022696486365,0.010464814224564346
Deaths,Eastern Europe,Both,Age-standardized,Invasive Non-typhoidal Salmonella (iNTS),Rate,1990,0.016586855660730638,0.024747398768179003,0.010951941709624621
Deaths,High-income Asia Pacific,Both,All ages,Invasive Non-typhoidal Salmonella (iNTS),Number,1990,17.51219593473365,26.085743488231625,12.021441436741032
Deaths,High-income Asia Pacific,Both,All ages,Invasive Non-typhoidal Salmonella (iNTS),Rate,1990,0.01010046638496763,0.015045410422069876,0.0069335773527882455
Deaths,High-income Asia Pacific,Both,Age-standardized,Invasive Non-typhoidal Salmonella (iNTS),Rate,1990,0.01054164198671797,0.015678577637864236,0.007358145450347048
Deaths,Western Europe,Both,All ages,Invasive Non-typhoidal Salmonella (iNTS),Number,1990,221.23197903776716,245.0529236065895,198.5693098158833
Deaths,Western Europe,Both,All ages,Invasive Non-typhoidal Salmonella (iNTS),Rate,1990,0.05755063587482263,0.06374734628277225,0.05165523580647383
Deaths,Western Europe,Both,Age-standardized,Invasive Non-typhoidal Salmonella (iNTS),Rate,1990,0.040917022851472425,0.04513748863841072,0.036914215512654135
Deaths,Australasia,Both,All ages,Invasive Non-typhoidal Salmonella (iNTS),Number,1990,2.7704589240757462,3.26244087460547,2.291687811058717
Deaths,Australasia,Both,All ages,Invasive Non-typhoidal Salmonella (iNTS),Rate,1990,0.013663552568764838,0.016089945245273803,0.01130231406987728
Deaths,Australasia,Both,Age-standardized,Invasive Non-typhoidal Salmonella (iNTS),Rate,1990,0.0129253375881199,0.01517850725476052,0.01079746530850464
Deaths,Global,Both,All ages,Invasive Non-typhoidal Salmonella (iNTS),Number,1990,48941.02009467142,77609.0786933334,28140.01250472108
Deaths,Global,Both,All ages,Invasive Non-typhoidal Salmonella (iNTS),Rate,1990,0.9175942167082672,1.4550910797385075,0.527596537270413
Deaths,Global,Both,Age-standardized,Invasive Non-typhoidal Salmonella (iNTS),Rate,1990,0.864631183886195,1.356667345953441,0.5000789524506466
Deaths,Southern Latin America,Both,All ages,Invasive Non-typhoidal Salmonella (iNTS),Number,1990,0.7390728636679703,0.8632824994369481,0.6412964320777305
Deaths,Southern Latin America,Both,All ages,Invasive Non-typhoidal Salmonella (iNTS),Rate,1990,0.0014919188993886372,0.0017426529097949084,0.0012945438997434154
Deaths,Southern Latin America,Both,Age-standardized,Invasive Non-typhoidal Salmonella (iNTS),Rate,1990,0.0014954865747048346,0.0017439026007704675,0.0012957497744366926
Deaths,Tropical Latin America,Both,All ages,Invasive Non-typhoidal Salmonella (iNTS),Number,1990,91.39028800886122,129.59935201827307,64.95878895831221
Deaths,Tropical Latin America,Both,All ages,Invasive Non-typhoidal Salmonella (iNTS),Rate,1990,0.05990779138716998,0.08495444224741153,0.042581522199606626
Deaths,Tropical Latin America,Both,Age-standardized,Invasive Non-typhoidal Salmonella (iNTS),Rate,1990,0.06912134090312826,0.09322284242592792,0.050460206069436096
Deaths,Andean Latin America,Both,All ages,Invasive Non-typhoidal Salmonella (iNTS),Number,1990,20.887849365733295,33.88128129099895,11.295096013413518
Deaths,Andean Latin America,Both,All ages,Invasive Non-typhoidal Salmonella (iNTS),Rate,1990,0.05497755690693593,0.0891767284243054,0.029729091443251435
Deaths,Andean Latin America,Both,Age-standardized,Invasive Non-typhoidal Salmonella (iNTS),Rate,1990,0.05678887158119215,0.0933770428871092,0.02913452576454882
Deaths,North Africa and Middle East,Both,All ages,Invasive Non-typhoidal Salmonella (iNTS),Number,1990,950.7085163725036,1487.6960820061415,523.9573988826897
Deaths,North Africa and Middle East,Both,All ages,Invasive Non-typhoidal Salmonella (iNTS),Rate,1990,0.28028637425633973,0.4386001951595886,0.15447228784481631
Deaths,North Africa and Middle East,Both,Age-standardized,Invasive Non-typhoidal Salmonella (iNTS),Rate,1990,0.27526594948375555,0.42444633642731566,0.1515375297463622
Deaths,Central Latin America,Both,All ages,Invasive Non-typhoidal Salmonella (iNTS),Number,1990,290.82440336327977,319.3058509388888,265.54107177518506
Deaths,Central Latin America,Both,All ages,Invasive Non-typhoidal Salmonella (iNTS),Rate,1990,0.17689190891834755,0.19421555016764813,0.16151349934641443
Deaths,Central Latin America,Both,Age-standardized,Invasive Non-typhoidal Salmonella (iNTS),Rate,1990,0.24564195766651337,0.26675229445235077,0.22685035437591056
Deaths,Central Asia,Both,All ages,Invasive Non-typhoidal Salmonella (iNTS),Number,1990,6.797666422982866,10.728018824594043,3.988709777971983
Deaths,Central Asia,Both,All ages,Invasive Non-typhoidal Salmonella (iNTS),Rate,1990,0.009807369655365963,0.01547790664260778,0.005754732404679886
Deaths,Central Asia,Both,Age-standardized,Invasive Non-typhoidal Salmonella (iNTS),Rate,1990,0.009295251457458598,0.014855158845133918,0.0053109601821838565
Deaths,Central Sub-Saharan Africa,Both,All ages,Invasive Non-typhoidal Salmonella (iNTS),Number,1990,6465.394754846939,10612.853268542625,3643.3219646634084
Deaths,Central Sub-Saharan Africa,Both,All ages,Invasive Non-typhoidal Salmonella (iNTS),Rate,1990,11.763240867848715,19.309192095256343,6.628717263911913
Deaths,Central Sub-Saharan Africa,Both,Age-standardized,Invasive Non-typhoidal Salmonella (iNTS),Rate,1990,10.93990464083414,17.52505996077543,6.0438976213000055
Deaths,South Asia,Both,All ages,Invasive Non-typhoidal Salmonella (iNTS),Number,1990,7140.5491544784,11537.077376624411,3805.975329928962
Deaths,South Asia,Both,All ages,Invasive Non-typhoidal Salmonella (iNTS),Rate,1990,0.6530513424800867,1.0551434779180602,0.3480820935316084
Deaths,South Asia,Both,Age-standardized,Invasive Non-typhoidal Salmonella (iNTS),Rate,1990,0.5981466044275697,0.949646743831875,0.32497408219983953
Deaths,High-income North America,Both,All ages,Invasive Non-typhoidal Salmonella (iNTS),Number,1990,80.02950026243039,87.89602231973019,72.88232969784664
Deaths,High-income North America,Both,All ages,Invasive Non-typhoidal Salmonella (iNTS),Rate,1990,0.028438820000095292,0.031234221746710346,0.025899042836303662
Deaths,High-income North America,Both,Age-standardized,Invasive Non-typhoidal Salmonella (iNTS),Rate,1990,0.024295614240101793,0.026615012452658498,0.022260110371470777
Deaths,Caribbean,Both,All ages,Invasive Non-typhoidal Salmonella (iNTS),Number,1990,6.27303330574695,11.430725844177815,2.9330648242555704
Deaths,Caribbean,Both,All ages,Invasive Non-typhoidal Salmonella (iNTS),Rate,1990,0.017774397540769506,0.03238852010363619,0.008310725873462908
Deaths,Caribbean,Both,Age-standardized,Invasive Non-typhoidal Salmonella (iNTS),Rate,1990,0.017940003265396902,0.03233504401874123,0.008605641499548393
Deaths,Eastern Sub-Saharan Africa,Both,All ages,Invasive Non-typhoidal Salmonella (iNTS),Number,1990,8795.667177985699,14362.045083613495,4878.191030653031
Deaths,Eastern Sub-Saharan Africa,Both,All ages,Invasive Non-typhoidal Salmonella (iNTS),Rate,1990,4.6092871219554326,7.526295403096788,2.556370385671736
Deaths,Eastern Sub-Saharan Africa,Both,Age-standardized,Invasive Non-typhoidal Salmonella (iNTS),Rate,1990,3.8178383155998734,5.997398659986465,2.1459318278070842
Deaths,Western Sub-Saharan Africa,Both,All ages,Invasive Non-typhoidal Salmonella (iNTS),Number,1990,21165.31013116955,34431.66571305475,12013.999618845839
Deaths,Western Sub-Saharan Africa,Both,All ages,Invasive Non-typhoidal Salmonella (iNTS),Rate,1990,10.957467987747288,17.825577441456804,6.219753710787559
Deaths,Western Sub-Saharan Africa,Both,Age-standardized,Invasive Non-typhoidal Salmonella (iNTS),Rate,1990,8.643657238943689,13.465212601188156,4.887136304500007
Deaths,Low-middle SDI,Both,All ages,Invasive Non-typhoidal Salmonella (iNTS),Number,1990,13588.511058661077,20692.19919831384,7821.973904496431
Deaths,Low-middle SDI,Both,All ages,Invasive Non-typhoidal Salmonella (iNTS),Rate,1990,1.1700009046739983,1.7816441902434033,0.6734892811353366
Deaths,Low-middle SDI,Both,Age-standardized,Invasive Non-typhoidal Salmonella (iNTS),Rate,1990,1.0532819638145368,1.6037693800833928,0.6001163287640187
Deaths,High-middle SDI,Both,All ages,Invasive Non-typhoidal Salmonella (iNTS),Number,1990,578.5960904035996,915.7668960461241,345.15751389178865
Deaths,High-middle SDI,Both,All ages,Invasive Non-typhoidal Salmonella (iNTS),Rate,1990,0.054403252155760265,0.08610617698218931,0.03245388548790905
Deaths,High-middle SDI,Both,Age-standardized,Invasive Non-typhoidal Salmonella (iNTS),Rate,1990,0.05742671502555462,0.08988189812503067,0.034981853017468374
Deaths,High SDI,Both,All ages,Invasive Non-typhoidal Salmonella (iNTS),Number,1990,507.5062990455657,622.3266837943388,421.00564248817676
Deaths,High SDI,Both,All ages,Invasive Non-typhoidal Salmonella (iNTS),Rate,1990,0.05770174768530202,0.07075643662682421,0.04786691594296872
Deaths,High SDI,Both,Age-standardized,Invasive Non-typhoidal Salmonella (iNTS),Rate,1990,0.05393094542450485,0.06750407671236966,0.04408501957309745
Deaths,Western Europe,Both,All ages,Invasive Non-typhoidal Salmonella (iNTS),Number,1991,215.96700006695545,239.65356049002366,193.09421132050633
Deaths,Western Europe,Both,All ages,Invasive Non-typhoidal Salmonella (iNTS),Rate,1991,0.055973330797918566,0.06211230425967089,0.050045266925294624
Deaths,Western Europe,Both,Age-standardized,Invasive Non-typhoidal Salmonella (iNTS),Rate,1991,0.03922434989692551,0.04335251102603631,0.035349604766512686
Deaths,Middle SDI,Both,All ages,Invasive Non-typhoidal Salmonella (iNTS),Number,1990,4827.9096692329895,7224.749738880675,2859.9929685840902
Deaths,Middle SDI,Both,All ages,Invasive Non-typhoidal Salmonella (iNTS),Rate,1990,0.2802188379601938,0.41933489130586654,0.16599811536206346
Deaths,Middle SDI,Both,Age-standardized,Invasive Non-typhoidal Salmonella (iNTS),Rate,1990,0.2947819577186798,0.42831091083372175,0.17964484844348877
Deaths,Oceania,Both,All ages,Invasive Non-typhoidal Salmonella (iNTS),Number,1991,16.87382654450688,28.25722752560022,9.163520715568698
Deaths,Oceania,Both,All ages,Invasive Non-typhoidal Salmonella (iNTS),Rate,1991,0.25170931270173497,0.4215171526485101,0.13669356474419755
Deaths,Oceania,Both,Age-standardized,Invasive Non-typhoidal Salmonella (iNTS),Rate,1991,0.26630429835094993,0.43009675634432704,0.14539969392679825
Deaths,Southern Latin America,Both,All ages,Invasive Non-typhoidal Salmonella (iNTS),Number,1991,0.8647722726606162,1.0200609923887916,0.7423273318490583
Deaths,Southern Latin America,Both,All ages,Invasive Non-typhoidal Salmonella (iNTS),Rate,1991,0.0017237443312638368,0.002033280215800358,0.001479675714255008
Deaths,Southern Latin America,Both,Age-standardized,Invasive Non-typhoidal Salmonella (iNTS),Rate,1991,0.0017325306828473734,0.002047271625524545,0.0014875812849336706
Deaths,Central Latin America,Both,All ages,Invasive Non-typhoidal Salmonella (iNTS),Number,1991,236.47365483657654,261.0415622202616,215.25762771030236
Deaths,Central Latin America,Both,All ages,Invasive Non-typhoidal Salmonella (iNTS),Rate,1991,0.14075252997095586,0.15537570278373952,0.1281244446308818
Deaths,Central Latin America,Both,Age-standardized,Invasive Non-typhoidal Salmonella (iNTS),Rate,1991,0.19511078428917594,0.21348365016224308,0.17943601347476645
Deaths,Andean Latin America,Both,All ages,Invasive Non-typhoidal Salmonella (iNTS),Number,1991,21.068284916711622,34.434516551565906,11.373361869020506
Deaths,Andean Latin America,Both,All ages,Invasive Non-typhoidal Salmonella (iNTS),Rate,1991,0.05428416897313815,0.08872336416481715,0.029304402324691954
Deaths,Andean Latin America,Both,Age-standardized,Invasive Non-typhoidal Salmonella (iNTS),Rate,1991,0.055986705056761586,0.0929890951604569,0.02917839237991057
Deaths,Southeast Asia,Both,All ages,Invasive Non-typhoidal Salmonella (iNTS),Number,1991,1875.8115682221364,2911.973037925406,1047.4961041133884
Deaths,Southeast Asia,Both,All ages,Invasive Non-typhoidal Salmonella (iNTS),Rate,1991,0.3960556800090329,0.614829059187751,0.22116655470604896
Deaths,Southeast Asia,Both,Age-standardized,Invasive Non-typhoidal Salmonella (iNTS),Rate,1991,0.4243493663794089,0.646110059111886,0.23959475779964087
Deaths,Tropical Latin America,Both,All ages,Invasive Non-typhoidal Salmonella (iNTS),Number,1991,85.77058379069624,122.17421942168727,60.08359295383457
Deaths,Tropical Latin America,Both,All ages,Invasive Non-typhoidal Salmonella (iNTS),Rate,1991,0.05532396226247634,0.07880512882163827,0.03875527345463289
Deaths,Tropical Latin America,Both,Age-standardized,Invasive Non-typhoidal Salmonella (iNTS),Rate,1991,0.06380317759174381,0.08687141634721376,0.04559650682868431
Deaths,Central Europe,Both,All ages,Invasive Non-typhoidal Salmonella (iNTS),Number,1991,54.37039037845804,62.82180329323759,46.63454764293745
Deaths,Central Europe,Both,All ages,Invasive Non-typhoidal Salmonella (iNTS),Rate,1991,0.04345181934472343,0.050206033626145286,0.03726947563368375
Deaths,Central Europe,Both,Age-standardized,Invasive Non-typhoidal Salmonella (iNTS),Rate,1991,0.04739112157223436,0.05467395218324518,0.040901144003897
Deaths,North Africa and Middle East,Both,All ages,Invasive Non-typhoidal Salmonella (iNTS),Number,1991,948.8675577505475,1487.6931795302323,525.6430215957514
Deaths,North Africa and Middle East,Both,All ages,Invasive Non-typhoidal Salmonella (iNTS),Rate,1991,0.2731266553307957,0.4282248444101096,0.1513036452914156
Deaths,North Africa and Middle East,Both,Age-standardized,Invasive Non-typhoidal Salmonella (iNTS),Rate,1991,0.2691042166138297,0.4144617193274864,0.14944004244142717
Deaths,East Asia,Both,All ages,Invasive Non-typhoidal Salmonella (iNTS),Number,1991,902.4239389717701,1526.1795082791255,485.99022447770994
Deaths,East Asia,Both,All ages,Invasive Non-typhoidal Salmonella (iNTS),Rate,1991,0.0731117605151037,0.12364662094347732,0.039373513235011086
Deaths,East Asia,Both,Age-standardized,Invasive Non-typhoidal Salmonella (iNTS),Rate,1991,0.08058845795655425,0.13440447886316315,0.043859190554076194
Deaths,Central Sub-Saharan Africa,Both,All ages,Invasive Non-typhoidal Salmonella (iNTS),Number,1991,6701.068499530381,10788.682760110372,3787.758494533793
Deaths,Central Sub-Saharan Africa,Both,All ages,Invasive Non-typhoidal Salmonella (iNTS),Rate,1991,11.845721416048013,19.071545147067766,6.695757836330304
Deaths,Central Sub-Saharan Africa,Both,Age-standardized,Invasive Non-typhoidal Salmonella (iNTS),Rate,1991,11.029539961801524,17.620576775639417,6.114785144301498
Deaths,Eastern Europe,Both,All ages,Invasive Non-typhoidal Salmonella (iNTS),Number,1991,35.6506624376608,54.53002763205603,22.997049038862688
Deaths,Eastern Europe,Both,All ages,Invasive Non-typhoidal Salmonella (iNTS),Rate,1991,0.01570984811706589,0.024029243591671516,0.010133897179974915
Deaths,Eastern Europe,Both,Age-standardized,Invasive Non-typhoidal Salmonella (iNTS),Rate,1991,0.01627608086969552,0.024213118303622477,0.010837957731657038
Deaths,High-income Asia Pacific,Both,All ages,Invasive Non-typhoidal Salmonella (iNTS),Number,1991,16.306965869623998,24.50226198552452,11.041008013821584
Deaths,High-income Asia Pacific,Both,All ages,Invasive Non-typhoidal Salmonella (iNTS),Rate,1991,0.009360096166607186,0.014064144753692377,0.0063374693742480675
Deaths,High-income Asia Pacific,Both,Age-standardized,Invasive Non-typhoidal Salmonella (iNTS),Rate,1991,0.009585787991520187,0.014406370868355703,0.0065200355138444474
Deaths,Australasia,Both,All ages,Invasive Non-typhoidal Salmonella (iNTS),Number,1991,2.5575886571680546,3.053973192076216,2.1072096406853746
Deaths,Australasia,Both,All ages,Invasive Non-typhoidal Salmonella (iNTS),Rate,1991,0.012452419565732722,0.014869222782815248,0.010259608590783256
Deaths,Australasia,Both,Age-standardized,Invasive Non-typhoidal Salmonella (iNTS),Rate,1991,0.011547737990564539,0.013665975378995795,0.009628415618628662
Deaths,Southern Sub-Saharan Africa,Both,All ages,Invasive Non-typhoidal Salmonella (iNTS),Number,1990,790.4577788390126,1504.5253010971423,400.9022232606784
Deaths,Southern Sub-Saharan Africa,Both,All ages,Invasive Non-typhoidal Salmonella (iNTS),Rate,1990,1.5079853483357402,2.8702381973990057,0.7648159015909347
Deaths,Southern Sub-Saharan Africa,Both,Age-standardized,Invasive Non-typhoidal Salmonella (iNTS),Rate,1990,1.4220363807597107,2.5056491545907016,0.7667280593038877
Deaths,Eastern Sub-Saharan Africa,Both,All ages,Invasive Non-typhoidal Salmonella (iNTS),Number,1991,8465.252306456048,13776.804898776163,4716.036915712407
Deaths,Eastern Sub-Saharan Africa,Both,All ages,Invasive Non-typhoidal Salmonella (iNTS),Rate,1991,4.31287433137771,7.019002631618608,2.4027251431234555
Deaths,Eastern Sub-Saharan Africa,Both,Age-standardized,Invasive Non-typhoidal Salmonella (iNTS),Rate,1991,3.5982734742114966,5.6200300420639735,1.9919366683193402
Deaths,South Asia,Both,All ages,Invasive Non-typhoidal Salmonella (iNTS),Number,1991,7225.297157477522,11548.533753250367,3910.5141296496768
Deaths,South Asia,Both,All ages,Invasive Non-typhoidal Salmonella (iNTS),Rate,1991,0.6483292443317284,1.0362552568008427,0.350892235345714
Deaths,South Asia,Both,Age-standardized,Invasive Non-typhoidal Salmonella (iNTS),Rate,1991,0.5940004920720886,0.9484161555672658,0.3240436561779334
Deaths,High-income North America,Both,All ages,Invasive Non-typhoidal Salmonella (iNTS),Number,1991,69.10517287481206,76.03841454828871,62.86916607119505
Deaths,High-income North America,Both,All ages,Invasive Non-typhoidal Salmonella (iNTS),Rate,1991,0.024282046188161353,0.02671823565915837,0.022090849799586688
Deaths,High-income North America,Both,Age-standardized,Invasive Non-typhoidal Salmonella (iNTS),Rate,1991,0.020586102352628217,0.022602379397249565,0.018847820147020942
Deaths,Caribbean,Both,All ages,Invasive Non-typhoidal Salmonella (iNTS),Number,1991,6.067192765564662,10.940092051479374,2.822531297277358
Deaths,Caribbean,Both,All ages,Invasive Non-typhoidal Salmonella (iNTS),Rate,1991,0.0169581848631076,0.030578244436434227,0.007889152260465838
Deaths,Caribbean,Both,Age-standardized,Invasive Non-typhoidal Salmonella (iNTS),Rate,1991,0.017153991072316584,0.03136410164909466,0.008279141630941698
Deaths,Western Sub-Saharan Africa,Both,All ages,Invasive Non-typhoidal Salmonella (iNTS),Number,1991,22210.214780977632,35880.57337822511,12459.921566092919
Deaths,Western Sub-Saharan Africa,Both,All ages,Invasive Non-typhoidal Salmonella (iNTS),Rate,1991,11.195660064599192,18.086574417531743,6.280760796830274
Deaths,Western Sub-Saharan Africa,Both,Age-standardized,Invasive Non-typhoidal Salmonella (iNTS),Rate,1991,8.828312058290775,13.919342681712116,5.0202252570270005
Deaths,Low-middle SDI,Both,All ages,Invasive Non-typhoidal Salmonella (iNTS),Number,1991,13553.363090892883,20936.635041795034,7767.914736477591
Deaths,Low-middle SDI,Both,All ages,Invasive Non-typhoidal Salmonella (iNTS),Rate,1991,1.1451241043673015,1.768937000353112,0.6563113779035096
Deaths,Low-middle SDI,Both,Age-standardized,Invasive Non-typhoidal Salmonella (iNTS),Rate,1991,1.036094963475312,1.5755677456133936,0.5902914353431186
Deaths,Middle SDI,Both,All ages,Invasive Non-typhoidal Salmonella (iNTS),Number,1991,4831.73133154464,7228.723812035816,2859.4979320567268
Deaths,Middle SDI,Both,All ages,Invasive Non-typhoidal Salmonella (iNTS),Rate,1991,0.27571092022988786,0.41248942822881424,0.16317024936706928
Deaths,Middle SDI,Both,Age-standardized,Invasive Non-typhoidal Salmonella (iNTS),Rate,1991,0.28908158364981085,0.4222411028400575,0.1710674810876927
Deaths,High-middle SDI,Both,All ages,Invasive Non-typhoidal Salmonella (iNTS),Number,1991,570.8632186452502,900.0543624531042,337.71943976658537
Deaths,High-middle SDI,Both,All ages,Invasive Non-typhoidal Salmonella (iNTS),Rate,1991,0.053080266843762276,0.08368926946507631,0.03140198456589669
Deaths,High-middle SDI,Both,Age-standardized,Invasive Non-typhoidal Salmonella (iNTS),Rate,1991,0.0561468423247209,0.08752827507460191,0.034034657154519934
Deaths,Oceania,Both,All ages,Invasive Non-typhoidal Salmonella (iNTS),Number,1992,17.484587011805182,28.98320794309291,9.481950395755216
Deaths,Oceania,Both,All ages,Invasive Non-typhoidal Salmonella (iNTS),Rate,1992,0.25488462852516774,0.4225077884341881,0.13822479208026878
Deaths,Oceania,Both,Age-standardized,Invasive Non-typhoidal Salmonella (iNTS),Rate,1992,0.2682509005892016,0.4368511881225059,0.14585807426758046
Deaths,Low SDI,Both,All ages,Invasive Non-typhoidal Salmonella (iNTS),Number,1990,29425.906403856985,47654.82250147391,16498.15381577027
Deaths,Low SDI,Both,All ages,Invasive Non-typhoidal Salmonella (iNTS),Rate,1990,5.869912681025445,9.50623722764078,3.291070153203664
Deaths,Low SDI,Both,Age-standardized,Invasive Non-typhoidal Salmonella (iNTS),Rate,1990,4.767748228126048,7.4245079714732025,2.6668829529501377
Deaths,High SDI,Both,All ages,Invasive Non-typhoidal Salmonella (iNTS),Number,1991,478.68441339160194,589.958619018488,394.8367048035987
Deaths,High SDI,Both,All ages,Invasive Non-typhoidal Salmonella (iNTS),Rate,1991,0.05398750189225796,0.06653734938839212,0.04453089917151495
Deaths,High SDI,Both,Age-standardized,Invasive Non-typhoidal Salmonella (iNTS),Rate,1991,0.05004739768713612,0.06288547044402133,0.040590000123394025
Deaths,Western Europe,Both,All ages,Invasive Non-typhoidal Salmonella (iNTS),Number,1992,215.09095949227728,239.47256287470194,192.14015423131272
Deaths,Western Europe,Both,All ages,Invasive Non-typhoidal Salmonella (iNTS),Rate,1992,0.05553524976813607,0.06183043965797063,0.04960948373149672
Deaths,Western Europe,Both,Age-standardized,Invasive Non-typhoidal Salmonella (iNTS),Rate,1992,0.038264951928826736,0.04248032065809164,0.03440655785281538
Deaths,Andean Latin America,Both,All ages,Invasive Non-typhoidal Salmonella (iNTS),Number,1992,21.609276768728975,34.95250664880665,11.53949891372507
Deaths,Andean Latin America,Both,All ages,Invasive Non-typhoidal Salmonella (iNTS),Rate,1992,0.05451294493991381,0.08817343083020893,0.029110278684957986
Deaths,Andean Latin America,Both,Age-standardized,Invasive Non-typhoidal Salmonella (iNTS),Rate,1992,0.05624652839445734,0.09181527478560227,0.029613798806077122
Deaths,Tropical Latin America,Both,All ages,Invasive Non-typhoidal Salmonella (iNTS),Number,1992,81.72674692445871,119.16524266245207,55.844508558375175
Deaths,Tropical Latin America,Both,All ages,Invasive Non-typhoidal Salmonella (iNTS),Rate,1992,0.05186315745301836,0.07562133543431543,0.03543849044825576
Deaths,Tropical Latin America,Both,Age-standardized,Invasive Non-typhoidal Salmonella (iNTS),Rate,1992,0.05967650973733127,0.08268372635324557,0.0418126327295522
Deaths,Central Latin America,Both,All ages,Invasive Non-typhoidal Salmonella (iNTS),Number,1992,201.95210894994293,225.2519349884606,183.245882687517
Deaths,Central Latin America,Both,All ages,Invasive Non-typhoidal Salmonella (iNTS),Rate,1992,0.11764095724783916,0.13121355053805725,0.10674422348532184
Deaths,Central Latin America,Both,Age-standardized,Invasive Non-typhoidal Salmonella (iNTS),Rate,1992,0.16258822956581812,0.17853190409536882,0.14852922067451535
Deaths,Southern Latin America,Both,All ages,Invasive Non-typhoidal Salmonella (iNTS),Number,1992,0.82616588157307,0.9828278043931893,0.7102410653165798
Deaths,Southern Latin America,Both,All ages,Invasive Non-typhoidal Salmonella (iNTS),Rate,1992,0.0016270471766286774,0.0019355764258931932,0.001398745392207146
Deaths,Southern Latin America,Both,Age-standardized,Invasive Non-typhoidal Salmonella (iNTS),Rate,1992,0.0016450963435400245,0.0019574014598910954,0.0014170841002524807
Deaths,Central Sub-Saharan Africa,Both,All ages,Invasive Non-typhoidal Salmonella (iNTS),Number,1992,6893.99141214692,11071.071405369574,3935.86048347394
Deaths,Central Sub-Saharan Africa,Both,All ages,Invasive Non-typhoidal Salmonella (iNTS),Rate,1992,11.83839976256544,19.011304375248177,6.75868115108925
Deaths,Central Sub-Saharan Africa,Both,Age-standardized,Invasive Non-typhoidal Salmonella (iNTS),Rate,1992,11.027678043135632,17.754241550840327,6.075915157829848
Deaths,North Africa and Middle East,Both,All ages,Invasive Non-typhoidal Salmonella (iNTS),Number,1992,950.3142281868348,1493.0870684199053,526.1781083587592
Deaths,North Africa and Middle East,Both,All ages,Invasive Non-typhoidal Salmonella (iNTS),Rate,1992,0.26709108702404927,0.41964040556006543,0.1478852770603462
Deaths,North Africa and Middle East,Both,Age-standardized,Invasive Non-typhoidal Salmonella (iNTS),Rate,1992,0.2642739638350621,0.4083705316703276,0.14703165429428924
Deaths,Central Asia,Both,All ages,Invasive Non-typhoidal Salmonella (iNTS),Number,1991,6.699015037411129,10.639943964679958,3.960339711596848
Deaths,Central Asia,Both,All ages,Invasive Non-typhoidal Salmonella (iNTS),Rate,1991,0.009555129776447254,0.015176267679484583,0.00564882444535453
Deaths,Central Asia,Both,Age-standardized,Invasive Non-typhoidal Salmonella (iNTS),Rate,1991,0.009146941901828024,0.014697574280551257,0.005307252750116944
Deaths,Global,Both,All ages,Invasive Non-typhoidal Salmonella (iNTS),Number,1991,49877.81240556962,78641.19627732341,28513.2782750451
Deaths,Global,Both,All ages,Invasive Non-typhoidal Salmonella (iNTS),Rate,1991,0.920847118077727,1.4518784096888668,0.5264138273151607
Deaths,Global,Both,Age-standardized,Invasive Non-typhoidal Salmonella (iNTS),Rate,1991,0.8712935916330616,1.3613737851434782,0.5001967437652278
Deaths,East Asia,Both,All ages,Invasive Non-typhoidal Salmonella (iNTS),Number,1992,893.8678462715126,1499.0392787042088,476.65202736076424
Deaths,East Asia,Both,All ages,Invasive Non-typhoidal Salmonella (iNTS),Rate,1992,0.07160926623886535,0.12009057408094781,0.03818540075352937
Deaths,East Asia,Both,Age-standardized,Invasive Non-typhoidal Salmonella (iNTS),Rate,1992,0.07889546603661146,0.12986523230518113,0.04282341520743251
Deaths,Southeast Asia,Both,All ages,Invasive Non-typhoidal Salmonella (iNTS),Number,1992,1873.515545967524,2920.047741676264,1052.2055907779898
Deaths,Southeast Asia,Both,All ages,Invasive Non-typhoidal Salmonella (iNTS),Rate,1992,0.38893983865393283,0.6061988116158569,0.21843676375613647
Deaths,Southeast Asia,Both,Age-standardized,Invasive Non-typhoidal Salmonella (iNTS),Rate,1992,0.417788574811286,0.6347486579074628,0.23727563552422934
Deaths,Eastern Europe,Both,All ages,Invasive Non-typhoidal Salmonella (iNTS),Number,1992,34.58361435537274,53.10728765643579,22.50004771752272
Deaths,Eastern Europe,Both,All ages,Invasive Non-typhoidal Salmonella (iNTS),Rate,1992,0.015232712151371957,0.023391656456084618,0.00991037971772639
Deaths,Eastern Europe,Both,Age-standardized,Invasive Non-typhoidal Salmonella (iNTS),Rate,1992,0.015891422668572592,0.023410972732786407,0.010761453357826382
Deaths,Central Europe,Both,All ages,Invasive Non-typhoidal Salmonella (iNTS),Number,1992,48.39848260484272,56.50616920612591,41.216539154066396
Deaths,Central Europe,Both,All ages,Invasive Non-typhoidal Salmonella (iNTS),Rate,1992,0.0386649876519795,0.04514212464993507,0.0329274161436179
Deaths,Central Europe,Both,Age-standardized,Invasive Non-typhoidal Salmonella (iNTS),Rate,1992,0.041951059399049015,0.04855506975274699,0.03589941621496794
Deaths,Australasia,Both,All ages,Invasive Non-typhoidal Salmonella (iNTS),Number,1992,2.3376673750460055,2.7975731171344913,1.9341459356270387
Deaths,Australasia,Both,All ages,Invasive Non-typhoidal Salmonella (iNTS),Rate,1992,0.011241854422744037,0.01345354350046882,0.009301317746385243
Deaths,Australasia,Both,Age-standardized,Invasive Non-typhoidal Salmonella (iNTS),Rate,1992,0.010295913496638363,0.012190353860251808,0.008548639496213518
Deaths,Low-middle SDI,Both,All ages,Invasive Non-typhoidal Salmonella (iNTS),Number,1992,13650.993772082977,21078.217668444067,7718.641296604539
Deaths,Low-middle SDI,Both,All ages,Invasive Non-typhoidal Salmonella (iNTS),Rate,1992,1.1320921948435922,1.7480401868221418,0.6401155632019655
Deaths,Low-middle SDI,Both,Age-standardized,Invasive Non-typhoidal Salmonella (iNTS),Rate,1992,1.0283995092489737,1.5556357746966227,0.5805560555036792
Deaths,High-income Asia Pacific,Both,All ages,Invasive Non-typhoidal Salmonella (iNTS),Number,1992,15.201115026844795,23.031009294517457,10.21823932208575
Deaths,High-income Asia Pacific,Both,All ages,Invasive Non-typhoidal Salmonella (iNTS),Rate,1992,0.008688047707462628,0.013163146726304009,0.00584013413225111
Deaths,High-income Asia Pacific,Both,Age-standardized,Invasive Non-typhoidal Salmonella (iNTS),Rate,1992,0.008738507429586956,0.013292717937988167,0.005861520295023198
Deaths,High-income North America,Both,All ages,Invasive Non-typhoidal Salmonella (iNTS),Number,1992,63.77313453205872,70.44952157932482,58.08874751401247
Deaths,High-income North America,Both,All ages,Invasive Non-typhoidal Salmonella (iNTS),Rate,1992,0.022161929684889763,0.024482054316935894,0.020186536969446056
Deaths,High-income North America,Both,Age-standardized,Invasive Non-typhoidal Salmonella (iNTS),Rate,1992,0.01861713222340055,0.02048657950823524,0.017039717538663197
Deaths,Caribbean,Both,All ages,Invasive Non-typhoidal Salmonella (iNTS),Number,1992,6.167621915273478,11.340933965538715,2.8386667723365173
Deaths,Caribbean,Both,All ages,Invasive Non-typhoidal Salmonella (iNTS),Rate,1992,0.017008108015204526,0.03127426300265223,0.007828033518641963
Deaths,Caribbean,Both,Age-standardized,Invasive Non-typhoidal Salmonella (iNTS),Rate,1992,0.017195688271594477,0.0314867630276217,0.008140353966464706
Deaths,South Asia,Both,All ages,Invasive Non-typhoidal Salmonella (iNTS),Number,1992,7407.394249378702,11889.415028642903,3975.924827573388
Deaths,South Asia,Both,All ages,Invasive Non-typhoidal Salmonella (iNTS),Rate,1992,0.6520988964214427,1.0466669058319487,0.3500146077053604
Deaths,South Asia,Both,Age-standardized,Invasive Non-typhoidal Salmonella (iNTS),Rate,1992,0.5967622897768612,0.9519177166999984,0.3244842870594183
Deaths,Oceania,Both,All ages,Invasive Non-typhoidal Salmonella (iNTS),Number,1994,18.539119954106088,30.45807792475446,10.194160554700556
Deaths,Oceania,Both,All ages,Invasive Non-typhoidal Salmonella (iNTS),Rate,1994,0.25794034658128134,0.42377239025150076,0.1418344189526807
Deaths,Oceania,Both,Age-standardized,Invasive Non-typhoidal Salmonella (iNTS),Rate,1994,0.26950215884356543,0.43788270111694855,0.1472663417519962
Deaths,Western Sub-Saharan Africa,Both,All ages,Invasive Non-typhoidal Salmonella (iNTS),Number,1992,23315.133717641198,37861.184513065855,12974.21837540034
Deaths,Western Sub-Saharan Africa,Both,All ages,Invasive Non-typhoidal Salmonella (iNTS),Rate,1992,11.424304792955086,18.551800600324174,6.357305386534469
Deaths,Western Sub-Saharan Africa,Both,Age-standardized,Invasive Non-typhoidal Salmonella (iNTS),Rate,1992,9.014129699464178,14.086080256423553,5.017769582383353
Deaths,Eastern Sub-Saharan Africa,Both,All ages,Invasive Non-typhoidal Salmonella (iNTS),Number,1992,8161.5896757463925,13297.81898192053,4548.229796674325
Deaths,Eastern Sub-Saharan Africa,Both,All ages,Invasive Non-typhoidal Salmonella (iNTS),Rate,1992,4.045629267844612,6.5916136205214615,2.2545180918600662
Deaths,Eastern Sub-Saharan Africa,Both,Age-standardized,Invasive Non-typhoidal Salmonella (iNTS),Rate,1992,3.4016321758005312,5.344997594182102,1.8810386816208242
Deaths,Southern Sub-Saharan Africa,Both,All ages,Invasive Non-typhoidal Salmonella (iNTS),Number,1991,781.1014857347847,1501.4185816541096,395.3308373050222
Deaths,Southern Sub-Saharan Africa,Both,All ages,Invasive Non-typhoidal Salmonella (iNTS),Rate,1991,1.456314535919399,2.799300404486471,0.737069453046685
Deaths,Southern Sub-Saharan Africa,Both,Age-standardized,Invasive Non-typhoidal Salmonella (iNTS),Rate,1991,1.3704621115424669,2.498438247106466,0.7347994206058293
Deaths,Tropical Latin America,Both,All ages,Invasive Non-typhoidal Salmonella (iNTS),Number,1994,73.92849370223078,110.69605113048016,48.95091177537782
Deaths,Tropical Latin America,Both,All ages,Invasive Non-typhoidal Salmonella (iNTS),Rate,1994,0.04539115771933947,0.06796597176739268,0.030055239132169637
Deaths,Tropical Latin America,Both,Age-standardized,Invasive Non-typhoidal Salmonella (iNTS),Rate,1994,0.05171051824795352,0.07435982126229002,0.03496382068071868
Deaths,Andean Latin America,Both,All ages,Invasive Non-typhoidal Salmonella (iNTS),Number,1994,22.496343888704637,36.90722504125859,12.085002274606472
Deaths,Andean Latin America,Both,All ages,Invasive Non-typhoidal Salmonella (iNTS),Rate,1994,0.05443607836949359,0.08930716051843625,0.029242979844662478
Deaths,Andean Latin America,Both,Age-standardized,Invasive Non-typhoidal Salmonella (iNTS),Rate,1994,0.05611745768802476,0.09261089730454594,0.030122880176629774
Deaths,Central Sub-Saharan Africa,Both,All ages,Invasive Non-typhoidal Salmonella (iNTS),Number,1994,7262.715803761639,11492.884770567049,4113.122280947245
Deaths,Central Sub-Saharan Africa,Both,All ages,Invasive Non-typhoidal Salmonella (iNTS),Rate,1994,11.766098296676995,18.619262487571834,6.6635405227906395
Deaths,Central Sub-Saharan Africa,Both,Age-standardized,Invasive Non-typhoidal Salmonella (iNTS),Rate,1994,11.010763336679188,17.459439588658466,6.085070042758148
Deaths,Western Europe,Both,All ages,Invasive Non-typhoidal Salmonella (iNTS),Number,1994,220.98658629293237,250.20204514317822,195.941931914865
Deaths,Western Europe,Both,All ages,Invasive Non-typhoidal Salmonella (iNTS),Rate,1994,0.05667686956481681,0.06416981643688048,0.050253617215916035
Deaths,Western Europe,Both,Age-standardized,Invasive Non-typhoidal Salmonella (iNTS),Rate,1994,0.037582155286328335,0.04217987967225695,0.03356925973442959
Deaths,North Africa and Middle East,Both,All ages,Invasive Non-typhoidal Salmonella (iNTS),Number,1994,961.183246198625,1527.4390824130253,525.4709839041249
Deaths,North Africa and Middle East,Both,All ages,Invasive Non-typhoidal Salmonella (iNTS),Rate,1994,0.25837843931682863,0.4105953030561371,0.14125337001490937
Deaths,North Africa and Middle East,Both,Age-standardized,Invasive Non-typhoidal Salmonella (iNTS),Rate,1994,0.25722538455900607,0.4025245653684397,0.14382544241758324
Deaths,Southern Latin America,Both,All ages,Invasive Non-typhoidal Salmonella (iNTS),Number,1994,0.8130595411400134,0.9456794962135497,0.7020394136264677
Deaths,Southern Latin America,Both,All ages,Invasive Non-typhoidal Salmonella (iNTS),Rate,1994,0.0015655731093822973,0.0018209372308579477,0.0013518001721731744
Deaths,Southern Latin America,Both,Age-standardized,Invasive Non-typhoidal Salmonella (iNTS),Rate,1994,0.001606228665447707,0.0018660632659308893,0.0013868818700676344
Deaths,Central Latin America,Both,All ages,Invasive Non-typhoidal Salmonella (iNTS),Number,1994,146.81136721611617,166.75035628881446,130.5095954968948
Deaths,Central Latin America,Both,All ages,Invasive Non-typhoidal Salmonella (iNTS),Rate,1994,0.0820190811011263,0.09315839267378344,0.0729117731175242
Deaths,Central Latin America,Both,Age-standardized,Invasive Non-typhoidal Salmonella (iNTS),Rate,1994,0.11191662445176023,0.12498737961610423,0.10020306831957132
Deaths,High-middle SDI,Both,All ages,Invasive Non-typhoidal Salmonella (iNTS),Number,1992,566.2817888583331,882.5044929553949,336.61621803438777
Deaths,High-middle SDI,Both,All ages,Invasive Non-typhoidal Salmonella (iNTS),Rate,1992,0.05211809414220145,0.08122184599560112,0.03098068150253897
Deaths,High-middle SDI,Both,Age-standardized,Invasive Non-typhoidal Salmonella (iNTS),Rate,1992,0.055302194172568826,0.08436687114140425,0.03363091268553735
Deaths,High SDI,Both,All ages,Invasive Non-typhoidal Salmonella (iNTS),Number,1992,459.9094281461067,567.9316827439503,378.34316170558117
Deaths,High SDI,Both,All ages,Invasive Non-typhoidal Salmonella (iNTS),Rate,1992,0.05146801260903874,0.06355667707523525,0.04234001180558593
Deaths,High SDI,Both,Age-standardized,Invasive Non-typhoidal Salmonella (iNTS),Rate,1992,0.04720654260402299,0.05956586480169454,0.03798888138021129
Deaths,Middle SDI,Both,All ages,Invasive Non-typhoidal Salmonella (iNTS),Number,1992,4865.653101486051,7379.997400394253,2831.224440071512
Deaths,Middle SDI,Both,All ages,Invasive Non-typhoidal Salmonella (iNTS),Rate,1992,0.2733860471756322,0.4146593017171778,0.1590777727458202
Deaths,Middle SDI,Both,Age-standardized,Invasive Non-typhoidal Salmonella (iNTS),Rate,1992,0.2863551423810586,0.42119653781087346,0.1682320590610391
Deaths,Low-middle SDI,Both,All ages,Invasive Non-typhoidal Salmonella (iNTS),Number,1994,13908.357834983351,21578.544594737043,7920.930628834389
Deaths,Low-middle SDI,Both,All ages,Invasive Non-typhoidal Salmonella (iNTS),Rate,1994,1.111926573032704,1.7251322857043876,0.6332518442397519
Deaths,Low-middle SDI,Both,Age-standardized,Invasive Non-typhoidal Salmonella (iNTS),Rate,1994,1.0172286101979577,1.5715457641147383,0.5824630134864947
Deaths,Low SDI,Both,All ages,Invasive Non-typhoidal Salmonella (iNTS),Number,1991,30430.64712295526,48900.14035507845,16888.66478490997
Deaths,Low SDI,Both,All ages,Invasive Non-typhoidal Salmonella (iNTS),Rate,1991,5.928248765483014,9.526323759091563,3.2901109778330557
Deaths,Low SDI,Both,Age-standardized,Invasive Non-typhoidal Salmonella (iNTS),Rate,1991,4.81040459327745,7.457768100600933,2.6923906190336075
Deaths,East Asia,Both,All ages,Invasive Non-typhoidal Salmonella (iNTS),Number,1994,851.6918720550747,1437.8782607945413,466.1743370823985
Deaths,East Asia,Both,All ages,Invasive Non-typhoidal Salmonella (iNTS),Rate,1994,0.06709511262846798,0.11327406896727668,0.03672457220423299
Deaths,East Asia,Both,Age-standardized,Invasive Non-typhoidal Salmonella (iNTS),Rate,1994,0.0745626175382876,0.12350379810853185,0.04083386337766972
Deaths,Central Europe,Both,All ages,Invasive Non-typhoidal Salmonella (iNTS),Number,1994,38.89888395584704,45.979393762846854,32.536193627419564
Deaths,Central Europe,Both,All ages,Invasive Non-typhoidal Salmonella (iNTS),Rate,1994,0.03112097387754982,0.03678572150870274,0.026030516276589113
Deaths,Central Europe,Both,Age-standardized,Invasive Non-typhoidal Salmonella (iNTS),Rate,1994,0.033659045446473225,0.03942567307113993,0.028519290650131007
Deaths,High-income North America,Both,All ages,Invasive Non-typhoidal Salmonella (iNTS),Number,1994,59.58259922296259,65.7735473445853,54.19797094668189
Deaths,High-income North America,Both,All ages,Invasive Non-typhoidal Salmonella (iNTS),Rate,1994,0.02027862588135165,0.022385682680593447,0.018445995822427282
Deaths,High-income North America,Both,Age-standardized,Invasive Non-typhoidal Salmonella (iNTS),Rate,1994,0.01683071633488382,0.01854657277167359,0.015364953523312566
Deaths,Eastern Europe,Both,All ages,Invasive Non-typhoidal Salmonella (iNTS),Number,1994,34.462873560926646,52.6302053064752,23.05720582283219
Deaths,Eastern Europe,Both,All ages,Invasive Non-typhoidal Salmonella (iNTS),Rate,1994,0.0152529568866318,0.023293653997106218,0.010204911256750066
Deaths,Eastern Europe,Both,Age-standardized,Invasive Non-typhoidal Salmonella (iNTS),Rate,1994,0.016117649087511184,0.023268162768574012,0.011270659907211633
Deaths,Southeast Asia,Both,All ages,Invasive Non-typhoidal Salmonella (iNTS),Number,1994,1850.832486187338,2865.216693764774,1033.324304124645
Deaths,Southeast Asia,Both,All ages,Invasive Non-typhoidal Salmonella (iNTS),Rate,1994,0.37192670957448126,0.5757682691884332,0.20764759167811586
Deaths,Southeast Asia,Both,Age-standardized,Invasive Non-typhoidal Salmonella (iNTS),Rate,1994,0.4022973611605372,0.6149890986864373,0.22663066535757423
Deaths,Australasia,Both,All ages,Invasive Non-typhoidal Salmonella (iNTS),Number,1994,2.167019933135095,2.580694166630207,1.8141577768469739
Deaths,Australasia,Both,All ages,Invasive Non-typhoidal Salmonella (iNTS),Rate,1994,0.010177529469915049,0.012120373482544885,0.008520292755324923
Deaths,Australasia,Both,Age-standardized,Invasive Non-typhoidal Salmonella (iNTS),Rate,1994,0.009013637728391873,0.010723113688006755,0.007571135836306835
Deaths,Caribbean,Both,All ages,Invasive Non-typhoidal Salmonella (iNTS),Number,1994,6.222237628601758,11.548947684698465,2.8647145086309576
Deaths,Caribbean,Both,All ages,Invasive Non-typhoidal Salmonella (iNTS),Rate,1994,0.01671353576994767,0.03102159733440426,0.007694901941803679
Deaths,Caribbean,Both,Age-standardized,Invasive Non-typhoidal Salmonella (iNTS),Rate,1994,0.017011409873104844,0.03125485781502052,0.008089935121580134
Deaths,High-income Asia Pacific,Both,All ages,Invasive Non-typhoidal Salmonella (iNTS),Number,1994,12.348797939983974,19.571143864632173,7.65094047938616
Deaths,High-income Asia Pacific,Both,All ages,Invasive Non-typhoidal Salmonella (iNTS),Rate,1994,0.00700427538660793,0.011100811749048976,0.004339636484831518
Deaths,High-income Asia Pacific,Both,Age-standardized,Invasive Non-typhoidal Salmonella (iNTS),Rate,1994,0.006862187386414634,0.0112674269754669,0.0041539847984915605
Deaths,Western Sub-Saharan Africa,Both,All ages,Invasive Non-typhoidal Salmonella (iNTS),Number,1994,25617.893660984057,41801.82330502897,14459.049994794977
Deaths,Western Sub-Saharan Africa,Both,All ages,Invasive Non-typhoidal Salmonella (iNTS),Rate,1994,11.841771193815752,19.322729402080466,6.6836393336690785
Deaths,Western Sub-Saharan Africa,Both,Age-standardized,Invasive Non-typhoidal Salmonella (iNTS),Rate,1994,9.332495333217574,14.673826073245962,5.2654199457639725
Deaths,Oceania,Both,All ages,Invasive Non-typhoidal Salmonella (iNTS),Number,1995,18.99044490617174,30.90163485970547,10.296560602344584
Deaths,Oceania,Both,All ages,Invasive Non-typhoidal Salmonella (iNTS),Rate,1995,0.25794709642798197,0.41973671634982346,0.13985811936961923
Deaths,Oceania,Both,Age-standardized,Invasive Non-typhoidal Salmonella (iNTS),Rate,1995,0.26895766686937767,0.4311661725241633,0.1472747909015555
Deaths,Eastern Sub-Saharan Africa,Both,All ages,Invasive Non-typhoidal Salmonella (iNTS),Number,1994,7721.266004119978,12677.847307095775,4382.42812413466
Deaths,Eastern Sub-Saharan Africa,Both,All ages,Invasive Non-typhoidal Salmonella (iNTS),Rate,1994,3.6451879197599895,5.98517598379961,2.068931966440238
Deaths,Eastern Sub-Saharan Africa,Both,Age-standardized,Invasive Non-typhoidal Salmonella (iNTS),Rate,1994,3.108768307216784,4.92549793935511,1.7059819936181835
Deaths,South Asia,Both,All ages,Invasive Non-typhoidal Salmonella (iNTS),Number,1994,7737.105749375252,12573.844943503118,4148.769347069205
Deaths,South Asia,Both,All ages,Invasive Non-typhoidal Salmonella (iNTS),Rate,1994,0.6553197033149281,1.0649832902399874,0.35139371047926987
Deaths,South Asia,Both,Age-standardized,Invasive Non-typhoidal Salmonella (iNTS),Rate,1994,0.6009538246402288,0.9672084510326215,0.33023697616453884
Deaths,Central Latin America,Both,All ages,Invasive Non-typhoidal Salmonella (iNTS),Number,1995,122.16286343229909,140.20505673822635,107.33119044846096
Deaths,Central Latin America,Both,All ages,Invasive Non-typhoidal Salmonella (iNTS),Rate,1995,0.06690940086965025,0.07679122837889985,0.05878599638025599
Deaths,Central Latin America,Both,Age-standardized,Invasive Non-typhoidal Salmonella (iNTS),Rate,1995,0.0910319051743875,0.10209089187780558,0.08130136232218549
Deaths,Southern Latin America,Both,All ages,Invasive Non-typhoidal Salmonella (iNTS),Number,1995,0.7679499354483874,0.891196505970543,0.6644829678528449
Deaths,Southern Latin America,Both,All ages,Invasive Non-typhoidal Salmonella (iNTS),Rate,1995,0.0014629669000867753,0.0016977551914847666,0.0012658593259371029
Deaths,Southern Latin America,Both,Age-standardized,Invasive Non-typhoidal Salmonella (iNTS),Rate,1995,0.0015106034688405386,0.0017520781420662678,0.0013062956377422274
Deaths,Western Europe,Both,All ages,Invasive Non-typhoidal Salmonella (iNTS),Number,1995,229.21093671440426,260.8532747416162,202.1043048928871
Deaths,Western Europe,Both,All ages,Invasive Non-typhoidal Salmonella (iNTS),Rate,1995,0.05860483978595702,0.06669517865512022,0.05167419398952061
Deaths,Western Europe,Both,Age-standardized,Invasive Non-typhoidal Salmonella (iNTS),Rate,1995,0.03801845451452686,0.04286048088639251,0.03378214394833671
Deaths,Andean Latin America,Both,All ages,Invasive Non-typhoidal Salmonella (iNTS),Number,1995,22.752222594266613,36.98684860507194,12.56039327850145
Deaths,Andean Latin America,Both,All ages,Invasive Non-typhoidal Salmonella (iNTS),Rate,1995,0.05395795946094586,0.08771604045942855,0.029787559809901915
Deaths,Andean Latin America,Both,Age-standardized,Invasive Non-typhoidal Salmonella (iNTS),Rate,1995,0.05579669515314992,0.09342706148981027,0.03037155509010295
Deaths,Tropical Latin America,Both,All ages,Invasive Non-typhoidal Salmonella (iNTS),Number,1995,70.57966240734784,106.83028376567934,45.036880062693555
Deaths,Tropical Latin America,Both,All ages,Invasive Non-typhoidal Salmonella (iNTS),Rate,1995,0.04261537145734853,0.06450317372295077,0.027192867005721624
Deaths,Tropical Latin America,Both,Age-standardized,Invasive Non-typhoidal Salmonella (iNTS),Rate,1995,0.04817802810362201,0.06945800733336856,0.031235321520269074
Deaths,Central Sub-Saharan Africa,Both,All ages,Invasive Non-typhoidal Salmonella (iNTS),Number,1995,7571.150338690548,12106.575373616077,4280.742232744937
Deaths,Central Sub-Saharan Africa,Both,All ages,Invasive Non-typhoidal Salmonella (iNTS),Rate,1995,11.913288348123036,19.04982953477032,6.735794995651688
Deaths,Central Sub-Saharan Africa,Both,Age-standardized,Invasive Non-typhoidal Salmonella (iNTS),Rate,1995,11.21954730344503,17.78196938893356,6.2635240423303244
Deaths,North Africa and Middle East,Both,All ages,Invasive Non-typhoidal Salmonella (iNTS),Number,1995,959.9103897529787,1516.1670918028328,531.1066980287344
Deaths,North Africa and Middle East,Both,All ages,Invasive Non-typhoidal Salmonella (iNTS),Rate,1995,0.2526768378550166,0.39910007278404686,0.139803009170527
Deaths,North Africa and Middle East,Both,Age-standardized,Invasive Non-typhoidal Salmonella (iNTS),Rate,1995,0.2527061985693233,0.39593707002280776,0.14130497001373735
Deaths,High-middle SDI,Both,All ages,Invasive Non-typhoidal Salmonella (iNTS),Number,1994,551.0050249078871,853.0940051580156,330.2024132572033
Deaths,High-middle SDI,Both,All ages,Invasive Non-typhoidal Salmonella (iNTS),Rate,1994,0.04983596185674098,0.07715857093749112,0.029865344467304617
Deaths,High-middle SDI,Both,Age-standardized,Invasive Non-typhoidal Salmonella (iNTS),Rate,1994,0.0533481048491221,0.08161288422814582,0.032771821181350684
Deaths,High SDI,Both,All ages,Invasive Non-typhoidal Salmonella (iNTS),Number,1994,438.9614596713428,542.0121796407374,359.51079267893607
Deaths,High SDI,Both,All ages,Invasive Non-typhoidal Salmonella (iNTS),Rate,1994,0.04842934522787382,0.05979863240200381,0.0396637834784643
Deaths,High SDI,Both,Age-standardized,Invasive Non-typhoidal Salmonella (iNTS),Rate,1994,0.043378510159767125,0.05487695974307397,0.03478875443568774
Deaths,Middle SDI,Both,All ages,Invasive Non-typhoidal Salmonella (iNTS),Number,1994,4867.95937288728,7381.93400755,2845.3801627196817
Deaths,Middle SDI,Both,All ages,Invasive Non-typhoidal Salmonella (iNTS),Rate,1994,0.266283617708945,0.4038012527728266,0.15564594226201828
Deaths,Middle SDI,Both,Age-standardized,Invasive Non-typhoidal Salmonella (iNTS),Rate,1994,0.2799825080523982,0.4153628484763568,0.1641144361771517
Deaths,Global,Both,All ages,Invasive Non-typhoidal Salmonella (iNTS),Number,1992,50982.175541046505,80431.17089681933,28952.947704307302
Deaths,Global,Both,All ages,Invasive Non-typhoidal Salmonella (iNTS),Rate,1992,0.9274194959731225,1.46312775361263,0.5266846281451101
Deaths,Global,Both,Age-standardized,Invasive Non-typhoidal Salmonella (iNTS),Rate,1992,0.8822555583909488,1.3810053986301452,0.5008672045356026
Deaths,Central Asia,Both,All ages,Invasive Non-typhoidal Salmonella (iNTS),Number,1992,6.639478261568458,10.52493241880482,3.8999388612047605
Deaths,Central Asia,Both,All ages,Invasive Non-typhoidal Salmonella (iNTS),Rate,1992,0.009377664724662548,0.014865518582173547,0.005508312196570241
Deaths,Central Asia,Both,Age-standardized,Invasive Non-typhoidal Salmonella (iNTS),Rate,1992,0.009081833882139416,0.014467292644864155,0.0051651968865390075
Deaths,Low-middle SDI,Both,All ages,Invasive Non-typhoidal Salmonella (iNTS),Number,1995,14161.331612241655,21913.219274852087,8203.452955897033
Deaths,Low-middle SDI,Both,All ages,Invasive Non-typhoidal Salmonella (iNTS),Rate,1995,1.1118706456063494,1.7205066535820286,0.6440904558996284
Deaths,Low-middle SDI,Both,Age-standardized,Invasive Non-typhoidal Salmonella (iNTS),Rate,1995,1.020150062565474,1.5693054740200596,0.5855672391256206
Deaths,Oceania,Both,All ages,Invasive Non-typhoidal Salmonella (iNTS),Number,1997,20.36790532212249,32.54932428802391,10.92190626604754
Deaths,Oceania,Both,All ages,Invasive Non-typhoidal Salmonella (iNTS),Rate,1997,0.26329010856201057,0.4207558406168425,0.14118437026356423
Deaths,Oceania,Both,Age-standardized,Invasive Non-typhoidal Salmonella (iNTS),Rate,1997,0.2725040031596532,0.4289723050671421,0.14833990242212935
Deaths,Southern Sub-Saharan Africa,Both,All ages,Invasive Non-typhoidal Salmonella (iNTS),Number,1992,770.5779066077558,1485.453420071214,389.6267866535905
Deaths,Southern Sub-Saharan Africa,Both,All ages,Invasive Non-typhoidal Salmonella (iNTS),Rate,1992,1.405185289806723,2.708794628911761,0.71050288935805
Deaths,Southern Sub-Saharan Africa,Both,Age-standardized,Invasive Non-typhoidal Salmonella (iNTS),Rate,1992,1.3197997458829522,2.391477699848645,0.6999388742624753
Deaths,Western Europe,Both,All ages,Invasive Non-typhoidal Salmonella (iNTS),Number,1997,204.6202420128664,232.0666485869933,179.23381756071586
Deaths,Western Europe,Both,All ages,Invasive Non-typhoidal Salmonella (iNTS),Rate,1997,0.05198326024468586,0.058955951126532166,0.04553390266404525
Deaths,Western Europe,Both,Age-standardized,Invasive Non-typhoidal Salmonella (iNTS),Rate,1997,0.03267253834377363,0.03681779374775027,0.02892465871409968
Deaths,Andean Latin America,Both,All ages,Invasive Non-typhoidal Salmonella (iNTS),Number,1997,23.344976424761764,37.426740579520335,13.233780963384596
Deaths,Andean Latin America,Both,All ages,Invasive Non-typhoidal Salmonella (iNTS),Rate,1997,0.05325754090805348,0.08538265925831837,0.0301905908235616
Deaths,Andean Latin America,Both,Age-standardized,Invasive Non-typhoidal Salmonella (iNTS),Rate,1997,0.05531509916602761,0.0918332545509216,0.030646033910951217
Deaths,Tropical Latin America,Both,All ages,Invasive Non-typhoidal Salmonella (iNTS),Number,1997,61.97870732517795,95.18681735812054,38.143906449355086
Deaths,Tropical Latin America,Both,All ages,Invasive Non-typhoidal Salmonella (iNTS),Rate,1997,0.03618390941829004,0.05557120059040637,0.02226886805789365
Deaths,Tropical Latin America,Both,Age-standardized,Invasive Non-typhoidal Salmonella (iNTS),Rate,1997,0.04031081905515967,0.059909606837718135,0.02518437862319394
Deaths,Central Sub-Saharan Africa,Both,All ages,Invasive Non-typhoidal Salmonella (iNTS),Number,1997,8542.500269619617,13970.160539590797,4832.011148696511
Deaths,Central Sub-Saharan Africa,Both,All ages,Invasive Non-typhoidal Salmonella (iNTS),Rate,1997,12.687851798468943,20.749349831163602,7.176802974328838
Deaths,Central Sub-Saharan Africa,Both,Age-standardized,Invasive Non-typhoidal Salmonella (iNTS),Rate,1997,11.99345888023348,18.903681376840268,6.680679009480343
Deaths,Central Latin America,Both,All ages,Invasive Non-typhoidal Salmonella (iNTS),Number,1997,65.13123407084194,79.04663817652434,54.853393404969935
Deaths,Central Latin America,Both,All ages,Invasive Non-typhoidal Salmonella (iNTS),Rate,1997,0.034379138996995046,0.04172430324535349,0.02895404122506192
Deaths,Central Latin America,Both,Age-standardized,Invasive Non-typhoidal Salmonella (iNTS),Rate,1997,0.04512305306374518,0.053246155404206894,0.038895000763880305
Deaths,High-income North America,Both,All ages,Invasive Non-typhoidal Salmonella (iNTS),Number,1995,59.0085885581127,65.38348348993792,53.438865749968045
Deaths,High-income North America,Both,All ages,Invasive Non-typhoidal Salmonella (iNTS),Rate,1995,0.01988507824681727,0.02203332967312857,0.018008158690540014
Deaths,High-income North America,Both,Age-standardized,Invasive Non-typhoidal Salmonella (iNTS),Rate,1995,0.016319270223348406,0.01804075534104335,0.01485175703211376
Deaths,Southern Latin America,Both,All ages,Invasive Non-typhoidal Salmonella (iNTS),Number,1997,1.218837155287595,1.4357378932383118,1.0489259195729517
Deaths,Southern Latin America,Both,All ages,Invasive Non-typhoidal Salmonella (iNTS),Rate,1997,0.0022740133855499675,0.002678690236182417,0.0019570059636033798
Deaths,Southern Latin America,Both,Age-standardized,Invasive Non-typhoidal Salmonella (iNTS),Rate,1997,0.0023640853218696834,0.0027835277645780945,0.0020367183216342287
Deaths,North Africa and Middle East,Both,All ages,Invasive Non-typhoidal Salmonella (iNTS),Number,1997,972.8245546223862,1519.8100210439893,534.5393915777214
Deaths,North Africa and Middle East,Both,All ages,Invasive Non-typhoidal Salmonella (iNTS),Rate,1997,0.24584647520041872,0.38407741136115975,0.1350856376422052
Deaths,North Africa and Middle East,Both,Age-standardized,Invasive Non-typhoidal Salmonella (iNTS),Rate,1997,0.2472293755547929,0.3881586920983692,0.13818641051006744
Deaths,Caribbean,Both,All ages,Invasive Non-typhoidal Salmonella (iNTS),Number,1995,6.461321642232865,11.68012087551996,3.035786576977237
Deaths,Caribbean,Both,All ages,Invasive Non-typhoidal Salmonella (iNTS),Rate,1995,0.01713070870572876,0.030967154932885942,0.008048690101269572
Deaths,Caribbean,Both,Age-standardized,Invasive Non-typhoidal Salmonella (iNTS),Rate,1995,0.017511719096240764,0.03168541665433289,0.00829345915785174
Deaths,East Asia,Both,All ages,Invasive Non-typhoidal Salmonella (iNTS),Number,1995,828.1144081329878,1395.0039725495556,442.1595174008097
Deaths,East Asia,Both,All ages,Invasive Non-typhoidal Salmonella (iNTS),Rate,1995,0.06483311679463806,0.1092149280256999,0.03461668985827364
Deaths,East Asia,Both,Age-standardized,Invasive Non-typhoidal Salmonella (iNTS),Rate,1995,0.07258106185212447,0.12051794152448958,0.039158478931940896
Deaths,High-income Asia Pacific,Both,All ages,Invasive Non-typhoidal Salmonella (iNTS),Number,1995,10.693451161151987,17.811430713290417,6.061257357625416
Deaths,High-income Asia Pacific,Both,All ages,Invasive Non-typhoidal Salmonella (iNTS),Rate,1995,0.006043387606827037,0.010066102889552238,0.0034255103469249385
Deaths,High-income Asia Pacific,Both,Age-standardized,Invasive Non-typhoidal Salmonella (iNTS),Rate,1995,0.0059026952217771725,0.010125103789406625,0.0032093885529717115
Deaths,Southeast Asia,Both,All ages,Invasive Non-typhoidal Salmonella (iNTS),Number,1995,1831.4746404328857,2835.5224199966015,1011.4997007646365
Deaths,Southeast Asia,Both,All ages,Invasive Non-typhoidal Salmonella (iNTS),Rate,1995,0.36237015530797606,0.5610280792479642,0.20013233902786587
Deaths,Southeast Asia,Both,Age-standardized,Invasive Non-typhoidal Salmonella (iNTS),Rate,1995,0.3934733855489106,0.6064023379100344,0.2196315803312806
Deaths,Australasia,Both,All ages,Invasive Non-typhoidal Salmonella (iNTS),Number,1995,2.1162201075025204,2.5191313163997178,1.7818346938808647
Deaths,Australasia,Both,All ages,Invasive Non-typhoidal Salmonella (iNTS),Rate,1995,0.009824174882460825,0.011694618398367662,0.008271850164480496
Deaths,Australasia,Both,Age-standardized,Invasive Non-typhoidal Salmonella (iNTS),Rate,1995,0.008579381939420894,0.010196902807521306,0.0072412699753248875
Deaths,Eastern Europe,Both,All ages,Invasive Non-typhoidal Salmonella (iNTS),Number,1995,33.494928463402,51.47532038946663,22.09068111842217
Deaths,Eastern Europe,Both,All ages,Invasive Non-typhoidal Salmonella (iNTS),Rate,1995,0.014885654134386257,0.022876412965370345,0.009817433677493837
Deaths,Eastern Europe,Both,Age-standardized,Invasive Non-typhoidal Salmonella (iNTS),Rate,1995,0.01589892431664178,0.023143083234729116,0.011019581773530884
Deaths,South Asia,Both,All ages,Invasive Non-typhoidal Salmonella (iNTS),Number,1995,7968.291716117089,12983.975107514616,4325.809969705767
Deaths,South Asia,Both,All ages,Invasive Non-typhoidal Salmonella (iNTS),Rate,1995,0.6619514448428114,1.0786202850528395,0.3593588515051916
Deaths,South Asia,Both,Age-standardized,Invasive Non-typhoidal Salmonella (iNTS),Rate,1995,0.6079574464874361,0.9696931956705032,0.3290798591995394
Deaths,Low SDI,Both,All ages,Invasive Non-typhoidal Salmonella (iNTS),Number,1992,31426.908084520535,50628.32346014507,17427.77350211601
Deaths,Low SDI,Both,All ages,Invasive Non-typhoidal Salmonella (iNTS),Rate,1992,5.970577103741733,9.618518883213394,3.310980041723637
Deaths,Low SDI,Both,Age-standardized,Invasive Non-typhoidal Salmonella (iNTS),Rate,1992,4.841370506929906,7.511895756164796,2.708231575029009
Deaths,Eastern Sub-Saharan Africa,Both,All ages,Invasive Non-typhoidal Salmonella (iNTS),Number,1995,7598.132318554579,12305.447551723228,4324.40380976379
Deaths,Eastern Sub-Saharan Africa,Both,All ages,Invasive Non-typhoidal Salmonella (iNTS),Rate,1995,3.5061346896855277,5.678310764323489,1.9954827810244549
Deaths,Eastern Sub-Saharan Africa,Both,Age-standardized,Invasive Non-typhoidal Salmonella (iNTS),Rate,1995,3.0136007761023187,4.734961691763194,1.6912738937960188
Deaths,Central Europe,Both,All ages,Invasive Non-typhoidal Salmonella (iNTS),Number,1995,33.69688776376454,40.85941471730057,27.985255810660952
Deaths,Central Europe,Both,All ages,Invasive Non-typhoidal Salmonella (iNTS),Rate,1995,0.027040424182617123,0.032788069733768306,0.022457064678627816
Deaths,Central Europe,Both,Age-standardized,Invasive Non-typhoidal Salmonella (iNTS),Rate,1995,0.028757061829651584,0.034121378004238055,0.02420117625258785
Deaths,Western Sub-Saharan Africa,Both,All ages,Invasive Non-typhoidal Salmonella (iNTS),Number,1995,26857.629462126915,43551.03590808917,15256.003269534218
Deaths,Western Sub-Saharan Africa,Both,All ages,Invasive Non-typhoidal Salmonella (iNTS),Rate,1995,12.05481199674282,19.547501423226343,6.847523587115757
Deaths,Western Sub-Saharan Africa,Both,Age-standardized,Invasive Non-typhoidal Salmonella (iNTS),Rate,1995,9.492826835389488,14.951511315702577,5.416962226104872
Deaths,Low-middle SDI,Both,All ages,Invasive Non-typhoidal Salmonella (iNTS),Number,1997,14648.230719038596,22926.38235871013,8447.433213914432
Deaths,Low-middle SDI,Both,All ages,Invasive Non-typhoidal Salmonella (iNTS),Rate,1997,1.1098857727551137,1.737115293221314,0.6400558620528053
Deaths,Low-middle SDI,Both,Age-standardized,Invasive Non-typhoidal Salmonella (iNTS),Rate,1997,1.0201000746634523,1.558572197285352,0.5830110676197602
Deaths,Middle SDI,Both,All ages,Invasive Non-typhoidal Salmonella (iNTS),Number,1995,4882.483437393796,7459.353900840235,2872.616798626121
Deaths,Middle SDI,Both,All ages,Invasive Non-typhoidal Salmonella (iNTS),Rate,1995,0.2638526086902979,0.40310837939706917,0.1552380967194138
Deaths,Middle SDI,Both,Age-standardized,Invasive Non-typhoidal Salmonella (iNTS),Rate,1995,0.2784022769142627,0.4144506590493325,0.16499968323780517
Deaths,Global,Both,All ages,Invasive Non-typhoidal Salmonella (iNTS),Number,1994,53377.276929213534,84731.05309666593,30876.730980620392
Deaths,Global,Both,All ages,Invasive Non-typhoidal Salmonella (iNTS),Rate,1994,0.9446538026951184,1.4995428039589747,0.5464464096645146
Deaths,Global,Both,Age-standardized,Invasive Non-typhoidal Salmonella (iNTS),Rate,1994,0.9106807327481878,1.4343135084365337,0.5265821427667673
Deaths,High-middle SDI,Both,All ages,Invasive Non-typhoidal Salmonella (iNTS),Number,1995,542.3845663663325,843.6220727755262,326.15152865128186
Deaths,High-middle SDI,Both,All ages,Invasive Non-typhoidal Salmonella (iNTS),Rate,1995,0.04868893331980669,0.07573050819580679,0.029278063970444464
Deaths,High-middle SDI,Both,Age-standardized,Invasive Non-typhoidal Salmonella (iNTS),Rate,1995,0.052422994408757674,0.08058885254548401,0.03200606261962303
Deaths,High SDI,Both,All ages,Invasive Non-typhoidal Salmonella (iNTS),Number,1995,434.33048537443307,533.5461641362492,356.867142535132
Deaths,High SDI,Both,All ages,Invasive Non-typhoidal Salmonella (iNTS),Rate,1995,0.047599856077958455,0.05847326282413248,0.039110366864946976
Deaths,High SDI,Both,Age-standardized,Invasive Non-typhoidal Salmonella (iNTS),Rate,1995,0.04195377085945923,0.05291364001820363,0.0335451614919822
Deaths,Central Asia,Both,All ages,Invasive Non-typhoidal Salmonella (iNTS),Number,1994,6.529614352216056,10.481968226421067,3.618313789872758
Deaths,Central Asia,Both,All ages,Invasive Non-typhoidal Salmonella (iNTS),Rate,1994,0.009082707293669204,0.01458043984325237,0.005033082089895182
Deaths,Central Asia,Both,Age-standardized,Invasive Non-typhoidal Salmonella (iNTS),Rate,1994,0.009006988961568985,0.014449464924639705,0.004963233504283933
Deaths,Southern Sub-Saharan Africa,Both,All ages,Invasive Non-typhoidal Salmonella (iNTS),Number,1994,730.8011093426414,1490.5698227687838,361.95460551413214
Deaths,Southern Sub-Saharan Africa,Both,All ages,Invasive Non-typhoidal Salmonella (iNTS),Rate,1994,1.277460855926085,2.6055578970379383,0.632706812093358
Deaths,Southern Sub-Saharan Africa,Both,Age-standardized,Invasive Non-typhoidal Salmonella (iNTS),Rate,1994,1.1962873176311728,2.249277114812178,0.6259218179807147
Deaths,Oceania,Both,All ages,Invasive Non-typhoidal Salmonella (iNTS),Number,1998,21.98943087041748,35.60054950784941,12.181514117378253
Deaths,Oceania,Both,All ages,Invasive Non-typhoidal Salmonella (iNTS),Rate,1998,0.2771826016165418,0.4487543579329054,0.15355121260668783
Deaths,Oceania,Both,Age-standardized,Invasive Non-typhoidal Salmonella (iNTS),Rate,1998,0.281989341026841,0.4435564301052074,0.15724377522373048
Deaths,Southern Latin America,Both,All ages,Invasive Non-typhoidal Salmonella (iNTS),Number,1998,1.6498965749235106,1.9354246782054778,1.4282332426925335
Deaths,Southern Latin America,Both,All ages,Invasive Non-typhoidal Salmonella (iNTS),Rate,1998,0.0030469677770244958,0.00357427048396866,0.00263760815962728
Deaths,Southern Latin America,Both,Age-standardized,Invasive Non-typhoidal Salmonella (iNTS),Rate,1998,0.0031797785335688374,0.0037316751404177506,0.0027568065888932632
Deaths,Tropical Latin America,Both,All ages,Invasive Non-typhoidal Salmonella (iNTS),Number,1998,59.93228344808683,91.43161099188667,36.56053982853207
Deaths,Tropical Latin America,Both,All ages,Invasive Non-typhoidal Salmonella (iNTS),Rate,1998,0.03441132859724964,0.052497302438726794,0.02099197089365383
Deaths,Tropical Latin America,Both,Age-standardized,Invasive Non-typhoidal Salmonella (iNTS),Rate,1998,0.03830620221631669,0.05692847413915732,0.024048975252352233
Deaths,High-income North America,Both,All ages,Invasive Non-typhoidal Salmonella (iNTS),Number,1997,48.1355670830918,53.43334032721663,43.718211698099225
Deaths,High-income North America,Both,All ages,Invasive Non-typhoidal Salmonella (iNTS),Rate,1997,0.015909849066646848,0.017660878041912693,0.014449817291646579
Deaths,High-income North America,Both,Age-standardized,Invasive Non-typhoidal Salmonella (iNTS),Rate,1997,0.012832680787223329,0.014132590467957994,0.011733504452701602
Deaths,Central Sub-Saharan Africa,Both,All ages,Invasive Non-typhoidal Salmonella (iNTS),Number,1998,9205.399062382563,15013.350959697584,5203.8879091656445
Deaths,Central Sub-Saharan Africa,Both,All ages,Invasive Non-typhoidal Salmonella (iNTS),Rate,1998,13.279055490780909,21.657194777256443,7.506759440337517
Deaths,Central Sub-Saharan Africa,Both,Age-standardized,Invasive Non-typhoidal Salmonella (iNTS),Rate,1998,12.603934132420996,20.04251489783939,6.961737980885046
Deaths,Andean Latin America,Both,All ages,Invasive Non-typhoidal Salmonella (iNTS),Number,1998,23.306894778988198,37.56797367848804,13.04833721774823
Deaths,Andean Latin America,Both,All ages,Invasive Non-typhoidal Salmonella (iNTS),Rate,1998,0.05218853309552968,0.08412177839406182,0.029217687949747887
Deaths,Andean Latin America,Both,Age-standardized,Invasive Non-typhoidal Salmonella (iNTS),Rate,1998,0.0543221621531418,0.09007165481804906,0.029778447528661513
Deaths,North Africa and Middle East,Both,All ages,Invasive Non-typhoidal Salmonella (iNTS),Number,1998,979.3086713440548,1531.31048540487,536.1812165625977
Deaths,North Africa and Middle East,Both,All ages,Invasive Non-typhoidal Salmonella (iNTS),Rate,1998,0.24244537049805928,0.37910328872306526,0.13274124646032964
Deaths,North Africa and Middle East,Both,Age-standardized,Invasive Non-typhoidal Salmonella (iNTS),Rate,1998,0.24441227483034927,0.38044014209628924,0.1365343438367367
Deaths,Western Europe,Both,All ages,Invasive Non-typhoidal Salmonella (iNTS),Number,1998,172.7820663574555,194.78644700826172,151.6380228708584
Deaths,Western Europe,Both,All ages,Invasive Non-typhoidal Salmonella (iNTS),Rate,1998,0.043736864941301586,0.04930690264793636,0.03838460707228691
Deaths,Western Europe,Both,Age-standardized,Invasive Non-typhoidal Salmonella (iNTS),Rate,1998,0.0270854123396653,0.030410697942246403,0.024075833323076553
Deaths,Caribbean,Both,All ages,Invasive Non-typhoidal Salmonella (iNTS),Number,1997,6.925349660105659,12.302083131071132,3.3186436310646426
Deaths,Caribbean,Both,All ages,Invasive Non-typhoidal Salmonella (iNTS),Rate,1997,0.0178917140914272,0.03178256187958838,0.008573750919811112
Deaths,Caribbean,Both,Age-standardized,Invasive Non-typhoidal Salmonella (iNTS),Rate,1997,0.018344228277357027,0.032188096082223915,0.008933621310401969
Deaths,Central Latin America,Both,All ages,Invasive Non-typhoidal Salmonella (iNTS),Number,1998,42.41804756895404,54.17080116497099,33.351616013356804
Deaths,Central Latin America,Both,All ages,Invasive Non-typhoidal Salmonella (iNTS),Rate,1998,0.022009759152611368,0.028107995418856824,0.017305394233694586
Deaths,Central Latin America,Both,Age-standardized,Invasive Non-typhoidal Salmonella (iNTS),Rate,1998,0.027600116020958472,0.03470106127430527,0.022435321002241077
Deaths,East Asia,Both,All ages,Invasive Non-typhoidal Salmonella (iNTS),Number,1997,770.2231746002399,1274.0128879236606,407.1726268679232
Deaths,East Asia,Both,All ages,Invasive Non-typhoidal Salmonella (iNTS),Rate,1997,0.05973331918879459,0.09880385451201197,0.03157756516254538
Deaths,East Asia,Both,Age-standardized,Invasive Non-typhoidal Salmonella (iNTS),Rate,1997,0.06719817153233865,0.1110501156454873,0.03571019048861358
Deaths,Western Sub-Saharan Africa,Both,All ages,Invasive Non-typhoidal Salmonella (iNTS),Number,1997,29915.81610732111,48789.90240993978,16724.62515958007
Deaths,Western Sub-Saharan Africa,Both,All ages,Invasive Non-typhoidal Salmonella (iNTS),Rate,1997,12.63920705946268,20.613366413202872,7.066028204796344
Deaths,Western Sub-Saharan Africa,Both,Age-standardized,Invasive Non-typhoidal Salmonella (iNTS),Rate,1997,9.96897169834209,15.449274852597739,5.621245403808622
Deaths,Eastern Europe,Both,All ages,Invasive Non-typhoidal Salmonella (iNTS),Number,1997,31.636840037031135,49.4899556067214,20.338847378874053
Deaths,Eastern Europe,Both,All ages,Invasive Non-typhoidal Salmonella (iNTS),Rate,1997,0.014169386373029598,0.02216537118608905,0.0091092848260452
Deaths,Eastern Europe,Both,Age-standardized,Invasive Non-typhoidal Salmonella (iNTS),Rate,1997,0.015272496522811875,0.022408900015891967,0.010449555159873879
Deaths,Southeast Asia,Both,All ages,Invasive Non-typhoidal Salmonella (iNTS),Number,1997,1760.2113620013315,2711.0122394536634,971.6707680715621
Deaths,Southeast Asia,Both,All ages,Invasive Non-typhoidal Salmonella (iNTS),Rate,1997,0.33807519457350765,0.5206908727724506,0.18662405610408409
Deaths,Southeast Asia,Both,Age-standardized,Invasive Non-typhoidal Salmonella (iNTS),Rate,1997,0.36991792931490297,0.5707285629932496,0.20702546673675504
Deaths,Australasia,Both,All ages,Invasive Non-typhoidal Salmonella (iNTS),Number,1997,1.8358392194507027,2.1769152771203037,1.5302415421756617
Deaths,Australasia,Both,All ages,Invasive Non-typhoidal Salmonella (iNTS),Rate,1997,0.008327053551915743,0.009874116370598122,0.006940914614993076
Deaths,Australasia,Both,Age-standardized,Invasive Non-typhoidal Salmonella (iNTS),Rate,1997,0.007028232366032773,0.008255187406696675,0.005827806794981725
Deaths,Central Europe,Both,All ages,Invasive Non-typhoidal Salmonella (iNTS),Number,1997,23.886311086992503,30.244281414854118,18.82178901869763
Deaths,Central Europe,Both,All ages,Invasive Non-typhoidal Salmonella (iNTS),Rate,1997,0.01929077627527637,0.02442552406922994,0.015200627662338002
Deaths,Central Europe,Both,Age-standardized,Invasive Non-typhoidal Salmonella (iNTS),Rate,1997,0.01977939253981734,0.024576025710218736,0.01589883136011082
Deaths,Low SDI,Both,All ages,Invasive Non-typhoidal Salmonella (iNTS),Number,1994,33598.75234921147,54474.732622207914,18893.899983462885
Deaths,Low SDI,Both,All ages,Invasive Non-typhoidal Salmonella (iNTS),Rate,1994,6.062933186839764,9.830027639914988,3.4094258039095595
Deaths,Low SDI,Both,Age-standardized,Invasive Non-typhoidal Salmonella (iNTS),Rate,1994,4.910214666515887,7.576369163050235,2.7367760542865307
Deaths,High-income Asia Pacific,Both,All ages,Invasive Non-typhoidal Salmonella (iNTS),Number,1997,9.402971323665234,16.430086689789448,4.931233079530325
Deaths,High-income Asia Pacific,Both,All ages,Invasive Non-typhoidal Salmonella (iNTS),Rate,1997,0.005272903670380166,0.009213498736640352,0.0027652872809591973
Deaths,High-income Asia Pacific,Both,Age-standardized,Invasive Non-typhoidal Salmonella (iNTS),Rate,1997,0.005099926859781818,0.009156861813922924,0.00253482945930044
Deaths,Low-middle SDI,Both,All ages,Invasive Non-typhoidal Salmonella (iNTS),Number,1998,15152.918795550997,23702.14903168344,8714.829200745642
Deaths,Low-middle SDI,Both,All ages,Invasive Non-typhoidal Salmonella (iNTS),Rate,1998,1.128067304654512,1.7645194126257067,0.6487802132151591
Deaths,Low-middle SDI,Both,Age-standardized,Invasive Non-typhoidal Salmonella (iNTS),Rate,1998,1.038322005131665,1.6157667806811875,0.597230136960507
Deaths,South Asia,Both,All ages,Invasive Non-typhoidal Salmonella (iNTS),Number,1997,7708.93081690576,12495.942604603852,4169.665320544872
Deaths,South Asia,Both,All ages,Invasive Non-typhoidal Salmonella (iNTS),Rate,1997,0.6160874818624938,0.9986590871830826,0.3332340980295586
Deaths,South Asia,Both,Age-standardized,Invasive Non-typhoidal Salmonella (iNTS),Rate,1997,0.5691726359314516,0.9001598175246538,0.30974543667245563
Deaths,Eastern Sub-Saharan Africa,Both,All ages,Invasive Non-typhoidal Salmonella (iNTS),Number,1997,7928.9051167916405,12967.066524343421,4517.531055000515
Deaths,Eastern Sub-Saharan Africa,Both,All ages,Invasive Non-typhoidal Salmonella (iNTS),Rate,1997,3.448146609098357,5.6391577156317325,1.9645977798129657
Deaths,Eastern Sub-Saharan Africa,Both,Age-standardized,Invasive Non-typhoidal Salmonella (iNTS),Rate,1997,2.953404366121005,4.648965680533567,1.671565349660555
Deaths,High-middle SDI,Both,All ages,Invasive Non-typhoidal Salmonella (iNTS),Number,1997,516.541084529125,802.7564117395711,305.0124491459557
Deaths,High-middle SDI,Both,All ages,Invasive Non-typhoidal Salmonella (iNTS),Rate,1997,0.04571411730968426,0.07104430194708891,0.026993738346840296
Deaths,High-middle SDI,Both,Age-standardized,Invasive Non-typhoidal Salmonella (iNTS),Rate,1997,0.049495844971756624,0.07721534260303704,0.02975796363007879
Deaths,High SDI,Both,All ages,Invasive Non-typhoidal Salmonella (iNTS),Number,1997,382.8121105871335,474.74232348775513,310.80887501092053
Deaths,High SDI,Both,All ages,Invasive Non-typhoidal Salmonella (iNTS),Rate,1997,0.04140110595429238,0.05134335276268582,0.033613960504346764
Deaths,High SDI,Both,Age-standardized,Invasive Non-typhoidal Salmonella (iNTS),Rate,1997,0.035913359515849945,0.046377600364448664,0.02818685870989465
Deaths,Western Europe,Both,All ages,Invasive Non-typhoidal Salmonella (iNTS),Number,1999,148.30997495399916,167.05527496209106,130.76776830958892
Deaths,Western Europe,Both,All ages,Invasive Non-typhoidal Salmonella (iNTS),Rate,1999,0.037391995215911494,0.04211807091271339,0.032969244102051674
Deaths,Western Europe,Both,Age-standardized,Invasive Non-typhoidal Salmonella (iNTS),Rate,1999,0.022810951833231747,0.025546082672642,0.020309597878130154
Deaths,Andean Latin America,Both,All ages,Invasive Non-typhoidal Salmonella (iNTS),Number,1999,23.421125272807817,37.95026924446328,13.000225812549711
Deaths,Andean Latin America,Both,All ages,Invasive Non-typhoidal Salmonella (iNTS),Rate,1999,0.0514991963776293,0.08344639062554389,0.02858535507050641
Deaths,Andean Latin America,Both,Age-standardized,Invasive Non-typhoidal Salmonella (iNTS),Rate,1999,0.053622647174932994,0.0903235775520882,0.02918952568156443
Deaths,North Africa and Middle East,Both,All ages,Invasive Non-typhoidal Salmonella (iNTS),Number,1999,991.1074244500497,1542.4347925472337,544.7174283152564
Deaths,North Africa and Middle East,Both,All ages,Invasive Non-typhoidal Salmonella (iNTS),Rate,1999,0.24038123745519907,0.3740990885344167,0.13211468933803153
Deaths,North Africa and Middle East,Both,Age-standardized,Invasive Non-typhoidal Salmonella (iNTS),Rate,1999,0.24275406733269675,0.3773788886430234,0.1357517616185996
Deaths,Middle SDI,Both,All ages,Invasive Non-typhoidal Salmonella (iNTS),Number,1997,4747.868382615206,7279.959021023673,2764.759961988369
Deaths,Middle SDI,Both,All ages,Invasive Non-typhoidal Salmonella (iNTS),Rate,1997,0.25079425767528796,0.3845456047748488,0.14604152146595556
Deaths,Middle SDI,Both,Age-standardized,Invasive Non-typhoidal Salmonella (iNTS),Rate,1997,0.26695359887453285,0.4043243449066585,0.15664959541368534
Deaths,Central Latin America,Both,All ages,Invasive Non-typhoidal Salmonella (iNTS),Number,1999,32.10601191220221,42.961932030989274,23.792769581369864
Deaths,Central Latin America,Both,All ages,Invasive Non-typhoidal Salmonella (iNTS),Rate,1999,0.01638969025321918,0.021931492475406367,0.012145891080189276
Deaths,Central Latin America,Both,Age-standardized,Invasive Non-typhoidal Salmonella (iNTS),Rate,1999,0.02000641972252255,0.026172710286793403,0.015207087384943863
Deaths,Oceania,Both,All ages,Invasive Non-typhoidal Salmonella (iNTS),Number,1999,23.216301160426006,38.15849800951705,13.039237881599133
Deaths,Oceania,Both,All ages,Invasive Non-typhoidal Salmonella (iNTS),Rate,1999,0.2853268062484226,0.4689654175769879,0.16025137143775148
Deaths,Oceania,Both,Age-standardized,Invasive Non-typhoidal Salmonella (iNTS),Rate,1999,0.2874839285911966,0.45794076819457663,0.1589274632507821
Deaths,Southern Latin America,Both,All ages,Invasive Non-typhoidal Salmonella (iNTS),Number,1999,1.5921070790284926,1.8754117830073853,1.368717432574467
Deaths,Southern Latin America,Both,All ages,Invasive Non-typhoidal Salmonella (iNTS),Rate,1999,0.0029109296839915895,0.003428909965148198,0.002502495124831027
Deaths,Southern Latin America,Both,Age-standardized,Invasive Non-typhoidal Salmonella (iNTS),Rate,1999,0.003047195769103991,0.0035866733770591455,0.002617838312791762
Deaths,Tropical Latin America,Both,All ages,Invasive Non-typhoidal Salmonella (iNTS),Number,1999,58.62576761200947,89.1115672619524,35.46251511013336
Deaths,Tropical Latin America,Both,All ages,Invasive Non-typhoidal Salmonella (iNTS),Rate,1999,0.03311791372491981,0.05033945510112482,0.02003290641171029
Deaths,Tropical Latin America,Both,Age-standardized,Invasive Non-typhoidal Salmonella (iNTS),Rate,1999,0.036881658386225626,0.05487626770853054,0.02298197899347885
Deaths,Central Sub-Saharan Africa,Both,All ages,Invasive Non-typhoidal Salmonella (iNTS),Number,1999,9953.51926296802,16017.962234811428,5594.942917881065
Deaths,Central Sub-Saharan Africa,Both,All ages,Invasive Non-typhoidal Salmonella (iNTS),Rate,1999,13.941208165873574,22.435255311096785,7.836450790280706
Deaths,Central Sub-Saharan Africa,Both,Age-standardized,Invasive Non-typhoidal Salmonella (iNTS),Rate,1999,13.300680028593634,21.358084368475357,7.323008253316357
Deaths,Global,Both,All ages,Invasive Non-typhoidal Salmonella (iNTS),Number,1995,54924.914422007525,87386.58045571034,31597.667714253566
Deaths,Global,Both,All ages,Invasive Non-typhoidal Salmonella (iNTS),Rate,1995,0.9595444943018241,1.5266534874844044,0.5520148443934951
Deaths,Global,Both,Age-standardized,Invasive Non-typhoidal Salmonella (iNTS),Rate,1995,0.9321463072933197,1.473931424578717,0.5358695541023389
Deaths,Low-middle SDI,Both,All ages,Invasive Non-typhoidal Salmonella (iNTS),Number,1999,15647.420407294576,24122.92204806237,9064.568957863321
Deaths,Low-middle SDI,Both,All ages,Invasive Non-typhoidal Salmonella (iNTS),Rate,1999,1.1446885881185636,1.764714749251439,0.6631194389998465
Deaths,Low-middle SDI,Both,Age-standardized,Invasive Non-typhoidal Salmonella (iNTS),Rate,1999,1.053996399891202,1.60802530986102,0.6027105035816938
Deaths,Central Asia,Both,All ages,Invasive Non-typhoidal Salmonella (iNTS),Number,1995,6.446265132265785,10.428737836480597,3.530483056012037
Deaths,Central Asia,Both,All ages,Invasive Non-typhoidal Salmonella (iNTS),Rate,1995,0.008910477945179443,0.01441532989744663,0.004880080288501531
Deaths,Central Asia,Both,Age-standardized,Invasive Non-typhoidal Salmonella (iNTS),Rate,1995,0.008956091289510457,0.014280550869690784,0.004858851017490562
Deaths,Southern Sub-Saharan Africa,Both,All ages,Invasive Non-typhoidal Salmonella (iNTS),Number,1995,693.8294053811526,1232.8808836822695,366.9583340336993
Deaths,Southern Sub-Saharan Africa,Both,All ages,Invasive Non-typhoidal Salmonella (iNTS),Rate,1995,1.1886572909591444,2.1121515460533575,0.6286670698076856
Deaths,Southern Sub-Saharan Africa,Both,Age-standardized,Invasive Non-typhoidal Salmonella (iNTS),Rate,1995,1.1142612290859748,1.875217322145202,0.6110329528703071
Deaths,High-income North America,Both,All ages,Invasive Non-typhoidal Salmonella (iNTS),Number,1998,42.09881216196646,46.86998975598459,38.13484641618866
Deaths,High-income North America,Both,All ages,Invasive Non-typhoidal Salmonella (iNTS),Rate,1998,0.013781002521949557,0.015342842561589316,0.012483402444082315
Deaths,High-income North America,Both,Age-standardized,Invasive Non-typhoidal Salmonella (iNTS),Rate,1998,0.011017999996310862,0.01218456810811494,0.010052857260744343
Deaths,Caribbean,Both,All ages,Invasive Non-typhoidal Salmonella (iNTS),Number,1998,6.934508039224171,12.140726786085425,3.46267630815864
Deaths,Caribbean,Both,All ages,Invasive Non-typhoidal Salmonella (iNTS),Rate,1998,0.01769025228696492,0.030971558267454576,0.008833448188817124
Deaths,Caribbean,Both,Age-standardized,Invasive Non-typhoidal Salmonella (iNTS),Rate,1998,0.018254902222413487,0.03140300584381492,0.009273239076486093
Deaths,Western Sub-Saharan Africa,Both,All ages,Invasive Non-typhoidal Salmonella (iNTS),Number,1998,31669.525858399236,51155.24034185799,17722.947011595697
Deaths,Western Sub-Saharan Africa,Both,All ages,Invasive Non-typhoidal Salmonella (iNTS),Rate,1998,12.976714582933942,20.961063841175942,7.262048253145653
Deaths,Western Sub-Saharan Africa,Both,Age-standardized,Invasive Non-typhoidal Salmonella (iNTS),Rate,1998,10.245592785879786,15.922050317729092,5.8227857716531615
Deaths,Southern Latin America,Both,All ages,Invasive Non-typhoidal Salmonella (iNTS),Number,2000,1.2071369305838118,1.4275744758824227,1.0289466061736705
Deaths,Southern Latin America,Both,All ages,Invasive Non-typhoidal Salmonella (iNTS),Rate,2000,0.0021852316026096195,0.0025842808555847922,0.0018626608003129974
Deaths,Southern Latin America,Both,Age-standardized,Invasive Non-typhoidal Salmonella (iNTS),Rate,2000,0.002297061415024458,0.0027163995498065145,0.001959129528635305
Deaths,East Asia,Both,All ages,Invasive Non-typhoidal Salmonella (iNTS),Number,1998,747.1076863072943,1250.5328453005561,397.4191920855127
Deaths,East Asia,Both,All ages,Invasive Non-typhoidal Salmonella (iNTS),Rate,1998,0.05771476513122143,0.09660482789587248,0.030701003015006983
Deaths,East Asia,Both,Age-standardized,Invasive Non-typhoidal Salmonella (iNTS),Rate,1998,0.06505171157175552,0.10727550733065559,0.035091451342674176
Deaths,Oceania,Both,All ages,Invasive Non-typhoidal Salmonella (iNTS),Number,2000,24.24374231013359,39.946393358258895,13.109310410736262
Deaths,Oceania,Both,All ages,Invasive Non-typhoidal Salmonella (iNTS),Rate,2000,0.29050065410925663,0.47865767798684083,0.15708231841947784
Deaths,Oceania,Both,Age-standardized,Invasive Non-typhoidal Salmonella (iNTS),Rate,2000,0.29099058653870746,0.46736639916663153,0.1602056758907932
Deaths,High-income Asia Pacific,Both,All ages,Invasive Non-typhoidal Salmonella (iNTS),Number,1998,9.268536878838761,16.117923838286718,4.834242384450549
Deaths,High-income Asia Pacific,Both,All ages,Invasive Non-typhoidal Salmonella (iNTS),Rate,1998,0.005177663648693384,0.009003922565215204,0.002700542856994965
Deaths,High-income Asia Pacific,Both,Age-standardized,Invasive Non-typhoidal Salmonella (iNTS),Rate,1998,0.004954251281656547,0.008897203579520545,0.0024223163002958007
Deaths,Eastern Europe,Both,All ages,Invasive Non-typhoidal Salmonella (iNTS),Number,1998,31.157197456934576,48.7775463625224,19.968644901266458
Deaths,Eastern Europe,Both,All ages,Invasive Non-typhoidal Salmonella (iNTS),Rate,1998,0.014004690783426338,0.021924772114872274,0.008975604997619506
Deaths,Eastern Europe,Both,Age-standardized,Invasive Non-typhoidal Salmonella (iNTS),Rate,1998,0.015120824692169212,0.02208251350327702,0.010357955875960159
Deaths,Southeast Asia,Both,All ages,Invasive Non-typhoidal Salmonella (iNTS),Number,1998,1733.5742971912691,2698.732861289506,953.3735551308371
Deaths,Southeast Asia,Both,All ages,Invasive Non-typhoidal Salmonella (iNTS),Rate,1998,0.32823266134067147,0.5109745055310115,0.18051048620149554
Deaths,Southeast Asia,Both,Age-standardized,Invasive Non-typhoidal Salmonella (iNTS),Rate,1998,0.3602103864981265,0.5571093321695288,0.2036788603231889
Deaths,Tropical Latin America,Both,All ages,Invasive Non-typhoidal Salmonella (iNTS),Number,2000,57.390191907202166,87.31173736622407,34.5594446928471
Deaths,Tropical Latin America,Both,All ages,Invasive Non-typhoidal Salmonella (iNTS),Rate,2000,0.03191403045762326,0.04855306025321016,0.019218112605538403
Deaths,Tropical Latin America,Both,Age-standardized,Invasive Non-typhoidal Salmonella (iNTS),Rate,2000,0.035579606457492266,0.0533132328489154,0.021583335307713166
Deaths,Central Europe,Both,All ages,Invasive Non-typhoidal Salmonella (iNTS),Number,1998,17.993589177564548,24.005267701152363,13.429698893751807
Deaths,Central Europe,Both,All ages,Invasive Non-typhoidal Salmonella (iNTS),Rate,1998,0.014588057653089275,0.019461944237278126,0.010887945689565734
Deaths,Central Europe,Both,Age-standardized,Invasive Non-typhoidal Salmonella (iNTS),Rate,1998,0.014670439480840318,0.019211979158867243,0.011154297180145342
Deaths,Western Europe,Both,All ages,Invasive Non-typhoidal Salmonella (iNTS),Number,2000,120.61865687353252,136.3450340443951,106.5844839334036
Deaths,Western Europe,Both,All ages,Invasive Non-typhoidal Salmonella (iNTS),Rate,2000,0.030270194138088426,0.03421685133350009,0.026748208812794827
Deaths,Western Europe,Both,Age-standardized,Invasive Non-typhoidal Salmonella (iNTS),Rate,2000,0.018228115695283962,0.020505925836850927,0.016310933271329927
Deaths,South Asia,Both,All ages,Invasive Non-typhoidal Salmonella (iNTS),Number,1998,7821.75863560806,12733.669086335161,4226.4737577524365
Deaths,South Asia,Both,All ages,Invasive Non-typhoidal Salmonella (iNTS),Rate,1998,0.6132144906637201,0.9983011195857918,0.33134939000355074
Deaths,South Asia,Both,Age-standardized,Invasive Non-typhoidal Salmonella (iNTS),Rate,1998,0.5677963896634106,0.9088063511486103,0.30993181625180255
Deaths,Australasia,Both,All ages,Invasive Non-typhoidal Salmonella (iNTS),Number,1998,1.5388524265155683,1.8510810527865507,1.2715579647061341
Deaths,Australasia,Both,All ages,Invasive Non-typhoidal Salmonella (iNTS),Rate,1998,0.0069048419107732,0.00830581400352976,0.0057054897372847985
Deaths,Australasia,Both,Age-standardized,Invasive Non-typhoidal Salmonella (iNTS),Rate,1998,0.005726200316576863,0.006840880170541255,0.004732478204496211
Deaths,Andean Latin America,Both,All ages,Invasive Non-typhoidal Salmonella (iNTS),Number,2000,23.49489643415041,38.276765338826436,12.818960728915851
Deaths,Andean Latin America,Both,All ages,Invasive Non-typhoidal Salmonella (iNTS),Rate,2000,0.050756834274970034,0.08269061497376147,0.02769324253539573
Deaths,Andean Latin America,Both,Age-standardized,Invasive Non-typhoidal Salmonella (iNTS),Rate,2000,0.05289877669180751,0.08640596244018557,0.028839132333554424
Deaths,North Africa and Middle East,Both,All ages,Invasive Non-typhoidal Salmonella (iNTS),Number,2000,1002.6898375511034,1566.6425157919111,553.3639624104421
Deaths,North Africa and Middle East,Both,All ages,Invasive Non-typhoidal Salmonella (iNTS),Rate,2000,0.2384288370449761,0.3725307060234802,0.13158398647218492
Deaths,North Africa and Middle East,Both,Age-standardized,Invasive Non-typhoidal Salmonella (iNTS),Rate,2000,0.2413126256012922,0.3762136676626355,0.13611575847341223
Deaths,Central Sub-Saharan Africa,Both,All ages,Invasive Non-typhoidal Salmonella (iNTS),Number,2000,10864.759732534383,17405.12784221184,6074.220236452576
Deaths,Central Sub-Saharan Africa,Both,All ages,Invasive Non-typhoidal Salmonella (iNTS),Rate,2000,14.770085035428773,23.661380887436366,8.257591665618795
Deaths,Central Sub-Saharan Africa,Both,Age-standardized,Invasive Non-typhoidal Salmonella (iNTS),Rate,2000,14.111712226207079,22.718501249434826,7.735292814017442
Deaths,Central Latin America,Both,All ages,Invasive Non-typhoidal Salmonella (iNTS),Number,2000,25.708383049260025,36.25560204439808,18.219733782508506
Deaths,Central Latin America,Both,All ages,Invasive Non-typhoidal Salmonella (iNTS),Rate,2000,0.01291855977435838,0.01821857723484436,0.009155485177392675
Deaths,Central Latin America,Both,Age-standardized,Invasive Non-typhoidal Salmonella (iNTS),Rate,2000,0.015401710774501509,0.02111924056734614,0.011123908732416464
Deaths,Low SDI,Both,All ages,Invasive Non-typhoidal Salmonella (iNTS),Number,1995,34892.19166644781,56682.42833384301,19530.113548758673
Deaths,Low SDI,Both,All ages,Invasive Non-typhoidal Salmonella (iNTS),Rate,1995,6.141775501228633,9.977325386118007,3.437719650191035
Deaths,Low SDI,Both,Age-standardized,Invasive Non-typhoidal Salmonella (iNTS),Rate,1995,4.9792458562196185,7.755705482590774,2.805107648908546
Deaths,High-middle SDI,Both,All ages,Invasive Non-typhoidal Salmonella (iNTS),Number,1998,506.09897062040625,795.8034737724694,299.08550993436626
Deaths,High-middle SDI,Both,All ages,Invasive Non-typhoidal Salmonella (iNTS),Rate,1998,0.04448146731827152,0.06994384155135405,0.026286878867201716
Deaths,High-middle SDI,Both,Age-standardized,Invasive Non-typhoidal Salmonella (iNTS),Rate,1998,0.04825432478486153,0.07449220355744737,0.028742838681901594
Deaths,Eastern Sub-Saharan Africa,Both,All ages,Invasive Non-typhoidal Salmonella (iNTS),Number,1998,8197.613224004474,13435.74089632393,4665.2127719503715
Deaths,Eastern Sub-Saharan Africa,Both,All ages,Invasive Non-typhoidal Salmonella (iNTS),Rate,1998,3.4633898287236824,5.676433748476363,1.9709944860404063
Deaths,Eastern Sub-Saharan Africa,Both,Age-standardized,Invasive Non-typhoidal Salmonella (iNTS),Rate,1998,2.961486994897328,4.684654711502051,1.6846275874583094
Deaths,High SDI,Both,All ages,Invasive Non-typhoidal Salmonella (iNTS),Number,1998,339.2958833870324,428.85879679123144,269.9751488372526
Deaths,High SDI,Both,All ages,Invasive Non-typhoidal Salmonella (iNTS),Rate,1998,0.03644738136090105,0.04606828694940949,0.02900090360487246
Deaths,High SDI,Both,Age-standardized,Invasive Non-typhoidal Salmonella (iNTS),Rate,1998,0.03159865778580529,0.04169082786803058,0.02422083141540525
Deaths,Global,Both,All ages,Invasive Non-typhoidal Salmonella (iNTS),Number,1997,58660.441781933194,93870.11859543466,33472.3807294433
Deaths,Global,Both,All ages,Invasive Non-typhoidal Salmonella (iNTS),Rate,1997,0.9988026395337833,1.5983125830352336,0.5699292608182261
Deaths,Global,Both,Age-standardized,Invasive Non-typhoidal Salmonella (iNTS),Rate,1997,0.9846610523537018,1.563098008913621,0.5643465990426271
Deaths,Caribbean,Both,All ages,Invasive Non-typhoidal Salmonella (iNTS),Number,1999,7.228676723987869,12.577304380931935,3.6217795202950263
Deaths,Caribbean,Both,All ages,Invasive Non-typhoidal Salmonella (iNTS),Rate,1999,0.018217570251110732,0.03169707747047047,0.009127538187737535
Deaths,Caribbean,Both,Age-standardized,Invasive Non-typhoidal Salmonella (iNTS),Rate,1999,0.018787772362227985,0.032178658559531746,0.009416156120201673
Deaths,Middle SDI,Both,All ages,Invasive Non-typhoidal Salmonella (iNTS),Number,1998,4737.711164134683,7271.078380495498,2737.3046628457932
Deaths,Middle SDI,Both,All ages,Invasive Non-typhoidal Salmonella (iNTS),Rate,1998,0.24754793517575197,0.3799177233974466,0.14302562857020393
Deaths,Middle SDI,Both,Age-standardized,Invasive Non-typhoidal Salmonella (iNTS),Rate,1998,0.264876064214835,0.398913667217128,0.15468996722624134
Deaths,High-income North America,Both,All ages,Invasive Non-typhoidal Salmonella (iNTS),Number,1999,36.334971223719016,40.440504599070934,32.9202419003373
Deaths,High-income North America,Both,All ages,Invasive Non-typhoidal Salmonella (iNTS),Rate,1999,0.011780154826148177,0.013111209101870103,0.010673066014348991
Deaths,High-income North America,Both,Age-standardized,Invasive Non-typhoidal Salmonella (iNTS),Rate,1999,0.009359051985757441,0.010351868509872384,0.008542089245742075
Deaths,Western Sub-Saharan Africa,Both,All ages,Invasive Non-typhoidal Salmonella (iNTS),Number,1999,33721.09316285745,54520.45282960891,19183.941105932652
Deaths,Western Sub-Saharan Africa,Both,All ages,Invasive Non-typhoidal Salmonella (iNTS),Rate,1999,13.399623574193503,21.66458665746964,7.6230503040789435
Deaths,Western Sub-Saharan Africa,Both,Age-standardized,Invasive Non-typhoidal Salmonella (iNTS),Rate,1999,10.577902125042641,16.543491585169328,6.026682669730595
Deaths,East Asia,Both,All ages,Invasive Non-typhoidal Salmonella (iNTS),Number,1999,730.3494606172246,1230.924248014932,386.13695226808636
Deaths,East Asia,Both,All ages,Invasive Non-typhoidal Salmonella (iNTS),Rate,1999,0.05620493151023927,0.09472727342812562,0.029715639055116247
Deaths,East Asia,Both,Age-standardized,Invasive Non-typhoidal Salmonella (iNTS),Rate,1999,0.06327154189045738,0.10511764474784357,0.033246380984497226
Deaths,Low-middle SDI,Both,All ages,Invasive Non-typhoidal Salmonella (iNTS),Number,2000,16314.273967817222,25131.32184669192,9539.94440802859
Deaths,Low-middle SDI,Both,All ages,Invasive Non-typhoidal Salmonella (iNTS),Rate,2000,1.1729635397168237,1.8068915778421561,0.685902847017108
Deaths,Low-middle SDI,Both,Age-standardized,Invasive Non-typhoidal Salmonella (iNTS),Rate,2000,1.0804130286270783,1.63035978669299,0.6255664829671113
Deaths,Australasia,Both,All ages,Invasive Non-typhoidal Salmonella (iNTS),Number,1999,1.5876687861382135,1.8924066521428309,1.322694415745005
Deaths,Australasia,Both,All ages,Invasive Non-typhoidal Salmonella (iNTS),Rate,1999,0.0070507298311650556,0.008404050108847512,0.005873996551442483
Deaths,Australasia,Both,Age-standardized,Invasive Non-typhoidal Salmonella (iNTS),Rate,1999,0.005765876151817757,0.006807654375152284,0.004827635752164739
Deaths,High-middle SDI,Both,All ages,Invasive Non-typhoidal Salmonella (iNTS),Number,1999,498.38370800689074,784.3405693949553,291.216363135403
Deaths,High-middle SDI,Both,All ages,Invasive Non-typhoidal Salmonella (iNTS),Rate,1999,0.04350939636118537,0.06847371647126779,0.02542347987496004
Deaths,High-middle SDI,Both,Age-standardized,Invasive Non-typhoidal Salmonella (iNTS),Rate,1999,0.04722069850262928,0.07393221524176799,0.028047491935783635
Deaths,Central Asia,Both,All ages,Invasive Non-typhoidal Salmonella (iNTS),Number,1997,6.298225123816518,10.41154326182077,3.455671724639918
Deaths,Central Asia,Both,All ages,Invasive Non-typhoidal Salmonella (iNTS),Rate,1997,0.008610441634693993,0.014233849032165959,0.00472432456902141
Deaths,Central Asia,Both,Age-standardized,Invasive Non-typhoidal Salmonella (iNTS),Rate,1997,0.008835139974751615,0.014433697367731526,0.004836299152733289
Deaths,Southeast Asia,Both,All ages,Invasive Non-typhoidal Salmonella (iNTS),Number,1999,1720.5758579839046,2700.0999497603657,952.8978819226469
Deaths,Southeast Asia,Both,All ages,Invasive Non-typhoidal Salmonella (iNTS),Rate,1999,0.32128036268381294,0.5041853209297266,0.17793308890401086
Deaths,Southeast Asia,Both,Age-standardized,Invasive Non-typhoidal Salmonella (iNTS),Rate,1999,0.3529295368496042,0.5493591927445395,0.20025796289695033
Deaths,Eastern Europe,Both,All ages,Invasive Non-typhoidal Salmonella (iNTS),Number,1999,31.897906222635353,49.4138359061813,20.825400462141477
Deaths,Eastern Europe,Both,All ages,Invasive Non-typhoidal Salmonella (iNTS),Rate,1999,0.014395774502840238,0.022300850534225626,0.009398666072056843
Deaths,Eastern Europe,Both,Age-standardized,Invasive Non-typhoidal Salmonella (iNTS),Rate,1999,0.015562428047575162,0.022497969507942066,0.010869614536150334
Deaths,Central Europe,Both,All ages,Invasive Non-typhoidal Salmonella (iNTS),Number,1999,14.973798922890301,20.85802309842092,10.737565061070915
Deaths,Central Europe,Both,All ages,Invasive Non-typhoidal Salmonella (iNTS),Rate,1999,0.01218723781307768,0.01697643257533847,0.008739349286480591
Deaths,Central Europe,Both,Age-standardized,Invasive Non-typhoidal Salmonella (iNTS),Rate,1999,0.012016624532277063,0.01651571413950464,0.008752516774878946
Deaths,High SDI,Both,All ages,Invasive Non-typhoidal Salmonella (iNTS),Number,1999,308.24202099090235,398.17762550889086,242.0003600504804
Deaths,High SDI,Both,All ages,Invasive Non-typhoidal Salmonella (iNTS),Rate,1999,0.032888254648907427,0.04248404257516921,0.025820520644401
Deaths,High SDI,Both,Age-standardized,Invasive Non-typhoidal Salmonella (iNTS),Rate,1999,0.028591881162620042,0.03862577788109522,0.021383472049240303
Deaths,Southern Sub-Saharan Africa,Both,All ages,Invasive Non-typhoidal Salmonella (iNTS),Number,1997,556.2473742258381,965.760499572018,296.0371735050924
Deaths,Southern Sub-Saharan Africa,Both,All ages,Invasive Non-typhoidal Salmonella (iNTS),Rate,1997,0.9174318956887629,1.5928515386464683,0.48826108287003356
Deaths,Southern Sub-Saharan Africa,Both,Age-standardized,Invasive Non-typhoidal Salmonella (iNTS),Rate,1997,0.8838839307327374,1.466089099160039,0.4922087960684607
Deaths,Middle SDI,Both,All ages,Invasive Non-typhoidal Salmonella (iNTS),Number,1999,4786.2189682278595,7212.325106439567,2781.8816987667096
Deaths,Middle SDI,Both,All ages,Invasive Non-typhoidal Salmonella (iNTS),Rate,1999,0.24740278440658522,0.37280979521071533,0.14379728189064322
Deaths,Middle SDI,Both,Age-standardized,Invasive Non-typhoidal Salmonella (iNTS),Rate,1999,0.2661572821398294,0.39789591366360527,0.15672518981488232
Deaths,High-income Asia Pacific,Both,All ages,Invasive Non-typhoidal Salmonella (iNTS),Number,1999,9.101826011263938,15.903530578832077,4.757125456533996
Deaths,High-income Asia Pacific,Both,All ages,Invasive Non-typhoidal Salmonella (iNTS),Rate,1999,0.005068795273547688,0.008856655854654259,0.0026492370871418623
Deaths,High-income Asia Pacific,Both,Age-standardized,Invasive Non-typhoidal Salmonella (iNTS),Rate,1999,0.004783648123638792,0.008660012153497475,0.0023184007125292335
Deaths,Eastern Sub-Saharan Africa,Both,All ages,Invasive Non-typhoidal Salmonella (iNTS),Number,1999,8714.492014199788,14039.443194536894,4956.196746061972
Deaths,Eastern Sub-Saharan Africa,Both,All ages,Invasive Non-typhoidal Salmonella (iNTS),Rate,1999,3.5825581357523384,5.771664183760168,2.0375098107911933
Deaths,Eastern Sub-Saharan Africa,Both,Age-standardized,Invasive Non-typhoidal Salmonella (iNTS),Rate,1999,3.0328646292620136,4.761151927757814,1.7331461380939128
Deaths,South Asia,Both,All ages,Invasive Non-typhoidal Salmonella (iNTS),Number,1999,7780.473694191821,12681.451757819004,4172.576166620519
Deaths,South Asia,Both,All ages,Invasive Non-typhoidal Salmonella (iNTS),Rate,1999,0.5984403266265932,0.9754023251455631,0.3209364804987104
Deaths,South Asia,Both,Age-standardized,Invasive Non-typhoidal Salmonella (iNTS),Rate,1999,0.5534701432725765,0.8821632860377995,0.3028604847629138
Deaths,Low SDI,Both,All ages,Invasive Non-typhoidal Salmonella (iNTS),Number,1997,38352.53874997204,62655.14225032123,21595.127007661933
Deaths,Low SDI,Both,All ages,Invasive Non-typhoidal Salmonella (iNTS),Rate,1997,6.39217761942179,10.442667189391319,3.599237287702326
Deaths,Low SDI,Both,Age-standardized,Invasive Non-typhoidal Salmonella (iNTS),Rate,1997,5.1883782943175465,7.999419693088873,2.897929311937815
Deaths,High-income North America,Both,All ages,Invasive Non-typhoidal Salmonella (iNTS),Number,2000,30.876388217535403,34.27893393811108,27.94744697976681
Deaths,High-income North America,Both,All ages,Invasive Non-typhoidal Salmonella (iNTS),Rate,2000,0.00991452522343176,0.011007095543925692,0.008974031096488703
Deaths,High-income North America,Both,Age-standardized,Invasive Non-typhoidal Salmonella (iNTS),Rate,2000,0.007830223673842973,0.008653143457891591,0.007135810250904081
Deaths,Caribbean,Both,All ages,Invasive Non-typhoidal Salmonella (iNTS),Number,2000,7.267641090206158,12.459881991254152,3.827215983665363
Deaths,Caribbean,Both,All ages,Invasive Non-typhoidal Salmonella (iNTS),Rate,2000,0.018103308697248518,0.031036905540496772,0.009533392134169401
Deaths,Caribbean,Both,Age-standardized,Invasive Non-typhoidal Salmonella (iNTS),Rate,2000,0.01867395641467986,0.03195351428364971,0.009942359723699187
Deaths,Western Sub-Saharan Africa,Both,All ages,Invasive Non-typhoidal Salmonella (iNTS),Number,2000,36121.11345517428,57577.50538461807,20853.52861182282
Deaths,Western Sub-Saharan Africa,Both,All ages,Invasive Non-typhoidal Salmonella (iNTS),Rate,2000,13.920347271356905,22.189207178426344,8.03652856576512
Deaths,Western Sub-Saharan Africa,Both,Age-standardized,Invasive Non-typhoidal Salmonella (iNTS),Rate,2000,10.975727701742912,16.85473239038936,6.266543818941276
Deaths,Central Asia,Both,All ages,Invasive Non-typhoidal Salmonella (iNTS),Number,1998,6.227521354316563,10.315532556791725,3.3636640295968236
Deaths,Central Asia,Both,All ages,Invasive Non-typhoidal Salmonella (iNTS),Rate,1998,0.008468150474516312,0.01402700640362092,0.004573892489120145
Deaths,Central Asia,Both,Age-standardized,Invasive Non-typhoidal Salmonella (iNTS),Rate,1998,0.008801728717100114,0.014525016332654569,0.004757314247816547
Deaths,Global,Both,All ages,Invasive Non-typhoidal Salmonella (iNTS),Number,1998,61309.05471947082,98085.720016598,34881.57489990494
Deaths,Global,Both,All ages,Invasive Non-typhoidal Salmonella (iNTS),Rate,1998,1.0307711716662815,1.6490864686767144,0.5864536974784156
Deaths,Global,Both,Age-standardized,Invasive Non-typhoidal Salmonella (iNTS),Rate,1998,1.0233892921526808,1.6201249345998239,0.5857307164049611
Deaths,Southern Sub-Saharan Africa,Both,All ages,Invasive Non-typhoidal Salmonella (iNTS),Number,1998,517.4696471396896,875.4368668391927,285.2871389954014
Deaths,Southern Sub-Saharan Africa,Both,All ages,Invasive Non-typhoidal Salmonella (iNTS),Rate,1998,0.838741543109796,1.4189533099121012,0.4624081364250303
Deaths,Southern Sub-Saharan Africa,Both,Age-standardized,Invasive Non-typhoidal Salmonella (iNTS),Rate,1998,0.8140771857855529,1.3281678710520324,0.4536904030551531
Deaths,Low SDI,Both,All ages,Invasive Non-typhoidal Salmonella (iNTS),Number,1998,40560.37160672683,65953.16582411587,22702.65493954009
Deaths,Low SDI,Both,All ages,Invasive Non-typhoidal Salmonella (iNTS),Rate,1998,6.578608422766515,10.697141939564665,3.6822117522131053
Deaths,Low SDI,Both,Age-standardized,Invasive Non-typhoidal Salmonella (iNTS),Rate,1998,5.347805509866393,8.190951567041816,3.022477052598524
Deaths,Central Asia,Both,All ages,Invasive Non-typhoidal Salmonella (iNTS),Number,1999,6.205708456271462,10.384289908753248,3.339808738719914
Deaths,Central Asia,Both,All ages,Invasive Non-typhoidal Salmonella (iNTS),Rate,1999,0.008391157002584929,0.01404129884584689,0.004515980678544788
Deaths,Central Asia,Both,Age-standardized,Invasive Non-typhoidal Salmonella (iNTS),Rate,1999,0.008813151329739656,0.014541195280902098,0.004770111361669372
Deaths,High-middle SDI,Both,All ages,Invasive Non-typhoidal Salmonella (iNTS),Number,2000,484.4643857246111,764.3082752908796,280.5703984869804
Deaths,High-middle SDI,Both,All ages,Invasive Non-typhoidal Salmonella (iNTS),Rate,2000,0.042020204142490435,0.06629257114014936,0.024335381027294958
Deaths,High-middle SDI,Both,Age-standardized,Invasive Non-typhoidal Salmonella (iNTS),Rate,2000,0.045558004551920085,0.07178822798963844,0.026893782388273883
Deaths,Southern Sub-Saharan Africa,Both,All ages,Invasive Non-typhoidal Salmonella (iNTS),Number,1999,508.82378332355444,864.4044766210652,273.313222552917
Deaths,Southern Sub-Saharan Africa,Both,All ages,Invasive Non-typhoidal Salmonella (iNTS),Rate,1999,0.8113657520718441,1.378371474082495,0.43582276543628967
Deaths,Southern Sub-Saharan Africa,Both,Age-standardized,Invasive Non-typhoidal Salmonella (iNTS),Rate,1999,0.7870044103154653,1.2827347492796697,0.4349915951446782
Deaths,High SDI,Both,All ages,Invasive Non-typhoidal Salmonella (iNTS),Number,2000,277.2203308001716,368.9433473917489,210.96592723428557
Deaths,High SDI,Both,All ages,Invasive Non-typhoidal Salmonella (iNTS),Rate,2000,0.02937217007226147,0.03909044735406249,0.02235235444778547
Deaths,High SDI,Both,Age-standardized,Invasive Non-typhoidal Salmonella (iNTS),Rate,2000,0.025757628731712535,0.03633321794221253,0.018832875166189342
Deaths,Global,Both,All ages,Invasive Non-typhoidal Salmonella (iNTS),Number,1999,64515.03650492922,102373.07359470775,36690.71210780935
Deaths,Global,Both,All ages,Invasive Non-typhoidal Salmonella (iNTS),Rate,1999,1.071165194570692,1.6997351196956454,0.6091884295980519
Deaths,Global,Both,Age-standardized,Invasive Non-typhoidal Salmonella (iNTS),Rate,1999,1.0707755774719254,1.691497934851306,0.6099293993210676
Deaths,Middle SDI,Both,All ages,Invasive Non-typhoidal Salmonella (iNTS),Number,2000,4874.479509349006,7288.577055143274,2846.3843331323314
Deaths,Middle SDI,Both,All ages,Invasive Non-typhoidal Salmonella (iNTS),Rate,2000,0.24924311736091195,0.3726813627721534,0.14554204259890505
Deaths,Middle SDI,Both,Age-standardized,Invasive Non-typhoidal Salmonella (iNTS),Rate,2000,0.2698867451920322,0.4038828111313161,0.1589100531018777
Deaths,Low SDI,Both,All ages,Invasive Non-typhoidal Salmonella (iNTS),Number,1999,43261.65152691939,69671.89429799661,24179.615866636614
Deaths,Low SDI,Both,All ages,Invasive Non-typhoidal Salmonella (iNTS),Rate,1999,6.831485046779223,11.00194946976032,3.8182241870033424
Deaths,Low SDI,Both,Age-standardized,Invasive Non-typhoidal Salmonella (iNTS),Rate,1999,5.550393038110567,8.571724775744595,3.116308352635179
Deaths,Central Asia,Both,All ages,Invasive Non-typhoidal Salmonella (iNTS),Number,2000,6.215126675577846,10.354154818633804,3.3715604444950102
Deaths,Central Asia,Both,All ages,Invasive Non-typhoidal Salmonella (iNTS),Rate,2000,0.008353763013744134,0.013917038232280564,0.004531720495818618
Deaths,Central Asia,Both,Age-standardized,Invasive Non-typhoidal Salmonella (iNTS),Rate,2000,0.008830307178405446,0.014415936254556026,0.004772931483072703
Deaths,Global,Both,All ages,Invasive Non-typhoidal Salmonella (iNTS),Number,2000,68465.86298075534,107778.15608367285,39800.545409621955
Deaths,Global,Both,All ages,Invasive Non-typhoidal Salmonella (iNTS),Rate,2000,1.1226160786001451,1.7672090246699517,0.6525986859532589
Deaths,Global,Both,Age-standardized,Invasive Non-typhoidal Salmonella (iNTS),Rate,2000,1.1298726638073944,1.7715352813039864,0.6552336615144294
Deaths,Oceania,Both,All ages,Invasive Non-typhoidal Salmonella (iNTS),Number,2001,24.400528095695726,39.668839735314506,13.309771429078095
Deaths,Oceania,Both,All ages,Invasive Non-typhoidal Salmonella (iNTS),Rate,2001,0.2851980553134791,0.46365701204022153,0.15556716286437994
Deaths,Oceania,Both,Age-standardized,Invasive Non-typhoidal Salmonella (iNTS),Rate,2001,0.2868199042617788,0.45880488834823296,0.16014761544265446
Deaths,Southern Sub-Saharan Africa,Both,All ages,Invasive Non-typhoidal Salmonella (iNTS),Number,2000,501.2035205327872,826.2934214882342,276.901325197891
Deaths,Southern Sub-Saharan Africa,Both,All ages,Invasive Non-typhoidal Salmonella (iNTS),Rate,2000,0.7872547113494719,1.2978827210395347,0.4349368348594667
Deaths,Southern Sub-Saharan Africa,Both,Age-standardized,Invasive Non-typhoidal Salmonella (iNTS),Rate,2000,0.7652081773564284,1.223995122693973,0.4249713571753457
Deaths,Low SDI,Both,All ages,Invasive Non-typhoidal Salmonella (iNTS),Number,2000,46501.74363574305,74195.27386204698,26545.86148808516
Deaths,Low SDI,Both,All ages,Invasive Non-typhoidal Salmonella (iNTS),Rate,2000,7.152948035083062,11.412796529548848,4.083312859366327
Deaths,Low SDI,Both,Age-standardized,Invasive Non-typhoidal Salmonella (iNTS),Rate,2000,5.8044284132252875,8.979086931732285,3.2972767564136
Deaths,Central Asia,Both,All ages,Invasive Non-typhoidal Salmonella (iNTS),Number,2001,6.200097718985994,10.322487036635906,3.3258362516968387
Deaths,Central Asia,Both,All ages,Invasive Non-typhoidal Salmonella (iNTS),Rate,2001,0.008280566525791453,0.013786240877581332,0.004441834562015356
Deaths,Central Asia,Both,Age-standardized,Invasive Non-typhoidal Salmonella (iNTS),Rate,2001,0.008792161544264874,0.014412171392598152,0.004788869303544842
Deaths,Global,Both,All ages,Invasive Non-typhoidal Salmonella (iNTS),Number,2001,72054.76159567574,113177.09931784692,41208.75809613917
Deaths,Global,Both,All ages,Invasive Non-typhoidal Salmonella (iNTS),Rate,2001,1.166651464981924,1.832470551529726,0.6672183341986343
Deaths,Global,Both,Age-standardized,Invasive Non-typhoidal Salmonella (iNTS),Rate,2001,1.1820142479312052,1.8526202899247837,0.6793498982492321
Deaths,Southern Sub-Saharan Africa,Both,All ages,Invasive Non-typhoidal Salmonella (iNTS),Number,2001,477.7530719439671,775.999946136341,261.71010017808493
Deaths,Southern Sub-Saharan Africa,Both,All ages,Invasive Non-typhoidal Salmonella (iNTS),Rate,2001,0.7402022985516505,1.2022883316456083,0.4054781205650128
Deaths,Southern Sub-Saharan Africa,Both,Age-standardized,Invasive Non-typhoidal Salmonella (iNTS),Rate,2001,0.7226261331894395,1.1468990491425977,0.40575178133779705
Deaths,Low SDI,Both,All ages,Invasive Non-typhoidal Salmonella (iNTS),Number,2001,49268.5492736012,78682.02607527713,28022.75036037777
Deaths,Low SDI,Both,All ages,Invasive Non-typhoidal Salmonella (iNTS),Rate,2001,7.38483177198927,11.793599255753449,4.2003123747490765
Deaths,Low SDI,Both,Age-standardized,Invasive Non-typhoidal Salmonella (iNTS),Rate,2001,6.001906085302393,9.304569591725869,3.4405921865605675
Deaths,Western Europe,Both,All ages,Invasive Non-typhoidal Salmonella (iNTS),Number,2001,101.98465685356956,115.86958780461406,90.22879838279623
Deaths,Western Europe,Both,All ages,Invasive Non-typhoidal Salmonella (iNTS),Rate,2001,0.02546005135617328,0.02892636742760044,0.022525249498365013
Deaths,Western Europe,Both,Age-standardized,Invasive Non-typhoidal Salmonella (iNTS),Rate,2001,0.015126898070453938,0.01701608140634121,0.013577756111963981
Deaths,Global,Both,All ages,Invasive Non-typhoidal Salmonella (iNTS),Number,2003,81240.15591189591,127368.42700866408,47085.832755770476
Deaths,Global,Both,All ages,Invasive Non-typhoidal Salmonella (iNTS),Rate,2003,1.282175301250516,2.010196182374939,0.743133627952837
Deaths,Global,Both,Age-standardized,Invasive Non-typhoidal Salmonella (iNTS),Rate,2003,1.313937622432292,2.0579134444750267,0.7617579381047097
Deaths,Southern Latin America,Both,All ages,Invasive Non-typhoidal Salmonella (iNTS),Number,2001,0.8005816035758173,0.9461903290445716,0.6842569286282709
Deaths,Southern Latin America,Both,All ages,Invasive Non-typhoidal Salmonella (iNTS),Rate,2001,0.0014349494235633257,0.0016959361309070123,0.0012264509712923526
Deaths,Southern Latin America,Both,Age-standardized,Invasive Non-typhoidal Salmonella (iNTS),Rate,2001,0.0015138559911185452,0.0017955836740353736,0.0012945389370709341
Deaths,Central Asia,Both,All ages,Invasive Non-typhoidal Salmonella (iNTS),Number,2003,6.240049928110913,10.270704949222832,3.4266962263953684
Deaths,Central Asia,Both,All ages,Invasive Non-typhoidal Salmonella (iNTS),Rate,2003,0.008215110932706412,0.013521523303020372,0.004511292370547843
Deaths,Central Asia,Both,Age-standardized,Invasive Non-typhoidal Salmonella (iNTS),Rate,2003,0.008790250297462868,0.014555489402851854,0.004785138922928204
Deaths,Southern Sub-Saharan Africa,Both,All ages,Invasive Non-typhoidal Salmonella (iNTS),Number,2003,441.7963862144864,722.6327639766972,243.02496517461643
Deaths,Southern Sub-Saharan Africa,Both,All ages,Invasive Non-typhoidal Salmonella (iNTS),Rate,2003,0.6686564332301982,1.0937007670799606,0.36781696607328174
Deaths,Southern Sub-Saharan Africa,Both,Age-standardized,Invasive Non-typhoidal Salmonella (iNTS),Rate,2003,0.6579267769421717,1.0448497712555804,0.36732106774418966
Deaths,Central Latin America,Both,All ages,Invasive Non-typhoidal Salmonella (iNTS),Number,2001,21.43812386423488,31.24953805547672,14.57104303041172
Deaths,Central Latin America,Both,All ages,Invasive Non-typhoidal Salmonella (iNTS),Rate,2001,0.01060869318062029,0.01546388869502421,0.007210506190289274
Deaths,Central Latin America,Both,Age-standardized,Invasive Non-typhoidal Salmonella (iNTS),Rate,2001,0.012415708104319243,0.017482756138128552,0.008570919659074009
Deaths,Andean Latin America,Both,All ages,Invasive Non-typhoidal Salmonella (iNTS),Number,2001,23.739333955324238,39.18529128823638,13.217908285554342
Deaths,Andean Latin America,Both,All ages,Invasive Non-typhoidal Salmonella (iNTS),Rate,2001,0.05041956134565803,0.08322496333186322,0.028073287098912922
Deaths,Andean Latin America,Both,Age-standardized,Invasive Non-typhoidal Salmonella (iNTS),Rate,2001,0.05254175556687343,0.08677062203033048,0.029115059551269237
Deaths,Tropical Latin America,Both,All ages,Invasive Non-typhoidal Salmonella (iNTS),Number,2001,57.30291146159989,85.53581511665327,34.353290287199286
Deaths,Tropical Latin America,Both,All ages,Invasive Non-typhoidal Salmonella (iNTS),Rate,2001,0.03139045070074162,0.04685639383901709,0.018818681942386697
Deaths,Tropical Latin America,Both,Age-standardized,Invasive Non-typhoidal Salmonella (iNTS),Rate,2001,0.03500558524345815,0.05188790338270113,0.02138560126754683
Deaths,North Africa and Middle East,Both,All ages,Invasive Non-typhoidal Salmonella (iNTS),Number,2001,1006.448931466526,1573.8275402988309,560.2688869987992
Deaths,North Africa and Middle East,Both,All ages,Invasive Non-typhoidal Salmonella (iNTS),Rate,2001,0.2347787124695993,0.3671335842367532,0.13069635608304928
Deaths,North Africa and Middle East,Both,Age-standardized,Invasive Non-typhoidal Salmonella (iNTS),Rate,2001,0.23886038860841313,0.37005846019274097,0.1337572448412743
Deaths,East Asia,Both,All ages,Invasive Non-typhoidal Salmonella (iNTS),Number,2000,714.5092060653999,1207.3729682657283,385.2956904726296
Deaths,East Asia,Both,All ages,Invasive Non-typhoidal Salmonella (iNTS),Rate,2000,0.05476193967256938,0.0925363663465616,0.02953011546758405
Deaths,East Asia,Both,Age-standardized,Invasive Non-typhoidal Salmonella (iNTS),Rate,2000,0.061583272883960344,0.10361568372946425,0.032861818234532415
Deaths,Southeast Asia,Both,All ages,Invasive Non-typhoidal Salmonella (iNTS),Number,2000,1702.16684317332,2633.6219873809273,949.1622115400031
Deaths,Southeast Asia,Both,All ages,Invasive Non-typhoidal Salmonella (iNTS),Rate,2000,0.31356907660514705,0.4851595000937053,0.174852376789478
Deaths,Southeast Asia,Both,Age-standardized,Invasive Non-typhoidal Salmonella (iNTS),Rate,2000,0.34523847103723077,0.5314886691403072,0.1923853161273528
Deaths,Central Sub-Saharan Africa,Both,All ages,Invasive Non-typhoidal Salmonella (iNTS),Number,2001,11431.240132415549,18297.387652870457,6328.580913646504
Deaths,Central Sub-Saharan Africa,Both,All ages,Invasive Non-typhoidal Salmonella (iNTS),Rate,2001,15.080592630426217,24.138715152300957,8.348941110663754
Deaths,Central Sub-Saharan Africa,Both,Age-standardized,Invasive Non-typhoidal Salmonella (iNTS),Rate,2001,14.514325033128548,23.006217925424274,8.038036429109857
Deaths,Central Europe,Both,All ages,Invasive Non-typhoidal Salmonella (iNTS),Number,2000,13.192553227922572,19.033308534921446,9.1360891963464
Deaths,Central Europe,Both,All ages,Invasive Non-typhoidal Salmonella (iNTS),Rate,2000,0.010773263785772562,0.015542924104236806,0.007460686129676929
Deaths,Central Europe,Both,Age-standardized,Invasive Non-typhoidal Salmonella (iNTS),Rate,2000,0.010490660361323113,0.014867537725598462,0.007384781385407363
Deaths,High-income Asia Pacific,Both,All ages,Invasive Non-typhoidal Salmonella (iNTS),Number,2000,9.157656580864419,15.740372129777151,4.870993535000714
Deaths,High-income Asia Pacific,Both,All ages,Invasive Non-typhoidal Salmonella (iNTS),Rate,2000,0.005083745240553509,0.008738047904799501,0.002704064078147529
Deaths,High-income Asia Pacific,Both,Age-standardized,Invasive Non-typhoidal Salmonella (iNTS),Rate,2000,0.004736014722547403,0.00843734631523475,0.002345715781669153
Deaths,Eastern Europe,Both,All ages,Invasive Non-typhoidal Salmonella (iNTS),Number,2000,31.026505756914844,48.33448951799108,20.153990221163863
Deaths,Eastern Europe,Both,All ages,Invasive Non-typhoidal Salmonella (iNTS),Rate,2000,0.014068384591753509,0.021916363799156745,0.009138447226741977
Deaths,Eastern Europe,Both,Age-standardized,Invasive Non-typhoidal Salmonella (iNTS),Rate,2000,0.01488196473197698,0.02191890696879717,0.010209907396158546
Deaths,Australasia,Both,All ages,Invasive Non-typhoidal Salmonella (iNTS),Number,2000,1.4256334634448695,1.6857162737894367,1.1923547826829795
Deaths,Australasia,Both,All ages,Invasive Non-typhoidal Salmonella (iNTS),Rate,2000,0.006266778438213855,0.007410046599217165,0.005241335472557684
Deaths,Australasia,Both,Age-standardized,Invasive Non-typhoidal Salmonella (iNTS),Rate,2000,0.005025592218272973,0.005906166137747474,0.004228400958245857
Deaths,High-income North America,Both,All ages,Invasive Non-typhoidal Salmonella (iNTS),Number,2001,28.78891531683538,31.855184752593185,26.011403938976457
Deaths,High-income North America,Both,All ages,Invasive Non-typhoidal Salmonella (iNTS),Rate,2001,0.009156643450705845,0.01013190547909539,0.0082732242219008
Deaths,High-income North America,Both,Age-standardized,Invasive Non-typhoidal Salmonella (iNTS),Rate,2001,0.007201777203123111,0.007936603860181302,0.006561415225068733
Deaths,Caribbean,Both,All ages,Invasive Non-typhoidal Salmonella (iNTS),Number,2001,7.349515333707351,12.94432931252353,3.7935814498356937
Deaths,Caribbean,Both,All ages,Invasive Non-typhoidal Salmonella (iNTS),Rate,2001,0.018104173607770405,0.03188596451187547,0.009344787247133791
Deaths,Caribbean,Both,Age-standardized,Invasive Non-typhoidal Salmonella (iNTS),Rate,2001,0.018669059334890614,0.032792795967550234,0.009649424485200682
Deaths,South Asia,Both,All ages,Invasive Non-typhoidal Salmonella (iNTS),Number,2000,7863.6382071617845,12575.209872492396,4267.558793510744
Deaths,South Asia,Both,All ages,Invasive Non-typhoidal Salmonella (iNTS),Rate,2000,0.5934438106838273,0.9490111663687876,0.3220591138630681
Deaths,South Asia,Both,Age-standardized,Invasive Non-typhoidal Salmonella (iNTS),Rate,2000,0.5482728878314532,0.8654945284778939,0.29895571527058423
Deaths,Eastern Sub-Saharan Africa,Both,All ages,Invasive Non-typhoidal Salmonella (iNTS),Number,2000,9343.957666044902,14935.58797333765,5429.730521458458
Deaths,Eastern Sub-Saharan Africa,Both,All ages,Invasive Non-typhoidal Salmonella (iNTS),Rate,2000,3.740271895533387,5.978533073083471,2.173454674728545
Deaths,Eastern Sub-Saharan Africa,Both,Age-standardized,Invasive Non-typhoidal Salmonella (iNTS),Rate,2000,3.1443365250011204,4.858691704114003,1.821660806223326
Deaths,Low SDI,Both,All ages,Invasive Non-typhoidal Salmonella (iNTS),Number,2003,56403.41091331083,89579.62203456923,32124.47810155699
Deaths,Low SDI,Both,All ages,Invasive Non-typhoidal Salmonella (iNTS),Rate,2003,8.004245732942408,12.712304022372216,4.558806153808471
Deaths,Low SDI,Both,Age-standardized,Invasive Non-typhoidal Salmonella (iNTS),Rate,2003,6.522234815508143,10.050812871462751,3.7435558895805987
Deaths,Western Sub-Saharan Africa,Both,All ages,Invasive Non-typhoidal Salmonella (iNTS),Number,2001,39749.59824612385,63497.9153617061,22746.626223277526
Deaths,Western Sub-Saharan Africa,Both,All ages,Invasive Non-typhoidal Salmonella (iNTS),Rate,2001,14.85647069924155,23.732439085119516,8.501584944337793
Deaths,Western Sub-Saharan Africa,Both,Age-standardized,Invasive Non-typhoidal Salmonella (iNTS),Rate,2001,11.728691515010425,18.309113529737246,6.76930232344215
Deaths,Low-middle SDI,Both,All ages,Invasive Non-typhoidal Salmonella (iNTS),Number,2001,17064.645845551815,25884.449508075933,10026.20046447316
Deaths,Low-middle SDI,Both,All ages,Invasive Non-typhoidal Salmonella (iNTS),Rate,2001,1.2060172787081773,1.8293431717908313,0.7085861089287429
Deaths,Low-middle SDI,Both,Age-standardized,Invasive Non-typhoidal Salmonella (iNTS),Rate,2001,1.112639780116088,1.685445398401055,0.6439663262920388
Deaths,High-middle SDI,Both,All ages,Invasive Non-typhoidal Salmonella (iNTS),Number,2001,477.9794330727053,753.899874830107,276.25625486909433
Deaths,High-middle SDI,Both,All ages,Invasive Non-typhoidal Salmonella (iNTS),Rate,2001,0.041191853448248224,0.06497043807726097,0.02380752471204913
Deaths,High-middle SDI,Both,Age-standardized,Invasive Non-typhoidal Salmonella (iNTS),Rate,2001,0.04469233592415528,0.0700190816805109,0.026074835435893524
Deaths,High SDI,Both,All ages,Invasive Non-typhoidal Salmonella (iNTS),Number,2001,253.9586472377071,341.4262824018178,191.80008119406915
Deaths,High SDI,Both,All ages,Invasive Non-typhoidal Salmonella (iNTS),Rate,2001,0.026713534352914122,0.03591412548119171,0.02017516675883732
Deaths,High SDI,Both,Age-standardized,Invasive Non-typhoidal Salmonella (iNTS),Rate,2001,0.023422058763073263,0.0333978339689249,0.0168243103143931
Deaths,Middle SDI,Both,All ages,Invasive Non-typhoidal Salmonella (iNTS),Number,2001,4976.3636649334,7423.252796909435,2872.6975911125855
Deaths,Middle SDI,Both,All ages,Invasive Non-typhoidal Salmonella (iNTS),Rate,2001,0.25163293222512634,0.3753614071851982,0.14525974525163468
Deaths,Middle SDI,Both,Age-standardized,Invasive Non-typhoidal Salmonella (iNTS),Rate,2001,0.27414564641458816,0.40748685860208383,0.15928550984091075
Deaths,Southeast Asia,Both,All ages,Invasive Non-typhoidal Salmonella (iNTS),Number,2001,1705.390691428947,2650.104549168901,954.6814083970166
Deaths,Southeast Asia,Both,All ages,Invasive Non-typhoidal Salmonella (iNTS),Rate,2001,0.3100129773012724,0.48174697186784005,0.17354593717369426
Deaths,Southeast Asia,Both,Age-standardized,Invasive Non-typhoidal Salmonella (iNTS),Rate,2001,0.34209010059001327,0.5290401823455183,0.19175328332476296
Deaths,East Asia,Both,All ages,Invasive Non-typhoidal Salmonella (iNTS),Number,2001,703.4878101043887,1194.0284200242556,376.21225126263363
Deaths,East Asia,Both,All ages,Invasive Non-typhoidal Salmonella (iNTS),Rate,2001,0.053665645269317434,0.09108658986002456,0.028699393126990973
Deaths,East Asia,Both,Age-standardized,Invasive Non-typhoidal Salmonella (iNTS),Rate,2001,0.060324897714845796,0.0993096590505633,0.03215337771762279
Deaths,Central Europe,Both,All ages,Invasive Non-typhoidal Salmonella (iNTS),Number,2001,12.408995871920224,18.214958609137565,8.50350389556619
Deaths,Central Europe,Both,All ages,Invasive Non-typhoidal Salmonella (iNTS),Rate,2001,0.01016454454211679,0.014920365839943016,0.0069654503073963
Deaths,Central Europe,Both,Age-standardized,Invasive Non-typhoidal Salmonella (iNTS),Rate,2001,0.00977169439436337,0.01398385397208787,0.006739261480298762
Deaths,Eastern Europe,Both,All ages,Invasive Non-typhoidal Salmonella (iNTS),Number,2001,29.646339793214448,46.5692972193845,18.82145637644061
Deaths,Eastern Europe,Both,All ages,Invasive Non-typhoidal Salmonella (iNTS),Rate,2001,0.013508104367242259,0.02121890700627241,0.008575837653140872
Deaths,Eastern Europe,Both,Age-standardized,Invasive Non-typhoidal Salmonella (iNTS),Rate,2001,0.014102592355218239,0.02086322984855141,0.009488731917274265
Deaths,High-income Asia Pacific,Both,All ages,Invasive Non-typhoidal Salmonella (iNTS),Number,2001,9.238844460860799,15.824015476260087,4.986170868609106
Deaths,High-income Asia Pacific,Both,All ages,Invasive Non-typhoidal Salmonella (iNTS),Rate,2001,0.005112575786737326,0.008756666346707428,0.0027592386211696012
Deaths,High-income Asia Pacific,Both,Age-standardized,Invasive Non-typhoidal Salmonella (iNTS),Rate,2001,0.004692572862007176,0.008432826568192914,0.0023480381723477673
Deaths,Australasia,Both,All ages,Invasive Non-typhoidal Salmonella (iNTS),Number,2001,1.225048059835831,1.4479623779797548,1.0298089741104646
Deaths,Australasia,Both,All ages,Invasive Non-typhoidal Salmonella (iNTS),Rate,2001,0.005329218930770975,0.006298943501700632,0.004479887491632605
Deaths,Australasia,Both,Age-standardized,Invasive Non-typhoidal Salmonella (iNTS),Rate,2001,0.004197426390694367,0.004889349920420305,0.0035564697176820688
Deaths,Oceania,Both,All ages,Invasive Non-typhoidal Salmonella (iNTS),Number,2003,24.19199570488185,39.765463826699545,12.756477356748277
Deaths,Oceania,Both,All ages,Invasive Non-typhoidal Salmonella (iNTS),Rate,2003,0.26932492857263796,0.44270141394835216,0.14201545812325853
Deaths,Oceania,Both,Age-standardized,Invasive Non-typhoidal Salmonella (iNTS),Rate,2003,0.27389635223568976,0.4442489966649884,0.15071812236238083
Deaths,South Asia,Both,All ages,Invasive Non-typhoidal Salmonella (iNTS),Number,2001,7898.580832296753,12740.868595687278,4321.840105607335
Deaths,South Asia,Both,All ages,Invasive Non-typhoidal Salmonella (iNTS),Rate,2001,0.584936938271438,0.9435371778189378,0.3200579917769317
Deaths,South Asia,Both,Age-standardized,Invasive Non-typhoidal Salmonella (iNTS),Rate,2001,0.5420014057752502,0.8626592128602945,0.2966577192186401
Deaths,Eastern Sub-Saharan Africa,Both,All ages,Invasive Non-typhoidal Salmonella (iNTS),Number,2001,8757.737987506442,14166.943846502354,5159.751867187206
Deaths,Eastern Sub-Saharan Africa,Both,All ages,Invasive Non-typhoidal Salmonella (iNTS),Rate,2001,3.4134589976769543,5.521777656675074,2.0110902452158648
Deaths,Eastern Sub-Saharan Africa,Both,Age-standardized,Invasive Non-typhoidal Salmonella (iNTS),Rate,2001,2.875634994958481,4.49568884440868,1.676314596203359
Deaths,Western Europe,Both,All ages,Invasive Non-typhoidal Salmonella (iNTS),Number,2003,71.46071284624969,80.86387056123776,63.380162067290044
Deaths,Western Europe,Both,All ages,Invasive Non-typhoidal Salmonella (iNTS),Rate,2003,0.017638249019262656,0.019959177970827986,0.015643771757907297
Deaths,Western Europe,Both,Age-standardized,Invasive Non-typhoidal Salmonella (iNTS),Rate,2003,0.010219127470175499,0.011470671651790302,0.00914651663532155
Deaths,Southern Latin America,Both,All ages,Invasive Non-typhoidal Salmonella (iNTS),Number,2003,0.5702529192441879,0.6664505914789153,0.48984896588053567
Deaths,Southern Latin America,Both,All ages,Invasive Non-typhoidal Salmonella (iNTS),Rate,2003,0.0010018748631017206,0.0011708841332841698,0.0008606135086209519
Deaths,Southern Latin America,Both,Age-standardized,Invasive Non-typhoidal Salmonella (iNTS),Rate,2003,0.0010616268259202996,0.0012396893080115594,0.0009121037277182316
Deaths,Andean Latin America,Both,All ages,Invasive Non-typhoidal Salmonella (iNTS),Number,2003,24.551480089499325,40.24091322172854,13.832453882575514
Deaths,Andean Latin America,Both,All ages,Invasive Non-typhoidal Salmonella (iNTS),Rate,2003,0.050503015778827605,0.08277657672706261,0.02845370764389884
Deaths,Andean Latin America,Both,Age-standardized,Invasive Non-typhoidal Salmonella (iNTS),Rate,2003,0.052835667411741664,0.08523428067083509,0.02966102667796202
Deaths,Central Latin America,Both,All ages,Invasive Non-typhoidal Salmonella (iNTS),Number,2003,17.786551529216652,25.745205297841835,11.785876857160734
Deaths,Central Latin America,Both,All ages,Invasive Non-typhoidal Salmonella (iNTS),Rate,2003,0.008547514992252486,0.0123721300275913,0.005663827469194628
Deaths,Central Latin America,Both,Age-standardized,Invasive Non-typhoidal Salmonella (iNTS),Rate,2003,0.009868591237721292,0.014124630781501595,0.006713858504848084
Deaths,Tropical Latin America,Both,All ages,Invasive Non-typhoidal Salmonella (iNTS),Number,2003,55.06367593683454,84.13921052973153,32.87382307689248
Deaths,Tropical Latin America,Both,All ages,Invasive Non-typhoidal Salmonella (iNTS),Rate,2003,0.02933314367641039,0.04482206298975687,0.017512317496085013
Deaths,Tropical Latin America,Both,Age-standardized,Invasive Non-typhoidal Salmonella (iNTS),Rate,2003,0.03269969734719327,0.048777973049964035,0.019766359576512207
Deaths,North Africa and Middle East,Both,All ages,Invasive Non-typhoidal Salmonella (iNTS),Number,2003,1043.597203371223,1644.742100061142,575.3332655136134
Deaths,North Africa and Middle East,Both,All ages,Invasive Non-typhoidal Salmonella (iNTS),Rate,2003,0.23389004677878691,0.3686180889328248,0.1289431630802335
Deaths,North Africa and Middle East,Both,Age-standardized,Invasive Non-typhoidal Salmonella (iNTS),Rate,2003,0.23903143867755888,0.37096490175828456,0.13480632544797994
Deaths,Central Sub-Saharan Africa,Both,All ages,Invasive Non-typhoidal Salmonella (iNTS),Number,2003,12688.441372167488,20488.134126601093,7169.967498436056
Deaths,Central Sub-Saharan Africa,Both,All ages,Invasive Non-typhoidal Salmonella (iNTS),Rate,2003,15.755863470820046,25.441126660258405,8.903302279772284
Deaths,Central Sub-Saharan Africa,Both,Age-standardized,Invasive Non-typhoidal Salmonella (iNTS),Rate,2003,15.42144544447372,24.168288800113153,8.530691833738041
Deaths,Global,Both,All ages,Invasive Non-typhoidal Salmonella (iNTS),Number,2004,87386.91805498203,135559.742042681,50218.5486462335
Deaths,Global,Both,All ages,Invasive Non-typhoidal Salmonella (iNTS),Rate,2004,1.3615122419949124,2.1120581022969294,0.7824188136952602
Deaths,Global,Both,Age-standardized,Invasive Non-typhoidal Salmonella (iNTS),Rate,2004,1.4014231898360654,2.17592561844078,0.8054601213590977
Deaths,Central Asia,Both,All ages,Invasive Non-typhoidal Salmonella (iNTS),Number,2004,6.204960226250072,10.349355373744565,3.36211517700687
Deaths,Central Asia,Both,All ages,Invasive Non-typhoidal Salmonella (iNTS),Rate,2004,0.008101947738606547,0.01351337209408988,0.004389984860829271
Deaths,Central Asia,Both,Age-standardized,Invasive Non-typhoidal Salmonella (iNTS),Rate,2004,0.008690561282917198,0.014465691009920536,0.004759793288985682
Deaths,Low-middle SDI,Both,All ages,Invasive Non-typhoidal Salmonella (iNTS),Number,2003,18967.60412279498,29062.137716205583,11104.52983233558
Deaths,Low-middle SDI,Both,All ages,Invasive Non-typhoidal Salmonella (iNTS),Rate,2003,1.2958385988150474,1.9854821712289323,0.7586450183837583
Deaths,Low-middle SDI,Both,Age-standardized,Invasive Non-typhoidal Salmonella (iNTS),Rate,2003,1.2006457166467008,1.8100659755034347,0.7079628371180037
Deaths,High-income North America,Both,All ages,Invasive Non-typhoidal Salmonella (iNTS),Number,2003,25.763227359939755,28.3941096384546,23.22192121891356
Deaths,High-income North America,Both,All ages,Invasive Non-typhoidal Salmonella (iNTS),Rate,2003,0.008039599786854793,0.008860585461905619,0.007246566987652936
Deaths,High-income North America,Both,Age-standardized,Invasive Non-typhoidal Salmonella (iNTS),Rate,2003,0.0062728587247741175,0.006879614480233434,0.005720095272744189
Deaths,Caribbean,Both,All ages,Invasive Non-typhoidal Salmonella (iNTS),Number,2003,7.161579053657971,12.73746450683376,3.58624460137169
Deaths,Caribbean,Both,All ages,Invasive Non-typhoidal Salmonella (iNTS),Rate,2003,0.017279721051508497,0.03073342232662442,0.008653022730026081
Deaths,Caribbean,Both,Age-standardized,Invasive Non-typhoidal Salmonella (iNTS),Rate,2003,0.017799769439731758,0.0316915802143469,0.008876115381171761
Deaths,Western Sub-Saharan Africa,Both,All ages,Invasive Non-typhoidal Salmonella (iNTS),Number,2003,48843.66775951787,77806.6142716489,28065.12137205299
Deaths,Western Sub-Saharan Africa,Both,All ages,Invasive Non-typhoidal Salmonella (iNTS),Rate,2003,17.16218781149355,27.338891372388122,9.861234957026294
Deaths,Western Sub-Saharan Africa,Both,Age-standardized,Invasive Non-typhoidal Salmonella (iNTS),Rate,2003,13.531940812942466,20.643206749348998,7.767699476674239
Deaths,Southern Sub-Saharan Africa,Both,All ages,Invasive Non-typhoidal Salmonella (iNTS),Number,2004,419.474540018081,678.4518077230539,231.686307520115
Deaths,Southern Sub-Saharan Africa,Both,All ages,Invasive Non-typhoidal Salmonella (iNTS),Rate,2004,0.6284523372235334,1.0164493517025033,0.347109985405623
Deaths,Southern Sub-Saharan Africa,Both,Age-standardized,Invasive Non-typhoidal Salmonella (iNTS),Rate,2004,0.6209501028226135,0.9829222507564224,0.3463521009557016
Deaths,High-middle SDI,Both,All ages,Invasive Non-typhoidal Salmonella (iNTS),Number,2003,472.6637612670079,758.0125543057643,268.92670922875834
Deaths,High-middle SDI,Both,All ages,Invasive Non-typhoidal Salmonella (iNTS),Rate,2003,0.04023256985994594,0.06452111531477257,0.02289071746742055
Deaths,High-middle SDI,Both,Age-standardized,Invasive Non-typhoidal Salmonella (iNTS),Rate,2003,0.04361093794598364,0.07014541754731796,0.025230446311242955
Deaths,High SDI,Both,All ages,Invasive Non-typhoidal Salmonella (iNTS),Number,2003,216.18695808605554,297.88389723552007,158.80479361196623
Deaths,High SDI,Both,All ages,Invasive Non-typhoidal Salmonella (iNTS),Rate,2003,0.022406459959112373,0.030873849537284087,0.01645914851147136
Deaths,High SDI,Both,Age-standardized,Invasive Non-typhoidal Salmonella (iNTS),Rate,2003,0.019617767204349407,0.028587983761143573,0.013521189557195222
Deaths,Middle SDI,Both,All ages,Invasive Non-typhoidal Salmonella (iNTS),Number,2003,5167.4631392465535,7770.494762632173,3005.1983633041514
Deaths,Middle SDI,Both,All ages,Invasive Non-typhoidal Salmonella (iNTS),Rate,2003,0.25549308841577856,0.38419387849044184,0.1485849807638051
Deaths,Middle SDI,Both,Age-standardized,Invasive Non-typhoidal Salmonella (iNTS),Rate,2003,0.2815031993119477,0.42375953313378545,0.16449393450939642
Deaths,Low SDI,Both,All ages,Invasive Non-typhoidal Salmonella (iNTS),Number,2004,61057.993516566436,97054.80467632931,34669.69660819781
Deaths,Low SDI,Both,All ages,Invasive Non-typhoidal Salmonella (iNTS),Rate,2004,8.42743987453329,13.395846863562864,4.78523395228544
Deaths,Low SDI,Both,Age-standardized,Invasive Non-typhoidal Salmonella (iNTS),Rate,2004,6.870554393360744,10.490848232756678,3.9951665618722627
Deaths,Global,Both,All ages,Invasive Non-typhoidal Salmonella (iNTS),Number,2005,94371.00988081399,144601.30511688805,54331.52872213428
Deaths,Global,Both,All ages,Invasive Non-typhoidal Salmonella (iNTS),Rate,2005,1.4513374539603765,2.223832194576929,0.8355678578087207
Deaths,Global,Both,Age-standardized,Invasive Non-typhoidal Salmonella (iNTS),Rate,2005,1.5000951089112382,2.2953000359438915,0.8629278774640392
Deaths,Central Asia,Both,All ages,Invasive Non-typhoidal Salmonella (iNTS),Number,2005,6.188669005746558,10.315072243103213,3.388100075710785
Deaths,Central Asia,Both,All ages,Invasive Non-typhoidal Salmonella (iNTS),Rate,2005,0.008007777933734759,0.01334710384680486,0.004384004540939089
Deaths,Central Asia,Both,Age-standardized,Invasive Non-typhoidal Salmonella (iNTS),Rate,2005,0.008600118685899431,0.01438103032125965,0.0047379869771134835
Deaths,Oceania,Both,All ages,Invasive Non-typhoidal Salmonella (iNTS),Number,2004,24.215003803752275,39.55459911314693,12.923317653528358
Deaths,Oceania,Both,All ages,Invasive Non-typhoidal Salmonella (iNTS),Rate,2004,0.2630854283837135,0.4297434242242731,0.14040619562035617
Deaths,Oceania,Both,Age-standardized,Invasive Non-typhoidal Salmonella (iNTS),Rate,2004,0.2685190327460618,0.43727971041799246,0.14752684972058355
Deaths,Western Europe,Both,All ages,Invasive Non-typhoidal Salmonella (iNTS),Number,2004,65.16704076730709,73.61604433203686,57.27023593454936
Deaths,Western Europe,Both,All ages,Invasive Non-typhoidal Salmonella (iNTS),Rate,2004,0.01598720020120489,0.018059964437536345,0.01404990493162321
Deaths,Western Europe,Both,Age-standardized,Invasive Non-typhoidal Salmonella (iNTS),Rate,2004,0.00913461608237763,0.010221790309454838,0.0080957726024804
Deaths,Southern Sub-Saharan Africa,Both,All ages,Invasive Non-typhoidal Salmonella (iNTS),Number,2005,414.11202362417,683.5800744595915,233.61937435100876
Deaths,Southern Sub-Saharan Africa,Both,All ages,Invasive Non-typhoidal Salmonella (iNTS),Rate,2005,0.6144302624897612,1.0142479827249904,0.3466279782193852
Deaths,Southern Sub-Saharan Africa,Both,Age-standardized,Invasive Non-typhoidal Salmonella (iNTS),Rate,2005,0.6071010162750424,0.9662211258984538,0.3465295315666861
Deaths,East Asia,Both,All ages,Invasive Non-typhoidal Salmonella (iNTS),Number,2003,701.6261330540652,1190.1593126299572,383.03366437883267
Deaths,East Asia,Both,All ages,Invasive Non-typhoidal Salmonella (iNTS),Rate,2003,0.052961904253511036,0.08983859151249013,0.02891310813980185
Deaths,East Asia,Both,Age-standardized,Invasive Non-typhoidal Salmonella (iNTS),Rate,2003,0.0591586427204997,0.09980487672553495,0.03200015660189625
Deaths,Southeast Asia,Both,All ages,Invasive Non-typhoidal Salmonella (iNTS),Number,2003,1698.583622702838,2648.065232967001,943.6049432100635
Deaths,Southeast Asia,Both,All ages,Invasive Non-typhoidal Salmonella (iNTS),Rate,2003,0.3008922736820184,0.4690863364959805,0.16715305212249743
Deaths,Southeast Asia,Both,Age-standardized,Invasive Non-typhoidal Salmonella (iNTS),Rate,2003,0.3335610965987566,0.5194065557122572,0.18791928642410632
Deaths,Southern Latin America,Both,All ages,Invasive Non-typhoidal Salmonella (iNTS),Number,2004,0.5541015800706323,0.6505076937211296,0.47256970600382137
Deaths,Southern Latin America,Both,All ages,Invasive Non-typhoidal Salmonella (iNTS),Rate,2004,0.0009635680601805853,0.0011312157537820328,0.0008217862776283139
Deaths,Southern Latin America,Both,Age-standardized,Invasive Non-typhoidal Salmonella (iNTS),Rate,2004,0.0010193409971675836,0.0011905572185522586,0.0008675774022206333
Deaths,Andean Latin America,Both,All ages,Invasive Non-typhoidal Salmonella (iNTS),Number,2004,24.946607934025245,39.67251605366437,14.401281022386238
Deaths,Andean Latin America,Both,All ages,Invasive Non-typhoidal Salmonella (iNTS),Rate,2004,0.05054238648143055,0.08037740619397812,0.029177317941826146
Deaths,Andean Latin America,Both,Age-standardized,Invasive Non-typhoidal Salmonella (iNTS),Rate,2004,0.05297879883474171,0.08318919728812446,0.03045614563410321
Deaths,Central Latin America,Both,All ages,Invasive Non-typhoidal Salmonella (iNTS),Number,2004,16.707340689611403,24.146575873984055,11.030378098815463
Deaths,Central Latin America,Both,All ages,Invasive Non-typhoidal Salmonella (iNTS),Rate,2004,0.007916328199070292,0.011441211564032345,0.005226450744752909
Deaths,Central Latin America,Both,Age-standardized,Invasive Non-typhoidal Salmonella (iNTS),Rate,2004,0.009098774018775119,0.013037862384564544,0.006165859249772131
Deaths,Central Europe,Both,All ages,Invasive Non-typhoidal Salmonella (iNTS),Number,2003,11.513646646764098,17.36796150390782,7.609064462083704
Deaths,Central Europe,Both,All ages,Invasive Non-typhoidal Salmonella (iNTS),Rate,2003,0.009504237122287585,0.014336832589029907,0.00628109886859696
Deaths,Central Europe,Both,Age-standardized,Invasive Non-typhoidal Salmonella (iNTS),Rate,2003,0.009094031857223836,0.013565966760452741,0.006108028139892671
Deaths,Tropical Latin America,Both,All ages,Invasive Non-typhoidal Salmonella (iNTS),Number,2004,53.5561609164452,82.41855778229409,31.450083265670134
Deaths,Tropical Latin America,Both,All ages,Invasive Non-typhoidal Salmonella (iNTS),Rate,2004,0.028161251370775083,0.04333786596363809,0.01653728880712928
Deaths,Tropical Latin America,Both,Age-standardized,Invasive Non-typhoidal Salmonella (iNTS),Rate,2004,0.03139914026637025,0.04697972044751448,0.018714117638551426
Deaths,North Africa and Middle East,Both,All ages,Invasive Non-typhoidal Salmonella (iNTS),Number,2004,1070.1803024569879,1679.6736578457997,595.0882776893934
Deaths,North Africa and Middle East,Both,All ages,Invasive Non-typhoidal Salmonella (iNTS),Rate,2004,0.23506665538240465,0.3689427547650179,0.1307120031760661
Deaths,North Africa and Middle East,Both,Age-standardized,Invasive Non-typhoidal Salmonella (iNTS),Rate,2004,0.24020314355672145,0.3734195244127302,0.13513749355788401
Deaths,Eastern Europe,Both,All ages,Invasive Non-typhoidal Salmonella (iNTS),Number,2003,28.409705367690975,45.02424254216905,17.850122504739524
Deaths,Eastern Europe,Both,All ages,Invasive Non-typhoidal Salmonella (iNTS),Rate,2003,0.013075970100168087,0.020723046636508206,0.00821577222063537
Deaths,Eastern Europe,Both,Age-standardized,Invasive Non-typhoidal Salmonella (iNTS),Rate,2003,0.013239732639105979,0.0199554554063778,0.008748997761516457
Deaths,High-income Asia Pacific,Both,All ages,Invasive Non-typhoidal Salmonella (iNTS),Number,2003,9.086916692016828,15.671152773306408,4.791045491577819
Deaths,High-income Asia Pacific,Both,All ages,Invasive Non-typhoidal Salmonella (iNTS),Rate,2003,0.005007594247892691,0.008636017820478039,0.0026402367995840364
Deaths,High-income Asia Pacific,Both,Age-standardized,Invasive Non-typhoidal Salmonella (iNTS),Rate,2003,0.00450428302478865,0.008214049531471864,0.0022020808055883004
Deaths,Australasia,Both,All ages,Invasive Non-typhoidal Salmonella (iNTS),Number,2003,0.43820315387171344,0.523322990549389,0.36801787330670965
Deaths,Australasia,Both,All ages,Invasive Non-typhoidal Salmonella (iNTS),Rate,2003,0.001857760507607238,0.002218625712698982,0.0015602102930618428
Deaths,Australasia,Both,Age-standardized,Invasive Non-typhoidal Salmonella (iNTS),Rate,2003,0.0014194896009621792,0.0016814032508561554,0.0012083976065529476
Deaths,Central Sub-Saharan Africa,Both,All ages,Invasive Non-typhoidal Salmonella (iNTS),Number,2004,13268.960793514705,21090.9997324526,7457.370455348294
Deaths,Central Sub-Saharan Africa,Both,All ages,Invasive Non-typhoidal Salmonella (iNTS),Rate,2004,15.979136418423943,25.398821141330245,8.980532965850365
Deaths,Central Sub-Saharan Africa,Both,Age-standardized,Invasive Non-typhoidal Salmonella (iNTS),Rate,2004,15.781324134825283,24.853552061952147,8.787462512312931
Deaths,South Asia,Both,All ages,Invasive Non-typhoidal Salmonella (iNTS),Number,2003,7474.083191835568,12066.267794941004,4078.6516783598086
Deaths,South Asia,Both,All ages,Invasive Non-typhoidal Salmonella (iNTS),Rate,2003,0.533174385886131,0.8607644250645925,0.2909564354633388
Deaths,South Asia,Both,Age-standardized,Invasive Non-typhoidal Salmonella (iNTS),Rate,2003,0.5031916083179141,0.8122792692034604,0.27625142811974857
Deaths,Eastern Sub-Saharan Africa,Both,All ages,Invasive Non-typhoidal Salmonella (iNTS),Number,2003,8066.12224580458,13082.845905802298,4797.144472636612
Deaths,Eastern Sub-Saharan Africa,Both,All ages,Invasive Non-typhoidal Salmonella (iNTS),Rate,2003,2.978206666628391,4.83050190757998,1.7712213147546707
Deaths,Eastern Sub-Saharan Africa,Both,Age-standardized,Invasive Non-typhoidal Salmonella (iNTS),Rate,2003,2.514089549033282,3.921069294322177,1.4765035656511751
Deaths,Low-middle SDI,Both,All ages,Invasive Non-typhoidal Salmonella (iNTS),Number,2004,20339.610313536723,31120.84716042181,11859.629313291463
Deaths,Low-middle SDI,Both,All ages,Invasive Non-typhoidal Salmonella (iNTS),Rate,2004,1.3664980646764326,2.090825574347633,0.7967783184915251
Deaths,Low-middle SDI,Both,Age-standardized,Invasive Non-typhoidal Salmonella (iNTS),Rate,2004,1.2665451814397635,1.892198127356891,0.7428458925410312
Deaths,Low SDI,Both,All ages,Invasive Non-typhoidal Salmonella (iNTS),Number,2005,66463.70784136954,103609.73292225345,37896.45875352518
Deaths,Low SDI,Both,All ages,Invasive Non-typhoidal Salmonella (iNTS),Rate,2005,8.926758172709356,13.915850622469586,5.089883394742049
Deaths,Low SDI,Both,Age-standardized,Invasive Non-typhoidal Salmonella (iNTS),Rate,2005,7.278415114010975,11.183731062758557,4.220758314620158
Deaths,Oceania,Both,All ages,Invasive Non-typhoidal Salmonella (iNTS),Number,2005,25.29114795977534,41.55811036843034,13.540741797190277
Deaths,Oceania,Both,All ages,Invasive Non-typhoidal Salmonella (iNTS),Rate,2005,0.2681336053015636,0.4405939176952442,0.1435572605210621
Deaths,Oceania,Both,Age-standardized,Invasive Non-typhoidal Salmonella (iNTS),Rate,2005,0.2721603985242018,0.43033627839352584,0.1476744911863813
Deaths,High-income North America,Both,All ages,Invasive Non-typhoidal Salmonella (iNTS),Number,2004,23.979834028350226,26.364368265019614,21.712262821705412
Deaths,High-income North America,Both,All ages,Invasive Non-typhoidal Salmonella (iNTS),Rate,2004,0.007410763424979625,0.008147683417246008,0.0067099898607475535
Deaths,High-income North America,Both,Age-standardized,Invasive Non-typhoidal Salmonella (iNTS),Rate,2004,0.005761011515103381,0.006297841691077894,0.005267876566446807
Deaths,Caribbean,Both,All ages,Invasive Non-typhoidal Salmonella (iNTS),Number,2004,7.265768634127861,12.748653790624026,3.605567306168804
Deaths,Caribbean,Both,All ages,Invasive Non-typhoidal Salmonella (iNTS),Rate,2004,0.01737064507457353,0.030478859337106878,0.008620014360732847
Deaths,Caribbean,Both,Age-standardized,Invasive Non-typhoidal Salmonella (iNTS),Rate,2004,0.01792045692120492,0.031322898012919036,0.008880980541724565
Deaths,Western Europe,Both,All ages,Invasive Non-typhoidal Salmonella (iNTS),Number,2005,64.38439658317922,72.27687348125268,56.30800586830155
Deaths,Western Europe,Both,All ages,Invasive Non-typhoidal Salmonella (iNTS),Rate,2005,0.015697529329594336,0.017621790395403892,0.013728428322951099
Deaths,Western Europe,Both,Age-standardized,Invasive Non-typhoidal Salmonella (iNTS),Rate,2005,0.00882178199263021,0.009825922370007265,0.007809002860285625
Deaths,Western Sub-Saharan Africa,Both,All ages,Invasive Non-typhoidal Salmonella (iNTS),Number,2004,54334.30517692927,85395.71082728755,31029.517309873645
Deaths,Western Sub-Saharan Africa,Both,All ages,Invasive Non-typhoidal Salmonella (iNTS),Rate,2004,18.508318444835453,29.08900748188136,10.569826662742141
Deaths,Western Sub-Saharan Africa,Both,Age-standardized,Invasive Non-typhoidal Salmonella (iNTS),Rate,2004,14.596321504217608,22.452120256437926,8.526640023907735
Deaths,Southern Latin America,Both,All ages,Invasive Non-typhoidal Salmonella (iNTS),Number,2005,0.46049375622858646,0.538908987555177,0.39445045901082354
Deaths,Southern Latin America,Both,All ages,Invasive Non-typhoidal Salmonella (iNTS),Rate,2005,0.0007926125067577626,0.0009275826170558621,0.0006789372556728498
Deaths,Southern Latin America,Both,Age-standardized,Invasive Non-typhoidal Salmonella (iNTS),Rate,2005,0.0008376202173872151,0.000981672653588387,0.0007171928324268817
Deaths,Andean Latin America,Both,All ages,Invasive Non-typhoidal Salmonella (iNTS),Number,2005,25.119879040654634,40.187110615013516,14.577092621970984
Deaths,Andean Latin America,Both,All ages,Invasive Non-typhoidal Salmonella (iNTS),Rate,2005,0.050141446395875006,0.08021694091148328,0.029097134867939845
Deaths,Andean Latin America,Both,Age-standardized,Invasive Non-typhoidal Salmonella (iNTS),Rate,2005,0.052566782096444116,0.08492379313532522,0.03110438320606141
Deaths,Central Latin America,Both,All ages,Invasive Non-typhoidal Salmonella (iNTS),Number,2005,16.114309222140474,24.086011958359315,10.492459214308857
Deaths,Central Latin America,Both,All ages,Invasive Non-typhoidal Salmonella (iNTS),Rate,2005,0.007530316295687168,0.011255542254268398,0.004903191040592912
Deaths,Central Latin America,Both,Age-standardized,Invasive Non-typhoidal Salmonella (iNTS),Rate,2005,0.008638962605254947,0.012711219069137386,0.005808095512962069
Deaths,Tropical Latin America,Both,All ages,Invasive Non-typhoidal Salmonella (iNTS),Number,2005,52.35779924445151,82.9861654232198,30.44663048979158
Deaths,Tropical Latin America,Both,All ages,Invasive Non-typhoidal Salmonella (iNTS),Rate,2005,0.02718797458369632,0.043092448286279256,0.015810103324833097
Deaths,Tropical Latin America,Both,Age-standardized,Invasive Non-typhoidal Salmonella (iNTS),Rate,2005,0.03034209025831485,0.04748813337281155,0.017970811704766602
Deaths,High-middle SDI,Both,All ages,Invasive Non-typhoidal Salmonella (iNTS),Number,2004,475.7046735341977,770.7795096293411,268.35633011153317
Deaths,High-middle SDI,Both,All ages,Invasive Non-typhoidal Salmonella (iNTS),Rate,2004,0.04024187749060296,0.06520351033831319,0.022701401018293304
Deaths,High-middle SDI,Both,Age-standardized,Invasive Non-typhoidal Salmonella (iNTS),Rate,2004,0.04376168739124739,0.06989358765842978,0.025125416248286177
Deaths,High SDI,Both,All ages,Invasive Non-typhoidal Salmonella (iNTS),Number,2004,204.01246069032442,283.34172546308747,149.0379676133452
Deaths,High SDI,Both,All ages,Invasive Non-typhoidal Salmonella (iNTS),Rate,2004,0.02098081100368927,0.029139098520182618,0.015327188448631148
Deaths,High SDI,Both,Age-standardized,Invasive Non-typhoidal Salmonella (iNTS),Rate,2004,0.018225538466494686,0.02649610784433146,0.01246963466068293
Deaths,Middle SDI,Both,All ages,Invasive Non-typhoidal Salmonella (iNTS),Number,2004,5296.961328457782,8041.483457820341,3044.7449640542554
Deaths,Middle SDI,Both,All ages,Invasive Non-typhoidal Salmonella (iNTS),Rate,2004,0.2589717551664675,0.39315316010060003,0.14885948725719092
Deaths,Middle SDI,Both,Age-standardized,Invasive Non-typhoidal Salmonella (iNTS),Rate,2004,0.2866090319624015,0.43109619605150085,0.16660774596490655
Deaths,North Africa and Middle East,Both,All ages,Invasive Non-typhoidal Salmonella (iNTS),Number,2005,1081.738477608734,1704.2174477604508,594.7393372192382
Deaths,North Africa and Middle East,Both,All ages,Invasive Non-typhoidal Salmonella (iNTS),Rate,2005,0.23281022266413925,0.36677926476119016,0.12799895759575147
Deaths,North Africa and Middle East,Both,Age-standardized,Invasive Non-typhoidal Salmonella (iNTS),Rate,2005,0.23866797703502143,0.37152339384412214,0.1332436537921535
Deaths,Central Sub-Saharan Africa,Both,All ages,Invasive Non-typhoidal Salmonella (iNTS),Number,2005,14059.569545996505,22054.547691287302,8047.57978564534
Deaths,Central Sub-Saharan Africa,Both,All ages,Invasive Non-typhoidal Salmonella (iNTS),Rate,2005,16.415807390199358,25.75066084304343,9.396270581842499
Deaths,Central Sub-Saharan Africa,Both,Age-standardized,Invasive Non-typhoidal Salmonella (iNTS),Rate,2005,16.300973100100762,25.566852808739338,9.108973682860604
Deaths,High-income North America,Both,All ages,Invasive Non-typhoidal Salmonella (iNTS),Number,2005,23.540668529115024,25.91433163759998,21.27542721208829
Deaths,High-income North America,Both,All ages,Invasive Non-typhoidal Salmonella (iNTS),Rate,2005,0.0072036727101505455,0.007930036625284718,0.006510486913953245
Deaths,High-income North America,Both,Age-standardized,Invasive Non-typhoidal Salmonella (iNTS),Rate,2005,0.005556910149402738,0.006087167310483554,0.005083654544300745
Deaths,Caribbean,Both,All ages,Invasive Non-typhoidal Salmonella (iNTS),Number,2005,7.249076326224279,12.99036975332341,3.487916008108434
Deaths,Caribbean,Both,All ages,Invasive Non-typhoidal Salmonella (iNTS),Rate,2005,0.017182544582019826,0.030791179093524617,0.008267435685682632
Deaths,Caribbean,Both,Age-standardized,Invasive Non-typhoidal Salmonella (iNTS),Rate,2005,0.017759246668223302,0.031629664369884354,0.008596614896038166
Deaths,Western Sub-Saharan Africa,Both,All ages,Invasive Non-typhoidal Salmonella (iNTS),Number,2005,60500.78887215044,93592.40338216757,34829.18886713788
Deaths,Western Sub-Saharan Africa,Both,All ages,Invasive Non-typhoidal Salmonella (iNTS),Rate,2005,19.978130857735632,30.9054033330072,11.50104165297535
Deaths,Western Sub-Saharan Africa,Both,Age-standardized,Invasive Non-typhoidal Salmonella (iNTS),Rate,2005,15.747265184153726,24.136119873498338,9.174691741945768
Deaths,East Asia,Both,All ages,Invasive Non-typhoidal Salmonella (iNTS),Number,2004,690.0476782940912,1149.0160321952876,370.90879743578176
Deaths,East Asia,Both,All ages,Invasive Non-typhoidal Salmonella (iNTS),Rate,2004,0.05179693977125275,0.0862484087519213,0.027841468416941798
Deaths,East Asia,Both,Age-standardized,Invasive Non-typhoidal Salmonella (iNTS),Rate,2004,0.057762742180291274,0.09664349185021576,0.030876775854737023
Deaths,Southeast Asia,Both,All ages,Invasive Non-typhoidal Salmonella (iNTS),Number,2004,1689.5951389612615,2626.656923082342,934.4851391477921
Deaths,Southeast Asia,Both,All ages,Invasive Non-typhoidal Salmonella (iNTS),Rate,2004,0.29559051968980693,0.45952717727281495,0.1634858798735159
Deaths,Southeast Asia,Both,Age-standardized,Invasive Non-typhoidal Salmonella (iNTS),Rate,2004,0.3285207816130611,0.5127026220373565,0.18198572136026916
Deaths,Global,Both,All ages,Invasive Non-typhoidal Salmonella (iNTS),Number,2006,94154.16854286136,143261.09671200538,54734.306004914346
Deaths,Global,Both,All ages,Invasive Non-typhoidal Salmonella (iNTS),Rate,2006,1.4290207032784155,2.1743389203488324,0.8307274937592661
Deaths,Global,Both,Age-standardized,Invasive Non-typhoidal Salmonella (iNTS),Rate,2006,1.4821626533323136,2.248533292055418,0.8620323243515192
Deaths,Central Asia,Both,All ages,Invasive Non-typhoidal Salmonella (iNTS),Number,2006,6.120365407770873,10.319286739078747,3.3328844944043987
Deaths,Central Asia,Both,All ages,Invasive Non-typhoidal Salmonella (iNTS),Rate,2006,0.007840968883839398,0.013220322780368552,0.004269850225098523
Deaths,Central Asia,Both,Age-standardized,Invasive Non-typhoidal Salmonella (iNTS),Rate,2006,0.008400251912840835,0.01401696008571278,0.004586800694367765
Deaths,Central Europe,Both,All ages,Invasive Non-typhoidal Salmonella (iNTS),Number,2004,10.770697576167397,16.350144176981228,7.068507203719178
Deaths,Central Europe,Both,All ages,Invasive Non-typhoidal Salmonella (iNTS),Rate,2004,0.008917215685170595,0.01353651990307371,0.0058521189423438305
Deaths,Central Europe,Both,Age-standardized,Invasive Non-typhoidal Salmonella (iNTS),Rate,2004,0.00834097620107139,0.012574377541899258,0.0055266515487688425
Deaths,Southern Sub-Saharan Africa,Both,All ages,Invasive Non-typhoidal Salmonella (iNTS),Number,2006,399.9477275155101,651.8114829639708,224.2881485831105
Deaths,Southern Sub-Saharan Africa,Both,All ages,Invasive Non-typhoidal Salmonella (iNTS),Rate,2006,0.5878049866930819,0.9579702888927579,0.3296373078859379
Deaths,Southern Sub-Saharan Africa,Both,Age-standardized,Invasive Non-typhoidal Salmonella (iNTS),Rate,2006,0.5807583358345535,0.923238917656931,0.3268418982199979
Deaths,Eastern Europe,Both,All ages,Invasive Non-typhoidal Salmonella (iNTS),Number,2004,26.969240430044103,43.570510928442964,16.609148145945714
Deaths,Eastern Europe,Both,All ages,Invasive Non-typhoidal Salmonella (iNTS),Rate,2004,0.012477004910350985,0.02015738931212441,0.0076840289036413535
Deaths,Eastern Europe,Both,Age-standardized,Invasive Non-typhoidal Salmonella (iNTS),Rate,2004,0.012428450832438577,0.019152737101195732,0.007936623231375277
Deaths,High-income Asia Pacific,Both,All ages,Invasive Non-typhoidal Salmonella (iNTS),Number,2004,8.692545367426579,15.365201495541049,4.39147785165192
Deaths,High-income Asia Pacific,Both,All ages,Invasive Non-typhoidal Salmonella (iNTS),Rate,2004,0.004780534930207589,0.008450215599030909,0.0024151284091911674
Deaths,High-income Asia Pacific,Both,Age-standardized,Invasive Non-typhoidal Salmonella (iNTS),Rate,2004,0.00430691345811261,0.007916364216682951,0.0020197719708372306
Deaths,Australasia,Both,All ages,Invasive Non-typhoidal Salmonella (iNTS),Number,2004,0.3220216880318177,0.38925766199988066,0.2699325291158022
Deaths,Australasia,Both,All ages,Invasive Non-typhoidal Salmonella (iNTS),Rate,2004,0.0013469149007670352,0.0016281417204842853,0.0011290424191301117
Deaths,Australasia,Both,Age-standardized,Invasive Non-typhoidal Salmonella (iNTS),Rate,2004,0.001014835606827083,0.0012003027742985416,0.0008629634349852127
Deaths,Low-middle SDI,Both,All ages,Invasive Non-typhoidal Salmonella (iNTS),Number,2005,21797.332811394484,32966.756958624675,12909.607280439881
Deaths,Low-middle SDI,Both,All ages,Invasive Non-typhoidal Salmonella (iNTS),Rate,2005,1.4402619569890533,2.1782832928986076,0.8530041912268698
Deaths,Low-middle SDI,Both,Age-standardized,Invasive Non-typhoidal Salmonella (iNTS),Rate,2005,1.3347015241668108,1.9886774996175416,0.786202549084597
Deaths,South Asia,Both,All ages,Invasive Non-typhoidal Salmonella (iNTS),Number,2004,7845.169275126027,12638.914046276757,4293.084769054126
Deaths,South Asia,Both,All ages,Invasive Non-typhoidal Salmonella (iNTS),Rate,2004,0.5493727588873316,0.8850637679620204,0.3006313491781937
Deaths,South Asia,Both,Age-standardized,Invasive Non-typhoidal Salmonella (iNTS),Rate,2004,0.5168961095032523,0.8250551327261075,0.28369798012640024
Deaths,Eastern Sub-Saharan Africa,Both,All ages,Invasive Non-typhoidal Salmonella (iNTS),Number,2004,7799.833826039984,12477.949739918038,4659.661581352664
Deaths,Eastern Sub-Saharan Africa,Both,All ages,Invasive Non-typhoidal Salmonella (iNTS),Rate,2004,2.80240694053541,4.4832099932764775,1.6741725846175717
Deaths,Eastern Sub-Saharan Africa,Both,Age-standardized,Invasive Non-typhoidal Salmonella (iNTS),Rate,2004,2.3691454812323975,3.6820935668692165,1.3871093600581752
Deaths,Low SDI,Both,All ages,Invasive Non-typhoidal Salmonella (iNTS),Number,2006,67234.83979982807,104216.53584463302,38765.344572024485
Deaths,Low SDI,Both,All ages,Invasive Non-typhoidal Salmonella (iNTS),Rate,2006,8.787272906206693,13.62060420657989,5.066445656324577
Deaths,Low SDI,Both,Age-standardized,Invasive Non-typhoidal Salmonella (iNTS),Rate,2006,7.0928922285574325,10.675236805568328,4.188044623594724
Deaths,High-middle SDI,Both,All ages,Invasive Non-typhoidal Salmonella (iNTS),Number,2005,471.8803667899998,778.4602864723571,267.85790973795
Deaths,High-middle SDI,Both,All ages,Invasive Non-typhoidal Salmonella (iNTS),Rate,2005,0.03966915513882209,0.06544214179444054,0.022517777225692603
Deaths,High-middle SDI,Both,Age-standardized,Invasive Non-typhoidal Salmonella (iNTS),Rate,2005,0.04324446699726782,0.07038614144477488,0.024955340042452825
Deaths,High SDI,Both,All ages,Invasive Non-typhoidal Salmonella (iNTS),Number,2005,198.9342895010977,272.6681299037666,146.35197482909442
Deaths,High SDI,Both,All ages,Invasive Non-typhoidal Salmonella (iNTS),Rate,2005,0.020294182174797563,0.027816103073059553,0.01493002360865817
Deaths,High SDI,Both,Age-standardized,Invasive Non-typhoidal Salmonella (iNTS),Rate,2005,0.01736933953608147,0.025096367302553792,0.012071006730707878
Deaths,Middle SDI,Both,All ages,Invasive Non-typhoidal Salmonella (iNTS),Number,2005,5426.66317226976,8225.825209173723,3123.3083734528163
Deaths,Middle SDI,Both,All ages,Invasive Non-typhoidal Salmonella (iNTS),Rate,2005,0.2622829231566455,0.39757276483687004,0.15095656835583493
Deaths,Middle SDI,Both,Age-standardized,Invasive Non-typhoidal Salmonella (iNTS),Rate,2005,0.29176434656469735,0.43997162086141106,0.1704501827590624
Deaths,Global,Both,All ages,Invasive Non-typhoidal Salmonella (iNTS),Number,2007,92228.67584577117,141180.7846391527,53708.58801582884
Deaths,Global,Both,All ages,Invasive Non-typhoidal Salmonella (iNTS),Rate,2007,1.381209486328975,2.1143124656484646,0.8043356427327344
Deaths,Global,Both,Age-standardized,Invasive Non-typhoidal Salmonella (iNTS),Rate,2007,1.4361874491991773,2.1961603417689175,0.8354775556195043
Deaths,Central Asia,Both,All ages,Invasive Non-typhoidal Salmonella (iNTS),Number,2007,6.112206420669141,10.33176527081041,3.3409961098596277
Deaths,Central Asia,Both,All ages,Invasive Non-typhoidal Salmonella (iNTS),Rate,2007,0.007745529432541283,0.01309265206170982,0.004233787591893969
Deaths,Central Asia,Both,Age-standardized,Invasive Non-typhoidal Salmonella (iNTS),Rate,2007,0.008265904444359236,0.013884918668486866,0.004554452027448412
Deaths,Southern Sub-Saharan Africa,Both,All ages,Invasive Non-typhoidal Salmonella (iNTS),Number,2007,376.3285893180911,620.6000019993415,212.00603939058658
Deaths,Southern Sub-Saharan Africa,Both,All ages,Invasive Non-typhoidal Salmonella (iNTS),Rate,2007,0.5478215575216089,0.903407472467704,0.3086172084703627
Deaths,Southern Sub-Saharan Africa,Both,Age-standardized,Invasive Non-typhoidal Salmonella (iNTS),Rate,2007,0.5426679101923615,0.8686642553807057,0.30771945599057565
Deaths,Oceania,Both,All ages,Invasive Non-typhoidal Salmonella (iNTS),Number,2006,25.765705160191708,42.17995264309932,13.900420871089148
Deaths,Oceania,Both,All ages,Invasive Non-typhoidal Salmonella (iNTS),Rate,2006,0.26653767390778815,0.43633761983748154,0.14379524341695948
Deaths,Oceania,Both,Age-standardized,Invasive Non-typhoidal Salmonella (iNTS),Rate,2006,0.27065225215634914,0.42877477226041943,0.1486004709420034
Deaths,Western Europe,Both,All ages,Invasive Non-typhoidal Salmonella (iNTS),Number,2006,61.12935500712932,68.64653478287212,53.18133933937425
Deaths,Western Europe,Both,All ages,Invasive Non-typhoidal Salmonella (iNTS),Rate,2006,0.014813784770797025,0.016635460842272902,0.012887702065633276
Deaths,Western Europe,Both,Age-standardized,Invasive Non-typhoidal Salmonella (iNTS),Rate,2006,0.00819247148653673,0.009118587912683147,0.007200997849238001
Deaths,East Asia,Both,All ages,Invasive Non-typhoidal Salmonella (iNTS),Number,2005,671.3475490699991,1131.2005184722002,358.2244364974019
Deaths,East Asia,Both,All ages,Invasive Non-typhoidal Salmonella (iNTS),Rate,2005,0.050094582144295685,0.08440787096456201,0.02672997538320057
Deaths,East Asia,Both,Age-standardized,Invasive Non-typhoidal Salmonella (iNTS),Rate,2005,0.05575773351530198,0.09522699248845559,0.029320516016988138
Deaths,Southeast Asia,Both,All ages,Invasive Non-typhoidal Salmonella (iNTS),Number,2005,1689.1827940766875,2619.534230333442,939.7679837229953
Deaths,Southeast Asia,Both,All ages,Invasive Non-typhoidal Salmonella (iNTS),Rate,2005,0.29188789199428966,0.4526510257978622,0.16239029706821384
Deaths,Southeast Asia,Both,Age-standardized,Invasive Non-typhoidal Salmonella (iNTS),Rate,2005,0.32500311728534,0.4984602336683689,0.17948063809734188
Deaths,Central Europe,Both,All ages,Invasive Non-typhoidal Salmonella (iNTS),Number,2005,10.381743192820458,15.848916676433623,6.670973208660671
Deaths,Central Europe,Both,All ages,Invasive Non-typhoidal Salmonella (iNTS),Rate,2005,0.008614261464930915,0.013150653955794117,0.005535246478134101
Deaths,Central Europe,Both,Age-standardized,Invasive Non-typhoidal Salmonella (iNTS),Rate,2005,0.007883011565362216,0.011921592825409713,0.0051241770534646075
Deaths,Eastern Europe,Both,All ages,Invasive Non-typhoidal Salmonella (iNTS),Number,2005,26.687835417516784,43.07033830234325,16.440675992626115
Deaths,Eastern Europe,Both,All ages,Invasive Non-typhoidal Salmonella (iNTS),Rate,2005,0.012412693258929498,0.020032306462531894,0.007646669910590395
Deaths,Eastern Europe,Both,Age-standardized,Invasive Non-typhoidal Salmonella (iNTS),Rate,2005,0.012168858639827461,0.01890062288121587,0.00768764086214894
Deaths,High-income Asia Pacific,Both,All ages,Invasive Non-typhoidal Salmonella (iNTS),Number,2005,8.696390525347063,15.521161565150777,4.338089186413614
Deaths,High-income Asia Pacific,Both,All ages,Invasive Non-typhoidal Salmonella (iNTS),Rate,2005,0.004772392270166111,0.008517679980174164,0.0023806501375701855
Deaths,High-income Asia Pacific,Both,Age-standardized,Invasive Non-typhoidal Salmonella (iNTS),Rate,2005,0.004258131834475834,0.007877220978483796,0.002002304959961826
Deaths,Australasia,Both,All ages,Invasive Non-typhoidal Salmonella (iNTS),Number,2005,0.3485915576344229,0.42046912699990224,0.29250583965638505
Deaths,Australasia,Both,All ages,Invasive Non-typhoidal Salmonella (iNTS),Rate,2005,0.0014392360412307432,0.0017359982149588553,0.0012076739596356707
Deaths,Australasia,Both,Age-standardized,Invasive Non-typhoidal Salmonella (iNTS),Rate,2005,0.0010696484382796544,0.0012808785272726705,0.0009072870455352002
Deaths,Southern Latin America,Both,All ages,Invasive Non-typhoidal Salmonella (iNTS),Number,2006,0.4642507686934413,0.542672687535063,0.3981817989887476
Deaths,Southern Latin America,Both,All ages,Invasive Non-typhoidal Salmonella (iNTS),Rate,2006,0.0007909812997317807,0.0009245950177389264,0.000678414292732452
Deaths,Southern Latin America,Both,Age-standardized,Invasive Non-typhoidal Salmonella (iNTS),Rate,2006,0.0008366614658288925,0.0009780539610830222,0.000718024193348707
Deaths,Andean Latin America,Both,All ages,Invasive Non-typhoidal Salmonella (iNTS),Number,2006,24.821651856483097,39.906242090766895,14.350982325567616
Deaths,Andean Latin America,Both,All ages,Invasive Non-typhoidal Salmonella (iNTS),Rate,2006,0.04882178698441334,0.07849171610208455,0.028226993359144418
Deaths,Andean Latin America,Both,Age-standardized,Invasive Non-typhoidal Salmonella (iNTS),Rate,2006,0.051343029532500147,0.08249135266702032,0.0302478580137986
Deaths,Central Latin America,Both,All ages,Invasive Non-typhoidal Salmonella (iNTS),Number,2006,15.777120717395922,23.658077022047976,10.180720859385982
Deaths,Central Latin America,Both,All ages,Invasive Non-typhoidal Salmonella (iNTS),Rate,2006,0.007273211242644811,0.010906311415009385,0.004693285596215958
Deaths,Central Latin America,Both,Age-standardized,Invasive Non-typhoidal Salmonella (iNTS),Rate,2006,0.008271223013879432,0.012252451324298386,0.005473514834804603
Deaths,Tropical Latin America,Both,All ages,Invasive Non-typhoidal Salmonella (iNTS),Number,2006,51.61333328065538,82.08234381309295,30.14112851618742
Deaths,Tropical Latin America,Both,All ages,Invasive Non-typhoidal Salmonella (iNTS),Rate,2006,0.026477867883076947,0.04210860482887948,0.015462532023630602
Deaths,Tropical Latin America,Both,Age-standardized,Invasive Non-typhoidal Salmonella (iNTS),Rate,2006,0.029551288761819533,0.046296513188828325,0.017648840558877797
Deaths,North Africa and Middle East,Both,All ages,Invasive Non-typhoidal Salmonella (iNTS),Number,2006,1091.803274869454,1726.508880581081,600.3210393027244
Deaths,North Africa and Middle East,Both,All ages,Invasive Non-typhoidal Salmonella (iNTS),Rate,2006,0.23002604714739744,0.36374869200903476,0.1264783490475741
Deaths,North Africa and Middle East,Both,Age-standardized,Invasive Non-typhoidal Salmonella (iNTS),Rate,2006,0.23582387008338968,0.36980608035211787,0.13177700211062768
Deaths,South Asia,Both,All ages,Invasive Non-typhoidal Salmonella (iNTS),Number,2005,8128.058965955501,13187.147151395999,4336.186068483963
Deaths,South Asia,Both,All ages,Invasive Non-typhoidal Salmonella (iNTS),Rate,2005,0.5588437490361052,0.906680768931971,0.2981339689069099
Deaths,South Asia,Both,Age-standardized,Invasive Non-typhoidal Salmonella (iNTS),Rate,2005,0.5242605705160219,0.8392600507567642,0.28393715846497825
Deaths,Central Sub-Saharan Africa,Both,All ages,Invasive Non-typhoidal Salmonella (iNTS),Number,2006,13679.869464571548,21801.563364963386,7902.789375528929
Deaths,Central Sub-Saharan Africa,Both,All ages,Invasive Non-typhoidal Salmonella (iNTS),Rate,2006,15.483319046117504,24.6757150832541,8.94463281045749
Deaths,Central Sub-Saharan Africa,Both,Age-standardized,Invasive Non-typhoidal Salmonella (iNTS),Rate,2006,15.308993695959145,23.77460044403714,8.631361732589975
Deaths,Eastern Sub-Saharan Africa,Both,All ages,Invasive Non-typhoidal Salmonella (iNTS),Number,2005,7559.390651971177,11780.344406026026,4541.377520628869
Deaths,Eastern Sub-Saharan Africa,Both,All ages,Invasive Non-typhoidal Salmonella (iNTS),Rate,2005,2.6437542870368445,4.1199532422736524,1.5882611234127153
Deaths,Eastern Sub-Saharan Africa,Both,Age-standardized,Invasive Non-typhoidal Salmonella (iNTS),Rate,2005,2.236693197272529,3.4426603165187193,1.3027003233887524
Deaths,High-income North America,Both,All ages,Invasive Non-typhoidal Salmonella (iNTS),Number,2006,22.55289935613741,24.869991014883578,20.418583219992396
Deaths,High-income North America,Both,All ages,Invasive Non-typhoidal Salmonella (iNTS),Rate,2006,0.00683297915939401,0.007535001492070708,0.0061863333580031415
Deaths,High-income North America,Both,Age-standardized,Invasive Non-typhoidal Salmonella (iNTS),Rate,2006,0.005239773404035947,0.005725702915001134,0.004795274120161516
Deaths,Caribbean,Both,All ages,Invasive Non-typhoidal Salmonella (iNTS),Number,2006,7.304213894223094,12.997377953904289,3.543847599558351
Deaths,Caribbean,Both,All ages,Invasive Non-typhoidal Salmonella (iNTS),Rate,2006,0.017166511569713865,0.03054670115809551,0.008328822471537418
Deaths,Caribbean,Both,Age-standardized,Invasive Non-typhoidal Salmonella (iNTS),Rate,2006,0.017771708167755286,0.03155704587960232,0.008668230042670678
Deaths,Low SDI,Both,All ages,Invasive Non-typhoidal Salmonella (iNTS),Number,2007,66378.82524594736,102831.84226647376,38733.592254247975
Deaths,Low SDI,Both,All ages,Invasive Non-typhoidal Salmonella (iNTS),Rate,2007,8.44318794010074,13.079902623550002,4.926797028813234
Deaths,Low SDI,Both,Age-standardized,Invasive Non-typhoidal Salmonella (iNTS),Rate,2007,6.789771687102057,10.158159944676644,4.022907920959429
Deaths,Western Sub-Saharan Africa,Both,All ages,Invasive Non-typhoidal Salmonella (iNTS),Number,2006,60953.57577649625,94674.94175764354,35388.29191437291
Deaths,Western Sub-Saharan Africa,Both,All ages,Invasive Non-typhoidal Salmonella (iNTS),Rate,2006,19.50952766125542,30.302789812057615,11.32679832467289
Deaths,Western Sub-Saharan Africa,Both,Age-standardized,Invasive Non-typhoidal Salmonella (iNTS),Rate,2006,15.193562994004887,23.042041199035626,8.955873827825124
Deaths,High-middle SDI,Both,All ages,Invasive Non-typhoidal Salmonella (iNTS),Number,2006,460.34826300625014,759.6459822220369,260.15276554327124
Deaths,High-middle SDI,Both,All ages,Invasive Non-typhoidal Salmonella (iNTS),Rate,2006,0.038451562910717614,0.0634510383172402,0.021729810307872185
Deaths,High-middle SDI,Both,Age-standardized,Invasive Non-typhoidal Salmonella (iNTS),Rate,2006,0.041904910959148486,0.06771914082993272,0.024079063365354397
Deaths,High SDI,Both,All ages,Invasive Non-typhoidal Salmonella (iNTS),Number,2006,193.93616411773763,266.60257142039364,141.55264407642235
Deaths,High SDI,Both,All ages,Invasive Non-typhoidal Salmonella (iNTS),Rate,2006,0.0196131534043807,0.026962052977886588,0.014315502916625198
Deaths,High SDI,Both,Age-standardized,Invasive Non-typhoidal Salmonella (iNTS),Rate,2006,0.016681257568836177,0.024039463258303303,0.011496558877540837
Deaths,Middle SDI,Both,All ages,Invasive Non-typhoidal Salmonella (iNTS),Number,2006,5268.5257073252415,7971.6879531486,3064.383555918429
Deaths,Middle SDI,Both,All ages,Invasive Non-typhoidal Salmonella (iNTS),Rate,2006,0.25169725693780065,0.3808374680950847,0.1463971095666434
Deaths,Middle SDI,Both,Age-standardized,Invasive Non-typhoidal Salmonella (iNTS),Rate,2006,0.2808355924975822,0.419447111041381,0.16304385325433265
Deaths,Global,Both,All ages,Invasive Non-typhoidal Salmonella (iNTS),Number,2008,89796.44099767355,136935.33226842782,51842.04746669097
Deaths,Global,Both,All ages,Invasive Non-typhoidal Salmonella (iNTS),Rate,2008,1.326673741748345,2.023114809670629,0.7659266038652042
Deaths,Global,Both,Age-standardized,Invasive Non-typhoidal Salmonella (iNTS),Rate,2008,1.3824821090138306,2.109957947393405,0.798138682068299
Deaths,Low-middle SDI,Both,All ages,Invasive Non-typhoidal Salmonella (iNTS),Number,2006,20984.397269286394,31715.162199631133,12412.278315603302
Deaths,Low-middle SDI,Both,All ages,Invasive Non-typhoidal Salmonella (iNTS),Rate,2006,1.3637340898465726,2.0611050821056645,0.8066491905596325
Deaths,Low-middle SDI,Both,Age-standardized,Invasive Non-typhoidal Salmonella (iNTS),Rate,2006,1.2660676662037993,1.8851954720460395,0.7598759077535482
Deaths,Central Asia,Both,All ages,Invasive Non-typhoidal Salmonella (iNTS),Number,2008,5.788761159038906,9.9850322912664,3.0434612394002394
Deaths,Central Asia,Both,All ages,Invasive Non-typhoidal Salmonella (iNTS),Rate,2008,0.007249837772809188,0.012505242879974218,0.0038116273322197046
Deaths,Central Asia,Both,Age-standardized,Invasive Non-typhoidal Salmonella (iNTS),Rate,2008,0.007732630378362721,0.013306511140183191,0.004063798239451115
Deaths,High-income North America,Both,All ages,Invasive Non-typhoidal Salmonella (iNTS),Number,2007,23.167438314263634,25.727257588267182,20.85050577436377
Deaths,High-income North America,Both,All ages,Invasive Non-typhoidal Salmonella (iNTS),Rate,2007,0.006949143770212527,0.007716969367480216,0.006254172789509195
Deaths,High-income North America,Both,Age-standardized,Invasive Non-typhoidal Salmonella (iNTS),Rate,2007,0.0052922380392393525,0.005819941992396139,0.004826618060567725
Deaths,Caribbean,Both,All ages,Invasive Non-typhoidal Salmonella (iNTS),Number,2007,7.364359307782147,12.946658273214515,3.5676280777952796
Deaths,Caribbean,Both,All ages,Invasive Non-typhoidal Salmonella (iNTS),Rate,2007,0.0171604925151812,0.03016841290719362,0.008313317203474948
Deaths,Caribbean,Both,Age-standardized,Invasive Non-typhoidal Salmonella (iNTS),Rate,2007,0.017770354281869315,0.031168055570425658,0.008676662139929478
Deaths,East Asia,Both,All ages,Invasive Non-typhoidal Salmonella (iNTS),Number,2006,647.2240851154498,1097.4829437536052,345.3992606401245
Deaths,East Asia,Both,All ages,Invasive Non-typhoidal Salmonella (iNTS),Rate,2006,0.0479806364009653,0.08135965779318896,0.02560546913976466
Deaths,East Asia,Both,Age-standardized,Invasive Non-typhoidal Salmonella (iNTS),Rate,2006,0.052922734386802894,0.09129876271575435,0.028351786749306156
Deaths,Southeast Asia,Both,All ages,Invasive Non-typhoidal Salmonella (iNTS),Number,2006,1679.5970530511752,2602.674937278241,940.8019284201699
Deaths,Southeast Asia,Both,All ages,Invasive Non-typhoidal Salmonella (iNTS),Rate,2006,0.2866424952416649,0.44417632012935454,0.16055863625185302
Deaths,Southeast Asia,Both,Age-standardized,Invasive Non-typhoidal Salmonella (iNTS),Rate,2006,0.3197440522776389,0.4956639171617033,0.17764580955595333
Deaths,Oceania,Both,All ages,Invasive Non-typhoidal Salmonella (iNTS),Number,2007,26.231095267910273,43.29964936942608,14.201786446818064
Deaths,Oceania,Both,All ages,Invasive Non-typhoidal Salmonella (iNTS),Rate,2007,0.26475792210340265,0.43703570429556204,0.1433426790384785
Deaths,Oceania,Both,Age-standardized,Invasive Non-typhoidal Salmonella (iNTS),Rate,2007,0.26899930017152074,0.42680668522114434,0.14597704523668895
Deaths,Western Europe,Both,All ages,Invasive Non-typhoidal Salmonella (iNTS),Number,2007,60.643442072209595,68.04143020200323,52.484386869575175
Deaths,Western Europe,Both,All ages,Invasive Non-typhoidal Salmonella (iNTS),Rate,2007,0.014609022057642772,0.01639119945518634,0.012643503390630405
Deaths,Western Europe,Both,Age-standardized,Invasive Non-typhoidal Salmonella (iNTS),Rate,2007,0.007938044364342322,0.008850701556665792,0.006925896335218704
Deaths,Southern Latin America,Both,All ages,Invasive Non-typhoidal Salmonella (iNTS),Number,2007,0.5529663363691074,0.6418799879384679,0.4771124578637531
Deaths,Southern Latin America,Both,All ages,Invasive Non-typhoidal Salmonella (iNTS),Rate,2007,0.0009325013738112277,0.0010824419701654622,0.0008045842814623391
Deaths,Southern Latin America,Both,Age-standardized,Invasive Non-typhoidal Salmonella (iNTS),Rate,2007,0.0009861461433779276,0.0011469857924145347,0.0008466160373436258
Deaths,Central Europe,Both,All ages,Invasive Non-typhoidal Salmonella (iNTS),Number,2006,9.863338487237588,15.293810064116673,6.210044097242292
Deaths,Central Europe,Both,All ages,Invasive Non-typhoidal Salmonella (iNTS),Rate,2006,0.008205628558678629,0.012723412543887026,0.005166335441181493
Deaths,Central Europe,Both,Age-standardized,Invasive Non-typhoidal Salmonella (iNTS),Rate,2006,0.007401881389395466,0.011248925059190073,0.004687817525737637
Deaths,Andean Latin America,Both,All ages,Invasive Non-typhoidal Salmonella (iNTS),Number,2007,24.351480667947335,39.76272067860793,14.041744738366933
Deaths,Andean Latin America,Both,All ages,Invasive Non-typhoidal Salmonella (iNTS),Rate,2007,0.047198408573799665,0.07706870732772594,0.02721592227953461
Deaths,Andean Latin America,Both,Age-standardized,Invasive Non-typhoidal Salmonella (iNTS),Rate,2007,0.049682130576983535,0.08078165777340054,0.028932064249855373
Deaths,Eastern Europe,Both,All ages,Invasive Non-typhoidal Salmonella (iNTS),Number,2006,25.27784400874907,41.244106107364566,15.19956489523204
Deaths,Eastern Europe,Both,All ages,Invasive Non-typhoidal Salmonella (iNTS),Rate,2006,0.011815377330824895,0.019278332288245117,0.007104585123611314
Deaths,Eastern Europe,Both,Age-standardized,Invasive Non-typhoidal Salmonella (iNTS),Rate,2006,0.011478996997402081,0.01814376415342757,0.007044277285444058
Deaths,High-income Asia Pacific,Both,All ages,Invasive Non-typhoidal Salmonella (iNTS),Number,2006,8.728059536698401,15.627502113987768,4.323293667565174
Deaths,High-income Asia Pacific,Both,All ages,Invasive Non-typhoidal Salmonella (iNTS),Rate,2006,0.004778387966113803,0.008555655209261381,0.002366892016284752
Deaths,High-income Asia Pacific,Both,Age-standardized,Invasive Non-typhoidal Salmonella (iNTS),Rate,2006,0.004217302539923598,0.007873863557836534,0.001997364700936391
Deaths,Australasia,Both,All ages,Invasive Non-typhoidal Salmonella (iNTS),Number,2006,0.5902620764033144,0.7150286483786668,0.4947738777614687
Deaths,Australasia,Both,All ages,Invasive Non-typhoidal Salmonella (iNTS),Rate,2006,0.002404726939121632,0.0029130257926735627,0.002015708140825419
Deaths,Australasia,Both,Age-standardized,Invasive Non-typhoidal Salmonella (iNTS),Rate,2006,0.0017382761630127801,0.0020934041211897944,0.001469221223080507
Deaths,Central Latin America,Both,All ages,Invasive Non-typhoidal Salmonella (iNTS),Number,2007,15.507030762717037,23.347057198638343,9.870411641738482
Deaths,Central Latin America,Both,All ages,Invasive Non-typhoidal Salmonella (iNTS),Rate,2007,0.007053644378588151,0.010619817635345743,0.004489729507630184
Deaths,Central Latin America,Both,Age-standardized,Invasive Non-typhoidal Salmonella (iNTS),Rate,2007,0.007965962619146701,0.011960326937395026,0.0052511648031333
Deaths,North Africa and Middle East,Both,All ages,Invasive Non-typhoidal Salmonella (iNTS),Number,2007,1109.9033199884516,1744.0077535686692,614.9784776206307
Deaths,North Africa and Middle East,Both,All ages,Invasive Non-typhoidal Salmonella (iNTS),Rate,2007,0.2288244071327687,0.3595552270709984,0.12678769673598034
Deaths,North Africa and Middle East,Both,Age-standardized,Invasive Non-typhoidal Salmonella (iNTS),Rate,2007,0.2346235484354336,0.3690620625232027,0.1312444686977102
Deaths,Tropical Latin America,Both,All ages,Invasive Non-typhoidal Salmonella (iNTS),Number,2007,50.60058886734175,80.88603254106482,29.39280470090211
Deaths,Tropical Latin America,Both,All ages,Invasive Non-typhoidal Salmonella (iNTS),Rate,2007,0.025655156228972843,0.04101026980186238,0.014902534011734036
Deaths,Tropical Latin America,Both,Age-standardized,Invasive Non-typhoidal Salmonella (iNTS),Rate,2007,0.028596642896045025,0.045152839381596345,0.016912010838944252
Deaths,Central Sub-Saharan Africa,Both,All ages,Invasive Non-typhoidal Salmonella (iNTS),Number,2007,13167.884651315699,20909.0834750833,7595.253669617109
Deaths,Central Sub-Saharan Africa,Both,All ages,Invasive Non-typhoidal Salmonella (iNTS),Rate,2007,14.446600353481992,22.939536662173087,8.33281861542677
Deaths,Central Sub-Saharan Africa,Both,Age-standardized,Invasive Non-typhoidal Salmonella (iNTS),Rate,2007,14.250031200698261,21.986389259354628,8.125466396323622
Deaths,Southern Sub-Saharan Africa,Both,All ages,Invasive Non-typhoidal Salmonella (iNTS),Number,2008,384.6690115943446,609.3626236454409,216.87058338372154
Deaths,Southern Sub-Saharan Africa,Both,All ages,Invasive Non-typhoidal Salmonella (iNTS),Rate,2008,0.5544608521916867,0.8783336047784216,0.31259666064562797
Deaths,Southern Sub-Saharan Africa,Both,Age-standardized,Invasive Non-typhoidal Salmonella (iNTS),Rate,2008,0.5454776228253003,0.8619143871259962,0.3088161232733553
Deaths,Western Sub-Saharan Africa,Both,All ages,Invasive Non-typhoidal Salmonella (iNTS),Number,2007,60173.340101453156,92862.96098348316,34860.22181739137
Deaths,Western Sub-Saharan Africa,Both,All ages,Invasive Non-typhoidal Salmonella (iNTS),Rate,2007,18.667531628589106,28.808808990175084,10.814661314439306
Deaths,Western Sub-Saharan Africa,Both,Age-standardized,Invasive Non-typhoidal Salmonella (iNTS),Rate,2007,14.440374040041357,21.907802944620414,8.572560256873256
Deaths,South Asia,Both,All ages,Invasive Non-typhoidal Salmonella (iNTS),Number,2006,8229.283386112284,13127.64266019909,4481.083015997412
Deaths,South Asia,Both,All ages,Invasive Non-typhoidal Salmonella (iNTS),Rate,2006,0.5556556716727079,0.8864014954379043,0.3025705977360342
Deaths,South Asia,Both,Age-standardized,Invasive Non-typhoidal Salmonella (iNTS),Rate,2006,0.5235087019350043,0.831540847667571,0.2859182075961439
Deaths,Eastern Sub-Saharan Africa,Both,All ages,Invasive Non-typhoidal Salmonella (iNTS),Number,2006,7212.859375571963,11102.895941918763,4464.1921486480815
Deaths,Eastern Sub-Saharan Africa,Both,All ages,Invasive Non-typhoidal Salmonella (iNTS),Rate,2006,2.4562613031486435,3.7809712119694012,1.5202323868507102
Deaths,Eastern Sub-Saharan Africa,Both,Age-standardized,Invasive Non-typhoidal Salmonella (iNTS),Rate,2006,2.0500787762021924,3.119852399743155,1.2344434478151172
Deaths,Low SDI,Both,All ages,Invasive Non-typhoidal Salmonella (iNTS),Number,2008,64975.878837653225,101019.60554600188,37516.044975961464
Deaths,Low SDI,Both,All ages,Invasive Non-typhoidal Salmonella (iNTS),Rate,2008,8.045168054475205,12.508021714412163,4.645152816247175
Deaths,Low SDI,Both,Age-standardized,Invasive Non-typhoidal Salmonella (iNTS),Rate,2008,6.458593471811332,9.827823160874857,3.7994620336616847
Deaths,Low-middle SDI,Both,All ages,Invasive Non-typhoidal Salmonella (iNTS),Number,2007,20078.337871216732,30018.241265726007,11816.799588536363
Deaths,Low-middle SDI,Both,All ages,Invasive Non-typhoidal Salmonella (iNTS),Rate,2007,1.2834664936392213,1.9188543947040744,0.7553646338264881
Deaths,Low-middle SDI,Both,Age-standardized,Invasive Non-typhoidal Salmonella (iNTS),Rate,2007,1.1957075084869857,1.7909441290308803,0.7047628582826182
Deaths,Oceania,Both,All ages,Invasive Non-typhoidal Salmonella (iNTS),Number,2008,25.938282314403263,42.21641658328144,14.032375494678694
Deaths,Oceania,Both,All ages,Invasive Non-typhoidal Salmonella (iNTS),Rate,2008,0.25544660732007857,0.41575769199728735,0.1381942978840444
Deaths,Oceania,Both,Age-standardized,Invasive Non-typhoidal Salmonella (iNTS),Rate,2008,0.2611178050274134,0.4116779899814216,0.14396912837635553
Deaths,Western Europe,Both,All ages,Invasive Non-typhoidal Salmonella (iNTS),Number,2008,60.88771999212224,68.60297279956627,52.58589990732116
Deaths,Western Europe,Both,All ages,Invasive Non-typhoidal Salmonella (iNTS),Rate,2008,0.014583730030837495,0.01643167513500601,0.012595291263595312
Deaths,Western Europe,Both,Age-standardized,Invasive Non-typhoidal Salmonella (iNTS),Rate,2008,0.007789307641629199,0.008692763898050926,0.0067994336589864675
Deaths,Southern Latin America,Both,All ages,Invasive Non-typhoidal Salmonella (iNTS),Number,2008,0.5716155148509304,0.6697316896023313,0.48843628514592446
Deaths,Southern Latin America,Both,All ages,Invasive Non-typhoidal Salmonella (iNTS),Rate,2008,0.0009538043481788561,0.0011175221474218813,0.0008150105105212268
Deaths,Southern Latin America,Both,Age-standardized,Invasive Non-typhoidal Salmonella (iNTS),Rate,2008,0.001000717192277061,0.0011772128078766087,0.0008517503826073385
Deaths,Andean Latin America,Both,All ages,Invasive Non-typhoidal Salmonella (iNTS),Number,2008,24.01148160841765,38.96161808447977,13.687904955957322
Deaths,Andean Latin America,Both,All ages,Invasive Non-typhoidal Salmonella (iNTS),Rate,2008,0.045860734526964896,0.07441475094510297,0.02614321705143847
Deaths,Andean Latin America,Both,Age-standardized,Invasive Non-typhoidal Salmonella (iNTS),Rate,2008,0.04829298812212066,0.07889520151789733,0.027964569973779524
Deaths,Central Latin America,Both,All ages,Invasive Non-typhoidal Salmonella (iNTS),Number,2008,15.243591036934253,23.1827720945065,9.586298403212634
Deaths,Central Latin America,Both,All ages,Invasive Non-typhoidal Salmonella (iNTS),Rate,2008,0.006843437185403465,0.010407642413646558,0.004303659866232746
Deaths,Central Latin America,Both,Age-standardized,Invasive Non-typhoidal Salmonella (iNTS),Rate,2008,0.007680580346946405,0.011640179956201323,0.005006230820151645
Deaths,Tropical Latin America,Both,All ages,Invasive Non-typhoidal Salmonella (iNTS),Number,2008,49.87568209565485,79.17329170708969,28.909099397750595
Deaths,Tropical Latin America,Both,All ages,Invasive Non-typhoidal Salmonella (iNTS),Rate,2008,0.025000804958442976,0.03968659556556324,0.014491045038366882
Deaths,Tropical Latin America,Both,Age-standardized,Invasive Non-typhoidal Salmonella (iNTS),Rate,2008,0.027827201036587843,0.043497065461570984,0.016145689789107562
Deaths,North Africa and Middle East,Both,All ages,Invasive Non-typhoidal Salmonella (iNTS),Number,2008,1117.7525452359423,1748.2633818659358,621.0925934509559
Deaths,North Africa and Middle East,Both,All ages,Invasive Non-typhoidal Salmonella (iNTS),Rate,2008,0.22534159524893424,0.3524540928706255,0.12521375719703062
Deaths,North Africa and Middle East,Both,Age-standardized,Invasive Non-typhoidal Salmonella (iNTS),Rate,2008,0.23134146627563662,0.3623551941875141,0.13035849919939207
Deaths,Central Sub-Saharan Africa,Both,All ages,Invasive Non-typhoidal Salmonella (iNTS),Number,2008,12717.653548939328,20283.773809273924,7344.489736623342
Deaths,Central Sub-Saharan Africa,Both,All ages,Invasive Non-typhoidal Salmonella (iNTS),Rate,2008,13.523337147650517,21.568783171670205,7.809774853797612
Deaths,Central Sub-Saharan Africa,Both,Age-standardized,Invasive Non-typhoidal Salmonella (iNTS),Rate,2008,13.328376946781534,20.7729218644658,7.528477337883137
Deaths,Low-middle SDI,Both,All ages,Invasive Non-typhoidal Salmonella (iNTS),Number,2008,19198.46246114664,28608.68915097666,11308.104221557724
Deaths,Low-middle SDI,Both,All ages,Invasive Non-typhoidal Salmonella (iNTS),Rate,2008,1.2072809184037434,1.7990359687613968,0.7111016560641834
Deaths,Low-middle SDI,Both,Age-standardized,Invasive Non-typhoidal Salmonella (iNTS),Rate,2008,1.1286123908871897,1.6686887391405918,0.6635231237503574
Deaths,Global,Both,All ages,Invasive Non-typhoidal Salmonella (iNTS),Number,2009,88675.02679656178,135901.07736710965,51631.07989195714
Deaths,Global,Both,All ages,Invasive Non-typhoidal Salmonella (iNTS),Rate,2009,1.2924387900586214,1.9807586233153602,0.7525231492523041
Deaths,Global,Both,Age-standardized,Invasive Non-typhoidal Salmonella (iNTS),Rate,2009,1.3498714600325785,2.0720623257537207,0.786618239997357
Deaths,Central Asia,Both,All ages,Invasive Non-typhoidal Salmonella (iNTS),Number,2009,5.5778710581521525,9.90444759092517,2.790460431175317
Deaths,Central Asia,Both,All ages,Invasive Non-typhoidal Salmonella (iNTS),Rate,2009,0.006898663100443454,0.012249735860410362,0.003451217536063663
Deaths,Central Asia,Both,Age-standardized,Invasive Non-typhoidal Salmonella (iNTS),Rate,2009,0.007370567589245003,0.012999152533477835,0.0037195376284469613
Deaths,Southern Sub-Saharan Africa,Both,All ages,Invasive Non-typhoidal Salmonella (iNTS),Number,2009,390.1206775249079,630.6077680140041,219.47564714404498
Deaths,Southern Sub-Saharan Africa,Both,All ages,Invasive Non-typhoidal Salmonella (iNTS),Rate,2009,0.5565668877101608,0.8996585493395096,0.31311562010535954
Deaths,Southern Sub-Saharan Africa,Both,Age-standardized,Invasive Non-typhoidal Salmonella (iNTS),Rate,2009,0.5437191056211564,0.8517120160240885,0.30726262551863226
Deaths,East Asia,Both,All ages,Invasive Non-typhoidal Salmonella (iNTS),Number,2007,633.3508400787772,1058.4843656836717,337.82687132314817
Deaths,East Asia,Both,All ages,Invasive Non-typhoidal Salmonella (iNTS),Rate,2007,0.046624282097138946,0.07792059398690993,0.024869210478358567
Deaths,East Asia,Both,Age-standardized,Invasive Non-typhoidal Salmonella (iNTS),Rate,2007,0.05087159912620036,0.08560485100826316,0.026892093949120788
Deaths,Southeast Asia,Both,All ages,Invasive Non-typhoidal Salmonella (iNTS),Number,2007,1669.6302079046181,2630.5121902625538,934.9231817399897
Deaths,Southeast Asia,Both,All ages,Invasive Non-typhoidal Salmonella (iNTS),Rate,2007,0.28143051719065826,0.4433954313218885,0.15758933524617477
Deaths,Southeast Asia,Both,Age-standardized,Invasive Non-typhoidal Salmonella (iNTS),Rate,2007,0.3142833366342623,0.4904456851400589,0.17388829256882585
Deaths,Central Europe,Both,All ages,Invasive Non-typhoidal Salmonella (iNTS),Number,2007,9.72108551910701,15.088167404812442,6.144695290142878
Deaths,Central Europe,Both,All ages,Invasive Non-typhoidal Salmonella (iNTS),Rate,2007,0.00810819738407773,0.01258479202160801,0.005125189175587868
Deaths,Central Europe,Both,Age-standardized,Invasive Non-typhoidal Salmonella (iNTS),Rate,2007,0.007198521314462415,0.011024594215522002,0.004567496080498422
Deaths,Eastern Europe,Both,All ages,Invasive Non-typhoidal Salmonella (iNTS),Number,2007,24.159291114018163,39.878258582757866,14.273428143056924
Deaths,Eastern Europe,Both,All ages,Invasive Non-typhoidal Salmonella (iNTS),Rate,2007,0.011337042349109558,0.018713359768206966,0.00669798043995236
Deaths,Eastern Europe,Both,Age-standardized,Invasive Non-typhoidal Salmonella (iNTS),Rate,2007,0.010876933691743473,0.01742237742735927,0.006537749576425505
Deaths,High-middle SDI,Both,All ages,Invasive Non-typhoidal Salmonella (iNTS),Number,2007,455.8730873580525,754.501392579354,256.8766844527514
Deaths,High-middle SDI,Both,All ages,Invasive Non-typhoidal Salmonella (iNTS),Rate,2007,0.037819726441107836,0.06259425497599967,0.021310768730402097
Deaths,High-middle SDI,Both,Age-standardized,Invasive Non-typhoidal Salmonella (iNTS),Rate,2007,0.04108532667767063,0.06676587682951643,0.02334868221666291
Deaths,High SDI,Both,All ages,Invasive Non-typhoidal Salmonella (iNTS),Number,2007,193.76750148106177,266.52584915264185,141.100575402882
Deaths,High SDI,Both,All ages,Invasive Non-typhoidal Salmonella (iNTS),Rate,2007,0.01941210542464977,0.026701215851983623,0.014135803084952287
Deaths,High SDI,Both,Age-standardized,Invasive Non-typhoidal Salmonella (iNTS),Rate,2007,0.016345187622093894,0.023735782285995554,0.011245777370230504
Deaths,Middle SDI,Both,All ages,Invasive Non-typhoidal Salmonella (iNTS),Number,2007,5110.2517612489355,7772.490930369806,2964.385104652822
Deaths,Middle SDI,Both,All ages,Invasive Non-typhoidal Salmonella (iNTS),Rate,2007,0.24132396720721883,0.36704421504676626,0.13998863602171518
Deaths,Middle SDI,Both,Age-standardized,Invasive Non-typhoidal Salmonella (iNTS),Rate,2007,0.2695768895420866,0.40846783876596277,0.1558928967052934
Deaths,High-income Asia Pacific,Both,All ages,Invasive Non-typhoidal Salmonella (iNTS),Number,2007,9.151709794808031,16.033833341882502,4.715044165430973
Deaths,High-income Asia Pacific,Both,All ages,Invasive Non-typhoidal Salmonella (iNTS),Rate,2007,0.004996160102123797,0.008753293124773524,0.0025740671488995756
Deaths,High-income Asia Pacific,Both,Age-standardized,Invasive Non-typhoidal Salmonella (iNTS),Rate,2007,0.00428620120288735,0.007839590818514632,0.0021128989940694576
Deaths,Australasia,Both,All ages,Invasive Non-typhoidal Salmonella (iNTS),Number,2007,0.7319833084738329,0.894638240401369,0.611202826758991
Deaths,Australasia,Both,All ages,Invasive Non-typhoidal Salmonella (iNTS),Rate,2007,0.002940908291044916,0.0035944112225289545,0.0024556454223981275
Deaths,Australasia,Both,Age-standardized,Invasive Non-typhoidal Salmonella (iNTS),Rate,2007,0.002076842459393039,0.0024965682078694957,0.0017563085407386668
Deaths,South Asia,Both,All ages,Invasive Non-typhoidal Salmonella (iNTS),Number,2007,8165.130703005143,13175.01147828871,4481.289458582115
Deaths,South Asia,Both,All ages,Invasive Non-typhoidal Salmonella (iNTS),Rate,2007,0.5415927083914538,0.8738978479534553,0.29724370414135576
Deaths,South Asia,Both,Age-standardized,Invasive Non-typhoidal Salmonella (iNTS),Rate,2007,0.514259614461034,0.8266587577428524,0.2825601238308004
Deaths,Eastern Sub-Saharan Africa,Both,All ages,Invasive Non-typhoidal Salmonella (iNTS),Number,2007,6674.812754953674,10176.418495959151,4053.284946895426
Deaths,Eastern Sub-Saharan Africa,Both,All ages,Invasive Non-typhoidal Salmonella (iNTS),Rate,2007,2.2131300342408764,3.374137708611708,1.3439248384388534
Deaths,Eastern Sub-Saharan Africa,Both,Age-standardized,Invasive Non-typhoidal Salmonella (iNTS),Rate,2007,1.8420417924342982,2.80415308246488,1.1115307028297186
Deaths,Oceania,Both,All ages,Invasive Non-typhoidal Salmonella (iNTS),Number,2009,25.403217672176833,40.67103372375158,13.861785612664073
Deaths,Oceania,Both,All ages,Invasive Non-typhoidal Salmonella (iNTS),Rate,2009,0.2441063798911135,0.3908189480897225,0.13320164194948586
Deaths,Oceania,Both,Age-standardized,Invasive Non-typhoidal Salmonella (iNTS),Rate,2009,0.2515497344844243,0.40056445047333616,0.14027835358367813
Deaths,Low SDI,Both,All ages,Invasive Non-typhoidal Salmonella (iNTS),Number,2009,64379.774240914114,100181.39461437371,37306.94071623779
Deaths,Low SDI,Both,All ages,Invasive Non-typhoidal Salmonella (iNTS),Rate,2009,7.758332908219152,12.072745202856574,4.495816726238635
Deaths,Low SDI,Both,Age-standardized,Invasive Non-typhoidal Salmonella (iNTS),Rate,2009,6.213031148376237,9.361648677617751,3.698440381158604
Deaths,Western Europe,Both,All ages,Invasive Non-typhoidal Salmonella (iNTS),Number,2009,59.56174990553297,67.25784658402821,51.0474017219506
Deaths,Western Europe,Both,All ages,Invasive Non-typhoidal Salmonella (iNTS),Rate,2009,0.014189838475606996,0.01602333680186014,0.01216140201022893
Deaths,Western Europe,Both,Age-standardized,Invasive Non-typhoidal Salmonella (iNTS),Rate,2009,0.007440791706216246,0.008310268874661242,0.006490605262937813
Deaths,Global,Both,All ages,Invasive Non-typhoidal Salmonella (iNTS),Number,2010,87780.68160108905,134873.9327583183,51231.30998143994
Deaths,Global,Both,All ages,Invasive Non-typhoidal Salmonella (iNTS),Rate,2010,1.2628940186792426,1.940421056768297,0.737060977023218
Deaths,Global,Both,Age-standardized,Invasive Non-typhoidal Salmonella (iNTS),Rate,2010,1.3235354027187607,2.0319408420189013,0.7731276282775317
Deaths,Central Asia,Both,All ages,Invasive Non-typhoidal Salmonella (iNTS),Number,2010,5.572600160199662,10.039573803544348,2.6122718127570743
Deaths,Central Asia,Both,All ages,Invasive Non-typhoidal Salmonella (iNTS),Rate,2010,0.006802698867136875,0.012255714635277385,0.0031889060744418117
Deaths,Central Asia,Both,Age-standardized,Invasive Non-typhoidal Salmonella (iNTS),Rate,2010,0.007250447348764956,0.012708684838473502,0.003362736309662404
Deaths,Southern Latin America,Both,All ages,Invasive Non-typhoidal Salmonella (iNTS),Number,2009,0.5306687607723842,0.621520469260266,0.4522487627788461
Deaths,Southern Latin America,Both,All ages,Invasive Non-typhoidal Salmonella (iNTS),Rate,2009,0.0008759693298856812,0.001025937287462957,0.000746522265784803
Deaths,Southern Latin America,Both,Age-standardized,Invasive Non-typhoidal Salmonella (iNTS),Rate,2009,0.00091195526689157,0.0010660757019720886,0.0007756011452860102
Deaths,Andean Latin America,Both,All ages,Invasive Non-typhoidal Salmonella (iNTS),Number,2009,23.73237057555496,38.88686563794794,13.42410684479342
Deaths,Andean Latin America,Both,All ages,Invasive Non-typhoidal Salmonella (iNTS),Rate,2009,0.04465237996649235,0.07316551436122103,0.025257414451547656
Deaths,Andean Latin America,Both,Age-standardized,Invasive Non-typhoidal Salmonella (iNTS),Rate,2009,0.04703776450081623,0.07692244432489438,0.02704994371967654
Deaths,Central Latin America,Both,All ages,Invasive Non-typhoidal Salmonella (iNTS),Number,2009,15.165287915547475,23.168945245493646,9.528306898565276
Deaths,Central Latin America,Both,All ages,Invasive Non-typhoidal Salmonella (iNTS),Rate,2009,0.006721544326464564,0.010268917631650124,0.004223127020833258
Deaths,Central Latin America,Both,Age-standardized,Invasive Non-typhoidal Salmonella (iNTS),Rate,2009,0.007496577725125052,0.011403569859060632,0.004877408491420259
Deaths,Tropical Latin America,Both,All ages,Invasive Non-typhoidal Salmonella (iNTS),Number,2009,49.70004772479299,78.92064435720322,29.285937008272917
Deaths,Tropical Latin America,Both,All ages,Invasive Non-typhoidal Salmonella (iNTS),Rate,2009,0.02463746662763977,0.03912279425463107,0.014517718367110275
Deaths,Tropical Latin America,Both,Age-standardized,Invasive Non-typhoidal Salmonella (iNTS),Rate,2009,0.027396786226762598,0.04296324670635302,0.01597724526513517
Deaths,North Africa and Middle East,Both,All ages,Invasive Non-typhoidal Salmonella (iNTS),Number,2009,1123.4059440584367,1776.0891913222563,620.5527596375495
Deaths,North Africa and Middle East,Both,All ages,Invasive Non-typhoidal Salmonella (iNTS),Rate,2009,0.22148241046257952,0.3501606141315954,0.12234359427297176
Deaths,North Africa and Middle East,Both,Age-standardized,Invasive Non-typhoidal Salmonella (iNTS),Rate,2009,0.22765209427044147,0.3562581563337084,0.12747732122299288
Deaths,High-income North America,Both,All ages,Invasive Non-typhoidal Salmonella (iNTS),Number,2008,25.156768785024184,27.918376297671617,22.595185252981672
Deaths,High-income North America,Both,All ages,Invasive Non-typhoidal Salmonella (iNTS),Rate,2008,0.007472272489077547,0.008292548098346956,0.006711409664502485
Deaths,High-income North America,Both,Age-standardized,Invasive Non-typhoidal Salmonella (iNTS),Rate,2008,0.00564124655869909,0.006212111627679738,0.00513111029054145
Deaths,Caribbean,Both,All ages,Invasive Non-typhoidal Salmonella (iNTS),Number,2008,7.445434129509412,13.215092748988214,3.6851873755801994
Deaths,Caribbean,Both,All ages,Invasive Non-typhoidal Salmonella (iNTS),Rate,2008,0.017202901071993272,0.030533872070269658,0.008514737052417107
Deaths,Caribbean,Both,Age-standardized,Invasive Non-typhoidal Salmonella (iNTS),Rate,2008,0.01782692984891817,0.031258255741050234,0.008843576812140548
Deaths,Central Sub-Saharan Africa,Both,All ages,Invasive Non-typhoidal Salmonella (iNTS),Number,2009,12436.545758148983,19890.35057541338,7049.665763890491
Deaths,Central Sub-Saharan Africa,Both,All ages,Invasive Non-typhoidal Salmonella (iNTS),Rate,2009,12.816273042772867,20.497666220858587,7.2649144744316905
Deaths,Central Sub-Saharan Africa,Both,Age-standardized,Invasive Non-typhoidal Salmonella (iNTS),Rate,2009,12.568262819658957,19.76780779515423,7.163822734085873
Deaths,Southern Sub-Saharan Africa,Both,All ages,Invasive Non-typhoidal Salmonella (iNTS),Number,2010,410.4695101940888,653.9980285288589,231.68169639001047
Deaths,Southern Sub-Saharan Africa,Both,All ages,Invasive Non-typhoidal Salmonella (iNTS),Rate,2010,0.5792583450037464,0.9229280281066665,0.32695133910209384
Deaths,Southern Sub-Saharan Africa,Both,Age-standardized,Invasive Non-typhoidal Salmonella (iNTS),Rate,2010,0.5600364835979535,0.8890936506419262,0.3178103895664553
Deaths,Low SDI,Both,All ages,Invasive Non-typhoidal Salmonella (iNTS),Number,2010,63962.742268438116,99227.45971214215,37420.996577361824
Deaths,Low SDI,Both,All ages,Invasive Non-typhoidal Salmonella (iNTS),Rate,2010,7.503678014682484,11.64069709159727,4.389979218317762
Deaths,Low SDI,Both,Age-standardized,Invasive Non-typhoidal Salmonella (iNTS),Rate,2010,6.001715621526523,9.027812879386088,3.531280780712793
Deaths,East Asia,Both,All ages,Invasive Non-typhoidal Salmonella (iNTS),Number,2008,628.0853085041351,1066.1595446438553,338.5368065382757
Deaths,East Asia,Both,All ages,Invasive Non-typhoidal Salmonella (iNTS),Rate,2008,0.04591117453651458,0.07793310283676645,0.024746037204770435
Deaths,East Asia,Both,Age-standardized,Invasive Non-typhoidal Salmonella (iNTS),Rate,2008,0.04969771195162837,0.08482739087669021,0.026406447502386295
Deaths,Southeast Asia,Both,All ages,Invasive Non-typhoidal Salmonella (iNTS),Number,2008,1668.2546461707002,2594.956816035509,933.6467431503572
Deaths,Southeast Asia,Both,All ages,Invasive Non-typhoidal Salmonella (iNTS),Rate,2008,0.27740112024055286,0.43149523329452977,0.15524887225900894
Deaths,Southeast Asia,Both,Age-standardized,Invasive Non-typhoidal Salmonella (iNTS),Rate,2008,0.3099388599556689,0.48596479768183815,0.1720578285886635
Deaths,Western Sub-Saharan Africa,Both,All ages,Invasive Non-typhoidal Salmonella (iNTS),Number,2008,58800.66924808008,91972.3506157228,34177.06540408759
Deaths,Western Sub-Saharan Africa,Both,All ages,Invasive Non-typhoidal Salmonella (iNTS),Rate,2008,17.680543813072052,27.65480725724233,10.276568447372387
Deaths,Western Sub-Saharan Africa,Both,Age-standardized,Invasive Non-typhoidal Salmonella (iNTS),Rate,2008,13.594560176035614,20.638566858040786,8.024577196731487
Deaths,Central Europe,Both,All ages,Invasive Non-typhoidal Salmonella (iNTS),Number,2008,10.154914873291299,15.41511658650675,6.606523575710195
Deaths,Central Europe,Both,All ages,Invasive Non-typhoidal Salmonella (iNTS),Rate,2008,0.00848561053578442,0.012881119866484027,0.0055205175777888965
Deaths,Central Europe,Both,Age-standardized,Invasive Non-typhoidal Salmonella (iNTS),Rate,2008,0.007335068135910992,0.010966369953527896,0.004789106933575882
Deaths,Australasia,Both,All ages,Invasive Non-typhoidal Salmonella (iNTS),Number,2008,0.8081514718585454,0.9774792590238666,0.6659108846153413
Deaths,Australasia,Both,All ages,Invasive Non-typhoidal Salmonella (iNTS),Rate,2008,0.003201356758436188,0.00387212043914335,0.0026378944853950445
Deaths,Australasia,Both,Age-standardized,Invasive Non-typhoidal Salmonella (iNTS),Rate,2008,0.002230642626098081,0.0026642548837169577,0.0018696584871812044
Deaths,Eastern Europe,Both,All ages,Invasive Non-typhoidal Salmonella (iNTS),Number,2008,24.627430510363393,40.18435160287513,14.849879721958038
Deaths,Eastern Europe,Both,All ages,Invasive Non-typhoidal Salmonella (iNTS),Rate,2008,0.011594582273857764,0.01891877313733974,0.006991316131038552
Deaths,Eastern Europe,Both,Age-standardized,Invasive Non-typhoidal Salmonella (iNTS),Rate,2008,0.011042241870595833,0.017512225266633506,0.006793961000972059
Deaths,High-income Asia Pacific,Both,All ages,Invasive Non-typhoidal Salmonella (iNTS),Number,2008,9.38405909905003,16.387746816731976,4.901826431745822
Deaths,High-income Asia Pacific,Both,All ages,Invasive Non-typhoidal Salmonella (iNTS),Rate,2008,0.0051062993240507,0.008917328802997811,0.002667309820925085
Deaths,High-income Asia Pacific,Both,Age-standardized,Invasive Non-typhoidal Salmonella (iNTS),Rate,2008,0.00429368649728013,0.007842184744721252,0.002144879218980947
Deaths,Low-middle SDI,Both,All ages,Invasive Non-typhoidal Salmonella (iNTS),Number,2009,18673.29072921889,28162.091681647165,10978.923674781085
Deaths,Low-middle SDI,Both,All ages,Invasive Non-typhoidal Salmonella (iNTS),Rate,2009,1.1552593651788956,1.7423024484560439,0.6792324169745158
Deaths,Low-middle SDI,Both,Age-standardized,Invasive Non-typhoidal Salmonella (iNTS),Rate,2009,1.0821166316007729,1.61559110973856,0.6354809792385436
Deaths,High-middle SDI,Both,All ages,Invasive Non-typhoidal Salmonella (iNTS),Number,2008,457.95950250692863,759.4985833884168,260.52421375398666
Deaths,High-middle SDI,Both,All ages,Invasive Non-typhoidal Salmonella (iNTS),Rate,2008,0.03773263305278143,0.06257732658504858,0.02146535775572174
Deaths,High-middle SDI,Both,Age-standardized,Invasive Non-typhoidal Salmonella (iNTS),Rate,2008,0.040964142097247656,0.06755935952006212,0.02324801969914335
Deaths,High SDI,Both,All ages,Invasive Non-typhoidal Salmonella (iNTS),Number,2008,194.8846916206773,270.18943673788146,142.2210345591129
Deaths,High SDI,Both,All ages,Invasive Non-typhoidal Salmonella (iNTS),Rate,2008,0.01933233695194113,0.02680248093595103,0.01410816282636492
Deaths,High SDI,Both,Age-standardized,Invasive Non-typhoidal Salmonella (iNTS),Rate,2008,0.0161099370100632,0.02341246329418725,0.0110843448664681
Deaths,Middle SDI,Both,All ages,Invasive Non-typhoidal Salmonella (iNTS),Number,2008,4958.213876649445,7483.836834689792,2910.1585692550216
Deaths,Middle SDI,Both,All ages,Invasive Non-typhoidal Salmonella (iNTS),Rate,2008,0.231347830903759,0.3491921610515773,0.13578657341786493
Deaths,Middle SDI,Both,Age-standardized,Invasive Non-typhoidal Salmonella (iNTS),Rate,2008,0.2586712249872205,0.386081846185566,0.15070853002426732
Deaths,Global,Both,All ages,Invasive Non-typhoidal Salmonella (iNTS),Number,2011,82022.49529928922,125676.8995966343,48199.909741647636
Deaths,Global,Both,All ages,Invasive Non-typhoidal Salmonella (iNTS),Rate,2011,1.1654491169371675,1.7857300136974459,0.6848675115269405
Deaths,Global,Both,Age-standardized,Invasive Non-typhoidal Salmonella (iNTS),Rate,2011,1.2268327910688086,1.8844866380667988,0.7218544322395701
Deaths,Central Asia,Both,All ages,Invasive Non-typhoidal Salmonella (iNTS),Number,2011,5.593333646686671,10.135776399100852,2.5953576532818636
Deaths,Central Asia,Both,All ages,Invasive Non-typhoidal Salmonella (iNTS),Rate,2011,0.0067356446151276275,0.0122057778125185,0.003125400325799221
Deaths,Central Asia,Both,Age-standardized,Invasive Non-typhoidal Salmonella (iNTS),Rate,2011,0.007150065643525138,0.012652652171690293,0.0032779134202568414
Deaths,South Asia,Both,All ages,Invasive Non-typhoidal Salmonella (iNTS),Number,2008,8160.068818714013,13282.754649954033,4449.522108654791
Deaths,South Asia,Both,All ages,Invasive Non-typhoidal Salmonella (iNTS),Rate,2008,0.5318751102316395,0.8657729181673102,0.2900208459751496
Deaths,South Asia,Both,Age-standardized,Invasive Non-typhoidal Salmonella (iNTS),Rate,2008,0.5079143506510623,0.8192586438589701,0.27776173224121103
Deaths,Southern Sub-Saharan Africa,Both,All ages,Invasive Non-typhoidal Salmonella (iNTS),Number,2011,439.1707980590215,700.9365490728873,244.8534986114017
Deaths,Southern Sub-Saharan Africa,Both,All ages,Invasive Non-typhoidal Salmonella (iNTS),Rate,2011,0.6126245238833309,0.9777765770084108,0.34156018266910865
Deaths,Southern Sub-Saharan Africa,Both,Age-standardized,Invasive Non-typhoidal Salmonella (iNTS),Rate,2011,0.5869630087734243,0.9259584491495142,0.3243645612704272
Deaths,Eastern Sub-Saharan Africa,Both,All ages,Invasive Non-typhoidal Salmonella (iNTS),Number,2008,6059.393977844371,9282.588163438411,3714.876824978298
Deaths,Eastern Sub-Saharan Africa,Both,All ages,Invasive Non-typhoidal Salmonella (iNTS),Rate,2008,1.9558890997942668,2.996291885481159,1.1991111843231281
Deaths,Eastern Sub-Saharan Africa,Both,Age-standardized,Invasive Non-typhoidal Salmonella (iNTS),Rate,2008,1.6331287141107933,2.5248223631339286,0.9819693320492382
Deaths,Oceania,Both,All ages,Invasive Non-typhoidal Salmonella (iNTS),Number,2010,26.383569585074152,42.33209872051333,14.428643183208546
Deaths,Oceania,Both,All ages,Invasive Non-typhoidal Salmonella (iNTS),Rate,2010,0.2473635208629142,0.396891593886014,0.13527813086718535
Deaths,Oceania,Both,Age-standardized,Invasive Non-typhoidal Salmonella (iNTS),Rate,2010,0.25483198095858595,0.4083271509547315,0.140159104604056
Deaths,High-income North America,Both,All ages,Invasive Non-typhoidal Salmonella (iNTS),Number,2009,26.47253004774854,29.422505028785576,23.660804829385707
Deaths,High-income North America,Both,All ages,Invasive Non-typhoidal Salmonella (iNTS),Rate,2009,0.007789549862693144,0.008657580880772573,0.006962198878517316
Deaths,High-income North America,Both,Age-standardized,Invasive Non-typhoidal Salmonella (iNTS),Rate,2009,0.005817437044202142,0.006425676727755805,0.0052964592748467685
Deaths,Caribbean,Both,All ages,Invasive Non-typhoidal Salmonella (iNTS),Number,2009,7.59383489549583,13.348814888149457,3.8618109430457985
Deaths,Caribbean,Both,All ages,Invasive Non-typhoidal Salmonella (iNTS),Rate,2009,0.01739906766987591,0.030584933271240768,0.008848218436533967
Deaths,Caribbean,Both,Age-standardized,Invasive Non-typhoidal Salmonella (iNTS),Rate,2009,0.018031489225912006,0.03175369236534181,0.009284226720664753
Deaths,Low SDI,Both,All ages,Invasive Non-typhoidal Salmonella (iNTS),Number,2011,58727.88263554151,91324.4633360739,34669.58457484708
Deaths,Low SDI,Both,All ages,Invasive Non-typhoidal Salmonella (iNTS),Rate,2011,6.710042580659407,10.434413946844229,3.961225542468456
Deaths,Low SDI,Both,Age-standardized,Invasive Non-typhoidal Salmonella (iNTS),Rate,2011,5.364481744354765,8.152884927392108,3.14750251521951
Deaths,Western Europe,Both,All ages,Invasive Non-typhoidal Salmonella (iNTS),Number,2010,58.166631644842994,65.89995065167163,50.08373428302367
Deaths,Western Europe,Both,All ages,Invasive Non-typhoidal Salmonella (iNTS),Rate,2010,0.013789988416772276,0.015623382864958889,0.011873716873423753
Deaths,Western Europe,Both,Age-standardized,Invasive Non-typhoidal Salmonella (iNTS),Rate,2010,0.0071055970194121845,0.007971375434053999,0.006217872253849904
Deaths,Western Sub-Saharan Africa,Both,All ages,Invasive Non-typhoidal Salmonella (iNTS),Number,2009,58464.33473395574,90965.04857727067,34695.23724086191
Deaths,Western Sub-Saharan Africa,Both,All ages,Invasive Non-typhoidal Salmonella (iNTS),Rate,2009,17.040038993470233,26.512710387506527,10.112288084048235
Deaths,Western Sub-Saharan Africa,Both,Age-standardized,Invasive Non-typhoidal Salmonella (iNTS),Rate,2009,13.023108409313332,19.814620076975228,7.815450585679776
Deaths,Southern Latin America,Both,All ages,Invasive Non-typhoidal Salmonella (iNTS),Number,2010,0.5791229359249749,0.6793631578631145,0.4926434936196793
Deaths,Southern Latin America,Both,All ages,Invasive Non-typhoidal Salmonella (iNTS),Rate,2010,0.0009457985415228994,0.0011095065382707731,0.0008045640551466633
Deaths,Southern Latin America,Both,Age-standardized,Invasive Non-typhoidal Salmonella (iNTS),Rate,2010,0.0009764243694876529,0.0011446629062127748,0.0008311258613714976
Deaths,Global,Both,All ages,Invasive Non-typhoidal Salmonella (iNTS),Number,2012,78181.23974527944,119766.66543929538,46085.64828702971
Deaths,Global,Both,All ages,Invasive Non-typhoidal Salmonella (iNTS),Rate,2012,1.0970755196349782,1.680621555117986,0.6466952520442829
Deaths,Global,Both,Age-standardized,Invasive Non-typhoidal Salmonella (iNTS),Rate,2012,1.1595150926922615,1.7781587431767603,0.6832994269358446
Deaths,Central Asia,Both,All ages,Invasive Non-typhoidal Salmonella (iNTS),Number,2012,5.6600289469106295,10.385804822919479,2.6337440705431407
Deaths,Central Asia,Both,All ages,Invasive Non-typhoidal Salmonella (iNTS),Rate,2012,0.006721877910566234,0.012334232329454742,0.0031278472700270957
Deaths,Central Asia,Both,Age-standardized,Invasive Non-typhoidal Salmonella (iNTS),Rate,2012,0.007107905517953464,0.012695012313681064,0.00322358371796919
Deaths,Andean Latin America,Both,All ages,Invasive Non-typhoidal Salmonella (iNTS),Number,2010,23.424956933174464,38.853745957047316,12.927933151880334
Deaths,Andean Latin America,Both,All ages,Invasive Non-typhoidal Salmonella (iNTS),Rate,2010,0.043386072908205536,0.07196220081250364,0.02394421692556245
Deaths,Andean Latin America,Both,Age-standardized,Invasive Non-typhoidal Salmonella (iNTS),Rate,2010,0.04573224947204929,0.07639211670542614,0.025353101980882257
Deaths,Central Latin America,Both,All ages,Invasive Non-typhoidal Salmonella (iNTS),Number,2010,15.033219963684878,23.414633791960064,9.146804452071057
Deaths,Central Latin America,Both,All ages,Invasive Non-typhoidal Salmonella (iNTS),Rate,2010,0.006579056590741955,0.010247052936159186,0.004002957733605561
Deaths,Central Latin America,Both,Age-standardized,Invasive Non-typhoidal Salmonella (iNTS),Rate,2010,0.007282645916072891,0.011142570034375372,0.004601553693170725
Deaths,Tropical Latin America,Both,All ages,Invasive Non-typhoidal Salmonella (iNTS),Number,2010,49.44956147107289,76.62985495941348,28.382508842945935
Deaths,Tropical Latin America,Both,All ages,Invasive Non-typhoidal Salmonella (iNTS),Rate,2010,0.02424796511826685,0.03757602686043375,0.013917577101169002
Deaths,Tropical Latin America,Both,Age-standardized,Invasive Non-typhoidal Salmonella (iNTS),Rate,2010,0.026899204965403718,0.041162203484491594,0.015757479525146386
Deaths,North Africa and Middle East,Both,All ages,Invasive Non-typhoidal Salmonella (iNTS),Number,2010,1127.4238511706956,1792.3160460863535,618.5307094282178
Deaths,North Africa and Middle East,Both,All ages,Invasive Non-typhoidal Salmonella (iNTS),Rate,2010,0.2177583775053249,0.3461802176415304,0.11946726475801146
Deaths,North Africa and Middle East,Both,Age-standardized,Invasive Non-typhoidal Salmonella (iNTS),Rate,2010,0.22377316289141727,0.3509583571620518,0.1254472248613966
Deaths,Central Sub-Saharan Africa,Both,All ages,Invasive Non-typhoidal Salmonella (iNTS),Number,2010,12099.062709434942,18808.955238462804,6976.004699103061
Deaths,Central Sub-Saharan Africa,Both,All ages,Invasive Non-typhoidal Salmonella (iNTS),Rate,2010,12.083068113367503,18.7840903668017,6.966782631244888
Deaths,Central Sub-Saharan Africa,Both,Age-standardized,Invasive Non-typhoidal Salmonella (iNTS),Rate,2010,11.826533301558651,18.78259462547537,6.712554188071517
Deaths,Southern Sub-Saharan Africa,Both,All ages,Invasive Non-typhoidal Salmonella (iNTS),Number,2012,444.77767767080667,718.4876063078043,246.70973912381558
Deaths,Southern Sub-Saharan Africa,Both,All ages,Invasive Non-typhoidal Salmonella (iNTS),Rate,2012,0.6129573542739657,0.990162691049035,0.3399958148953657
Deaths,Southern Sub-Saharan Africa,Both,Age-standardized,Invasive Non-typhoidal Salmonella (iNTS),Rate,2012,0.5857359896362515,0.9331806994167678,0.32720444078645133
Deaths,Low-middle SDI,Both,All ages,Invasive Non-typhoidal Salmonella (iNTS),Number,2010,18179.294843623553,27513.596438810022,10567.380350784046
Deaths,Low-middle SDI,Both,All ages,Invasive Non-typhoidal Salmonella (iNTS),Rate,2010,1.1065491520130855,1.6747154974976473,0.6432221858297922
Deaths,Low-middle SDI,Both,Age-standardized,Invasive Non-typhoidal Salmonella (iNTS),Rate,2010,1.0388889142223914,1.5610107527497508,0.6070087172783192
Deaths,Middle SDI,Both,All ages,Invasive Non-typhoidal Salmonella (iNTS),Number,2009,4958.643576197851,7571.756339296703,2888.1431511475844
Deaths,Middle SDI,Both,All ages,Invasive Non-typhoidal Salmonella (iNTS),Rate,2009,0.2285243871667203,0.3489524807790842,0.13310316289597904
Deaths,Middle SDI,Both,Age-standardized,Invasive Non-typhoidal Salmonella (iNTS),Rate,2009,0.25578012699708114,0.38855756470926883,0.14978753950037182
Deaths,High-middle SDI,Both,All ages,Invasive Non-typhoidal Salmonella (iNTS),Number,2009,458.46654737572436,739.4523354235166,260.09914688827956
Deaths,High-middle SDI,Both,All ages,Invasive Non-typhoidal Salmonella (iNTS),Rate,2009,0.0375255489430991,0.060524273718238604,0.021289150369821024
Deaths,High-middle SDI,Both,Age-standardized,Invasive Non-typhoidal Salmonella (iNTS),Rate,2009,0.040715469446766295,0.06593800291396484,0.022942518123003606
Deaths,High SDI,Both,All ages,Invasive Non-typhoidal Salmonella (iNTS),Number,2009,194.2782054374478,268.91350858131466,141.72268070815477
Deaths,High SDI,Both,All ages,Invasive Non-typhoidal Salmonella (iNTS),Rate,2009,0.019093534958409344,0.026428643734507883,0.013928412363124745
Deaths,High SDI,Both,Age-standardized,Invasive Non-typhoidal Salmonella (iNTS),Rate,2009,0.01576918425743463,0.023030265119020562,0.010856458314925604
Deaths,East Asia,Both,All ages,Invasive Non-typhoidal Salmonella (iNTS),Number,2009,621.7484327438992,1051.987122796652,332.09949424793496
Deaths,East Asia,Both,All ages,Invasive Non-typhoidal Salmonella (iNTS),Rate,2009,0.04514227373705344,0.07637991213835954,0.02411220597873619
Deaths,East Asia,Both,Age-standardized,Invasive Non-typhoidal Salmonella (iNTS),Rate,2009,0.04839021297148052,0.08127462653303072,0.025484730204345506
Deaths,Southeast Asia,Both,All ages,Invasive Non-typhoidal Salmonella (iNTS),Number,2009,1661.3236608898615,2591.367478319811,927.0132199695964
Deaths,Southeast Asia,Both,All ages,Invasive Non-typhoidal Salmonella (iNTS),Rate,2009,0.27215629100429317,0.4245150888604743,0.15186232857463544
Deaths,Southeast Asia,Both,Age-standardized,Invasive Non-typhoidal Salmonella (iNTS),Rate,2009,0.304392056304408,0.4745149569743591,0.1694370908317101
Deaths,Low SDI,Both,All ages,Invasive Non-typhoidal Salmonella (iNTS),Number,2012,55446.34277887767,86112.66618100367,32875.37920838665
Deaths,Low SDI,Both,All ages,Invasive Non-typhoidal Salmonella (iNTS),Rate,2012,6.17122763486722,9.584416908571129,3.6590591644003396
Deaths,Low SDI,Both,Age-standardized,Invasive Non-typhoidal Salmonella (iNTS),Rate,2012,4.913623477951779,7.539186079098601,2.8791293634672073
Deaths,Central Europe,Both,All ages,Invasive Non-typhoidal Salmonella (iNTS),Number,2009,10.540615074560026,15.708791985846384,7.03786504497988
Deaths,Central Europe,Both,All ages,Invasive Non-typhoidal Salmonella (iNTS),Rate,2009,0.008824345227070053,0.013151016577571591,0.005891928542986254
Deaths,Central Europe,Both,Age-standardized,Invasive Non-typhoidal Salmonella (iNTS),Rate,2009,0.007533107948449159,0.011127143480350484,0.005006695646184009
Deaths,Eastern Europe,Both,All ages,Invasive Non-typhoidal Salmonella (iNTS),Number,2009,24.233964198240002,39.499620599861636,14.62834990307556
Deaths,Eastern Europe,Both,All ages,Invasive Non-typhoidal Salmonella (iNTS),Rate,2009,0.011438279782999874,0.018643574284737792,0.006904489813810552
Deaths,Eastern Europe,Both,Age-standardized,Invasive Non-typhoidal Salmonella (iNTS),Rate,2009,0.010828700647209496,0.017126611342849474,0.006653227803852261
Deaths,High-income Asia Pacific,Both,All ages,Invasive Non-typhoidal Salmonella (iNTS),Number,2009,9.666265129186058,16.772654999453035,5.103062721310699
Deaths,High-income Asia Pacific,Both,All ages,Invasive Non-typhoidal Salmonella (iNTS),Rate,2009,0.005245069442887726,0.009101109791423331,0.0027690031244715124
Deaths,High-income Asia Pacific,Both,Age-standardized,Invasive Non-typhoidal Salmonella (iNTS),Rate,2009,0.0043205895506067985,0.007899319986916413,0.0021723136575329247
Deaths,Australasia,Both,All ages,Invasive Non-typhoidal Salmonella (iNTS),Number,2009,0.8474415565733492,1.0335189714121686,0.6914861088253698
Deaths,Australasia,Both,All ages,Invasive Non-typhoidal Salmonella (iNTS),Rate,2009,0.00330939004361878,0.004036051061400256,0.002700359955323126
Deaths,Australasia,Both,Age-standardized,Invasive Non-typhoidal Salmonella (iNTS),Rate,2009,0.0022966412437831615,0.002784430968326796,0.0019212443251480054
Deaths,South Asia,Both,All ages,Invasive Non-typhoidal Salmonella (iNTS),Number,2009,8138.072635855807,13386.757424348538,4411.564751883988
Deaths,South Asia,Both,All ages,Invasive Non-typhoidal Salmonella (iNTS),Rate,2009,0.5213809023915839,0.8576477476070218,0.2826351784035526
Deaths,South Asia,Both,Age-standardized,Invasive Non-typhoidal Salmonella (iNTS),Rate,2009,0.49983402564786916,0.8091142096223556,0.2734772913157753
Deaths,Eastern Sub-Saharan Africa,Both,All ages,Invasive Non-typhoidal Salmonella (iNTS),Number,2009,5580.4490888697455,8585.214525730491,3396.5153193255437
Deaths,Eastern Sub-Saharan Africa,Both,All ages,Invasive Non-typhoidal Salmonella (iNTS),Rate,2009,1.7537197277376813,2.6980015122193497,1.067393649902625
Deaths,Eastern Sub-Saharan Africa,Both,Age-standardized,Invasive Non-typhoidal Salmonella (iNTS),Rate,2009,1.4636223909443993,2.2541838514857546,0.8734672756916396
Deaths,Global,Both,All ages,Invasive Non-typhoidal Salmonella (iNTS),Number,2013,74269.70474853687,114424.97147616398,43699.4463949457
Deaths,Global,Both,All ages,Invasive Non-typhoidal Salmonella (iNTS),Rate,2013,1.0292053326365411,1.585663915438848,0.605572668091546
Deaths,Global,Both,Age-standardized,Invasive Non-typhoidal Salmonella (iNTS),Rate,2013,1.0914016106029916,1.6793846714658622,0.6441917009875682
Deaths,Caribbean,Both,All ages,Invasive Non-typhoidal Salmonella (iNTS),Number,2010,7.401291992016682,13.195756291723647,3.651728395856032
Deaths,Caribbean,Both,All ages,Invasive Non-typhoidal Salmonella (iNTS),Rate,2010,0.016860015616027093,0.030059705438418672,0.008318574357832668
Deaths,Caribbean,Both,Age-standardized,Invasive Non-typhoidal Salmonella (iNTS),Rate,2010,0.017481492605769026,0.031116997084641936,0.008696695124922839
Deaths,High-income North America,Both,All ages,Invasive Non-typhoidal Salmonella (iNTS),Number,2010,27.53803364390048,30.59465103150662,24.4838136910773
Deaths,High-income North America,Both,All ages,Invasive Non-typhoidal Salmonella (iNTS),Rate,2010,0.00803035858965011,0.008921697964539487,0.007139718330073451
Deaths,High-income North America,Both,Age-standardized,Invasive Non-typhoidal Salmonella (iNTS),Rate,2010,0.005904827815739155,0.006519478619093243,0.005347842824698732
Deaths,Central Asia,Both,All ages,Invasive Non-typhoidal Salmonella (iNTS),Number,2013,5.80518195310171,10.677485136566332,2.7120479936004283
Deaths,Central Asia,Both,All ages,Invasive Non-typhoidal Salmonella (iNTS),Rate,2013,0.006796948756741259,0.012501644205196949,0.003175378719779141
Deaths,Central Asia,Both,Age-standardized,Invasive Non-typhoidal Salmonella (iNTS),Rate,2013,0.007157640275316322,0.012865978933060825,0.0032626677698589807
Deaths,High-middle SDI,Both,All ages,Invasive Non-typhoidal Salmonella (iNTS),Number,2010,452.6604830280422,720.4905149497044,260.83436613786586
Deaths,High-middle SDI,Both,All ages,Invasive Non-typhoidal Salmonella (iNTS),Rate,2010,0.036826790794287516,0.05861645639095371,0.021220523977403875
Deaths,High-middle SDI,Both,Age-standardized,Invasive Non-typhoidal Salmonella (iNTS),Rate,2010,0.03978535505867095,0.0644341551503001,0.022950190616974033
Deaths,High SDI,Both,All ages,Invasive Non-typhoidal Salmonella (iNTS),Number,2010,193.73228753980092,268.0217389763679,140.86207644065257
Deaths,High SDI,Both,All ages,Invasive Non-typhoidal Salmonella (iNTS),Rate,2010,0.018885758165751606,0.026127775652429505,0.01373176946479426
Deaths,High SDI,Both,Age-standardized,Invasive Non-typhoidal Salmonella (iNTS),Rate,2010,0.015427566456513274,0.022649170764047762,0.01047907003685534
Deaths,Middle SDI,Both,All ages,Invasive Non-typhoidal Salmonella (iNTS),Number,2010,4982.015232046273,7572.006478778355,2871.4264184518393
Deaths,Middle SDI,Both,All ages,Invasive Non-typhoidal Salmonella (iNTS),Rate,2010,0.22700500286872635,0.34501768308144876,0.13083624437058744
Deaths,Middle SDI,Both,Age-standardized,Invasive Non-typhoidal Salmonella (iNTS),Rate,2010,0.2548638165316089,0.3870880592333135,0.1469154237136144
Deaths,Western Sub-Saharan Africa,Both,All ages,Invasive Non-typhoidal Salmonella (iNTS),Number,2010,58429.46182098945,90247.57857370185,34027.1220962733
Deaths,Western Sub-Saharan Africa,Both,All ages,Invasive Non-typhoidal Salmonella (iNTS),Rate,2010,16.50967354888218,25.50011611254781,9.61461324662795
Deaths,Western Sub-Saharan Africa,Both,Age-standardized,Invasive Non-typhoidal Salmonella (iNTS),Rate,2010,12.552120456273615,19.018441252044646,7.359209230947927
Deaths,Southern Sub-Saharan Africa,Both,All ages,Invasive Non-typhoidal Salmonella (iNTS),Number,2013,430.6442098228292,693.9566356160003,240.0105365312859
Deaths,Southern Sub-Saharan Africa,Both,All ages,Invasive Non-typhoidal Salmonella (iNTS),Rate,2013,0.5861542035072322,0.9445514179452268,0.32668077653178607
Deaths,Southern Sub-Saharan Africa,Both,Age-standardized,Invasive Non-typhoidal Salmonella (iNTS),Rate,2013,0.5613095003579615,0.9052274218749015,0.30910611305552843
Deaths,Oceania,Both,All ages,Invasive Non-typhoidal Salmonella (iNTS),Number,2011,27.48533025253735,43.984456905287885,14.846849247260547
Deaths,Oceania,Both,All ages,Invasive Non-typhoidal Salmonella (iNTS),Rate,2011,0.25141418134122384,0.40233521383867715,0.1358072984643137
Deaths,Oceania,Both,Age-standardized,Invasive Non-typhoidal Salmonella (iNTS),Rate,2011,0.25865549934059395,0.42208440575033296,0.14177034172955139
Deaths,Western Europe,Both,All ages,Invasive Non-typhoidal Salmonella (iNTS),Number,2011,56.45349257474467,63.57584522897801,48.62490644572566
Deaths,Western Europe,Both,All ages,Invasive Non-typhoidal Salmonella (iNTS),Rate,2011,0.013325533378726358,0.01500672516510499,0.011477639103055886
Deaths,Western Europe,Both,Age-standardized,Invasive Non-typhoidal Salmonella (iNTS),Rate,2011,0.006727931722604314,0.007487702383504103,0.005904888017944093
Deaths,Southern Latin America,Both,All ages,Invasive Non-typhoidal Salmonella (iNTS),Number,2011,0.40821056596442135,0.47707745960980624,0.3463466179612543
Deaths,Southern Latin America,Both,All ages,Invasive Non-typhoidal Salmonella (iNTS),Rate,2011,0.0006597588307042303,0.0007710630080431186,0.0005597729670338764
Deaths,Southern Latin America,Both,Age-standardized,Invasive Non-typhoidal Salmonella (iNTS),Rate,2011,0.0006788664965293558,0.0007901938603072076,0.0005765697984427105
Deaths,High-income North America,Both,All ages,Invasive Non-typhoidal Salmonella (iNTS),Number,2011,30.651387446450222,33.97573583702226,27.17531284600821
Deaths,High-income North America,Both,All ages,Invasive Non-typhoidal Salmonella (iNTS),Rate,2011,0.008861259104584074,0.009822322041595671,0.007856332402483106
Deaths,High-income North America,Both,Age-standardized,Invasive Non-typhoidal Salmonella (iNTS),Rate,2011,0.006432206435844917,0.0070829735020643105,0.005811705273415808
Deaths,Caribbean,Both,All ages,Invasive Non-typhoidal Salmonella (iNTS),Number,2011,7.554775301302005,13.441553427780523,3.639797371437833
Deaths,Caribbean,Both,All ages,Invasive Non-typhoidal Salmonella (iNTS),Rate,2011,0.017112293269191288,0.030446412378412172,0.008244491407936577
Deaths,Caribbean,Both,Age-standardized,Invasive Non-typhoidal Salmonella (iNTS),Rate,2011,0.017722049483804268,0.031109152161054022,0.008546507723385959
Deaths,Andean Latin America,Both,All ages,Invasive Non-typhoidal Salmonella (iNTS),Number,2011,23.48883388345721,38.368905919696616,13.060635248416954
Deaths,Andean Latin America,Both,All ages,Invasive Non-typhoidal Salmonella (iNTS),Rate,2011,0.042771605926149446,0.06986722848640708,0.023782549051270543
Deaths,Andean Latin America,Both,Age-standardized,Invasive Non-typhoidal Salmonella (iNTS),Rate,2011,0.0450262181471724,0.07497725672220584,0.025170318281969868
Deaths,Central Latin America,Both,All ages,Invasive Non-typhoidal Salmonella (iNTS),Number,2011,14.584138839609242,23.04874069259795,8.702553363354955
Deaths,Central Latin America,Both,All ages,Invasive Non-typhoidal Salmonella (iNTS),Rate,2011,0.0063022702543727984,0.009960093939396683,0.003760650100916985
Deaths,Central Latin America,Both,Age-standardized,Invasive Non-typhoidal Salmonella (iNTS),Rate,2011,0.006918291245992804,0.010797727102636719,0.0042701052729961836
Deaths,Tropical Latin America,Both,All ages,Invasive Non-typhoidal Salmonella (iNTS),Number,2011,49.54328688254603,76.51785808601984,28.123983798124627
Deaths,Tropical Latin America,Both,All ages,Invasive Non-typhoidal Salmonella (iNTS),Rate,2011,0.024034821689762297,0.037120933852047976,0.01364372407095638
Deaths,Tropical Latin America,Both,Age-standardized,Invasive Non-typhoidal Salmonella (iNTS),Rate,2011,0.026576151725190646,0.04086015820828492,0.015299659479060439
Deaths,North Africa and Middle East,Both,All ages,Invasive Non-typhoidal Salmonella (iNTS),Number,2011,1117.1923929281425,1759.5403961982347,613.0753654891873
Deaths,North Africa and Middle East,Both,All ages,Invasive Non-typhoidal Salmonella (iNTS),Rate,2011,0.21155536432590621,0.33319257445732453,0.11609404353834092
Deaths,North Africa and Middle East,Both,Age-standardized,Invasive Non-typhoidal Salmonella (iNTS),Rate,2011,0.21749578665033134,0.34193899012176765,0.12091787501120244
Deaths,Central Sub-Saharan Africa,Both,All ages,Invasive Non-typhoidal Salmonella (iNTS),Number,2011,10409.90300888634,16330.687602759874,5908.282772778849
Deaths,Central Sub-Saharan Africa,Both,All ages,Invasive Non-typhoidal Salmonella (iNTS),Rate,2011,10.075475348670064,15.80604931938183,5.7184737820601175
Deaths,Central Sub-Saharan Africa,Both,Age-standardized,Invasive Non-typhoidal Salmonella (iNTS),Rate,2011,9.81859419305336,15.449553421724914,5.56189371097633
Deaths,Western Sub-Saharan Africa,Both,All ages,Invasive Non-typhoidal Salmonella (iNTS),Number,2011,54607.34310349455,84314.29555061721,32357.234920135787
Deaths,Western Sub-Saharan Africa,Both,All ages,Invasive Non-typhoidal Salmonella (iNTS),Rate,2011,14.959309917173728,23.097327317306338,8.864044242469863
Deaths,Western Sub-Saharan Africa,Both,Age-standardized,Invasive Non-typhoidal Salmonella (iNTS),Rate,2011,11.364178726514332,17.22390222940709,6.688417583998126
Deaths,East Asia,Both,All ages,Invasive Non-typhoidal Salmonella (iNTS),Number,2010,609.3077469066233,1024.306927290307,324.72157528448315
Deaths,East Asia,Both,All ages,Invasive Non-typhoidal Salmonella (iNTS),Rate,2010,0.043977752389045215,0.07393097600917303,0.023437294381602858
Deaths,East Asia,Both,Age-standardized,Invasive Non-typhoidal Salmonella (iNTS),Rate,2010,0.046593184195311894,0.07996284663322756,0.024539314455755124
Deaths,Southeast Asia,Both,All ages,Invasive Non-typhoidal Salmonella (iNTS),Number,2010,1649.8065334247253,2564.9575297848746,922.4949206889254
Deaths,Southeast Asia,Both,All ages,Invasive Non-typhoidal Salmonella (iNTS),Rate,2010,0.26692205648414236,0.41498425710768505,0.14925037350611187
Deaths,Southeast Asia,Both,Age-standardized,Invasive Non-typhoidal Salmonella (iNTS),Rate,2010,0.29861171431372385,0.46627590911923483,0.16481216096163595
Deaths,Low-middle SDI,Both,All ages,Invasive Non-typhoidal Salmonella (iNTS),Number,2011,17741.859107290427,26701.068889743936,10368.15569918144
Deaths,Low-middle SDI,Both,All ages,Invasive Non-typhoidal Salmonella (iNTS),Rate,2011,1.062653400000787,1.5992676679346565,0.6210034607334528
Deaths,Low-middle SDI,Both,Age-standardized,Invasive Non-typhoidal Salmonella (iNTS),Rate,2011,1.0004773695229454,1.4944676071790217,0.5861582232554919
Deaths,Central Europe,Both,All ages,Invasive Non-typhoidal Salmonella (iNTS),Number,2010,10.63167978511193,15.80114433226765,7.11861432145199
Deaths,Central Europe,Both,All ages,Invasive Non-typhoidal Salmonella (iNTS),Rate,2010,0.008921505143930641,0.013259427794065394,0.0059735390427603655
Deaths,Central Europe,Both,Age-standardized,Invasive Non-typhoidal Salmonella (iNTS),Rate,2010,0.007449490563992987,0.011103667439265311,0.004987019518037009
Deaths,Eastern Europe,Both,All ages,Invasive Non-typhoidal Salmonella (iNTS),Number,2010,25.044947877489236,40.461771238484005,15.383261727362258
Deaths,Eastern Europe,Both,All ages,Invasive Non-typhoidal Salmonella (iNTS),Rate,2010,0.011843256713767633,0.019133565229010396,0.0072744378875701675
Deaths,Eastern Europe,Both,Age-standardized,Invasive Non-typhoidal Salmonella (iNTS),Rate,2010,0.0111302888627034,0.017467551757556044,0.00698242449666198
Deaths,High-income Asia Pacific,Both,All ages,Invasive Non-typhoidal Salmonella (iNTS),Number,2010,9.429026772855556,16.587682113527563,4.833239708423304
Deaths,High-income Asia Pacific,Both,All ages,Invasive Non-typhoidal Salmonella (iNTS),Rate,2010,0.005102954028089532,0.008977191527504738,0.0026157312555123466
Deaths,High-income Asia Pacific,Both,Age-standardized,Invasive Non-typhoidal Salmonella (iNTS),Rate,2010,0.004174581179902828,0.007733333304966861,0.002030896665122739
Deaths,High-middle SDI,Both,All ages,Invasive Non-typhoidal Salmonella (iNTS),Number,2011,444.76327687528664,719.6828171411455,251.8889118371118
Deaths,High-middle SDI,Both,All ages,Invasive Non-typhoidal Salmonella (iNTS),Rate,2011,0.03598468347631426,0.05822773534746682,0.020379701371328204
Deaths,High-middle SDI,Both,Age-standardized,Invasive Non-typhoidal Salmonella (iNTS),Rate,2011,0.03860220197690108,0.06300341152683286,0.022020345136473784
Deaths,High SDI,Both,All ages,Invasive Non-typhoidal Salmonella (iNTS),Number,2011,197.6163789639748,273.5136967729961,143.01581191166954
Deaths,High SDI,Both,All ages,Invasive Non-typhoidal Salmonella (iNTS),Rate,2011,0.019115765216574977,0.02645744061519926,0.013834160392442476
Deaths,High SDI,Both,Age-standardized,Invasive Non-typhoidal Salmonella (iNTS),Rate,2011,0.01550786313256364,0.02285019179111142,0.01046978859002633
Deaths,Middle SDI,Both,All ages,Invasive Non-typhoidal Salmonella (iNTS),Number,2011,4900.403295425696,7537.618024587548,2818.99210222739
Deaths,Middle SDI,Both,All ages,Invasive Non-typhoidal Salmonella (iNTS),Rate,2011,0.22099659706296101,0.3399287432014463,0.1271298756820985
Deaths,Middle SDI,Both,Age-standardized,Invasive Non-typhoidal Salmonella (iNTS),Rate,2011,0.24905654514823142,0.3793898713486419,0.14368530289724524
Deaths,Australasia,Both,All ages,Invasive Non-typhoidal Salmonella (iNTS),Number,2010,1.1448048587876476,1.3986220488716476,0.927787075053815
Deaths,Australasia,Both,All ages,Invasive Non-typhoidal Salmonella (iNTS),Rate,2010,0.004407134822163246,0.005384250326431317,0.0035716853353966356
Deaths,Australasia,Both,Age-standardized,Invasive Non-typhoidal Salmonella (iNTS),Rate,2010,0.0030147375711141343,0.003646810677268054,0.0025075493461729917
Deaths,Low SDI,Both,All ages,Invasive Non-typhoidal Salmonella (iNTS),Number,2013,52342.01961371221,81212.41669330365,30921.649611828674
Deaths,Low SDI,Both,All ages,Invasive Non-typhoidal Salmonella (iNTS),Rate,2013,5.676509138510925,8.807513139965371,3.3534630091612834
Deaths,Low SDI,Both,Age-standardized,Invasive Non-typhoidal Salmonella (iNTS),Rate,2013,4.51126809102323,6.883308587171277,2.642016191284763
Deaths,Oceania,Both,All ages,Invasive Non-typhoidal Salmonella (iNTS),Number,2012,28.31228730003403,45.09166462985013,15.582903797263326
Deaths,Oceania,Both,All ages,Invasive Non-typhoidal Salmonella (iNTS),Rate,2012,0.25267589561097153,0.4024251599383585,0.13907121425644717
Deaths,Oceania,Both,Age-standardized,Invasive Non-typhoidal Salmonella (iNTS),Rate,2012,0.25930883242781166,0.41902990544855984,0.14107988778768144
Deaths,Western Europe,Both,All ages,Invasive Non-typhoidal Salmonella (iNTS),Number,2012,56.12851140243041,62.99249161849502,48.4649435633337
Deaths,Western Europe,Both,All ages,Invasive Non-typhoidal Salmonella (iNTS),Rate,2012,0.013194825511839687,0.014808426496521617,0.011393255544839838
Deaths,Western Europe,Both,Age-standardized,Invasive Non-typhoidal Salmonella (iNTS),Rate,2012,0.006530932219478117,0.0072417173503959015,0.0057705479148378765
Deaths,Southern Latin America,Both,All ages,Invasive Non-typhoidal Salmonella (iNTS),Number,2012,0.3303548853548013,0.3877398619283007,0.28122888898664056
Deaths,Southern Latin America,Both,All ages,Invasive Non-typhoidal Salmonella (iNTS),Rate,2012,0.0005284859467220783,0.0006202876878693256,0.00044989652713044967
Deaths,Southern Latin America,Both,Age-standardized,Invasive Non-typhoidal Salmonella (iNTS),Rate,2012,0.0005403470417418432,0.0006305904576078866,0.0004614166526675909
Deaths,Andean Latin America,Both,All ages,Invasive Non-typhoidal Salmonella (iNTS),Number,2012,23.453420183311614,39.12105461046451,12.919800637015468
Deaths,Andean Latin America,Both,All ages,Invasive Non-typhoidal Salmonella (iNTS),Rate,2012,0.04191672199772987,0.06991843226053973,0.023090691563749696
Deaths,Andean Latin America,Both,Age-standardized,Invasive Non-typhoidal Salmonella (iNTS),Rate,2012,0.04403234910065358,0.07337539776399368,0.0240542179123654
Deaths,Central Latin America,Both,All ages,Invasive Non-typhoidal Salmonella (iNTS),Number,2012,14.581067577568295,23.159397866197075,8.650675718854735
Deaths,Central Latin America,Both,All ages,Invasive Non-typhoidal Salmonella (iNTS),Rate,2012,0.006222553524736435,0.009883404768302396,0.003691725067410226
Deaths,Central Latin America,Both,Age-standardized,Invasive Non-typhoidal Salmonella (iNTS),Rate,2012,0.00679613406537536,0.010517509254420864,0.004133658255715449
Deaths,North Africa and Middle East,Both,All ages,Invasive Non-typhoidal Salmonella (iNTS),Number,2012,1108.0230875124141,1759.8973138616159,603.7659643845035
Deaths,North Africa and Middle East,Both,All ages,Invasive Non-typhoidal Salmonella (iNTS),Rate,2012,0.20584857102884124,0.326953789409962,0.11216766365710573
Deaths,North Africa and Middle East,Both,Age-standardized,Invasive Non-typhoidal Salmonella (iNTS),Rate,2012,0.21178038728719176,0.3342403211836932,0.11723767119565616
Deaths,Tropical Latin America,Both,All ages,Invasive Non-typhoidal Salmonella (iNTS),Number,2012,49.07996971835925,76.07883314607639,27.855225137065922
Deaths,Tropical Latin America,Both,All ages,Invasive Non-typhoidal Salmonella (iNTS),Rate,2012,0.023558353302245837,0.03651779005494049,0.013370489812000159
Deaths,Tropical Latin America,Both,Age-standardized,Invasive Non-typhoidal Salmonella (iNTS),Rate,2012,0.025964343577141752,0.03978114299811248,0.014810025203960388
Deaths,South Asia,Both,All ages,Invasive Non-typhoidal Salmonella (iNTS),Number,2010,8006.978443626076,12931.099822445287,4406.409862422981
Deaths,South Asia,Both,All ages,Invasive Non-typhoidal Salmonella (iNTS),Rate,2010,0.504370047310968,0.8145468949552931,0.2775655219293089
Deaths,South Asia,Both,Age-standardized,Invasive Non-typhoidal Salmonella (iNTS),Rate,2010,0.48601561038575797,0.7704864431648886,0.27083921179644893
Deaths,Caribbean,Both,All ages,Invasive Non-typhoidal Salmonella (iNTS),Number,2012,7.615340199789251,13.628425590506469,3.592554542389577
Deaths,Caribbean,Both,All ages,Invasive Non-typhoidal Salmonella (iNTS),Rate,2012,0.017109869706584468,0.030619851515747185,0.008071621033527166
Deaths,Caribbean,Both,Age-standardized,Invasive Non-typhoidal Salmonella (iNTS),Rate,2012,0.017702036900641604,0.03157638893327145,0.008400715777924771
Deaths,Central Sub-Saharan Africa,Both,All ages,Invasive Non-typhoidal Salmonella (iNTS),Number,2012,9007.574814803467,14230.069424185154,5096.040170159082
Deaths,Central Sub-Saharan Africa,Both,All ages,Invasive Non-typhoidal Salmonella (iNTS),Rate,2012,8.451177384373413,13.351078771845993,4.781258032420411
Deaths,Central Sub-Saharan Africa,Both,Age-standardized,Invasive Non-typhoidal Salmonella (iNTS),Rate,2012,8.183229435318243,12.822145795761191,4.547170946361
Deaths,High-income North America,Both,All ages,Invasive Non-typhoidal Salmonella (iNTS),Number,2012,32.547346064264936,36.13997464223867,28.926425914596265
Deaths,High-income North America,Both,All ages,Invasive Non-typhoidal Salmonella (iNTS),Rate,2012,0.009330925675765942,0.010360888308526071,0.00829285219574302
Deaths,High-income North America,Both,Age-standardized,Invasive Non-typhoidal Salmonella (iNTS),Rate,2012,0.0066916780270144215,0.007362273236126281,0.006023821653375116
Deaths,Eastern Sub-Saharan Africa,Both,All ages,Invasive Non-typhoidal Salmonella (iNTS),Number,2010,5188.371537718328,7960.146900291007,3154.9065216808212
Deaths,Eastern Sub-Saharan Africa,Both,All ages,Invasive Non-typhoidal Salmonella (iNTS),Rate,2010,1.5878395565955086,2.436108523205644,0.9655217125581874
Deaths,Eastern Sub-Saharan Africa,Both,Age-standardized,Invasive Non-typhoidal Salmonella (iNTS),Rate,2010,1.3228334503574313,2.0339303499756762,0.7881939048206625
Deaths,Western Sub-Saharan Africa,Both,All ages,Invasive Non-typhoidal Salmonella (iNTS),Number,2012,52360.75140608349,80969.63541433385,31327.13128249216
Deaths,Western Sub-Saharan Africa,Both,All ages,Invasive Non-typhoidal Salmonella (iNTS),Rate,2012,13.909751383482538,21.509765768826455,8.322122887765827
Deaths,Western Sub-Saharan Africa,Both,Age-standardized,Invasive Non-typhoidal Salmonella (iNTS),Rate,2012,10.5210692392302,16.03473475884195,6.264277518867249
Deaths,High-middle SDI,Both,All ages,Invasive Non-typhoidal Salmonella (iNTS),Number,2012,440.09046938653427,719.1966309384059,252.0843421717524
Deaths,High-middle SDI,Both,All ages,Invasive Non-typhoidal Salmonella (iNTS),Rate,2012,0.03540966429544707,0.05786653662244636,0.020282697652787403
Deaths,High-middle SDI,Both,Age-standardized,Invasive Non-typhoidal Salmonella (iNTS),Rate,2012,0.037738156196704335,0.062150124976558946,0.021217812013905924
Deaths,East Asia,Both,All ages,Invasive Non-typhoidal Salmonella (iNTS),Number,2011,605.5549228981625,995.325378987541,321.08893237057265
Deaths,East Asia,Both,All ages,Invasive Non-typhoidal Salmonella (iNTS),Rate,2011,0.04348341273767949,0.07147187253579809,0.023056608151988383
Deaths,East Asia,Both,Age-standardized,Invasive Non-typhoidal Salmonella (iNTS),Rate,2011,0.045602390069832945,0.07618050287248973,0.024002643109202804
Deaths,Southeast Asia,Both,All ages,Invasive Non-typhoidal Salmonella (iNTS),Number,2011,1631.09958983967,2568.9565097880504,921.312028867916
Deaths,Southeast Asia,Both,All ages,Invasive Non-typhoidal Salmonella (iNTS),Rate,2011,0.2612992491705705,0.41154225734643807,0.14759254609258096
Deaths,Southeast Asia,Both,Age-standardized,Invasive Non-typhoidal Salmonella (iNTS),Rate,2011,0.2917696938835145,0.45768974973718574,0.1631232656368206
Deaths,High SDI,Both,All ages,Invasive Non-typhoidal Salmonella (iNTS),Number,2012,202.5189923072044,283.60112166726515,146.4174968165218
Deaths,High SDI,Both,All ages,Invasive Non-typhoidal Salmonella (iNTS),Rate,2012,0.019442419245678348,0.02722654227725709,0.01405651057996265
Deaths,High SDI,Both,Age-standardized,Invasive Non-typhoidal Salmonella (iNTS),Rate,2012,0.01563956857378214,0.023060316428990146,0.010490345207296456
Deaths,Middle SDI,Both,All ages,Invasive Non-typhoidal Salmonella (iNTS),Number,2012,4792.576385177652,7386.851822495642,2765.7783467146674
Deaths,Middle SDI,Both,All ages,Invasive Non-typhoidal Salmonella (iNTS),Rate,2012,0.2138455209530276,0.3296025037952208,0.12340946995086398
Deaths,Middle SDI,Both,Age-standardized,Invasive Non-typhoidal Salmonella (iNTS),Rate,2012,0.2414160351287358,0.3712838407764293,0.1400252732584626
Deaths,Central Europe,Both,All ages,Invasive Non-typhoidal Salmonella (iNTS),Number,2011,10.907256037668114,16.004530413293487,7.467251292796917
Deaths,Central Europe,Both,All ages,Invasive Non-typhoidal Salmonella (iNTS),Rate,2011,0.009175699917040253,0.013463768328016745,0.006281805142486038
Deaths,Central Europe,Both,Age-standardized,Invasive Non-typhoidal Salmonella (iNTS),Rate,2011,0.007462581322931753,0.011019374311608234,0.00500926400138959
Deaths,Low-middle SDI,Both,All ages,Invasive Non-typhoidal Salmonella (iNTS),Number,2012,17289.970278512817,26039.96678498338,10175.508669648143
Deaths,Low-middle SDI,Both,All ages,Invasive Non-typhoidal Salmonella (iNTS),Rate,2012,1.0192661328466388,1.535089755323043,0.5998594100736538
Deaths,Low-middle SDI,Both,Age-standardized,Invasive Non-typhoidal Salmonella (iNTS),Rate,2012,0.9633120952642313,1.4492874362518915,0.5651129316499885
Deaths,Eastern Europe,Both,All ages,Invasive Non-typhoidal Salmonella (iNTS),Number,2011,25.895334835822588,41.14619929465249,16.233246876371407
Deaths,Eastern Europe,Both,All ages,Invasive Non-typhoidal Salmonella (iNTS),Rate,2011,0.012261358382814619,0.019482594020932748,0.007686390576906134
Deaths,Eastern Europe,Both,Age-standardized,Invasive Non-typhoidal Salmonella (iNTS),Rate,2011,0.011544906598387123,0.017840975801858124,0.007467451828104801
Deaths,Global,Both,All ages,Invasive Non-typhoidal Salmonella (iNTS),Number,2014,70286.56722292394,108031.89943929305,41080.32924030466
Deaths,Global,Both,All ages,Invasive Non-typhoidal Salmonella (iNTS),Rate,2014,0.9620226325727729,1.4786485726468852,0.5622725371886518
Deaths,Global,Both,Age-standardized,Invasive Non-typhoidal Salmonella (iNTS),Rate,2014,1.0238246518929905,1.5687976639065886,0.5981890633245305
Deaths,High-income Asia Pacific,Both,All ages,Invasive Non-typhoidal Salmonella (iNTS),Number,2011,8.993158381538636,16.081341405497028,4.393536868668815
Deaths,High-income Asia Pacific,Both,All ages,Invasive Non-typhoidal Salmonella (iNTS),Rate,2011,0.0048537206049712196,0.008679302067632812,0.0023712470662070164
Deaths,High-income Asia Pacific,Both,Age-standardized,Invasive Non-typhoidal Salmonella (iNTS),Rate,2011,0.003992744405002107,0.007585903379174505,0.0019127832470546492
Deaths,Australasia,Both,All ages,Invasive Non-typhoidal Salmonella (iNTS),Number,2011,1.1579519770655529,1.4317293366960278,0.9451555493186194
Deaths,Australasia,Both,All ages,Invasive Non-typhoidal Salmonella (iNTS),Rate,2011,0.004396198198240491,0.005435601868655737,0.0035883104008347733
Deaths,Australasia,Both,Age-standardized,Invasive Non-typhoidal Salmonella (iNTS),Rate,2011,0.0029501292770589323,0.003576182254773377,0.002450074837706656
Deaths,Oceania,Both,All ages,Invasive Non-typhoidal Salmonella (iNTS),Number,2013,28.55276454087616,46.77115723557446,15.16820202521787
Deaths,Oceania,Both,All ages,Invasive Non-typhoidal Salmonella (iNTS),Rate,2013,0.24861877968290705,0.40725261540328145,0.13207477237781146
Deaths,Oceania,Both,Age-standardized,Invasive Non-typhoidal Salmonella (iNTS),Rate,2013,0.25507189221108,0.41849142522111643,0.13847422172654986
Deaths,Central Asia,Both,All ages,Invasive Non-typhoidal Salmonella (iNTS),Number,2014,5.9128954855818785,10.897745891100586,2.786300016108351
Deaths,Central Asia,Both,All ages,Invasive Non-typhoidal Salmonella (iNTS),Rate,2014,0.00682296961234074,0.012575055527245362,0.0032151490563511946
Deaths,Central Asia,Both,Age-standardized,Invasive Non-typhoidal Salmonella (iNTS),Rate,2014,0.007170825878738586,0.012920246257016115,0.0032972442076222006
Deaths,Western Europe,Both,All ages,Invasive Non-typhoidal Salmonella (iNTS),Number,2013,53.98761214199494,60.567456396492446,46.50856484105428
Deaths,Western Europe,Both,All ages,Invasive Non-typhoidal Salmonella (iNTS),Rate,2013,0.012641941516381549,0.0141827024975021,0.010890619781164498
Deaths,Western Europe,Both,Age-standardized,Invasive Non-typhoidal Salmonella (iNTS),Rate,2013,0.006119909403416109,0.0067815683723830775,0.005413157686830727
Deaths,Southern Latin America,Both,All ages,Invasive Non-typhoidal Salmonella (iNTS),Number,2013,0.3376218308437573,0.39890903432573305,0.2866441827090498
Deaths,Southern Latin America,Both,All ages,Invasive Non-typhoidal Salmonella (iNTS),Rate,2013,0.00053461902601623,0.0006316663791180959,0.0004538966967572919
Deaths,Southern Latin America,Both,Age-standardized,Invasive Non-typhoidal Salmonella (iNTS),Rate,2013,0.0005413352875534471,0.0006371979441560912,0.0004606683483528083
Deaths,South Asia,Both,All ages,Invasive Non-typhoidal Salmonella (iNTS),Number,2011,7997.5645676065515,13005.953436837848,4433.135441416219
Deaths,South Asia,Both,All ages,Invasive Non-typhoidal Salmonella (iNTS),Rate,2011,0.4955317534101567,0.8058531890360074,0.2746785424262125
Deaths,South Asia,Both,Age-standardized,Invasive Non-typhoidal Salmonella (iNTS),Rate,2011,0.4797612512960211,0.7688303671731297,0.26790964242527665
Deaths,Eastern Sub-Saharan Africa,Both,All ages,Invasive Non-typhoidal Salmonella (iNTS),Number,2011,4951.95042495141,7649.523205522846,2994.8666531002164
Deaths,Eastern Sub-Saharan Africa,Both,All ages,Invasive Non-typhoidal Salmonella (iNTS),Rate,2011,1.4771119414735232,2.281768011352315,0.893335537877196
Deaths,Eastern Sub-Saharan Africa,Both,Age-standardized,Invasive Non-typhoidal Salmonella (iNTS),Rate,2011,1.2360847088682116,1.8729974058159624,0.72793351016682
Deaths,Southern Sub-Saharan Africa,Both,All ages,Invasive Non-typhoidal Salmonella (iNTS),Number,2014,423.0836817570897,689.6906710027424,238.71533620748983
Deaths,Southern Sub-Saharan Africa,Both,All ages,Invasive Non-typhoidal Salmonella (iNTS),Rate,2014,0.5687660201446748,0.9271750128674545,0.32091327927931046
Deaths,Southern Sub-Saharan Africa,Both,Age-standardized,Invasive Non-typhoidal Salmonella (iNTS),Rate,2014,0.5463806038831536,0.8870277760529494,0.30552540707396464
Deaths,Andean Latin America,Both,All ages,Invasive Non-typhoidal Salmonella (iNTS),Number,2013,23.667775108303783,39.57672494296108,12.88778375444459
Deaths,Andean Latin America,Both,All ages,Invasive Non-typhoidal Salmonella (iNTS),Rate,2013,0.0414295725889665,0.06927760600035027,0.02255959295381066
Deaths,Andean Latin America,Both,Age-standardized,Invasive Non-typhoidal Salmonella (iNTS),Rate,2013,0.04344534281728868,0.07203355688619176,0.023391612289943776
Deaths,Central Latin America,Both,All ages,Invasive Non-typhoidal Salmonella (iNTS),Number,2013,14.739850571512763,23.552425771327165,8.67659294507174
Deaths,Central Latin America,Both,All ages,Invasive Non-typhoidal Salmonella (iNTS),Rate,2013,0.006213909918138272,0.009929045846605561,0.0036578096023056543
Deaths,Central Latin America,Both,Age-standardized,Invasive Non-typhoidal Salmonella (iNTS),Rate,2013,0.006753583948826092,0.010586566080433627,0.004084026053565669
Deaths,Tropical Latin America,Both,All ages,Invasive Non-typhoidal Salmonella (iNTS),Number,2013,49.00865062467499,76.49846350324991,27.267834538016693
Deaths,Tropical Latin America,Both,All ages,Invasive Non-typhoidal Salmonella (iNTS),Rate,2013,0.02327700408021661,0.03633348448485791,0.012951050227049494
Deaths,Tropical Latin America,Both,Age-standardized,Invasive Non-typhoidal Salmonella (iNTS),Rate,2013,0.025572214848293678,0.03981658179597231,0.014444020702321363
Deaths,North Africa and Middle East,Both,All ages,Invasive Non-typhoidal Salmonella (iNTS),Number,2013,1116.6790411716627,1781.343738894033,610.7472211545064
Deaths,North Africa and Middle East,Both,All ages,Invasive Non-typhoidal Salmonella (iNTS),Rate,2013,0.20376642411598916,0.325051362489075,0.1114463267465406
Deaths,North Africa and Middle East,Both,Age-standardized,Invasive Non-typhoidal Salmonella (iNTS),Rate,2013,0.2092683617006011,0.33243895124986944,0.11484639154917256
Deaths,High-income North America,Both,All ages,Invasive Non-typhoidal Salmonella (iNTS),Number,2013,33.521507151940966,37.16240032306626,29.77666721271629
Deaths,High-income North America,Both,All ages,Invasive Non-typhoidal Salmonella (iNTS),Rate,2013,0.009532118887396754,0.010567437090906228,0.008467242557309244
Deaths,High-income North America,Both,Age-standardized,Invasive Non-typhoidal Salmonella (iNTS),Rate,2013,0.006753875227116801,0.007435420668575824,0.006103047649933753
Deaths,Caribbean,Both,All ages,Invasive Non-typhoidal Salmonella (iNTS),Number,2013,7.772902824546695,13.904250827559402,3.7034932976792563
Deaths,Caribbean,Both,All ages,Invasive Non-typhoidal Salmonella (iNTS),Rate,2013,0.01732382213165504,0.03098903635458793,0.00825414399266129
Deaths,Caribbean,Both,Age-standardized,Invasive Non-typhoidal Salmonella (iNTS),Rate,2013,0.017897958710791695,0.031899571145547694,0.008531643339381745
Deaths,Central Sub-Saharan Africa,Both,All ages,Invasive Non-typhoidal Salmonella (iNTS),Number,2013,7792.928753783484,12395.443489267467,4460.722013640034
Deaths,Central Sub-Saharan Africa,Both,All ages,Invasive Non-typhoidal Salmonella (iNTS),Rate,2013,7.091731612486642,11.280118325340982,4.059352307473307
Deaths,Central Sub-Saharan Africa,Both,Age-standardized,Invasive Non-typhoidal Salmonella (iNTS),Rate,2013,6.828322527023932,10.787389458965547,3.7252347729740647
Deaths,Low SDI,Both,All ages,Invasive Non-typhoidal Salmonella (iNTS),Number,2014,49170.02581869042,76250.89905972498,28886.719746101226
Deaths,Low SDI,Both,All ages,Invasive Non-typhoidal Salmonella (iNTS),Rate,2014,5.1982410639829935,8.06122323627532,3.05389574822784
Deaths,Low SDI,Both,Age-standardized,Invasive Non-typhoidal Salmonella (iNTS),Rate,2014,4.133222915879551,6.300697697911487,2.4181077796935075
Deaths,Low-middle SDI,Both,All ages,Invasive Non-typhoidal Salmonella (iNTS),Number,2013,16646.24061847951,25143.22344037023,9572.876482935704
Deaths,Low-middle SDI,Both,All ages,Invasive Non-typhoidal Salmonella (iNTS),Rate,2013,0.9660854864976623,1.4592185590867799,0.555573912822829
Deaths,Low-middle SDI,Both,Age-standardized,Invasive Non-typhoidal Salmonella (iNTS),Rate,2013,0.9186183197309193,1.3772987604340032,0.5359945487593569
Deaths,Western Sub-Saharan Africa,Both,All ages,Invasive Non-typhoidal Salmonella (iNTS),Number,2013,50155.14506357401,77610.21868152944,29419.64594492101
Deaths,Western Sub-Saharan Africa,Both,All ages,Invasive Non-typhoidal Salmonella (iNTS),Rate,2013,12.9261847808911,20.002016269541386,7.582148933881356
Deaths,Western Sub-Saharan Africa,Both,Age-standardized,Invasive Non-typhoidal Salmonella (iNTS),Rate,2013,9.743849839118354,14.881326808180201,5.696297610263411
Deaths,East Asia,Both,All ages,Invasive Non-typhoidal Salmonella (iNTS),Number,2012,603.309427210529,1020.5918790207361,327.0675331715604
Deaths,East Asia,Both,All ages,Invasive Non-typhoidal Salmonella (iNTS),Rate,2012,0.043089659986395995,0.07289287232790811,0.02335986835497249
Deaths,East Asia,Both,Age-standardized,Invasive Non-typhoidal Salmonella (iNTS),Rate,2012,0.04474442215920688,0.07706297348998083,0.023591114907417866
Deaths,Southeast Asia,Both,All ages,Invasive Non-typhoidal Salmonella (iNTS),Number,2012,1598.2211346704999,2505.637850035177,900.3416483758065
Deaths,Southeast Asia,Both,All ages,Invasive Non-typhoidal Salmonella (iNTS),Rate,2012,0.2531893464107703,0.3969418222737286,0.14263164749455226
Deaths,Southeast Asia,Both,Age-standardized,Invasive Non-typhoidal Salmonella (iNTS),Rate,2012,0.282481401467345,0.4414113471894976,0.15938444733750146
Deaths,Central Europe,Both,All ages,Invasive Non-typhoidal Salmonella (iNTS),Number,2012,11.831278257729913,16.936438105069698,8.348410598341788
Deaths,Central Europe,Both,All ages,Invasive Non-typhoidal Salmonella (iNTS),Rate,2012,0.009977206690207205,0.014282340410663596,0.007040136852495437
Deaths,Central Europe,Both,Age-standardized,Invasive Non-typhoidal Salmonella (iNTS),Rate,2012,0.007962709071341719,0.011453217220629011,0.0055176944239093174
Deaths,Eastern Europe,Both,All ages,Invasive Non-typhoidal Salmonella (iNTS),Number,2012,26.368102725660705,41.50168944951439,16.75295651809296
Deaths,Eastern Europe,Both,All ages,Invasive Non-typhoidal Salmonella (iNTS),Rate,2012,0.012494095835561147,0.01966489931849796,0.007938115473979265
Deaths,Eastern Europe,Both,Age-standardized,Invasive Non-typhoidal Salmonella (iNTS),Rate,2012,0.011785454712098312,0.018167461699217936,0.0077336499027212
Deaths,High-income Asia Pacific,Both,All ages,Invasive Non-typhoidal Salmonella (iNTS),Number,2012,8.469302575081628,15.544055796039165,3.840261955357986
Deaths,High-income Asia Pacific,Both,All ages,Invasive Non-typhoidal Salmonella (iNTS),Rate,2012,0.004558017434438844,0.008365514951454421,0.002066755885760195
Deaths,High-income Asia Pacific,Both,Age-standardized,Invasive Non-typhoidal Salmonella (iNTS),Rate,2012,0.003794068326066346,0.007319620023877912,0.0017435890934793742
Deaths,Australasia,Both,All ages,Invasive Non-typhoidal Salmonella (iNTS),Number,2012,1.8822243940659136,2.3097854143229184,1.5216482559009292
Deaths,Australasia,Both,All ages,Invasive Non-typhoidal Salmonella (iNTS),Rate,2012,0.0070496669328853805,0.00865105027261857,0.005699168190002667
Deaths,Australasia,Both,Age-standardized,Invasive Non-typhoidal Salmonella (iNTS),Rate,2012,0.004639283201758261,0.005583939828653935,0.0038366951868978455
Deaths,Global,Both,All ages,Invasive Non-typhoidal Salmonella (iNTS),Number,2015,66075.78490881788,102670.90271581296,38434.48682543641
Deaths,Global,Both,All ages,Invasive Non-typhoidal Salmonella (iNTS),Rate,2015,0.8933492759009749,1.388117851703804,0.5196369747633081
Deaths,Global,Both,Age-standardized,Invasive Non-typhoidal Salmonella (iNTS),Rate,2015,0.9540736896268562,1.47976527390795,0.5565676496128779
Deaths,South Asia,Both,All ages,Invasive Non-typhoidal Salmonella (iNTS),Number,2012,8066.643192476355,13033.806350905958,4521.229605057493
Deaths,South Asia,Both,All ages,Invasive Non-typhoidal Salmonella (iNTS),Rate,2012,0.49187977627489876,0.7947625299546514,0.2756910592868827
Deaths,South Asia,Both,Age-standardized,Invasive Non-typhoidal Salmonella (iNTS),Rate,2012,0.47852833509700915,0.7681403961917267,0.27157722991873884
Deaths,High-middle SDI,Both,All ages,Invasive Non-typhoidal Salmonella (iNTS),Number,2013,435.53318842015483,692.8749977203032,250.7555813452519
Deaths,High-middle SDI,Both,All ages,Invasive Non-typhoidal Salmonella (iNTS),Rate,2013,0.034833419440902826,0.055415307162362364,0.02005512914832183
Deaths,High-middle SDI,Both,Age-standardized,Invasive Non-typhoidal Salmonella (iNTS),Rate,2013,0.03680121710113927,0.06042652859356426,0.021055637389441065
Deaths,Central Asia,Both,All ages,Invasive Non-typhoidal Salmonella (iNTS),Number,2015,5.921309920827337,11.045413558686793,2.7788144735998053
Deaths,Central Asia,Both,All ages,Invasive Non-typhoidal Salmonella (iNTS),Rate,2015,0.0067330264210068765,0.012559562379939514,0.0031597453131130154
Deaths,Central Asia,Both,Age-standardized,Invasive Non-typhoidal Salmonella (iNTS),Rate,2015,0.0070575110087888185,0.012778160419243484,0.0032651668859185706
Deaths,High SDI,Both,All ages,Invasive Non-typhoidal Salmonella (iNTS),Number,2013,205.38776077926272,285.985938160141,147.8312114249566
Deaths,High SDI,Both,All ages,Invasive Non-typhoidal Salmonella (iNTS),Rate,2013,0.019574044155426257,0.02725528220444384,0.014088739509128624
Deaths,High SDI,Both,Age-standardized,Invasive Non-typhoidal Salmonella (iNTS),Rate,2013,0.015615472012203683,0.023169996835699612,0.01040883400876703
Deaths,Middle SDI,Both,All ages,Invasive Non-typhoidal Salmonella (iNTS),Number,2013,4631.022756079384,7110.7474256074,2693.489541520987
Deaths,Middle SDI,Both,All ages,Invasive Non-typhoidal Salmonella (iNTS),Rate,2013,0.20441593095921823,0.31387236284107034,0.11889213272297999
Deaths,Middle SDI,Both,Age-standardized,Invasive Non-typhoidal Salmonella (iNTS),Rate,2013,0.23072679891485964,0.3533183549609049,0.13373493394851838
Deaths,Eastern Sub-Saharan Africa,Both,All ages,Invasive Non-typhoidal Salmonella (iNTS),Number,2012,4725.679770621223,7278.505790541887,2866.534911125405
Deaths,Eastern Sub-Saharan Africa,Both,All ages,Invasive Non-typhoidal Salmonella (iNTS),Rate,2012,1.3745913803767993,2.1171496604363185,0.8338089696382825
Deaths,Eastern Sub-Saharan Africa,Both,Age-standardized,Invasive Non-typhoidal Salmonella (iNTS),Rate,2012,1.1549335605135094,1.7509531456794671,0.6838049619760819
Deaths,Southern Sub-Saharan Africa,Both,All ages,Invasive Non-typhoidal Salmonella (iNTS),Number,2015,421.2041896732646,678.6636968749766,238.11732819697963
Deaths,Southern Sub-Saharan Africa,Both,All ages,Invasive Non-typhoidal Salmonella (iNTS),Rate,2015,0.5593928090239981,0.9013196000543044,0.3162388322887389
Deaths,Southern Sub-Saharan Africa,Both,Age-standardized,Invasive Non-typhoidal Salmonella (iNTS),Rate,2015,0.5398261136422955,0.8654757590044694,0.3049491855245106
Deaths,Low SDI,Both,All ages,Invasive Non-typhoidal Salmonella (iNTS),Number,2015,45803.82823897391,72286.64010958081,26736.754999178662
Deaths,Low SDI,Both,All ages,Invasive Non-typhoidal Salmonella (iNTS),Rate,2015,4.723487950225066,7.454509516943166,2.75720927534352
Deaths,Low SDI,Both,Age-standardized,Invasive Non-typhoidal Salmonella (iNTS),Rate,2015,3.7605007799633343,5.8239122025203,2.1595960079637733
Deaths,Central Asia,Both,All ages,Invasive Non-typhoidal Salmonella (iNTS),Number,2016,6.011747088263945,11.093981934319809,2.8915982278503565
Deaths,Central Asia,Both,All ages,Invasive Non-typhoidal Salmonella (iNTS),Rate,2016,0.0067363319429866635,0.01243111923736243,0.0032401172608505393
Deaths,Central Asia,Both,Age-standardized,Invasive Non-typhoidal Salmonella (iNTS),Rate,2016,0.0070269092341507374,0.012644389645765867,0.0033027212674710165
Deaths,Global,Both,All ages,Invasive Non-typhoidal Salmonella (iNTS),Number,2016,67077.59624627123,103982.9921444153,39055.104424073135
Deaths,Global,Both,All ages,Invasive Non-typhoidal Salmonella (iNTS),Rate,2016,0.8959673088036532,1.3889192047212326,0.5216659326522535
Deaths,Global,Both,Age-standardized,Invasive Non-typhoidal Salmonella (iNTS),Rate,2016,0.9599677997689455,1.4953427022251073,0.5616304652519847
Deaths,Southern Sub-Saharan Africa,Both,All ages,Invasive Non-typhoidal Salmonella (iNTS),Number,2016,441.94176704476456,716.8710602786524,242.79030824249944
Deaths,Southern Sub-Saharan Africa,Both,All ages,Invasive Non-typhoidal Salmonella (iNTS),Rate,2016,0.5799825377347558,0.9407861573013635,0.31862600372330374
Deaths,Southern Sub-Saharan Africa,Both,Age-standardized,Invasive Non-typhoidal Salmonella (iNTS),Rate,2016,0.5614985225705181,0.9098658941050548,0.3105405826563024
Deaths,Low SDI,Both,All ages,Invasive Non-typhoidal Salmonella (iNTS),Number,2016,46814.29584998355,74271.69219250866,27359.332249425202
Deaths,Low SDI,Both,All ages,Invasive Non-typhoidal Salmonella (iNTS),Rate,2016,4.712350244880122,7.476225382361531,2.754003957220276
Deaths,Low SDI,Both,Age-standardized,Invasive Non-typhoidal Salmonella (iNTS),Rate,2016,3.764198253360205,5.851989022560695,2.1848484895589917
Deaths,Oceania,Both,All ages,Invasive Non-typhoidal Salmonella (iNTS),Number,2014,29.498081704749005,47.509708091118505,15.892394572763246
Deaths,Oceania,Both,All ages,Invasive Non-typhoidal Salmonella (iNTS),Rate,2014,0.2506011630880942,0.40361906325906466,0.13501395121392612
Deaths,Oceania,Both,Age-standardized,Invasive Non-typhoidal Salmonella (iNTS),Rate,2014,0.25665275234020435,0.41634812106730135,0.13871618924369417
Deaths,Global,Both,All ages,Invasive Non-typhoidal Salmonella (iNTS),Number,2017,66921.07646320881,102152.08907052313,39108.454512990094
Deaths,Global,Both,All ages,Invasive Non-typhoidal Salmonella (iNTS),Rate,2017,0.8833818626674925,1.3484436815373864,0.516245422512373
Deaths,Global,Both,Age-standardized,Invasive Non-typhoidal Salmonella (iNTS),Rate,2017,0.9508475558896845,1.4543830789918182,0.557947316720917
Deaths,Central Asia,Both,All ages,Invasive Non-typhoidal Salmonella (iNTS),Number,2017,6.242447034669707,11.378335603968408,3.041380913608379
Deaths,Central Asia,Both,All ages,Invasive Non-typhoidal Salmonella (iNTS),Rate,2017,0.0068929719299998075,0.012564071027383819,0.0033583229700640906
Deaths,Central Asia,Both,Age-standardized,Invasive Non-typhoidal Salmonella (iNTS),Rate,2017,0.007167216565996686,0.012762889769378236,0.003449256881736083
Deaths,Southern Sub-Saharan Africa,Both,All ages,Invasive Non-typhoidal Salmonella (iNTS),Number,2017,443.1935596520508,723.9817021468914,242.46293053522302
Deaths,Southern Sub-Saharan Africa,Both,All ages,Invasive Non-typhoidal Salmonella (iNTS),Rate,2017,0.5748276774846841,0.9390134656136131,0.31447750130916774
Deaths,Southern Sub-Saharan Africa,Both,Age-standardized,Invasive Non-typhoidal Salmonella (iNTS),Rate,2017,0.560271892250264,0.9102341774170761,0.3089279354490426
Deaths,Western Europe,Both,All ages,Invasive Non-typhoidal Salmonella (iNTS),Number,2014,50.515582602907095,57.039541142890684,43.606869129650676
Deaths,Western Europe,Both,All ages,Invasive Non-typhoidal Salmonella (iNTS),Rate,2014,0.011781695022651808,0.013303270859215316,0.010170383206639842
Deaths,Western Europe,Both,Age-standardized,Invasive Non-typhoidal Salmonella (iNTS),Rate,2014,0.005569594996414503,0.0062099846269854575,0.0048938598948889585
Deaths,Low SDI,Both,All ages,Invasive Non-typhoidal Salmonella (iNTS),Number,2017,46799.290053770994,73392.23401076217,27358.82066113119
Deaths,Low SDI,Both,All ages,Invasive Non-typhoidal Salmonella (iNTS),Rate,2017,4.600755263580147,7.215060453758149,2.689597171611415
Deaths,Low SDI,Both,Age-standardized,Invasive Non-typhoidal Salmonella (iNTS),Rate,2017,3.7028217956244998,5.684280351899619,2.145600445700813
Deaths,Global,Both,All ages,Invasive Non-typhoidal Salmonella (iNTS),Number,2018,65909.7258614589,102419.34401112192,38367.64842674487
Deaths,Global,Both,All ages,Invasive Non-typhoidal Salmonella (iNTS),Rate,2018,0.860212644725052,1.3367134156801348,0.5007506235790709
Deaths,Global,Both,Age-standardized,Invasive Non-typhoidal Salmonella (iNTS),Rate,2018,0.9333156982384899,1.449952347981232,0.5439661483491712
Deaths,Central Asia,Both,All ages,Invasive Non-typhoidal Salmonella (iNTS),Number,2018,6.459470209352848,11.764726422220308,3.2073271103758696
Deaths,Central Asia,Both,All ages,Invasive Non-typhoidal Salmonella (iNTS),Rate,2018,0.007028466967396117,0.012801048438818019,0.003489851631527118
Deaths,Central Asia,Both,Age-standardized,Invasive Non-typhoidal Salmonella (iNTS),Rate,2018,0.00729895863124899,0.012986980074821804,0.003613041221734809
Deaths,Southern Latin America,Both,All ages,Invasive Non-typhoidal Salmonella (iNTS),Number,2014,0.25976327355480033,0.30268388874711893,0.2227911881877958
Deaths,Southern Latin America,Both,All ages,Invasive Non-typhoidal Salmonella (iNTS),Rate,2014,0.00040716645069257173,0.0004744424528396242,0.00034921448324321577
Deaths,Southern Latin America,Both,Age-standardized,Invasive Non-typhoidal Salmonella (iNTS),Rate,2014,0.00041350627724159183,0.0004806079765430876,0.0003540713824825465
Deaths,Southern Sub-Saharan Africa,Both,All ages,Invasive Non-typhoidal Salmonella (iNTS),Number,2018,476.02713368064326,778.5733260642688,255.90428539517788
Deaths,Southern Sub-Saharan Africa,Both,All ages,Invasive Non-typhoidal Salmonella (iNTS),Rate,2018,0.610304574459774,0.9981928105135368,0.3280896086593966
Deaths,Southern Sub-Saharan Africa,Both,Age-standardized,Invasive Non-typhoidal Salmonella (iNTS),Rate,2018,0.5984509051277899,0.9669508101947208,0.3233289988599602
Deaths,Andean Latin America,Both,All ages,Invasive Non-typhoidal Salmonella (iNTS),Number,2014,23.87529793299501,39.32973107222741,13.09506360351681
Deaths,Andean Latin America,Both,All ages,Invasive Non-typhoidal Salmonella (iNTS),Rate,2014,0.040968787916463016,0.06748780332005194,0.022470458171064786
Deaths,Andean Latin America,Both,Age-standardized,Invasive Non-typhoidal Salmonella (iNTS),Rate,2014,0.04290022881341186,0.07099932980887437,0.023636951450646
Deaths,Central Latin America,Both,All ages,Invasive Non-typhoidal Salmonella (iNTS),Number,2014,14.725892181463553,23.690604026441402,8.458108602174054
Deaths,Central Latin America,Both,All ages,Invasive Non-typhoidal Salmonella (iNTS),Rate,2014,0.006134712545980262,0.009869354192732932,0.0035235939743152272
Deaths,Central Latin America,Both,Age-standardized,Invasive Non-typhoidal Salmonella (iNTS),Rate,2014,0.006625357795609288,0.010465728227620595,0.003928593983081711
Deaths,Low SDI,Both,All ages,Invasive Non-typhoidal Salmonella (iNTS),Number,2018,46186.04938584955,72591.03249899512,26549.707699978535
Deaths,Low SDI,Both,All ages,Invasive Non-typhoidal Salmonella (iNTS),Rate,2018,4.434282641712831,6.9694022250131225,2.5490144656675033
Deaths,Low SDI,Both,Age-standardized,Invasive Non-typhoidal Salmonella (iNTS),Rate,2018,3.5976514926260075,5.580324939763761,2.0910054961621642
Deaths,Tropical Latin America,Both,All ages,Invasive Non-typhoidal Salmonella (iNTS),Number,2014,49.71213070077241,77.5862903852918,27.463585569646057
Deaths,Tropical Latin America,Both,All ages,Invasive Non-typhoidal Salmonella (iNTS),Rate,2014,0.023364203188227062,0.03646477887045345,0.012907609963225763
Deaths,Tropical Latin America,Both,Age-standardized,Invasive Non-typhoidal Salmonella (iNTS),Rate,2014,0.025559912697221736,0.0399815379441153,0.0144102885748492
Deaths,North Africa and Middle East,Both,All ages,Invasive Non-typhoidal Salmonella (iNTS),Number,2014,1120.3034901905335,1784.5546697416273,614.7289203139733
Deaths,North Africa and Middle East,Both,All ages,Invasive Non-typhoidal Salmonella (iNTS),Rate,2014,0.2009307900944798,0.3200668237648666,0.11025402378386416
Deaths,North Africa and Middle East,Both,Age-standardized,Invasive Non-typhoidal Salmonella (iNTS),Rate,2014,0.20627634202930142,0.3308070563890021,0.11385430430911786
Deaths,Central Sub-Saharan Africa,Both,All ages,Invasive Non-typhoidal Salmonella (iNTS),Number,2014,6744.588407643723,10721.610206198255,3756.9080298612716
Deaths,Central Sub-Saharan Africa,Both,All ages,Invasive Non-typhoidal Salmonella (iNTS),Rate,2014,5.959859735856761,9.474157518500897,3.319794114213333
Deaths,Central Sub-Saharan Africa,Both,Age-standardized,Invasive Non-typhoidal Salmonella (iNTS),Rate,2014,5.713842513965547,9.034952742252317,3.15790638204723
Deaths,Central Asia,Both,All ages,Invasive Non-typhoidal Salmonella (iNTS),Number,2019,6.691136244712852,11.990446578903985,3.399547377765531
Deaths,Central Asia,Both,All ages,Invasive Non-typhoidal Salmonella (iNTS),Rate,2019,0.007174150547886199,0.012856003188010966,0.0036449511399551976
Deaths,Central Asia,Both,Age-standardized,Invasive Non-typhoidal Salmonella (iNTS),Rate,2019,0.00743672782926426,0.013073093499327507,0.003816709522389401
Deaths,Global,Both,All ages,Invasive Non-typhoidal Salmonella (iNTS),Number,2019,65151.85599010058,101204.58881740236,37980.51839208023
Deaths,Global,Both,All ages,Invasive Non-typhoidal Salmonella (iNTS),Rate,2019,0.8411761521186619,1.3066532841537002,0.49036678742316187
Deaths,Global,Both,Age-standardized,Invasive Non-typhoidal Salmonella (iNTS),Rate,2019,0.9227503465340624,1.4367150645716886,0.5358989045102691
Deaths,Southern Sub-Saharan Africa,Both,All ages,Invasive Non-typhoidal Salmonella (iNTS),Number,2019,495.47944349209956,844.1302064572254,264.47846648323883
Deaths,Southern Sub-Saharan Africa,Both,All ages,Invasive Non-typhoidal Salmonella (iNTS),Rate,2019,0.6280999341851928,1.0700708860547734,0.33526901988250085
Deaths,Southern Sub-Saharan Africa,Both,Age-standardized,Invasive Non-typhoidal Salmonella (iNTS),Rate,2019,0.6207493981572356,1.0559874121703445,0.3309252587533393
Deaths,Low SDI,Both,All ages,Invasive Non-typhoidal Salmonella (iNTS),Number,2019,45814.17655567597,72626.18677120288,26566.431414464878
Deaths,Low SDI,Both,All ages,Invasive Non-typhoidal Salmonella (iNTS),Rate,2019,4.294275295517593,6.807430867609563,2.490136867887567
Deaths,Low SDI,Both,Age-standardized,Invasive Non-typhoidal Salmonella (iNTS),Rate,2019,3.5113116621205682,5.473709479161405,2.0170761267326345
Deaths,Central Asia,Both,All ages,Invasive Non-typhoidal Salmonella (iNTS),Number,2021,6.46278200669228,11.528166790262423,3.2940031509353487
Deaths,Central Asia,Both,All ages,Invasive Non-typhoidal Salmonella (iNTS),Rate,2021,0.006745498185394723,0.012032469621305233,0.0034381002259259528
Deaths,Central Asia,Both,Age-standardized,Invasive Non-typhoidal Salmonella (iNTS),Rate,2021,0.006982140522852058,0.012325044586393422,0.0036087600138977396
Deaths,Global,Both,All ages,Invasive Non-typhoidal Salmonella (iNTS),Number,2021,62018.15387980423,97785.78956459304,36079.121574733974
Deaths,Global,Both,All ages,Invasive Non-typhoidal Salmonella (iNTS),Rate,2021,0.7859001050427709,1.239151078883204,0.4571981534695087
Deaths,Global,Both,Age-standardized,Invasive Non-typhoidal Salmonella (iNTS),Rate,2021,0.8843334046942134,1.4105433170374257,0.5155209550565953
Deaths,Southern Sub-Saharan Africa,Both,All ages,Invasive Non-typhoidal Salmonella (iNTS),Number,2021,481.5000096023225,805.4130317691829,248.95444167918652
Deaths,Southern Sub-Saharan Africa,Both,All ages,Invasive Non-typhoidal Salmonella (iNTS),Rate,2021,0.5995979458988762,1.0029574035685724,0.3100157193694098
Deaths,Southern Sub-Saharan Africa,Both,Age-standardized,Invasive Non-typhoidal Salmonella (iNTS),Rate,2021,0.6047751470745415,1.012300005343659,0.31157918391983275
Deaths,Low-middle SDI,Both,All ages,Invasive Non-typhoidal Salmonella (iNTS),Number,2014,16032.740777346036,24072.849994701755,9240.136561789514
Deaths,Low-middle SDI,Both,All ages,Invasive Non-typhoidal Salmonella (iNTS),Rate,2014,0.9163072398264865,1.3758175872568166,0.5280946125266731
Deaths,Low-middle SDI,Both,Age-standardized,Invasive Non-typhoidal Salmonella (iNTS),Rate,2014,0.8769922237134362,1.3119580807060272,0.5078800253911878
Deaths,East Asia,Both,All ages,Invasive Non-typhoidal Salmonella (iNTS),Number,2013,602.6587316473549,1012.7271669207687,323.32970506268276
Deaths,East Asia,Both,All ages,Invasive Non-typhoidal Salmonella (iNTS),Rate,2013,0.04278826177060251,0.07190277489543237,0.022956136420054642
Deaths,East Asia,Both,Age-standardized,Invasive Non-typhoidal Salmonella (iNTS),Rate,2013,0.04399015160059942,0.07537405311168514,0.02287655892009988
Deaths,Southeast Asia,Both,All ages,Invasive Non-typhoidal Salmonella (iNTS),Number,2013,1574.6363378747164,2461.056836506891,884.9802792410319
Deaths,Southeast Asia,Both,All ages,Invasive Non-typhoidal Salmonella (iNTS),Rate,2013,0.24641241429586833,0.38512699231971165,0.13848920031043047
Deaths,Southeast Asia,Both,Age-standardized,Invasive Non-typhoidal Salmonella (iNTS),Rate,2013,0.2745001313729054,0.42754303119327425,0.1555952933382939
Deaths,Central Europe,Both,All ages,Invasive Non-typhoidal Salmonella (iNTS),Number,2013,12.600475092664364,17.579596335350242,9.122613825394074
Deaths,Central Europe,Both,All ages,Invasive Non-typhoidal Salmonella (iNTS),Rate,2013,0.010650021983194924,0.014858414944700672,0.007710505919035242
Deaths,Central Europe,Both,Age-standardized,Invasive Non-typhoidal Salmonella (iNTS),Rate,2013,0.008239501438617241,0.011658753407258544,0.005825799795807222
Deaths,Eastern Europe,Both,All ages,Invasive Non-typhoidal Salmonella (iNTS),Number,2013,26.89477444238439,41.97810995891854,17.288027022755397
Deaths,Eastern Europe,Both,All ages,Invasive Non-typhoidal Salmonella (iNTS),Rate,2013,0.01275033210932294,0.0199010720258874,0.008195944774599053
Deaths,Eastern Europe,Both,Age-standardized,Invasive Non-typhoidal Salmonella (iNTS),Rate,2013,0.011939744234744896,0.018369487500131284,0.007843569254050201
Deaths,High-income Asia Pacific,Both,All ages,Invasive Non-typhoidal Salmonella (iNTS),Number,2013,8.591935544460352,15.71009891029944,3.893330912075098
Deaths,High-income Asia Pacific,Both,All ages,Invasive Non-typhoidal Salmonella (iNTS),Rate,2013,0.004612455885198835,0.008433738568090928,0.00209007818849452
Deaths,High-income Asia Pacific,Both,Age-standardized,Invasive Non-typhoidal Salmonella (iNTS),Rate,2013,0.0037818312186432973,0.007311952213260108,0.0017368866193904426
Deaths,Australasia,Both,All ages,Invasive Non-typhoidal Salmonella (iNTS),Number,2013,2.5316939549941853,3.0824687633143686,2.051783616683384
Deaths,Australasia,Both,All ages,Invasive Non-typhoidal Salmonella (iNTS),Rate,2013,0.009351566314072435,0.011386017253123049,0.007578874419513351
Deaths,Australasia,Both,Age-standardized,Invasive Non-typhoidal Salmonella (iNTS),Rate,2013,0.00608097501615266,0.007278974980916828,0.005024561556219133
Deaths,Low SDI,Both,All ages,Invasive Non-typhoidal Salmonella (iNTS),Number,2021,44330.96595780286,71309.14603000425,25754.891733875244
Deaths,Low SDI,Both,All ages,Invasive Non-typhoidal Salmonella (iNTS),Rate,2021,3.967393651419461,6.381802136160887,2.3049304645252615
Deaths,Low SDI,Both,Age-standardized,Invasive Non-typhoidal Salmonella (iNTS),Rate,2021,3.2984593454599542,5.185861759522791,1.9101009223356276
Deaths,South Asia,Both,All ages,Invasive Non-typhoidal Salmonella (iNTS),Number,2013,7863.445965792335,12460.975709198277,4399.932957390262
Deaths,South Asia,Both,All ages,Invasive Non-typhoidal Salmonella (iNTS),Rate,2013,0.4721356361651437,0.7481797063646414,0.26417999881456744
Deaths,South Asia,Both,Age-standardized,Invasive Non-typhoidal Salmonella (iNTS),Rate,2013,0.4639653898064528,0.7348369586105272,0.25844080052353047
Deaths,Eastern Sub-Saharan Africa,Both,All ages,Invasive Non-typhoidal Salmonella (iNTS),Number,2013,4465.553899088127,6852.60359215549,2689.761720657751
Deaths,Eastern Sub-Saharan Africa,Both,All ages,Invasive Non-typhoidal Salmonella (iNTS),Rate,2013,1.2660306177406513,1.9427838415924128,0.7625752078538021
Deaths,Eastern Sub-Saharan Africa,Both,Age-standardized,Invasive Non-typhoidal Salmonella (iNTS),Rate,2013,1.0709258047916166,1.6183483331855626,0.6335045423071162
Deaths,High-income North America,Both,All ages,Invasive Non-typhoidal Salmonella (iNTS),Number,2014,35.007064391106645,38.904503986954566,31.228770890425626
Deaths,High-income North America,Both,All ages,Invasive Non-typhoidal Salmonella (iNTS),Rate,2014,0.009875654228753415,0.010975139903874016,0.008809780216279765
Deaths,High-income North America,Both,Age-standardized,Invasive Non-typhoidal Salmonella (iNTS),Rate,2014,0.006922748126291522,0.0076315140501260975,0.006251271248695471
Deaths,Caribbean,Both,All ages,Invasive Non-typhoidal Salmonella (iNTS),Number,2014,8.159781328279305,14.287192999806575,3.89490182738684
Deaths,Caribbean,Both,All ages,Invasive Non-typhoidal Salmonella (iNTS),Rate,2014,0.01804288507379222,0.03159180019067476,0.008612395751549299
Deaths,Caribbean,Both,Age-standardized,Invasive Non-typhoidal Salmonella (iNTS),Rate,2014,0.01860899898162095,0.0325196400485746,0.008935529897303732
Deaths,Western Sub-Saharan Africa,Both,All ages,Invasive Non-typhoidal Salmonella (iNTS),Number,2014,47773.133908109405,74333.45850841605,28113.570484588232
Deaths,Western Sub-Saharan Africa,Both,All ages,Invasive Non-typhoidal Salmonella (iNTS),Rate,2014,11.947628524200345,18.590125380634873,7.030949597840094
Deaths,Western Sub-Saharan Africa,Both,Age-standardized,Invasive Non-typhoidal Salmonella (iNTS),Rate,2014,8.98961680556099,13.811938441243477,5.292207729285733
Deaths,Oceania,Both,All ages,Invasive Non-typhoidal Salmonella (iNTS),Number,2015,30.750874991038252,50.13541281324111,16.65977067860301
Deaths,Oceania,Both,All ages,Invasive Non-typhoidal Salmonella (iNTS),Rate,2015,0.25493734354228537,0.4156430984070679,0.13811631968405697
Deaths,Oceania,Both,Age-standardized,Invasive Non-typhoidal Salmonella (iNTS),Rate,2015,0.260492129531222,0.4268696308531172,0.14232930835606622
Deaths,Western Europe,Both,All ages,Invasive Non-typhoidal Salmonella (iNTS),Number,2015,50.5361115345244,57.09091534792087,43.54572211401627
Deaths,Western Europe,Both,All ages,Invasive Non-typhoidal Salmonella (iNTS),Rate,2015,0.011739616915294264,0.013262307984859726,0.010115738635117763
Deaths,Western Europe,Both,Age-standardized,Invasive Non-typhoidal Salmonella (iNTS),Rate,2015,0.005434841624656185,0.006069575475883436,0.00478264951614684
Deaths,Southern Latin America,Both,All ages,Invasive Non-typhoidal Salmonella (iNTS),Number,2015,0.23557840909811242,0.2716566906821296,0.20116082326614967
Deaths,Southern Latin America,Both,All ages,Invasive Non-typhoidal Salmonella (iNTS),Rate,2015,0.00036567753659122297,0.00042168019483395427,0.0003122527000341196
Deaths,Southern Latin America,Both,Age-standardized,Invasive Non-typhoidal Salmonella (iNTS),Rate,2015,0.0003705964552489013,0.00042598846479742307,0.00031654508754176214
Deaths,Andean Latin America,Both,All ages,Invasive Non-typhoidal Salmonella (iNTS),Number,2015,24.086470963896428,39.05174010028829,13.261428678420128
Deaths,Andean Latin America,Both,All ages,Invasive Non-typhoidal Salmonella (iNTS),Rate,2015,0.04060208200566986,0.06582873665439253,0.022354524891613794
Deaths,Andean Latin America,Both,Age-standardized,Invasive Non-typhoidal Salmonella (iNTS),Rate,2015,0.042438183600123636,0.0690333972911533,0.023422446843661977
Deaths,Tropical Latin America,Both,All ages,Invasive Non-typhoidal Salmonella (iNTS),Number,2015,49.85618811701721,80.41758106704316,27.328233845239396
Deaths,Tropical Latin America,Both,All ages,Invasive Non-typhoidal Salmonella (iNTS),Rate,2015,0.023189465533246065,0.0374043984278193,0.0127111028896002
Deaths,Tropical Latin America,Both,Age-standardized,Invasive Non-typhoidal Salmonella (iNTS),Rate,2015,0.025295300911354006,0.04033264049872947,0.013967660023265742
Deaths,Central Latin America,Both,All ages,Invasive Non-typhoidal Salmonella (iNTS),Number,2015,14.826131616287913,24.412308044631775,8.502123712659296
Deaths,Central Latin America,Both,All ages,Invasive Non-typhoidal Salmonella (iNTS),Rate,2015,0.006105563786326519,0.010053256493029164,0.003501267895790988
Deaths,Central Latin America,Both,Age-standardized,Invasive Non-typhoidal Salmonella (iNTS),Rate,2015,0.006556621365808218,0.010620704182893341,0.0038170907683308447
Deaths,North Africa and Middle East,Both,All ages,Invasive Non-typhoidal Salmonella (iNTS),Number,2015,1112.9547875393916,1777.5741610871983,624.0657927684956
Deaths,North Africa and Middle East,Both,All ages,Invasive Non-typhoidal Salmonella (iNTS),Rate,2015,0.19615957573466045,0.3132995133132651,0.10999232180008917
Deaths,North Africa and Middle East,Both,Age-standardized,Invasive Non-typhoidal Salmonella (iNTS),Rate,2015,0.20159784033457978,0.32087646300459594,0.11321585358933622
Deaths,Central Sub-Saharan Africa,Both,All ages,Invasive Non-typhoidal Salmonella (iNTS),Number,2015,5761.530785487934,9223.223516022183,3195.185695908065
Deaths,Central Sub-Saharan Africa,Both,All ages,Invasive Non-typhoidal Salmonella (iNTS),Rate,2015,4.947651967812345,7.920342991755027,2.74383100333405
Deaths,Central Sub-Saharan Africa,Both,Age-standardized,Invasive Non-typhoidal Salmonella (iNTS),Rate,2015,4.73614392980702,7.570605349474369,2.57260861875279
Deaths,Global,Both,All ages,Invasive Non-typhoidal Salmonella (iNTS),Number,1996,56695.20590462895,90732.85857143835,32360.625192197127
Deaths,Global,Both,All ages,Invasive Non-typhoidal Salmonella (iNTS),Rate,1996,0.977774240237799,1.5647928328107272,0.5580963188342054
Deaths,Global,Both,Age-standardized,Invasive Non-typhoidal Salmonella (iNTS),Rate,1996,0.9570186782332127,1.5189273341327942,0.5467449262337937
Deaths,Low-middle SDI,Both,All ages,Invasive Non-typhoidal Salmonella (iNTS),Number,2015,15414.288455174801,23455.359415250583,8863.507681067034
Deaths,Low-middle SDI,Both,All ages,Invasive Non-typhoidal Salmonella (iNTS),Rate,2015,0.8677796690902255,1.3204686087813078,0.49898973830821525
Deaths,Low-middle SDI,Both,Age-standardized,Invasive Non-typhoidal Salmonella (iNTS),Rate,2015,0.8358254887883176,1.2667525413746759,0.49063329539419814
Deaths,Central Asia,Both,All ages,Invasive Non-typhoidal Salmonella (iNTS),Number,1996,6.3625130479757805,10.458148710021232,3.4837344825872325
Deaths,Central Asia,Both,All ages,Invasive Non-typhoidal Salmonella (iNTS),Rate,1996,0.00874520924372944,0.01437461865799586,0.0047883574886362764
Deaths,Central Asia,Both,Age-standardized,Invasive Non-typhoidal Salmonella (iNTS),Rate,1996,0.008876618287906066,0.014376695608078447,0.004843117800234676
Deaths,Oceania,Both,All ages,Invasive Non-typhoidal Salmonella (iNTS),Number,2016,31.37268114185001,51.53717154264184,17.161320451537968
Deaths,Oceania,Both,All ages,Invasive Non-typhoidal Salmonella (iNTS),Rate,2016,0.25385747244357787,0.41702193209281635,0.13886379088621345
Deaths,Oceania,Both,Age-standardized,Invasive Non-typhoidal Salmonella (iNTS),Rate,2016,0.25954240922838684,0.42010745934982524,0.14131034141085014
Deaths,Southern Latin America,Both,All ages,Invasive Non-typhoidal Salmonella (iNTS),Number,2016,0.2326537766207059,0.2688725092570077,0.19728969759918372
Deaths,Southern Latin America,Both,All ages,Invasive Non-typhoidal Salmonella (iNTS),Rate,2016,0.00035793700359767236,0.00041365939427727075,0.0003035294944490396
Deaths,Southern Latin America,Both,Age-standardized,Invasive Non-typhoidal Salmonella (iNTS),Rate,2016,0.0003644446609770157,0.0004196452610937565,0.00030923666772716225
Deaths,Western Europe,Both,All ages,Invasive Non-typhoidal Salmonella (iNTS),Number,2016,49.01489404858863,55.760401508232974,42.012141263669676
Deaths,Western Europe,Both,All ages,Invasive Non-typhoidal Salmonella (iNTS),Rate,2016,0.011342286303044773,0.012903229733642945,0.00972181504552744
Deaths,Western Europe,Both,Age-standardized,Invasive Non-typhoidal Salmonella (iNTS),Rate,2016,0.005132449892087808,0.005762848511333287,0.00448333897753843
Deaths,Tropical Latin America,Both,All ages,Invasive Non-typhoidal Salmonella (iNTS),Number,2016,50.67164268209387,81.14131507059213,27.70182687516961
Deaths,Tropical Latin America,Both,All ages,Invasive Non-typhoidal Salmonella (iNTS),Rate,2016,0.02333079206335735,0.03735997195781309,0.012754778183421635
Deaths,Tropical Latin America,Both,Age-standardized,Invasive Non-typhoidal Salmonella (iNTS),Rate,2016,0.02537638517007164,0.0405676443224712,0.013971126894073845
Deaths,Andean Latin America,Both,All ages,Invasive Non-typhoidal Salmonella (iNTS),Number,2016,23.936875254382908,39.2345689845935,12.814352326529956
Deaths,Andean Latin America,Both,All ages,Invasive Non-typhoidal Salmonella (iNTS),Rate,2016,0.03973574335360628,0.06513025393636995,0.02127210882282759
Deaths,Andean Latin America,Both,Age-standardized,Invasive Non-typhoidal Salmonella (iNTS),Rate,2016,0.04146623760973191,0.06753430666276401,0.02216770256572394
Deaths,Southern Sub-Saharan Africa,Both,All ages,Invasive Non-typhoidal Salmonella (iNTS),Number,1996,618.8862522205453,1091.144220243743,327.0610809448947
Deaths,Southern Sub-Saharan Africa,Both,All ages,Invasive Non-typhoidal Salmonella (iNTS),Rate,1996,1.0398537064635398,1.8333423268584592,0.5495285701375136
Deaths,Southern Sub-Saharan Africa,Both,Age-standardized,Invasive Non-typhoidal Salmonella (iNTS),Rate,1996,0.9887682932264713,1.6498453797499006,0.5436689808616301
Deaths,North Africa and Middle East,Both,All ages,Invasive Non-typhoidal Salmonella (iNTS),Number,2016,1083.409727875256,1738.5647273524899,600.6217730298544
Deaths,North Africa and Middle East,Both,All ages,Invasive Non-typhoidal Salmonella (iNTS),Rate,2016,0.18774224455751146,0.30127294948865035,0.10408073409113831
Deaths,North Africa and Middle East,Both,Age-standardized,Invasive Non-typhoidal Salmonella (iNTS),Rate,2016,0.19367754441130683,0.30910028041083537,0.10874220444890602
Deaths,Central Sub-Saharan Africa,Both,All ages,Invasive Non-typhoidal Salmonella (iNTS),Number,2016,5633.405295971473,9166.234076832849,3112.38129178655
Deaths,Central Sub-Saharan Africa,Both,All ages,Invasive Non-typhoidal Salmonella (iNTS),Rate,2016,4.7014154211263435,7.649773445786527,2.5974693161335995
Deaths,Central Sub-Saharan Africa,Both,Age-standardized,Invasive Non-typhoidal Salmonella (iNTS),Rate,2016,4.544463339025025,7.21208074239804,2.487823914126007
Deaths,Central Latin America,Both,All ages,Invasive Non-typhoidal Salmonella (iNTS),Number,2016,15.244787466117184,25.164298247399667,8.759538404622893
Deaths,Central Latin America,Both,All ages,Invasive Non-typhoidal Salmonella (iNTS),Rate,2016,0.006208686696803566,0.01024856818176561,0.0035674639403007664
Deaths,Central Latin America,Both,Age-standardized,Invasive Non-typhoidal Salmonella (iNTS),Rate,2016,0.006641454594521616,0.010836252611485474,0.0038520532773184445
Deaths,Low-middle SDI,Both,All ages,Invasive Non-typhoidal Salmonella (iNTS),Number,2016,15475.468770955013,23367.23281664217,8955.314718846625
Deaths,Low-middle SDI,Both,All ages,Invasive Non-typhoidal Salmonella (iNTS),Rate,2016,0.8584187306287786,1.2961720662327456,0.496748111938397
Deaths,Low-middle SDI,Both,Age-standardized,Invasive Non-typhoidal Salmonella (iNTS),Rate,2016,0.8315366607827469,1.253524756192711,0.4814808440129104
Deaths,Oceania,Both,All ages,Invasive Non-typhoidal Salmonella (iNTS),Number,2017,33.267600351570394,54.2519552191135,18.2566908791314
Deaths,Oceania,Both,All ages,Invasive Non-typhoidal Salmonella (iNTS),Rate,2017,0.26275070540811296,0.42848715726256265,0.14419309947864023
Deaths,Oceania,Both,Age-standardized,Invasive Non-typhoidal Salmonella (iNTS),Rate,2017,0.26730746637621844,0.4378921101703408,0.14570902013837733
Deaths,Low SDI,Both,All ages,Invasive Non-typhoidal Salmonella (iNTS),Number,1996,36542.74801144396,59503.176834009566,20450.721130214282
Deaths,Low SDI,Both,All ages,Invasive Non-typhoidal Salmonella (iNTS),Rate,1996,6.261136103509608,10.195114188792306,3.503971523189561
Deaths,Low SDI,Both,Age-standardized,Invasive Non-typhoidal Salmonella (iNTS),Rate,1996,5.084528739917515,7.9160098349266725,2.8700057763784965
Deaths,Western Europe,Both,All ages,Invasive Non-typhoidal Salmonella (iNTS),Number,2017,51.09533989331787,58.84323903275898,43.49079796455464
Deaths,Western Europe,Both,All ages,Invasive Non-typhoidal Salmonella (iNTS),Rate,2017,0.011778934104820235,0.013565045981261726,0.01002587015685031
Deaths,Western Europe,Both,Age-standardized,Invasive Non-typhoidal Salmonella (iNTS),Rate,2017,0.005237293584000283,0.005939471773324572,0.004541335642185596
Deaths,Andean Latin America,Both,All ages,Invasive Non-typhoidal Salmonella (iNTS),Number,2017,24.084705445885625,39.2991198989102,12.828005274827593
Deaths,Andean Latin America,Both,All ages,Invasive Non-typhoidal Salmonella (iNTS),Rate,2017,0.03933303159533512,0.06417988080135556,0.02094957473794282
Deaths,Andean Latin America,Both,Age-standardized,Invasive Non-typhoidal Salmonella (iNTS),Rate,2017,0.0409771452637921,0.06718284431907054,0.02183131883959012
Deaths,North Africa and Middle East,Both,All ages,Invasive Non-typhoidal Salmonella (iNTS),Number,2017,1052.6233855278706,1700.7285606050298,584.6147760759474
Deaths,North Africa and Middle East,Both,All ages,Invasive Non-typhoidal Salmonella (iNTS),Rate,2017,0.17940179509451512,0.28986032510387794,0.09963766880802022
Deaths,North Africa and Middle East,Both,Age-standardized,Invasive Non-typhoidal Salmonella (iNTS),Rate,2017,0.18575896269031433,0.29906606715959244,0.10424591646956229
Deaths,Central Latin America,Both,All ages,Invasive Non-typhoidal Salmonella (iNTS),Number,2017,15.584122242724936,25.839166582794743,9.00619223353492
Deaths,Central Latin America,Both,All ages,Invasive Non-typhoidal Salmonella (iNTS),Rate,2017,0.006282633798160227,0.010416885773925584,0.0036307856700462464
Deaths,Central Latin America,Both,Age-standardized,Invasive Non-typhoidal Salmonella (iNTS),Rate,2017,0.006699945247555631,0.010927018310823924,0.003917284291604702
Deaths,Southern Latin America,Both,All ages,Invasive Non-typhoidal Salmonella (iNTS),Number,2017,0.27168227579923887,0.3144595504572635,0.23008486754839522
Deaths,Southern Latin America,Both,All ages,Invasive Non-typhoidal Salmonella (iNTS),Rate,2017,0.0004143705007240855,0.0004796145092539457,0.00035092602745096153
Deaths,Southern Latin America,Both,Age-standardized,Invasive Non-typhoidal Salmonella (iNTS),Rate,2017,0.00042609306286724884,0.000493102524381342,0.0003621895615334404
Deaths,Central Sub-Saharan Africa,Both,All ages,Invasive Non-typhoidal Salmonella (iNTS),Number,2017,5423.119631164172,8752.426486477434,2975.078975322372
Deaths,Central Sub-Saharan Africa,Both,All ages,Invasive Non-typhoidal Salmonella (iNTS),Rate,2017,4.399594746769114,7.100549537964494,2.413581613769732
Deaths,Central Sub-Saharan Africa,Both,Age-standardized,Invasive Non-typhoidal Salmonella (iNTS),Rate,2017,4.317973007987952,6.859131873859748,2.3658744775815164
Deaths,Southeast Asia,Both,All ages,Invasive Non-typhoidal Salmonella (iNTS),Number,2014,1556.0469201964481,2453.655232222733,868.7132765670896
Deaths,Southeast Asia,Both,All ages,Invasive Non-typhoidal Salmonella (iNTS),Rate,2014,0.2405576424188048,0.37932372752458393,0.13429904653679167
Deaths,Southeast Asia,Both,Age-standardized,Invasive Non-typhoidal Salmonella (iNTS),Rate,2014,0.26755811172548477,0.42619192729528954,0.1501002222756348
Deaths,Tropical Latin America,Both,All ages,Invasive Non-typhoidal Salmonella (iNTS),Number,2017,51.366857816758895,82.20952133517427,28.29388067897924
Deaths,Tropical Latin America,Both,All ages,Invasive Non-typhoidal Salmonella (iNTS),Rate,2017,0.023414551698304212,0.03747356114835713,0.012897197922187624
Deaths,Tropical Latin America,Both,Age-standardized,Invasive Non-typhoidal Salmonella (iNTS),Rate,2017,0.025355637529671002,0.040412447716406896,0.014111567966567718
Deaths,East Asia,Both,All ages,Invasive Non-typhoidal Salmonella (iNTS),Number,2014,602.199785405964,1006.4903617735864,315.89224233987125
Deaths,East Asia,Both,All ages,Invasive Non-typhoidal Salmonella (iNTS),Rate,2014,0.04249206492621025,0.0710193773504199,0.022289801485304555
Deaths,East Asia,Both,Age-standardized,Invasive Non-typhoidal Salmonella (iNTS),Rate,2014,0.04320887778491406,0.0738149307511987,0.022377137568172743
Deaths,Central Europe,Both,All ages,Invasive Non-typhoidal Salmonella (iNTS),Number,2014,12.900311111957196,17.91885851327272,9.344061964356678
Deaths,Central Europe,Both,All ages,Invasive Non-typhoidal Salmonella (iNTS),Rate,2014,0.010930198547189369,0.015182322316825956,0.007917053443229996
Deaths,Central Europe,Both,Age-standardized,Invasive Non-typhoidal Salmonella (iNTS),Rate,2014,0.008279561560048974,0.011527466776442853,0.00586968194245429
Deaths,High-income Asia Pacific,Both,All ages,Invasive Non-typhoidal Salmonella (iNTS),Number,2014,8.57805569089341,15.728764233803378,3.804180236183465
Deaths,High-income Asia Pacific,Both,All ages,Invasive Non-typhoidal Salmonella (iNTS),Rate,2014,0.004595446793047092,0.008426233375187789,0.0020379802249478863
Deaths,High-income Asia Pacific,Both,Age-standardized,Invasive Non-typhoidal Salmonella (iNTS),Rate,2014,0.003736330599279488,0.007193610085351983,0.0016901915352759249
Deaths,Australasia,Both,All ages,Invasive Non-typhoidal Salmonella (iNTS),Number,2014,3.030756971714223,3.6539853334777623,2.4099697034115506
Deaths,Australasia,Both,All ages,Invasive Non-typhoidal Salmonella (iNTS),Rate,2014,0.011030416655120499,0.013298651477542334,0.008771066173547715
Deaths,Australasia,Both,Age-standardized,Invasive Non-typhoidal Salmonella (iNTS),Rate,2014,0.0070366090969511364,0.008360711039584585,0.005742073312865304
Deaths,Eastern Europe,Both,All ages,Invasive Non-typhoidal Salmonella (iNTS),Number,2014,26.942199172105923,41.859643530151516,17.388220892042746
Deaths,Eastern Europe,Both,All ages,Invasive Non-typhoidal Salmonella (iNTS),Rate,2014,0.012781011992231542,0.019857644230591033,0.008248734942723608
Deaths,Eastern Europe,Both,Age-standardized,Invasive Non-typhoidal Salmonella (iNTS),Rate,2014,0.01189698391019315,0.018237419138752497,0.007840926832798896
Deaths,Global,Both,All ages,Invasive Non-typhoidal Salmonella (iNTS),Number,2002,76439.53915868615,119209.10809252542,44056.93582153201
Deaths,Global,Both,All ages,Invasive Non-typhoidal Salmonella (iNTS),Rate,2002,1.2219809411114653,1.905705603399224,0.7043048203877798
Deaths,Global,Both,Age-standardized,Invasive Non-typhoidal Salmonella (iNTS),Rate,2002,1.2457413512727922,1.931459575910092,0.7195154515429102
Deaths,Central Asia,Both,All ages,Invasive Non-typhoidal Salmonella (iNTS),Number,2002,6.206096329828251,10.173523837980767,3.3816784075773905
Deaths,Central Asia,Both,All ages,Invasive Non-typhoidal Salmonella (iNTS),Rate,2002,0.008231792812992819,0.013494205690909538,0.0044854727564499364
Deaths,Central Asia,Both,Age-standardized,Invasive Non-typhoidal Salmonella (iNTS),Rate,2002,0.008784825160615083,0.014335631993621898,0.004749242050201049
Deaths,Low-middle SDI,Both,All ages,Invasive Non-typhoidal Salmonella (iNTS),Number,2017,15427.717649854634,23496.347391451054,9004.997777892926
Deaths,Low-middle SDI,Both,All ages,Invasive Non-typhoidal Salmonella (iNTS),Rate,2017,0.8435219730011743,1.2846803240623574,0.4923549720623134
Deaths,Low-middle SDI,Both,Age-standardized,Invasive Non-typhoidal Salmonella (iNTS),Rate,2017,0.8228797360614245,1.2507870556895815,0.47870638810755484
Deaths,South Asia,Both,All ages,Invasive Non-typhoidal Salmonella (iNTS),Number,2014,7560.9018010931295,12017.76645171546,4230.4027024077795
Deaths,South Asia,Both,All ages,Invasive Non-typhoidal Salmonella (iNTS),Rate,2014,0.4472554829271608,0.7108956152942925,0.2502440652473765
Deaths,South Asia,Both,Age-standardized,Invasive Non-typhoidal Salmonella (iNTS),Rate,2014,0.4440047729107349,0.706631244315577,0.25091563501135145
Deaths,Eastern Sub-Saharan Africa,Both,All ages,Invasive Non-typhoidal Salmonella (iNTS),Number,2014,4237.191415979558,6529.541825143041,2499.488843012675
Deaths,Eastern Sub-Saharan Africa,Both,All ages,Invasive Non-typhoidal Salmonella (iNTS),Rate,2014,1.1709992940138492,1.8045181623471147,0.6907640895158121
Deaths,Eastern Sub-Saharan Africa,Both,Age-standardized,Invasive Non-typhoidal Salmonella (iNTS),Rate,2014,0.998176462376792,1.515424971438304,0.5781105981861351
Deaths,Oceania,Both,All ages,Invasive Non-typhoidal Salmonella (iNTS),Number,2018,33.95107221580809,56.68683239467866,18.493819254943993
Deaths,Oceania,Both,All ages,Invasive Non-typhoidal Salmonella (iNTS),Rate,2018,0.2617518378358888,0.4370372301082554,0.14258139324190158
Deaths,Oceania,Both,Age-standardized,Invasive Non-typhoidal Salmonella (iNTS),Rate,2018,0.2661812776086543,0.4441160222680692,0.1435552627958614
Deaths,Southern Latin America,Both,All ages,Invasive Non-typhoidal Salmonella (iNTS),Number,2018,0.2287073690550498,0.2672507318227629,0.1916124348028941
Deaths,Southern Latin America,Both,All ages,Invasive Non-typhoidal Salmonella (iNTS),Rate,2018,0.00034551852377560753,0.0004037477179632349,0.00028947753578595917
Deaths,Southern Latin America,Both,Age-standardized,Invasive Non-typhoidal Salmonella (iNTS),Rate,2018,0.00035637508484335454,0.0004199369897490968,0.00029892953361123454
Deaths,Southern Sub-Saharan Africa,Both,All ages,Invasive Non-typhoidal Salmonella (iNTS),Number,2002,459.8402600137533,750.9596800809207,247.93210405093762
Deaths,Southern Sub-Saharan Africa,Both,All ages,Invasive Non-typhoidal Salmonella (iNTS),Rate,2002,0.7037150592875708,1.1492287251553719,0.37942209604761323
Deaths,Southern Sub-Saharan Africa,Both,Age-standardized,Invasive Non-typhoidal Salmonella (iNTS),Rate,2002,0.6896629982929626,1.0829629900797626,0.37550742749335464
Deaths,Andean Latin America,Both,All ages,Invasive Non-typhoidal Salmonella (iNTS),Number,2018,25.638178507424403,41.41747903650748,13.648073015815047
Deaths,Andean Latin America,Both,All ages,Invasive Non-typhoidal Salmonella (iNTS),Rate,2018,0.04106259483331199,0.06633502298928144,0.021859013593402567
Deaths,Andean Latin America,Both,Age-standardized,Invasive Non-typhoidal Salmonella (iNTS),Rate,2018,0.04271983287399486,0.06931262140698496,0.022663778627856793
Deaths,Tropical Latin America,Both,All ages,Invasive Non-typhoidal Salmonella (iNTS),Number,2018,51.22648655218759,82.85210812548893,28.27388978229508
Deaths,Tropical Latin America,Both,All ages,Invasive Non-typhoidal Salmonella (iNTS),Rate,2018,0.023118846513870892,0.03739169519565685,0.012760190327733264
Deaths,Tropical Latin America,Both,Age-standardized,Invasive Non-typhoidal Salmonella (iNTS),Rate,2018,0.024928118529959922,0.03999035327235085,0.013726040676089792
Deaths,Western Europe,Both,All ages,Invasive Non-typhoidal Salmonella (iNTS),Number,2018,52.33097851796359,60.54928321906228,44.48654276303753
Deaths,Western Europe,Both,All ages,Invasive Non-typhoidal Salmonella (iNTS),Rate,2018,0.012025988510654685,0.013914606700328814,0.01022328775991434
Deaths,Western Europe,Both,Age-standardized,Invasive Non-typhoidal Salmonella (iNTS),Rate,2018,0.005271920754754261,0.006030860348348857,0.00454136690400434
Deaths,Central Latin America,Both,All ages,Invasive Non-typhoidal Salmonella (iNTS),Number,2018,16.467766132881167,26.931883776637164,9.8360191094533
Deaths,Central Latin America,Both,All ages,Invasive Non-typhoidal Salmonella (iNTS),Rate,2018,0.0065916625184133035,0.010780204637850479,0.003937128932425325
Deaths,Central Latin America,Both,Age-standardized,Invasive Non-typhoidal Salmonella (iNTS),Rate,2018,0.0070088150894800786,0.011338069637125962,0.004202102983113221
Deaths,North Africa and Middle East,Both,All ages,Invasive Non-typhoidal Salmonella (iNTS),Number,2018,1023.7908680917891,1656.1234804941287,564.5474168138148
Deaths,North Africa and Middle East,Both,All ages,Invasive Non-typhoidal Salmonella (iNTS),Rate,2018,0.17161333979451862,0.27760833824339043,0.09463247885026135
Deaths,North Africa and Middle East,Both,Age-standardized,Invasive Non-typhoidal Salmonella (iNTS),Rate,2018,0.17832062216552388,0.2889406113228002,0.09957732436461329
Deaths,Central Sub-Saharan Africa,Both,All ages,Invasive Non-typhoidal Salmonella (iNTS),Number,2018,5270.445115716754,8531.850464719964,2926.3828947549496
Deaths,Central Sub-Saharan Africa,Both,All ages,Invasive Non-typhoidal Salmonella (iNTS),Rate,2018,4.15946062890685,6.733377413208694,2.3095154524124677
Deaths,Central Sub-Saharan Africa,Both,Age-standardized,Invasive Non-typhoidal Salmonella (iNTS),Rate,2018,4.1291349561917166,6.5918677938257755,2.2793915290093545
Deaths,Low-middle SDI,Both,All ages,Invasive Non-typhoidal Salmonella (iNTS),Number,2018,15128.82837389901,23094.52808329406,8805.448272618647
Deaths,Low-middle SDI,Both,All ages,Invasive Non-typhoidal Salmonella (iNTS),Rate,2018,0.8160704165923693,1.2457515339689684,0.4749783434992137
Deaths,Low-middle SDI,Both,Age-standardized,Invasive Non-typhoidal Salmonella (iNTS),Rate,2018,0.8029914855088838,1.229667692155859,0.46912205009870284
Deaths,East Asia,Both,All ages,Invasive Non-typhoidal Salmonella (iNTS),Number,2015,609.9105058452657,1042.8005133623199,323.51817210425963
Deaths,East Asia,Both,All ages,Invasive Non-typhoidal Salmonella (iNTS),Rate,2015,0.0427465648056873,0.0730863615180214,0.022674294633614207
Deaths,East Asia,Both,Age-standardized,Invasive Non-typhoidal Salmonella (iNTS),Rate,2015,0.04292829902893712,0.0742503776016575,0.02236563939234614
Deaths,Southeast Asia,Both,All ages,Invasive Non-typhoidal Salmonella (iNTS),Number,2015,1539.9593029703597,2428.9200015799925,876.375841381295
Deaths,Southeast Asia,Both,All ages,Invasive Non-typhoidal Salmonella (iNTS),Rate,2015,0.23524812451477362,0.3710480360526203,0.13387741653778917
Deaths,Southeast Asia,Both,Age-standardized,Invasive Non-typhoidal Salmonella (iNTS),Rate,2015,0.2612921137886199,0.4123452271117733,0.14737087891532838
Deaths,Low SDI,Both,All ages,Invasive Non-typhoidal Salmonella (iNTS),Number,2002,52681.050016949965,83702.02830790235,29894.31831545127
Deaths,Low SDI,Both,All ages,Invasive Non-typhoidal Salmonella (iNTS),Rate,2002,7.687492344745625,12.214234561567206,4.362334143443974
Deaths,Low SDI,Both,Age-standardized,Invasive Non-typhoidal Salmonella (iNTS),Rate,2002,6.248095049688118,9.595106484589616,3.5693350113432167
Deaths,Central Europe,Both,All ages,Invasive Non-typhoidal Salmonella (iNTS),Number,2015,13.01338254898248,18.00385272263336,9.401813510594954
Deaths,Central Europe,Both,All ages,Invasive Non-typhoidal Salmonella (iNTS),Rate,2015,0.011060179077089219,0.015301620039244535,0.007990677341972693
Deaths,Central Europe,Both,Age-standardized,Invasive Non-typhoidal Salmonella (iNTS),Rate,2015,0.008221442540570256,0.011504754725948895,0.0058687164508928495
Deaths,Australasia,Both,All ages,Invasive Non-typhoidal Salmonella (iNTS),Number,2015,3.3403832577798345,4.1112401711235655,2.6522808268126776
Deaths,Australasia,Both,All ages,Invasive Non-typhoidal Salmonella (iNTS),Rate,2015,0.011964407138285704,0.01472542144259538,0.009499798438741748
Deaths,Australasia,Both,Age-standardized,Invasive Non-typhoidal Salmonella (iNTS),Rate,2015,0.007510567905268465,0.009070423916021888,0.006043546253360824
Deaths,Eastern Europe,Both,All ages,Invasive Non-typhoidal Salmonella (iNTS),Number,2015,26.59466837338356,41.601324779687644,17.15371244684624
Deaths,Eastern Europe,Both,All ages,Invasive Non-typhoidal Salmonella (iNTS),Rate,2015,0.012627012839769122,0.019752096727412186,0.008144495139966195
Deaths,Eastern Europe,Both,Age-standardized,Invasive Non-typhoidal Salmonella (iNTS),Rate,2015,0.011680871251827802,0.017972514615741588,0.0075561680341227015
Deaths,High-income Asia Pacific,Both,All ages,Invasive Non-typhoidal Salmonella (iNTS),Number,2015,8.79558133114702,16.07280579099131,3.930251128970685
Deaths,High-income Asia Pacific,Both,All ages,Invasive Non-typhoidal Salmonella (iNTS),Rate,2015,0.0047049719384578016,0.008597737587975267,0.002102387616770262
Deaths,High-income Asia Pacific,Both,Age-standardized,Invasive Non-typhoidal Salmonella (iNTS),Rate,2015,0.003745131985864607,0.007112258016316366,0.0016972072234987439
Deaths,Global,Both,All ages,Invasive Non-typhoidal Salmonella (iNTS),Number,1993,52115.52118803848,82668.86428558167,30038.32625134955
Deaths,Global,Both,All ages,Invasive Non-typhoidal Salmonella (iNTS),Rate,1993,0.9347290502285263,1.4827250545633668,0.5387588098000818
Deaths,Global,Both,Age-standardized,Invasive Non-typhoidal Salmonella (iNTS),Rate,1993,0.8948476053206578,1.4047411352844057,0.5150861559439434
Deaths,Oceania,Both,All ages,Invasive Non-typhoidal Salmonella (iNTS),Number,2019,35.73578201647194,59.08680308543448,19.00938428015715
Deaths,Oceania,Both,All ages,Invasive Non-typhoidal Salmonella (iNTS),Rate,2019,0.2689667454630063,0.4447191086619411,0.1430748659909773
Deaths,Oceania,Both,Age-standardized,Invasive Non-typhoidal Salmonella (iNTS),Rate,2019,0.27252446538229835,0.44715730257749686,0.1487042342295656
Deaths,Southern Latin America,Both,All ages,Invasive Non-typhoidal Salmonella (iNTS),Number,2019,0.2259554878467425,0.2672173323346423,0.18717998835940639
Deaths,Southern Latin America,Both,All ages,Invasive Non-typhoidal Salmonella (iNTS),Rate,2019,0.0003380416158503921,0.00039977156415382895,0.0002800313739792337
Deaths,Southern Latin America,Both,Age-standardized,Invasive Non-typhoidal Salmonella (iNTS),Rate,2019,0.0003529547166380876,0.0004181680608908682,0.00028974850237376703
Deaths,South Asia,Both,All ages,Invasive Non-typhoidal Salmonella (iNTS),Number,2015,7377.150748551696,11721.98033985837,4146.2314124840905
Deaths,South Asia,Both,All ages,Invasive Non-typhoidal Salmonella (iNTS),Rate,2015,0.4301434192152954,0.6834796895469487,0.24175650158347503
Deaths,South Asia,Both,Age-standardized,Invasive Non-typhoidal Salmonella (iNTS),Rate,2015,0.4300889587128505,0.6780114538997102,0.2458741354275539
Deaths,Eastern Sub-Saharan Africa,Both,All ages,Invasive Non-typhoidal Salmonella (iNTS),Number,2015,4023.7368717892678,6140.98476389047,2390.9755813808324
Deaths,Eastern Sub-Saharan Africa,Both,All ages,Invasive Non-typhoidal Salmonella (iNTS),Rate,2015,1.0850349697024155,1.6559689237999067,0.644746960391855
Deaths,Eastern Sub-Saharan Africa,Both,Age-standardized,Invasive Non-typhoidal Salmonella (iNTS),Rate,2015,0.931933976769694,1.4067921844170859,0.5541846137724876
Deaths,Andean Latin America,Both,All ages,Invasive Non-typhoidal Salmonella (iNTS),Number,2019,26.65926648647069,44.0240443815376,14.110823832136509
Deaths,Andean Latin America,Both,All ages,Invasive Non-typhoidal Salmonella (iNTS),Rate,2019,0.041716225315574305,0.06888850282715317,0.022080513980702227
Deaths,Andean Latin America,Both,Age-standardized,Invasive Non-typhoidal Salmonella (iNTS),Rate,2019,0.04346113597868986,0.07133399902971051,0.023324003323135098
Deaths,Central Sub-Saharan Africa,Both,All ages,Invasive Non-typhoidal Salmonella (iNTS),Number,2019,5044.070579552961,8094.330393226287,2717.5705516008284
Deaths,Central Sub-Saharan Africa,Both,All ages,Invasive Non-typhoidal Salmonella (iNTS),Rate,2019,3.875121174905506,6.218491713938764,2.087781093210104
Deaths,Central Sub-Saharan Africa,Both,Age-standardized,Invasive Non-typhoidal Salmonella (iNTS),Rate,2019,3.9110883732560873,6.249917755389453,2.1375723904650554
Deaths,Central Latin America,Both,All ages,Invasive Non-typhoidal Salmonella (iNTS),Number,2019,17.208229209395906,26.730907318495447,10.528325521352931
Deaths,Central Latin America,Both,All ages,Invasive Non-typhoidal Salmonella (iNTS),Rate,2019,0.006859029242130992,0.010654674152419085,0.004196485980219511
Deaths,Central Latin America,Both,Age-standardized,Invasive Non-typhoidal Salmonella (iNTS),Rate,2019,0.007271453543777094,0.01123025977623688,0.004484407271352048
Deaths,Tropical Latin America,Both,All ages,Invasive Non-typhoidal Salmonella (iNTS),Number,2019,49.517371521940106,82.13434589985859,28.257556802546606
Deaths,Tropical Latin America,Both,All ages,Invasive Non-typhoidal Salmonella (iNTS),Rate,2019,0.022130335424703673,0.036707534523457847,0.012628885401275674
Deaths,Tropical Latin America,Both,Age-standardized,Invasive Non-typhoidal Salmonella (iNTS),Rate,2019,0.02360997338848951,0.03924156465494347,0.0132897385527159
Deaths,Western Europe,Both,All ages,Invasive Non-typhoidal Salmonella (iNTS),Number,2019,51.145257095697026,59.91089051299457,42.854662025066084
Deaths,Western Europe,Both,All ages,Invasive Non-typhoidal Salmonella (iNTS),Rate,2019,0.011725041043070738,0.013734560936460314,0.009824423605705172
Deaths,Western Europe,Both,Age-standardized,Invasive Non-typhoidal Salmonella (iNTS),Rate,2019,0.005024377702871477,0.005801697661730643,0.004287487840032827
Deaths,Central Asia,Both,All ages,Invasive Non-typhoidal Salmonella (iNTS),Number,1993,6.5823282688520655,10.52377859531238,3.7946819223379498
Deaths,Central Asia,Both,All ages,Invasive Non-typhoidal Salmonella (iNTS),Rate,1993,0.009220786354829869,0.01474212620663326,0.0053157408535802865
Deaths,Central Asia,Both,Age-standardized,Invasive Non-typhoidal Salmonella (iNTS),Rate,1993,0.009028470641720241,0.014510096398707317,0.005046948348487174
Deaths,North Africa and Middle East,Both,All ages,Invasive Non-typhoidal Salmonella (iNTS),Number,2019,1015.1579786664967,1648.4004044604762,557.7612437014094
Deaths,North Africa and Middle East,Both,All ages,Invasive Non-typhoidal Salmonella (iNTS),Rate,2019,0.16747730887074835,0.2719474894371974,0.09201755199739395
Deaths,North Africa and Middle East,Both,Age-standardized,Invasive Non-typhoidal Salmonella (iNTS),Rate,2019,0.17446435155718998,0.285075224632639,0.09631367930718969
Deaths,Southern Sub-Saharan Africa,Both,All ages,Invasive Non-typhoidal Salmonella (iNTS),Number,1993,741.9099701173774,1476.975087897639,371.59252144133154
Deaths,Southern Sub-Saharan Africa,Both,All ages,Invasive Non-typhoidal Salmonella (iNTS),Rate,1993,1.3241814165522345,2.6361459515030283,0.663228600829493
Deaths,Southern Sub-Saharan Africa,Both,Age-standardized,Invasive Non-typhoidal Salmonella (iNTS),Rate,1993,1.2444425453041015,2.3115141023284904,0.6567927766297968
Deaths,Low-middle SDI,Both,All ages,Invasive Non-typhoidal Salmonella (iNTS),Number,2019,14833.968922346958,22980.12226659774,8629.590902251182
Deaths,Low-middle SDI,Both,All ages,Invasive Non-typhoidal Salmonella (iNTS),Rate,2019,0.7902023607745072,1.2241462120495892,0.4596964668844814
Deaths,Low-middle SDI,Both,Age-standardized,Invasive Non-typhoidal Salmonella (iNTS),Rate,2019,0.7845600856608743,1.2103470467644095,0.45648160181546754
Deaths,Western Europe,Both,All ages,Invasive Non-typhoidal Salmonella (iNTS),Number,2021,48.6479445027252,57.23538369934813,40.10993472947021
Deaths,Western Europe,Both,All ages,Invasive Non-typhoidal Salmonella (iNTS),Rate,2021,0.011122345438111502,0.013085685639839207,0.009170306250786856
Deaths,Western Europe,Both,Age-standardized,Invasive Non-typhoidal Salmonella (iNTS),Rate,2021,0.004591250151031025,0.005335202529647245,0.0038870207923864504
Deaths,Andean Latin America,Both,All ages,Invasive Non-typhoidal Salmonella (iNTS),Number,2021,24.789636619327744,43.80372948461821,12.709845820958337
Deaths,Andean Latin America,Both,All ages,Invasive Non-typhoidal Salmonella (iNTS),Rate,2021,0.037484349158301324,0.06623551267213916,0.01921852691174701
Deaths,Andean Latin America,Both,Age-standardized,Invasive Non-typhoidal Salmonella (iNTS),Rate,2021,0.039235777923674504,0.06893216155748484,0.020154167603489852
Deaths,Oceania,Both,All ages,Invasive Non-typhoidal Salmonella (iNTS),Number,2021,35.147342831640515,57.397110248419324,19.259346895762977
Deaths,Oceania,Both,All ages,Invasive Non-typhoidal Salmonella (iNTS),Rate,2021,0.25235790038110073,0.41211121704467085,0.13828209912217598
Deaths,Oceania,Both,Age-standardized,Invasive Non-typhoidal Salmonella (iNTS),Rate,2021,0.2562053937398514,0.4213918441709521,0.14060867839517194
Deaths,North Africa and Middle East,Both,All ages,Invasive Non-typhoidal Salmonella (iNTS),Number,2021,1001.7720474772125,1646.8554824285854,549.5806032944239
Deaths,North Africa and Middle East,Both,All ages,Invasive Non-typhoidal Salmonella (iNTS),Rate,2021,0.1607980649603932,0.2643427469460864,0.08821517606930349
Deaths,North Africa and Middle East,Both,Age-standardized,Invasive Non-typhoidal Salmonella (iNTS),Rate,2021,0.16831455390599495,0.2778330208534639,0.0929863529387502
Deaths,Southern Latin America,Both,All ages,Invasive Non-typhoidal Salmonella (iNTS),Number,2021,0.19452847621501543,0.2376665140899734,0.15738015692588178
Deaths,Southern Latin America,Both,All ages,Invasive Non-typhoidal Salmonella (iNTS),Rate,2021,0.0002873626499291364,0.0003510873092576228,0.00023248616254258137
Deaths,Southern Latin America,Both,Age-standardized,Invasive Non-typhoidal Salmonella (iNTS),Rate,2021,0.00030217866989629437,0.0003724418547954587,0.00024084524651294228
Deaths,Central Latin America,Both,All ages,Invasive Non-typhoidal Salmonella (iNTS),Number,2021,16.712365319089162,26.818608645116402,10.190069235310633
Deaths,Central Latin America,Both,All ages,Invasive Non-typhoidal Salmonella (iNTS),Rate,2021,0.006605628553267191,0.010600161236466676,0.004027665205693693
Deaths,Central Latin America,Both,Age-standardized,Invasive Non-typhoidal Salmonella (iNTS),Rate,2021,0.0069936324524883485,0.011354255921952968,0.004278680268018346
Deaths,Low SDI,Both,All ages,Invasive Non-typhoidal Salmonella (iNTS),Number,1993,32452.863097110592,52313.78727549624,18007.804643372292
Deaths,Low SDI,Both,All ages,Invasive Non-typhoidal Salmonella (iNTS),Rate,1993,6.004711252682469,9.679552345924689,3.3319607843103607
Deaths,Low SDI,Both,Age-standardized,Invasive Non-typhoidal Salmonella (iNTS),Rate,1993,4.866487207956313,7.597421387016911,2.7110813579217035
Deaths,Tropical Latin America,Both,All ages,Invasive Non-typhoidal Salmonella (iNTS),Number,2021,45.81263679782225,76.22259705588321,26.128284895682924
Deaths,Tropical Latin America,Both,All ages,Invasive Non-typhoidal Salmonella (iNTS),Rate,2021,0.020135220671822128,0.033500774440744334,0.011483704473780058
Deaths,Tropical Latin America,Both,Age-standardized,Invasive Non-typhoidal Salmonella (iNTS),Rate,2021,0.021041302696596976,0.03462161085625029,0.011973407245501133
Deaths,Central Sub-Saharan Africa,Both,All ages,Invasive Non-typhoidal Salmonella (iNTS),Number,2021,4577.751289725466,7234.4417487515575,2498.209300578166
Deaths,Central Sub-Saharan Africa,Both,All ages,Invasive Non-typhoidal Salmonella (iNTS),Rate,2021,3.3431727603139927,5.283377593009211,1.8244646234935316
Deaths,Central Sub-Saharan Africa,Both,Age-standardized,Invasive Non-typhoidal Salmonella (iNTS),Rate,2021,3.5019896787245774,5.48361926490701,1.9181632730594174
Deaths,East Asia,Both,All ages,Invasive Non-typhoidal Salmonella (iNTS),Number,2016,614.3264311249885,1044.115308102235,325.9212910713085
Deaths,East Asia,Both,All ages,Invasive Non-typhoidal Salmonella (iNTS),Rate,2016,0.04273781465443541,0.07263761455585682,0.022673879917932262
Deaths,East Asia,Both,Age-standardized,Invasive Non-typhoidal Salmonella (iNTS),Rate,2016,0.04212054295225991,0.07387345257750591,0.022226418619919086
Deaths,High-income Asia Pacific,Both,All ages,Invasive Non-typhoidal Salmonella (iNTS),Number,2016,9.074945539886365,16.46607518266181,4.123533089403955
Deaths,High-income Asia Pacific,Both,All ages,Invasive Non-typhoidal Salmonella (iNTS),Rate,2016,0.004851405635332789,0.008802654471244252,0.0022044134126744347
Deaths,High-income Asia Pacific,Both,Age-standardized,Invasive Non-typhoidal Salmonella (iNTS),Rate,2016,0.003785431479429211,0.007142400268486998,0.001738841437886254
Deaths,Southeast Asia,Both,All ages,Invasive Non-typhoidal Salmonella (iNTS),Number,2016,1517.5890530177232,2395.1600172654203,849.5235014580393
Deaths,Southeast Asia,Both,All ages,Invasive Non-typhoidal Salmonella (iNTS),Rate,2016,0.22915006012380035,0.3616598715384148,0.12827475333232907
Deaths,Southeast Asia,Both,Age-standardized,Invasive Non-typhoidal Salmonella (iNTS),Rate,2016,0.25393433960712675,0.4012418683421456,0.14116272308198427
Deaths,Australasia,Both,All ages,Invasive Non-typhoidal Salmonella (iNTS),Number,2016,3.1310649407230517,3.8657017024579297,2.4741774967756647
Deaths,Australasia,Both,All ages,Invasive Non-typhoidal Salmonella (iNTS),Rate,2016,0.01102559414191116,0.013612511669960324,0.008712459636240774
Deaths,Australasia,Both,Age-standardized,Invasive Non-typhoidal Salmonella (iNTS),Rate,2016,0.006772621747641918,0.008193537727397032,0.005457061406602135
Deaths,Central Europe,Both,All ages,Invasive Non-typhoidal Salmonella (iNTS),Number,2016,13.761752113100108,18.644970908020174,10.045208306386069
Deaths,Central Europe,Both,All ages,Invasive Non-typhoidal Salmonella (iNTS),Rate,2016,0.011730671783800276,0.01589318223021085,0.00856264817689512
Deaths,Central Europe,Both,Age-standardized,Invasive Non-typhoidal Salmonella (iNTS),Rate,2016,0.00853967840764186,0.011836116170279963,0.006177499662034636
Deaths,Eastern Europe,Both,All ages,Invasive Non-typhoidal Salmonella (iNTS),Number,2016,26.427664168506297,41.40964212014737,17.075355152712522
Deaths,Eastern Europe,Both,All ages,Invasive Non-typhoidal Salmonella (iNTS),Rate,2016,0.012563138724726492,0.01968524630779325,0.008117253730397523
Deaths,Eastern Europe,Both,Age-standardized,Invasive Non-typhoidal Salmonella (iNTS),Rate,2016,0.011527533281311316,0.017749997040482253,0.00740156584929889
Deaths,South Asia,Both,All ages,Invasive Non-typhoidal Salmonella (iNTS),Number,2016,7378.05284680743,11902.928897673655,4127.503968628318
Deaths,South Asia,Both,All ages,Invasive Non-typhoidal Salmonella (iNTS),Rate,2016,0.4242393154918044,0.6844204714637884,0.23733219247653978
Deaths,South Asia,Both,Age-standardized,Invasive Non-typhoidal Salmonella (iNTS),Rate,2016,0.4261457485279743,0.6812442896221436,0.2433500759047008
Deaths,High-middle SDI,Both,All ages,Invasive Non-typhoidal Salmonella (iNTS),Number,2014,431.9918504423531,703.1704577372215,243.3759121104563
Deaths,High-middle SDI,Both,All ages,Invasive Non-typhoidal Salmonella (iNTS),Rate,2014,0.03432569341395372,0.05587330762217295,0.019338436442470935
Deaths,High-middle SDI,Both,Age-standardized,Invasive Non-typhoidal Salmonella (iNTS),Rate,2014,0.0360380059154704,0.05925713594088496,0.020399084635406066
Deaths,High SDI,Both,All ages,Invasive Non-typhoidal Salmonella (iNTS),Number,2014,207.7841482815178,291.715103480673,148.78495482812244
Deaths,High SDI,Both,All ages,Invasive Non-typhoidal Salmonella (iNTS),Rate,2014,0.019662481993947642,0.027604814982228866,0.014079425786199352
Deaths,High SDI,Both,Age-standardized,Invasive Non-typhoidal Salmonella (iNTS),Rate,2014,0.015576595148313084,0.023287415369140387,0.010318311360548985
Deaths,Eastern Sub-Saharan Africa,Both,All ages,Invasive Non-typhoidal Salmonella (iNTS),Number,2016,4083.021018769862,6293.804281303422,2404.944833201263
Deaths,Eastern Sub-Saharan Africa,Both,All ages,Invasive Non-typhoidal Salmonella (iNTS),Rate,2016,1.0754324765589638,1.6577336962274054,0.6334417006593172
Deaths,Eastern Sub-Saharan Africa,Both,Age-standardized,Invasive Non-typhoidal Salmonella (iNTS),Rate,2016,0.9240096358085716,1.4060650029663557,0.5409594851690843
Deaths,Middle SDI,Both,All ages,Invasive Non-typhoidal Salmonella (iNTS),Number,2014,4434.702095523241,6761.97134768853,2534.30024228712
Deaths,Middle SDI,Both,All ages,Invasive Non-typhoidal Salmonella (iNTS),Rate,2014,0.19371803361020015,0.2953785315421922,0.11070408991154339
Deaths,Middle SDI,Both,Age-standardized,Invasive Non-typhoidal Salmonella (iNTS),Rate,2014,0.2184895956544865,0.335269111004623,0.1243361133335495
Deaths,Low-middle SDI,Both,All ages,Invasive Non-typhoidal Salmonella (iNTS),Number,2021,13408.343058678382,20744.855465325745,7732.534580171651
Deaths,Low-middle SDI,Both,All ages,Invasive Non-typhoidal Salmonella (iNTS),Rate,2021,0.6979468556737237,1.0798356351763205,0.4025029918313487
Deaths,Low-middle SDI,Both,Age-standardized,Invasive Non-typhoidal Salmonella (iNTS),Rate,2021,0.7068712172972803,1.0891106497352911,0.4084497910440454
Deaths,Global,Both,All ages,Invasive Non-typhoidal Salmonella (iNTS),Number,2020,63462.031821732424,99468.13458893179,36763.52025393112
Deaths,Global,Both,All ages,Invasive Non-typhoidal Salmonella (iNTS),Rate,2020,0.81128971189409,1.2715866784722507,0.46997968547251134
Deaths,Global,Both,Age-standardized,Invasive Non-typhoidal Salmonella (iNTS),Rate,2020,0.9011275374449681,1.420794567671771,0.521481995173102
Deaths,Central Asia,Both,All ages,Invasive Non-typhoidal Salmonella (iNTS),Number,2020,6.389567097982534,11.470262395509316,3.2730667362684573
Deaths,Central Asia,Both,All ages,Invasive Non-typhoidal Salmonella (iNTS),Rate,2020,0.006755699129484876,0.012127526089329621,0.0034606184991681807
Deaths,Central Asia,Both,Age-standardized,Invasive Non-typhoidal Salmonella (iNTS),Rate,2020,0.007013566963432277,0.012418175888285218,0.003584579507764943
Deaths,Oceania,Both,All ages,Invasive Non-typhoidal Salmonella (iNTS),Number,1996,19.824927908160003,31.79573346354085,10.991375277945616
Deaths,Oceania,Both,All ages,Invasive Non-typhoidal Salmonella (iNTS),Rate,1996,0.2627522223170904,0.4214088276360667,0.1456756006367432
Deaths,Oceania,Both,Age-standardized,Invasive Non-typhoidal Salmonella (iNTS),Rate,1996,0.2729099823355164,0.4312549257386702,0.14962264199573208
Deaths,East Asia,Both,All ages,Invasive Non-typhoidal Salmonella (iNTS),Number,2017,608.8405631559657,1054.2470810186855,328.04755521384186
Deaths,East Asia,Both,All ages,Invasive Non-typhoidal Salmonella (iNTS),Rate,2017,0.04205035152137048,0.07281292185497536,0.022657023607237113
Deaths,East Asia,Both,Age-standardized,Invasive Non-typhoidal Salmonella (iNTS),Rate,2017,0.0407230716401014,0.0695374855869143,0.02168400338439354
Deaths,Southeast Asia,Both,All ages,Invasive Non-typhoidal Salmonella (iNTS),Number,2017,1494.730430858303,2342.9287717852867,830.4677288166225
Deaths,Southeast Asia,Both,All ages,Invasive Non-typhoidal Salmonella (iNTS),Rate,2017,0.22313832816061843,0.3497601964491887,0.12397498356481515
Deaths,Southeast Asia,Both,Age-standardized,Invasive Non-typhoidal Salmonella (iNTS),Rate,2017,0.246811551108034,0.39424732432280507,0.1372710253509497
Deaths,Australasia,Both,All ages,Invasive Non-typhoidal Salmonella (iNTS),Number,2017,3.119500519872912,3.9191054231204654,2.4726479495814373
Deaths,Australasia,Both,All ages,Invasive Non-typhoidal Salmonella (iNTS),Rate,2017,0.010792735542722373,0.013559179787381944,0.008554778317900195
Deaths,Australasia,Both,Age-standardized,Invasive Non-typhoidal Salmonella (iNTS),Rate,2017,0.00659480139765468,0.008176533582227332,0.005294956970025791
Deaths,Tropical Latin America,Both,All ages,Invasive Non-typhoidal Salmonella (iNTS),Number,1996,65.89811386602528,100.91092109472375,41.35863658761506
Deaths,Tropical Latin America,Both,All ages,Invasive Non-typhoidal Salmonella (iNTS),Rate,1996,0.03912476434200925,0.059912428076362094,0.02455528413585599
Deaths,Tropical Latin America,Both,Age-standardized,Invasive Non-typhoidal Salmonella (iNTS),Rate,1996,0.04387063471872768,0.06437547658511433,0.028034524365991055
Deaths,Eastern Europe,Both,All ages,Invasive Non-typhoidal Salmonella (iNTS),Number,2017,26.10035937139663,42.558175536879794,16.062273963211766
Deaths,Eastern Europe,Both,All ages,Invasive Non-typhoidal Salmonella (iNTS),Rate,2017,0.012428727883562607,0.020265773947482055,0.007648692856649697
Deaths,Eastern Europe,Both,Age-standardized,Invasive Non-typhoidal Salmonella (iNTS),Rate,2017,0.011173012415271865,0.017688877617674858,0.007043233023093907
Deaths,Central Europe,Both,All ages,Invasive Non-typhoidal Salmonella (iNTS),Number,2017,14.488325224951442,19.58965166927961,10.667276687263323
Deaths,Central Europe,Both,All ages,Invasive Non-typhoidal Salmonella (iNTS),Rate,2017,0.012379776915089038,0.016738685372159424,0.009114822012168941
Deaths,Central Europe,Both,Age-standardized,Invasive Non-typhoidal Salmonella (iNTS),Rate,2017,0.008683020244065484,0.011897070378789532,0.006255051942307584
Deaths,Andean Latin America,Both,All ages,Invasive Non-typhoidal Salmonella (iNTS),Number,1996,23.24003502200999,37.62077220594349,12.779066724409354
Deaths,Andean Latin America,Both,All ages,Invasive Non-typhoidal Salmonella (iNTS),Rate,1996,0.05404354875672814,0.08748523980502257,0.029717085836231547
Deaths,Andean Latin America,Both,Age-standardized,Invasive Non-typhoidal Salmonella (iNTS),Rate,1996,0.05594181147421051,0.09461900045942254,0.0305293588323284
Deaths,Western Europe,Both,All ages,Invasive Non-typhoidal Salmonella (iNTS),Number,1996,224.30705829019888,255.1744173728393,197.05023162621032
Deaths,Western Europe,Both,All ages,Invasive Non-typhoidal Salmonella (iNTS),Rate,1996,0.057172856565484036,0.06504053182652683,0.05022545752610848
Deaths,Western Europe,Both,Age-standardized,Invasive Non-typhoidal Salmonella (iNTS),Rate,1996,0.036473591380736095,0.04117861870523235,0.03228292969907278
Deaths,North Africa and Middle East,Both,All ages,Invasive Non-typhoidal Salmonella (iNTS),Number,1996,965.2673204407519,1517.4752089943534,533.4294151353649
Deaths,North Africa and Middle East,Both,All ages,Invasive Non-typhoidal Salmonella (iNTS),Rate,1996,0.24892571338332498,0.39133055780646314,0.13756220156877338
Deaths,North Africa and Middle East,Both,Age-standardized,Invasive Non-typhoidal Salmonella (iNTS),Rate,1996,0.24972742264686804,0.3898453592936781,0.14002347627037087
Deaths,Central Latin America,Both,All ages,Invasive Non-typhoidal Salmonella (iNTS),Number,1996,92.54718592138501,108.52626717823729,80.02486035548019
Deaths,Central Latin America,Both,All ages,Invasive Non-typhoidal Salmonella (iNTS),Rate,1996,0.04973961361415191,0.05832759302932406,0.04300947234623896
Deaths,Central Latin America,Both,Age-standardized,Invasive Non-typhoidal Salmonella (iNTS),Rate,1996,0.06700056674818543,0.07665582239413823,0.059041196233345035
Deaths,Southern Latin America,Both,All ages,Invasive Non-typhoidal Salmonella (iNTS),Number,1996,0.9686915866742339,1.1154163738659952,0.8385391921233526
Deaths,Southern Latin America,Both,All ages,Invasive Non-typhoidal Salmonella (iNTS),Rate,1996,0.001826148668486209,0.0021027498885753293,0.0015807892318203138
Deaths,Southern Latin America,Both,Age-standardized,Invasive Non-typhoidal Salmonella (iNTS),Rate,1996,0.0018932119365405787,0.002176690444893768,0.0016411067878192003
Deaths,Southern Sub-Saharan Africa,Both,All ages,Invasive Non-typhoidal Salmonella (iNTS),Number,2020,463.1305006779115,750.7646888337741,244.7337821663377
Deaths,Southern Sub-Saharan Africa,Both,All ages,Invasive Non-typhoidal Salmonella (iNTS),Rate,2020,0.5812594949277028,0.9422594780570606,0.3071571282943506
Deaths,Southern Sub-Saharan Africa,Both,Age-standardized,Invasive Non-typhoidal Salmonella (iNTS),Rate,2020,0.5810768258832042,0.9386834091535521,0.3063297853042558
Deaths,High-income Asia Pacific,Both,All ages,Invasive Non-typhoidal Salmonella (iNTS),Number,2017,9.259662436217475,16.845124153204445,4.25918305787983
Deaths,High-income Asia Pacific,Both,All ages,Invasive Non-typhoidal Salmonella (iNTS),Rate,2017,0.004952972218496298,0.009010418308728842,0.0022782272576867693
Deaths,High-income Asia Pacific,Both,Age-standardized,Invasive Non-typhoidal Salmonella (iNTS),Rate,2017,0.0038000650672081657,0.007198161297910243,0.001735271222023259
Deaths,Central Sub-Saharan Africa,Both,All ages,Invasive Non-typhoidal Salmonella (iNTS),Number,1996,8056.599069055091,13144.290828331068,4541.285981543832
Deaths,Central Sub-Saharan Africa,Both,All ages,Invasive Non-typhoidal Salmonella (iNTS),Rate,1996,12.316512644245229,20.094313096526406,6.942483513627074
Deaths,Central Sub-Saharan Africa,Both,Age-standardized,Invasive Non-typhoidal Salmonella (iNTS),Rate,1996,11.660527596601385,18.555273677174203,6.504768061051274
Deaths,South Asia,Both,All ages,Invasive Non-typhoidal Salmonella (iNTS),Number,2017,7521.928890022683,12207.547069167673,4213.076563033971
Deaths,South Asia,Both,All ages,Invasive Non-typhoidal Salmonella (iNTS),Rate,2017,0.42674999028891825,0.6925843981493836,0.239025176739712
Deaths,South Asia,Both,Age-standardized,Invasive Non-typhoidal Salmonella (iNTS),Rate,2017,0.43008994693545166,0.6910466262413495,0.24636616866437802
Deaths,Eastern Sub-Saharan Africa,Both,All ages,Invasive Non-typhoidal Salmonella (iNTS),Number,2017,4175.36738246124,6412.723882375108,2487.3535816834915
Deaths,Eastern Sub-Saharan Africa,Both,All ages,Invasive Non-typhoidal Salmonella (iNTS),Rate,2017,1.0752407128401256,1.6514048146985822,0.640543356613153
Deaths,Eastern Sub-Saharan Africa,Both,Age-standardized,Invasive Non-typhoidal Salmonella (iNTS),Rate,2017,0.9238793529781634,1.4149583232335046,0.538978784838216
Deaths,Low-middle SDI,Both,All ages,Invasive Non-typhoidal Salmonella (iNTS),Number,1996,14377.831547578313,22359.26085444158,8345.972858017714
Deaths,Low-middle SDI,Both,All ages,Invasive Non-typhoidal Salmonella (iNTS),Rate,1996,1.1089021872263545,1.724476544617122,0.6436900812310918
Deaths,Low-middle SDI,Both,Age-standardized,Invasive Non-typhoidal Salmonella (iNTS),Rate,1996,1.0180888963570218,1.5449704554817643,0.5852205864620947
Deaths,Southern Latin America,Both,All ages,Invasive Non-typhoidal Salmonella (iNTS),Number,2002,0.7047323236732882,0.8350514022293813,0.6003836897887015
Deaths,Southern Latin America,Both,All ages,Invasive Non-typhoidal Salmonella (iNTS),Rate,2002,0.0012506700262206578,0.001481943887117608,0.0010654852343605526
Deaths,Southern Latin America,Both,Age-standardized,Invasive Non-typhoidal Salmonella (iNTS),Rate,2002,0.0013247090006318438,0.0015684163143054896,0.0011309479381394825
Deaths,Oceania,Both,All ages,Invasive Non-typhoidal Salmonella (iNTS),Number,2002,24.667347880421147,39.90307247854472,13.156107157809286
Deaths,Oceania,Both,All ages,Invasive Non-typhoidal Salmonella (iNTS),Rate,2002,0.2813664621864563,0.45515174100127864,0.15006426086351998
Deaths,Oceania,Both,Age-standardized,Invasive Non-typhoidal Salmonella (iNTS),Rate,2002,0.2836294218164195,0.4508070716734614,0.15769883103755045
Deaths,Central Latin America,Both,All ages,Invasive Non-typhoidal Salmonella (iNTS),Number,2002,19.067455529869655,28.00737082421178,12.716260113760114
Deaths,Central Latin America,Both,All ages,Invasive Non-typhoidal Salmonella (iNTS),Rate,2002,0.00929635166773753,0.013655013804161427,0.006199821771224344
Deaths,Central Latin America,Both,Age-standardized,Invasive Non-typhoidal Salmonella (iNTS),Rate,2002,0.010777333376843421,0.015311025000429865,0.007311170935450422
Deaths,Low SDI,Both,All ages,Invasive Non-typhoidal Salmonella (iNTS),Number,2020,45316.24236252871,72339.11600293689,26153.066345371783
Deaths,Low SDI,Both,All ages,Invasive Non-typhoidal Salmonella (iNTS),Rate,2020,4.148621523991414,6.622517623492328,2.394266786085097
Deaths,Low SDI,Both,Age-standardized,Invasive Non-typhoidal Salmonella (iNTS),Rate,2020,3.4167333183835176,5.38079781360352,1.9760535642361503
Deaths,Western Europe,Both,All ages,Invasive Non-typhoidal Salmonella (iNTS),Number,2002,87.02352422130079,99.00216394070104,77.10962754324376
Deaths,Western Europe,Both,All ages,Invasive Non-typhoidal Salmonella (iNTS),Rate,2002,0.021604356473205473,0.024578159302701488,0.01914314429192671
Deaths,Western Europe,Both,Age-standardized,Invasive Non-typhoidal Salmonella (iNTS),Rate,2002,0.012653552781004055,0.014235403664622566,0.011331792739269556
Deaths,East Asia,Both,All ages,Invasive Non-typhoidal Salmonella (iNTS),Number,2018,606.6124677057893,1089.9592909288883,316.8147787485479
Deaths,East Asia,Both,All ages,Invasive Non-typhoidal Salmonella (iNTS),Rate,2018,0.04163424649586366,0.07480827745037298,0.021744268860538728
Deaths,East Asia,Both,Age-standardized,Invasive Non-typhoidal Salmonella (iNTS),Rate,2018,0.039635852949975695,0.07070607389764959,0.020767332900488496
Deaths,High-income Asia Pacific,Both,All ages,Invasive Non-typhoidal Salmonella (iNTS),Number,2018,9.57967267177497,17.51188664223908,4.472356184391422
Deaths,High-income Asia Pacific,Both,All ages,Invasive Non-typhoidal Salmonella (iNTS),Rate,2018,0.005130382731515033,0.009378470841733433,0.002395165234109702
Deaths,High-income Asia Pacific,Both,Age-standardized,Invasive Non-typhoidal Salmonella (iNTS),Rate,2018,0.0038508963169218676,0.007300918705135782,0.0017624545512907386
Deaths,Andean Latin America,Both,All ages,Invasive Non-typhoidal Salmonella (iNTS),Number,2002,24.09982211021004,39.6772710518643,13.500412493264257
Deaths,Andean Latin America,Both,All ages,Invasive Non-typhoidal Salmonella (iNTS),Rate,2002,0.050356529166570914,0.08290557697215015,0.028209084381157483
Deaths,Andean Latin America,Both,Age-standardized,Invasive Non-typhoidal Salmonella (iNTS),Rate,2002,0.0525946173089697,0.08575513383182987,0.0290529988021645
Deaths,Eastern Europe,Both,All ages,Invasive Non-typhoidal Salmonella (iNTS),Number,2018,25.805637397425873,42.50921621346708,15.461953690465915
Deaths,Eastern Europe,Both,All ages,Invasive Non-typhoidal Salmonella (iNTS),Rate,2018,0.012316302891059562,0.02028844994151652,0.007379554397610447
Deaths,Eastern Europe,Both,Age-standardized,Invasive Non-typhoidal Salmonella (iNTS),Rate,2018,0.010960700176985487,0.0177311982732037,0.006703937148726823
Deaths,Southeast Asia,Both,All ages,Invasive Non-typhoidal Salmonella (iNTS),Number,2018,1484.9454675908828,2356.2658692942705,831.0112624297724
Deaths,Southeast Asia,Both,All ages,Invasive Non-typhoidal Salmonella (iNTS),Rate,2018,0.21921958441399017,0.347850904904658,0.12268056138704662
Deaths,Southeast Asia,Both,Age-standardized,Invasive Non-typhoidal Salmonella (iNTS),Rate,2018,0.24204918020433422,0.39029267510141097,0.13440925224577285
Deaths,Tropical Latin America,Both,All ages,Invasive Non-typhoidal Salmonella (iNTS),Number,2002,56.486813038228334,84.98547960303723,33.888733692396016
Deaths,Tropical Latin America,Both,All ages,Invasive Non-typhoidal Salmonella (iNTS),Rate,2002,0.030503996463624086,0.04589384016966935,0.018300586581330866
Deaths,Tropical Latin America,Both,Age-standardized,Invasive Non-typhoidal Salmonella (iNTS),Rate,2002,0.034045811240708816,0.05058648602480884,0.020811754898832125
Deaths,Central Sub-Saharan Africa,Both,All ages,Invasive Non-typhoidal Salmonella (iNTS),Number,2002,11984.097699626178,19103.316512348432,6749.801192690072
Deaths,Central Sub-Saharan Africa,Both,All ages,Invasive Non-typhoidal Salmonella (iNTS),Rate,2002,15.340737259355146,24.453986169303306,8.640360688412144
Deaths,Central Sub-Saharan Africa,Both,Age-standardized,Invasive Non-typhoidal Salmonella (iNTS),Rate,2002,14.892356776275786,23.359222697046658,8.306856042571363
Deaths,Australasia,Both,All ages,Invasive Non-typhoidal Salmonella (iNTS),Number,2018,3.1196375108746004,3.9179591274487957,2.43421111665608
Deaths,Australasia,Both,All ages,Invasive Non-typhoidal Salmonella (iNTS),Rate,2018,0.010604585277739659,0.013318320329492714,0.008274615009153519
Deaths,Australasia,Both,Age-standardized,Invasive Non-typhoidal Salmonella (iNTS),Rate,2018,0.006446856289508851,0.007973661580052681,0.005109923565537157
Deaths,Central Europe,Both,All ages,Invasive Non-typhoidal Salmonella (iNTS),Number,2018,14.137224661561493,19.03001212823935,10.246821657511632
Deaths,Central Europe,Both,All ages,Invasive Non-typhoidal Salmonella (iNTS),Rate,2018,0.01211167518501727,0.01630343516368205,0.008778680297273678
Deaths,Central Europe,Both,Age-standardized,Invasive Non-typhoidal Salmonella (iNTS),Rate,2018,0.008288310923867549,0.01155289162354248,0.00590497664236403
Deaths,North Africa and Middle East,Both,All ages,Invasive Non-typhoidal Salmonella (iNTS),Number,2002,1013.3502341437475,1577.493374005908,566.4524911833197
Deaths,North Africa and Middle East,Both,All ages,Invasive Non-typhoidal Salmonella (iNTS),Rate,2002,0.2317644804815073,0.3607902973431762,0.12955399121952024
Deaths,North Africa and Middle East,Both,Age-standardized,Invasive Non-typhoidal Salmonella (iNTS),Rate,2002,0.23688553958457356,0.36566294325548027,0.1335294008145186
Deaths,South Asia,Both,All ages,Invasive Non-typhoidal Salmonella (iNTS),Number,2018,7323.162801545877,11588.599213847005,4137.2300278027105
Deaths,South Asia,Both,All ages,Invasive Non-typhoidal Salmonella (iNTS),Rate,2018,0.41017557301945645,0.6490857095282799,0.23172920544782255
Deaths,South Asia,Both,Age-standardized,Invasive Non-typhoidal Salmonella (iNTS),Rate,2018,0.41663381526295934,0.6540757700146794,0.2386017655995779
Deaths,Eastern Sub-Saharan Africa,Both,All ages,Invasive Non-typhoidal Salmonella (iNTS),Number,2018,4213.896250705318,6485.3073739447145,2485.476956613071
Deaths,Eastern Sub-Saharan Africa,Both,All ages,Invasive Non-typhoidal Salmonella (iNTS),Rate,2018,1.0606646004006077,1.6323932875919338,0.6256104246870492
Deaths,Eastern Sub-Saharan Africa,Both,Age-standardized,Invasive Non-typhoidal Salmonella (iNTS),Rate,2018,0.913528369615628,1.400268526065871,0.5433000830238323
Deaths,Low-middle SDI,Both,All ages,Invasive Non-typhoidal Salmonella (iNTS),Number,2002,17958.82957395231,27091.53246788598,10457.609334387686
Deaths,Low-middle SDI,Both,All ages,Invasive Non-typhoidal Salmonella (iNTS),Rate,2002,1.247811519713608,1.8823680107279765,0.7266133543045652
Deaths,Low-middle SDI,Both,Age-standardized,Invasive Non-typhoidal Salmonella (iNTS),Rate,2002,1.1534970662110662,1.732537654443312,0.6739275801448532
Deaths,Oceania,Both,All ages,Invasive Non-typhoidal Salmonella (iNTS),Number,1993,18.057514738307443,29.62483326961011,9.664660220801556
Deaths,Oceania,Both,All ages,Invasive Non-typhoidal Salmonella (iNTS),Rate,1993,0.2572168263667652,0.42198529009579,0.13766641013084968
Deaths,Oceania,Both,Age-standardized,Invasive Non-typhoidal Salmonella (iNTS),Rate,1993,0.26956991125367236,0.43921987384675787,0.14740757436460988
Deaths,Western Europe,Both,All ages,Invasive Non-typhoidal Salmonella (iNTS),Number,1993,217.65297736619948,244.61828891657782,193.8004684232977
Deaths,Western Europe,Both,All ages,Invasive Non-typhoidal Salmonella (iNTS),Rate,1993,0.056000637549543174,0.06293862965429889,0.04986354848178709
Deaths,Western Europe,Both,Age-standardized,Invasive Non-typhoidal Salmonella (iNTS),Rate,1993,0.037886683836547634,0.042200142186043094,0.03399084220864262
Deaths,Andean Latin America,Both,All ages,Invasive Non-typhoidal Salmonella (iNTS),Number,1993,21.988219098650216,35.65244465993208,11.934077041261862
Deaths,Andean Latin America,Both,All ages,Invasive Non-typhoidal Salmonella (iNTS),Rate,1993,0.05431567880143856,0.08806928491784073,0.029479763343116423
Deaths,Andean Latin America,Both,Age-standardized,Invasive Non-typhoidal Salmonella (iNTS),Rate,1993,0.05605997277711593,0.09206064447524681,0.02944672005484266
Deaths,Tropical Latin America,Both,All ages,Invasive Non-typhoidal Salmonella (iNTS),Number,1993,78.40109757323833,115.0374409172168,52.89682198906405
Deaths,Tropical Latin America,Both,All ages,Invasive Non-typhoidal Salmonella (iNTS),Rate,1993,0.0489419276544747,0.071812184844312,0.03302086979741586
Deaths,Tropical Latin America,Both,Age-standardized,Invasive Non-typhoidal Salmonella (iNTS),Rate,1993,0.05615395742899033,0.07911537760363255,0.03913129681726942
Deaths,Central Sub-Saharan Africa,Both,All ages,Invasive Non-typhoidal Salmonella (iNTS),Number,1993,7089.931265310997,11254.237200730226,4004.9828153225485
Deaths,Central Sub-Saharan Africa,Both,All ages,Invasive Non-typhoidal Salmonella (iNTS),Rate,1993,11.825885032653952,18.771876663632934,6.680243370410407
Deaths,Central Sub-Saharan Africa,Both,Age-standardized,Invasive Non-typhoidal Salmonella (iNTS),Rate,1993,11.029449785659773,17.742565543892766,6.099405927872146
Deaths,Central Latin America,Both,All ages,Invasive Non-typhoidal Salmonella (iNTS),Number,1993,174.48030799566143,195.78504231630103,156.9848133914051
Deaths,Central Latin America,Both,All ages,Invasive Non-typhoidal Salmonella (iNTS),Rate,1993,0.09950537727454685,0.11165537661064359,0.08952777114122545
Deaths,Central Latin America,Both,Age-standardized,Invasive Non-typhoidal Salmonella (iNTS),Rate,1993,0.1367794702612955,0.1514116463069214,0.12378100595545673
Deaths,North Africa and Middle East,Both,All ages,Invasive Non-typhoidal Salmonella (iNTS),Number,1993,956.940817062593,1507.5650547818393,526.708083588355
Deaths,North Africa and Middle East,Both,All ages,Invasive Non-typhoidal Salmonella (iNTS),Rate,1993,0.262849565298496,0.4140933401973279,0.1446745591178469
Deaths,North Africa and Middle East,Both,Age-standardized,Invasive Non-typhoidal Salmonella (iNTS),Rate,1993,0.26082873954832836,0.4039406121360222,0.14541061196145988
Deaths,Southern Latin America,Both,All ages,Invasive Non-typhoidal Salmonella (iNTS),Number,1993,0.7453539268260163,0.87632627819756,0.6440308522295259
Deaths,Southern Latin America,Both,All ages,Invasive Non-typhoidal Salmonella (iNTS),Rate,1993,0.0014511475353932801,0.001706140764860551,0.001253879197913268
Deaths,Southern Latin America,Both,Age-standardized,Invasive Non-typhoidal Salmonella (iNTS),Rate,1993,0.0014780330432724144,0.0017390029388674288,0.0012772929517523373
Deaths,Low-middle SDI,Both,All ages,Invasive Non-typhoidal Salmonella (iNTS),Number,1993,13759.266379781424,21194.131792047643,7972.128290406843
Deaths,Low-middle SDI,Both,All ages,Invasive Non-typhoidal Salmonella (iNTS),Rate,1993,1.1202683865837602,1.7256091402235054,0.6490842644529645
Deaths,Low-middle SDI,Both,Age-standardized,Invasive Non-typhoidal Salmonella (iNTS),Rate,1993,1.0212872412495146,1.5517780036556768,0.5809932440140656
Deaths,East Asia,Both,All ages,Invasive Non-typhoidal Salmonella (iNTS),Number,2019,600.115447722404,1016.1130718295235,312.97404570829474
Deaths,East Asia,Both,All ages,Invasive Non-typhoidal Salmonella (iNTS),Rate,2019,0.04098337278988367,0.0693928826153571,0.02137377405881147
Deaths,East Asia,Both,Age-standardized,Invasive Non-typhoidal Salmonella (iNTS),Rate,2019,0.03835572216066075,0.06564030207087072,0.019899545927892993
Deaths,High-income Asia Pacific,Both,All ages,Invasive Non-typhoidal Salmonella (iNTS),Number,2019,10.171396840061245,18.040074078857867,5.13421314522462
Deaths,High-income Asia Pacific,Both,All ages,Invasive Non-typhoidal Salmonella (iNTS),Rate,2019,0.005457685911519089,0.009679797149901625,0.002754874594909599
Deaths,High-income Asia Pacific,Both,Age-standardized,Invasive Non-typhoidal Salmonella (iNTS),Rate,2019,0.0038963648973498245,0.007279971136879396,0.0018459379041764563
Deaths,Southeast Asia,Both,All ages,Invasive Non-typhoidal Salmonella (iNTS),Number,2019,1472.6423581945958,2402.612626954976,826.2971356196877
Deaths,Southeast Asia,Both,All ages,Invasive Non-typhoidal Salmonella (iNTS),Rate,2019,0.21506739133148428,0.3508819552717304,0.12067394940362121
Deaths,Southeast Asia,Both,Age-standardized,Invasive Non-typhoidal Salmonella (iNTS),Rate,2019,0.23696474949806678,0.3890624022478805,0.1312345708672152
Deaths,Australasia,Both,All ages,Invasive Non-typhoidal Salmonella (iNTS),Number,2019,3.207843979955226,4.084297836928997,2.4538058792659467
Deaths,Australasia,Both,All ages,Invasive Non-typhoidal Salmonella (iNTS),Rate,2019,0.0107174201483469,0.013645656148764273,0.008198175701470368
Deaths,Australasia,Both,Age-standardized,Invasive Non-typhoidal Salmonella (iNTS),Rate,2019,0.006466323114317935,0.008214905271454062,0.005105853169393574
Deaths,Central Europe,Both,All ages,Invasive Non-typhoidal Salmonella (iNTS),Number,2019,14.984091650118865,19.868747159156257,10.93812226767623
Deaths,Central Europe,Both,All ages,Invasive Non-typhoidal Salmonella (iNTS),Rate,2019,0.012875980882699001,0.01707341456246676,0.009399238639207474
Deaths,Central Europe,Both,Age-standardized,Invasive Non-typhoidal Salmonella (iNTS),Rate,2019,0.00853399999484159,0.011822606308101405,0.0061156415960769
Deaths,Eastern Europe,Both,All ages,Invasive Non-typhoidal Salmonella (iNTS),Number,2019,25.01954091213955,41.435436150176194,14.831081264400728
Deaths,Eastern Europe,Both,All ages,Invasive Non-typhoidal Salmonella (iNTS),Rate,2019,0.011975400640372846,0.01983273595424715,0.007098776939785895
Deaths,Eastern Europe,Both,Age-standardized,Invasive Non-typhoidal Salmonella (iNTS),Rate,2019,0.010489189160559045,0.016873915503386634,0.006296510070107281
Deaths,South Asia,Both,All ages,Invasive Non-typhoidal Salmonella (iNTS),Number,2019,7280.553523891115,11846.191987605087,4084.2837172749696
Deaths,South Asia,Both,All ages,Invasive Non-typhoidal Salmonella (iNTS),Rate,2019,0.40281552529899683,0.6554213264995786,0.22597360017277396
Deaths,South Asia,Both,Age-standardized,Invasive Non-typhoidal Salmonella (iNTS),Rate,2019,0.4121287030134323,0.6659463559970602,0.23572943254510356
Deaths,Oceania,Both,All ages,Invasive Non-typhoidal Salmonella (iNTS),Number,2020,35.752547479840764,60.74358029347454,19.292676258336247
Deaths,Oceania,Both,All ages,Invasive Non-typhoidal Salmonella (iNTS),Rate,2020,0.2627334299017225,0.44638411302058995,0.14177538001157253
Deaths,Oceania,Both,Age-standardized,Invasive Non-typhoidal Salmonella (iNTS),Rate,2020,0.2662713112041533,0.44395185341669857,0.1458394898173357
Deaths,Southern Latin America,Both,All ages,Invasive Non-typhoidal Salmonella (iNTS),Number,2020,0.2052852345048735,0.24518150519372864,0.1689264866689198
Deaths,Southern Latin America,Both,All ages,Invasive Non-typhoidal Salmonella (iNTS),Rate,2020,0.0003047620948374589,0.000363991250118226,0.000250784670777332
Deaths,Southern Latin America,Both,Age-standardized,Invasive Non-typhoidal Salmonella (iNTS),Rate,2020,0.00031900008469052825,0.0003858967150431877,0.0002605066060631433
Deaths,Western Europe,Both,All ages,Invasive Non-typhoidal Salmonella (iNTS),Number,2020,50.34230244200197,59.04536218245946,41.80369207201413
Deaths,Western Europe,Both,All ages,Invasive Non-typhoidal Salmonella (iNTS),Rate,2020,0.01152185299198107,0.013513724043677702,0.009567619501128194
Deaths,Western Europe,Both,Age-standardized,Invasive Non-typhoidal Salmonella (iNTS),Rate,2020,0.004807640067770346,0.005591419125245568,0.0040842740601029475
Deaths,Tropical Latin America,Both,All ages,Invasive Non-typhoidal Salmonella (iNTS),Number,2020,47.82640459198032,81.98122959558026,27.33318104305946
Deaths,Tropical Latin America,Both,All ages,Invasive Non-typhoidal Salmonella (iNTS),Rate,2020,0.021182015007182562,0.036308973054019776,0.012105694667777884
Deaths,Tropical Latin America,Both,Age-standardized,Invasive Non-typhoidal Salmonella (iNTS),Rate,2020,0.02232518106831352,0.038392126973241625,0.012553414764215912
Deaths,Central Sub-Saharan Africa,Both,All ages,Invasive Non-typhoidal Salmonella (iNTS),Number,2020,4753.121609835763,7578.859243538495,2578.248488023327
Deaths,Central Sub-Saharan Africa,Both,All ages,Invasive Non-typhoidal Salmonella (iNTS),Rate,2020,3.5578730563954637,5.6730337058914495,1.9299066132136045
Deaths,Central Sub-Saharan Africa,Both,Age-standardized,Invasive Non-typhoidal Salmonella (iNTS),Rate,2020,3.6682991970799765,5.776933209324426,2.0294065013031113
Deaths,Eastern Sub-Saharan Africa,Both,All ages,Invasive Non-typhoidal Salmonella (iNTS),Number,2019,4355.559586307557,6682.20491795577,2568.5571524497545
Deaths,Eastern Sub-Saharan Africa,Both,All ages,Invasive Non-typhoidal Salmonella (iNTS),Rate,2019,1.0703824165735438,1.6421574556358425,0.6312250716508261
Deaths,Eastern Sub-Saharan Africa,Both,Age-standardized,Invasive Non-typhoidal Salmonella (iNTS),Rate,2019,0.9204000931142474,1.4076375257295755,0.5355024601788474
Deaths,Andean Latin America,Both,All ages,Invasive Non-typhoidal Salmonella (iNTS),Number,2020,25.738769357146168,43.58386888193739,13.439926495681693
Deaths,Andean Latin America,Both,All ages,Invasive Non-typhoidal Salmonella (iNTS),Rate,2020,0.03947414903648523,0.06684220647692153,0.020612083436018964
Deaths,Andean Latin America,Both,Age-standardized,Invasive Non-typhoidal Salmonella (iNTS),Rate,2020,0.04123520615745865,0.07046498234371008,0.021643124601724757
Deaths,North Africa and Middle East,Both,All ages,Invasive Non-typhoidal Salmonella (iNTS),Number,2020,1037.025352864546,1698.6548596401212,571.8512885455045
Deaths,North Africa and Middle East,Both,All ages,Invasive Non-typhoidal Salmonella (iNTS),Rate,2020,0.1686373156025371,0.27622911520305976,0.09299239016460374
Deaths,North Africa and Middle East,Both,Age-standardized,Invasive Non-typhoidal Salmonella (iNTS),Rate,2020,0.17569083734434163,0.2868195046357774,0.0978818275331164
Deaths,Central Latin America,Both,All ages,Invasive Non-typhoidal Salmonella (iNTS),Number,2020,16.76309658782449,26.64069298366062,10.346671328549625
Deaths,Central Latin America,Both,All ages,Invasive Non-typhoidal Salmonella (iNTS),Rate,2020,0.006654445892413406,0.010575555003657838,0.004107317771611913
Deaths,Central Latin America,Both,Age-standardized,Invasive Non-typhoidal Salmonella (iNTS),Rate,2020,0.0070584577117062675,0.011365527191197194,0.0043276130350074484
Deaths,East Asia,Both,All ages,Invasive Non-typhoidal Salmonella (iNTS),Number,2021,590.2105488239688,1047.4810589458316,304.2807413695911
Deaths,East Asia,Both,All ages,Invasive Non-typhoidal Salmonella (iNTS),Rate,2021,0.04007472873774282,0.0711229566784611,0.02066036975246021
Deaths,East Asia,Both,Age-standardized,Invasive Non-typhoidal Salmonella (iNTS),Rate,2021,0.03600517824665845,0.06261804258945726,0.018649921635947846
Deaths,Southeast Asia,Both,All ages,Invasive Non-typhoidal Salmonella (iNTS),Number,2021,1451.205604854348,2355.9695055355846,805.7773311848705
Deaths,Southeast Asia,Both,All ages,Invasive Non-typhoidal Salmonella (iNTS),Rate,2021,0.20781838654237444,0.3373841582100152,0.11539050312313733
Deaths,Southeast Asia,Both,Age-standardized,Invasive Non-typhoidal Salmonella (iNTS),Rate,2021,0.22788431621466473,0.3704185433667224,0.12499990186484865
Deaths,Central Europe,Both,All ages,Invasive Non-typhoidal Salmonella (iNTS),Number,2021,13.94508036463815,18.923385470571255,9.98352325780502
Deaths,Central Europe,Both,All ages,Invasive Non-typhoidal Salmonella (iNTS),Rate,2021,0.012098402283530445,0.016417455045281602,0.008661454607762072
Deaths,Central Europe,Both,Age-standardized,Invasive Non-typhoidal Salmonella (iNTS),Rate,2021,0.007618990301552801,0.010766150755963294,0.005354385943228618
Deaths,Eastern Europe,Both,All ages,Invasive Non-typhoidal Salmonella (iNTS),Number,2021,23.06851328009865,39.541708087831665,13.963677804697577
Deaths,Eastern Europe,Both,All ages,Invasive Non-typhoidal Salmonella (iNTS),Rate,2021,0.01115718758837791,0.019124520481405317,0.006753593991906072
Deaths,Eastern Europe,Both,Age-standardized,Invasive Non-typhoidal Salmonella (iNTS),Rate,2021,0.00962824694926152,0.01634889698715764,0.0058431527592065656
Deaths,Australasia,Both,All ages,Invasive Non-typhoidal Salmonella (iNTS),Number,2021,3.1189552727967604,4.050121332700105,2.342047540358344
Deaths,Australasia,Both,All ages,Invasive Non-typhoidal Salmonella (iNTS),Rate,2021,0.01007366990434321,0.01308117039510302,0.007564396330920475
Deaths,Australasia,Both,Age-standardized,Invasive Non-typhoidal Salmonella (iNTS),Rate,2021,0.0057657214045078314,0.007467494972304274,0.004410364129855677
Deaths,High-income Asia Pacific,Both,All ages,Invasive Non-typhoidal Salmonella (iNTS),Number,2021,10.08641594128518,18.02023196308762,5.073123935921343
Deaths,High-income Asia Pacific,Both,All ages,Invasive Non-typhoidal Salmonella (iNTS),Rate,2021,0.005438993716410561,0.009717220565366247,0.002735628727852404
Deaths,High-income Asia Pacific,Both,Age-standardized,Invasive Non-typhoidal Salmonella (iNTS),Rate,2021,0.003626420542078854,0.006789774936125797,0.0017157896808513641
Deaths,Low-middle SDI,Both,All ages,Invasive Non-typhoidal Salmonella (iNTS),Number,2020,13826.081671266758,21611.81566299032,8010.1760105968815
Deaths,Low-middle SDI,Both,All ages,Invasive Non-typhoidal Salmonella (iNTS),Rate,2020,0.7278184863015192,1.137667152274526,0.42166351376016536
Deaths,Low-middle SDI,Both,Age-standardized,Invasive Non-typhoidal Salmonella (iNTS),Rate,2020,0.7302562640088278,1.1383908707392556,0.4260683544265229
Deaths,Eastern Sub-Saharan Africa,Both,All ages,Invasive Non-typhoidal Salmonella (iNTS),Number,2021,4031.160405946597,6238.360118079474,2352.284056889514
Deaths,Eastern Sub-Saharan Africa,Both,All ages,Invasive Non-typhoidal Salmonella (iNTS),Rate,2021,0.9460646210709588,1.4640677142266074,0.5520526351790914
Deaths,Eastern Sub-Saharan Africa,Both,Age-standardized,Invasive Non-typhoidal Salmonella (iNTS),Rate,2021,0.8341048071752796,1.2927826113883014,0.48415991961491445
Deaths,South Asia,Both,All ages,Invasive Non-typhoidal Salmonella (iNTS),Number,2021,6597.987293982699,10607.810449201585,3682.6244379933323
Deaths,South Asia,Both,All ages,Invasive Non-typhoidal Salmonella (iNTS),Rate,2021,0.3573101616011082,0.5744598006872246,0.1994303829981031
Deaths,South Asia,Both,Age-standardized,Invasive Non-typhoidal Salmonella (iNTS),Rate,2021,0.3679007382548581,0.5890841258316725,0.21015132645150084
Deaths,East Asia,Both,All ages,Invasive Non-typhoidal Salmonella (iNTS),Number,1996,799.5124776808668,1348.4096915271493,427.50195423720845
Deaths,East Asia,Both,All ages,Invasive Non-typhoidal Salmonella (iNTS),Rate,1996,0.062274547110497326,0.10502850825147057,0.03329840538098685
Deaths,East Asia,Both,Age-standardized,Invasive Non-typhoidal Salmonella (iNTS),Rate,1996,0.06993305504534184,0.11664775651389254,0.03740006191697376
Deaths,High-income Asia Pacific,Both,All ages,Invasive Non-typhoidal Salmonella (iNTS),Number,1996,9.664056796857999,16.73848150609606,5.09325595859041
Deaths,High-income Asia Pacific,Both,All ages,Invasive Non-typhoidal Salmonella (iNTS),Rate,1996,0.005440338563977857,0.009422855054996297,0.0028672261960151443
Deaths,High-income Asia Pacific,Both,Age-standardized,Invasive Non-typhoidal Salmonella (iNTS),Rate,1996,0.005310923418029576,0.009433815674418342,0.0026825642487861437
Deaths,Southeast Asia,Both,All ages,Invasive Non-typhoidal Salmonella (iNTS),Number,1996,1796.7053317334023,2774.3114456088733,986.7062705098598
Deaths,Southeast Asia,Both,All ages,Invasive Non-typhoidal Salmonella (iNTS),Rate,1996,0.3501853709374504,0.5407248843299557,0.19231317191642538
Deaths,Southeast Asia,Both,Age-standardized,Invasive Non-typhoidal Salmonella (iNTS),Rate,1996,0.3817290333088653,0.5934548336787505,0.21305638126695825
Deaths,Central Europe,Both,All ages,Invasive Non-typhoidal Salmonella (iNTS),Number,1996,30.903675403081003,37.76766367731247,25.34363114292751
Deaths,Central Europe,Both,All ages,Invasive Non-typhoidal Salmonella (iNTS),Rate,1996,0.02487191033703434,0.030396188555867815,0.020397072942945835
Deaths,Central Europe,Both,Age-standardized,Invasive Non-typhoidal Salmonella (iNTS),Rate,1996,0.026226060904349403,0.03148370969522942,0.02170328741996473
Deaths,Australasia,Both,All ages,Invasive Non-typhoidal Salmonella (iNTS),Number,1996,2.0399091647584373,2.4309976345009954,1.69407510640487
Deaths,Australasia,Both,All ages,Invasive Non-typhoidal Salmonella (iNTS),Rate,1996,0.009359568184438673,0.01115397122058403,0.007772802702141014
Deaths,Australasia,Both,Age-standardized,Invasive Non-typhoidal Salmonella (iNTS),Rate,1996,0.008047546837434303,0.009515588533814975,0.006740277221867772
Deaths,Eastern Europe,Both,All ages,Invasive Non-typhoidal Salmonella (iNTS),Number,1996,32.43825060256262,50.41880109319097,21.05800375062842
Deaths,Eastern Europe,Both,All ages,Invasive Non-typhoidal Salmonella (iNTS),Rate,1996,0.014474287062795091,0.022497396956639867,0.009396301760857985
Deaths,Eastern Europe,Both,Age-standardized,Invasive Non-typhoidal Salmonella (iNTS),Rate,1996,0.015516734678557104,0.022736484224578003,0.010658903257947808
Deaths,Eastern Sub-Saharan Africa,Both,All ages,Invasive Non-typhoidal Salmonella (iNTS),Number,1996,7736.321271791102,12523.679745502626,4373.220992648443
Deaths,Eastern Sub-Saharan Africa,Both,All ages,Invasive Non-typhoidal Salmonella (iNTS),Rate,1996,3.4683620712918897,5.614639606642322,1.96061064263011
Deaths,Eastern Sub-Saharan Africa,Both,Age-standardized,Invasive Non-typhoidal Salmonella (iNTS),Rate,1996,2.975300650727804,4.688454321203176,1.6633339451604414
Deaths,South Asia,Both,All ages,Invasive Non-typhoidal Salmonella (iNTS),Number,1996,7856.071417285846,12806.895257316532,4272.760715388065
Deaths,South Asia,Both,All ages,Invasive Non-typhoidal Salmonella (iNTS),Rate,1996,0.6401100677055129,1.0435015359229662,0.3481431119374197
Deaths,South Asia,Both,Age-standardized,Invasive Non-typhoidal Salmonella (iNTS),Rate,1996,0.5895689460097662,0.9419664813087296,0.32086426881371183
Deaths,High-income North America,Both,All ages,Invasive Non-typhoidal Salmonella (iNTS),Number,2015,37.082208268417816,41.43743670722921,33.092443439439144
Deaths,High-income North America,Both,All ages,Invasive Non-typhoidal Salmonella (iNTS),Rate,2015,0.010380847013849689,0.011600055961882448,0.00926394647731559
Deaths,High-income North America,Both,Age-standardized,Invasive Non-typhoidal Salmonella (iNTS),Rate,2015,0.007207619629098983,0.007966867124879743,0.006517964316000716
Deaths,Caribbean,Both,All ages,Invasive Non-typhoidal Salmonella (iNTS),Number,2015,8.246285877066102,14.202846208418647,4.289695553679535
Deaths,Caribbean,Both,All ages,Invasive Non-typhoidal Salmonella (iNTS),Rate,2015,0.018093215445088115,0.031162533074077604,0.00941204161529437
Deaths,Caribbean,Both,Age-standardized,Invasive Non-typhoidal Salmonella (iNTS),Rate,2015,0.018645740048719744,0.032065741643503586,0.009655685663399286
Deaths,Eastern Europe,Both,All ages,Invasive Non-typhoidal Salmonella (iNTS),Number,2002,29.43096354640604,46.23800397914321,18.73554617010386
Deaths,Eastern Europe,Both,All ages,Invasive Non-typhoidal Salmonella (iNTS),Rate,2002,0.013476717700311296,0.021172821123244426,0.00857918451421109
Deaths,Eastern Europe,Both,Age-standardized,Invasive Non-typhoidal Salmonella (iNTS),Rate,2002,0.013836944972497257,0.020521302710826167,0.009323417561293392
Deaths,Southeast Asia,Both,All ages,Invasive Non-typhoidal Salmonella (iNTS),Number,2002,1700.5824465070398,2648.0905672945664,946.9862805126631
Deaths,Southeast Asia,Both,All ages,Invasive Non-typhoidal Salmonella (iNTS),Rate,2002,0.30513043988493,0.475138998002341,0.1699149258722084
Deaths,Southeast Asia,Both,Age-standardized,Invasive Non-typhoidal Salmonella (iNTS),Rate,2002,0.3375209600882011,0.5216411528507013,0.18933284016792662
Deaths,Central Europe,Both,All ages,Invasive Non-typhoidal Salmonella (iNTS),Number,2002,12.30268610864118,18.151298623622306,8.38920542685849
Deaths,Central Europe,Both,All ages,Invasive Non-typhoidal Salmonella (iNTS),Rate,2002,0.010114779273354585,0.014923275899376951,0.006897271085531599
Deaths,Central Europe,Both,Age-standardized,Invasive Non-typhoidal Salmonella (iNTS),Rate,2002,0.009660981927518663,0.013895023954033622,0.0066568205663150425
Deaths,East Asia,Both,All ages,Invasive Non-typhoidal Salmonella (iNTS),Number,2002,701.3585373238807,1173.1838279875933,373.537128143969
Deaths,East Asia,Both,All ages,Invasive Non-typhoidal Salmonella (iNTS),Rate,2002,0.05322881427620755,0.08903746196642404,0.0283491785743552
Deaths,East Asia,Both,Age-standardized,Invasive Non-typhoidal Salmonella (iNTS),Rate,2002,0.05959541568704619,0.10079401314257144,0.03191381204341415
Deaths,High-income Asia Pacific,Both,All ages,Invasive Non-typhoidal Salmonella (iNTS),Number,2002,9.249581073896401,15.883044374386785,5.007719491862036
Deaths,High-income Asia Pacific,Both,All ages,Invasive Non-typhoidal Salmonella (iNTS),Rate,2002,0.005105711910073511,0.008767342886413733,0.0027642303848834453
Deaths,High-income Asia Pacific,Both,Age-standardized,Invasive Non-typhoidal Salmonella (iNTS),Rate,2002,0.004630294441667762,0.008363475732670624,0.0023062539545184147
Deaths,Eastern Sub-Saharan Africa,Both,All ages,Invasive Non-typhoidal Salmonella (iNTS),Number,2002,8315.083024927402,13592.814444744312,4908.9465594432695
Deaths,Eastern Sub-Saharan Africa,Both,All ages,Invasive Non-typhoidal Salmonella (iNTS),Rate,2002,3.154715162743011,5.157069112194641,1.8624381858539556
Deaths,Eastern Sub-Saharan Africa,Both,Age-standardized,Invasive Non-typhoidal Salmonella (iNTS),Rate,2002,2.6656958853334496,4.181073668194279,1.5552053188876442
Deaths,South Asia,Both,All ages,Invasive Non-typhoidal Salmonella (iNTS),Number,2002,7566.815892032117,12192.053300980313,4095.561096309547
Deaths,South Asia,Both,All ages,Invasive Non-typhoidal Salmonella (iNTS),Rate,2002,0.5499566384168543,0.8861191740989421,0.2976656291226818
Deaths,South Asia,Both,Age-standardized,Invasive Non-typhoidal Salmonella (iNTS),Rate,2002,0.5151809797107795,0.8181212945876781,0.28130695480379664
Deaths,Australasia,Both,All ages,Invasive Non-typhoidal Salmonella (iNTS),Number,2002,0.9240699313482629,1.097918308251887,0.7803835273693442
Deaths,Australasia,Both,All ages,Invasive Non-typhoidal Salmonella (iNTS),Rate,2002,0.003971871016505268,0.004719112438463999,0.0033542728845142684
Deaths,Australasia,Both,Age-standardized,Invasive Non-typhoidal Salmonella (iNTS),Rate,2002,0.003074109702057816,0.003616873462675841,0.002622772059200088
Deaths,Western Sub-Saharan Africa,Both,All ages,Invasive Non-typhoidal Salmonella (iNTS),Number,2015,44956.05254175122,70975.03391845948,26267.999755687957
Deaths,Western Sub-Saharan Africa,Both,All ages,Invasive Non-typhoidal Salmonella (iNTS),Rate,2015,10.911468289871236,17.22664220250594,6.3756141869072
Deaths,Western Sub-Saharan Africa,Both,Age-standardized,Invasive Non-typhoidal Salmonella (iNTS),Rate,2015,8.205468620028322,12.767878026388951,4.738119402634267
Deaths,East Asia,Both,All ages,Invasive Non-typhoidal Salmonella (iNTS),Number,1993,880.6543788081581,1516.4951144934075,475.5013879986697
Deaths,East Asia,Both,All ages,Invasive Non-typhoidal Salmonella (iNTS),Rate,1993,0.06990487087206404,0.12037684443271354,0.03774450445874091
Deaths,East Asia,Both,Age-standardized,Invasive Non-typhoidal Salmonella (iNTS),Rate,1993,0.07710617934793604,0.12912277619563117,0.041768474919924484
Deaths,Australasia,Both,All ages,Invasive Non-typhoidal Salmonella (iNTS),Number,1993,2.120687544986373,2.52347989942992,1.759819632486399
Deaths,Australasia,Both,All ages,Invasive Non-typhoidal Salmonella (iNTS),Rate,1993,0.010077125185687399,0.011991121893576517,0.008362345873498198
Deaths,Australasia,Both,Age-standardized,Invasive Non-typhoidal Salmonella (iNTS),Rate,1993,0.009073435153638893,0.01085958090105157,0.007590418193993242
Deaths,Southeast Asia,Both,All ages,Invasive Non-typhoidal Salmonella (iNTS),Number,1993,1870.1516483078344,2897.469751149403,1057.231114348598
Deaths,Southeast Asia,Both,All ages,Invasive Non-typhoidal Salmonella (iNTS),Rate,1993,0.3818877723555371,0.591667670231555,0.21588817970396526
Deaths,Southeast Asia,Both,Age-standardized,Invasive Non-typhoidal Salmonella (iNTS),Rate,1993,0.4113726302253739,0.627674108145928,0.23212047217649978
Deaths,Eastern Europe,Both,All ages,Invasive Non-typhoidal Salmonella (iNTS),Number,1993,34.65965193763212,52.94315624750428,22.98461762628167
Deaths,Eastern Europe,Both,All ages,Invasive Non-typhoidal Salmonella (iNTS),Rate,1993,0.015289056480811504,0.023354271058378697,0.010138968438298857
Deaths,Eastern Europe,Both,Age-standardized,Invasive Non-typhoidal Salmonella (iNTS),Rate,1993,0.01606189651895916,0.023330784288115466,0.011136301608100184
Deaths,Central Europe,Both,All ages,Invasive Non-typhoidal Salmonella (iNTS),Number,1993,43.44428226522715,50.98932447678826,36.8362253632004
Deaths,Central Europe,Both,All ages,Invasive Non-typhoidal Salmonella (iNTS),Rate,1993,0.034694421920416774,0.040719861040279436,0.029417255345690306
Deaths,Central Europe,Both,Age-standardized,Invasive Non-typhoidal Salmonella (iNTS),Rate,1993,0.03742679265594295,0.04352248661499029,0.03177811328684116
Deaths,High-income Asia Pacific,Both,All ages,Invasive Non-typhoidal Salmonella (iNTS),Number,1993,13.8073275294168,21.164063025131085,8.946689433225254
Deaths,High-income Asia Pacific,Both,All ages,Invasive Non-typhoidal Salmonella (iNTS),Rate,1993,0.0078611259387505,0.01204964280464459,0.00509374838973221
Deaths,High-income Asia Pacific,Both,Age-standardized,Invasive Non-typhoidal Salmonella (iNTS),Rate,1993,0.007782325274333256,0.012212251900796691,0.005012818552790973
Deaths,South Asia,Both,All ages,Invasive Non-typhoidal Salmonella (iNTS),Number,1993,7570.502080442819,12210.352413506123,4059.0025065643954
Deaths,South Asia,Both,All ages,Invasive Non-typhoidal Salmonella (iNTS),Rate,1993,0.6537494175337418,1.0544229026543546,0.3505144700097958
Deaths,South Asia,Both,Age-standardized,Invasive Non-typhoidal Salmonella (iNTS),Rate,1993,0.5985604749758439,0.953101036642885,0.3267813121419374
Deaths,Eastern Sub-Saharan Africa,Both,All ages,Invasive Non-typhoidal Salmonella (iNTS),Number,1993,7908.863663825793,12912.204015439884,4421.727462561759
Deaths,Eastern Sub-Saharan Africa,Both,All ages,Invasive Non-typhoidal Salmonella (iNTS),Rate,1993,3.817950781040439,6.233279710103751,2.1345592156875317
Deaths,Eastern Sub-Saharan Africa,Both,Age-standardized,Invasive Non-typhoidal Salmonella (iNTS),Rate,1993,3.2356843049863895,5.083149961281769,1.8100922239355257
Deaths,High-income Asia Pacific,Both,All ages,Invasive Non-typhoidal Salmonella (iNTS),Number,2020,9.895477827766866,17.576996751407442,5.013990223689727
Deaths,High-income Asia Pacific,Both,All ages,Invasive Non-typhoidal Salmonella (iNTS),Rate,2020,0.005321744747713929,0.009452832068393082,0.0026965020388541906
Deaths,High-income Asia Pacific,Both,Age-standardized,Invasive Non-typhoidal Salmonella (iNTS),Rate,2020,0.0037341288879609645,0.006992279360101593,0.0017461916566379808
Deaths,Eastern Sub-Saharan Africa,Both,All ages,Invasive Non-typhoidal Salmonella (iNTS),Number,2020,4157.073226067657,6454.58517328834,2413.0398425592334
Deaths,Eastern Sub-Saharan Africa,Both,All ages,Invasive Non-typhoidal Salmonella (iNTS),Rate,2020,0.9977392074725181,1.5491650844583325,0.5791537288824933
Deaths,Eastern Sub-Saharan Africa,Both,Age-standardized,Invasive Non-typhoidal Salmonella (iNTS),Rate,2020,0.8687160809789223,1.347906401009813,0.5036127344922154
Deaths,East Asia,Both,All ages,Invasive Non-typhoidal Salmonella (iNTS),Number,2020,584.7744523893242,1027.2078133052712,306.03812784080964
Deaths,East Asia,Both,All ages,Invasive Non-typhoidal Salmonella (iNTS),Rate,2020,0.0397948823284495,0.06990321463313882,0.020826407917929644
Deaths,East Asia,Both,Age-standardized,Invasive Non-typhoidal Salmonella (iNTS),Rate,2020,0.03629988929506596,0.06387106155011796,0.018252851550827752
Deaths,High-middle SDI,Both,All ages,Invasive Non-typhoidal Salmonella (iNTS),Number,2015,431.014472308382,705.1442643296468,246.23716012979153
Deaths,High-middle SDI,Both,All ages,Invasive Non-typhoidal Salmonella (iNTS),Rate,2015,0.03401685426719103,0.05565193564982009,0.019433717727485252
Deaths,High-middle SDI,Both,Age-standardized,Invasive Non-typhoidal Salmonella (iNTS),Rate,2015,0.03534161597771982,0.0583946004794002,0.019705575370887973
Deaths,South Asia,Both,All ages,Invasive Non-typhoidal Salmonella (iNTS),Number,2020,6989.036790425854,11461.11800604018,3950.6917759646726
Deaths,South Asia,Both,All ages,Invasive Non-typhoidal Salmonella (iNTS),Rate,2020,0.38233842854876554,0.6269856604338119,0.21612438603443473
Deaths,South Asia,Both,Age-standardized,Invasive Non-typhoidal Salmonella (iNTS),Rate,2020,0.3931711157982347,0.6403632344937843,0.22649380141478054
Deaths,High SDI,Both,All ages,Invasive Non-typhoidal Salmonella (iNTS),Number,2015,212.532444868086,299.9357289245522,152.47469414944865
Deaths,High SDI,Both,All ages,Invasive Non-typhoidal Salmonella (iNTS),Rate,2015,0.01997597455180867,0.02819102980673765,0.014331132416110271
Deaths,High SDI,Both,Age-standardized,Invasive Non-typhoidal Salmonella (iNTS),Rate,2015,0.015686831485769933,0.02356623234359237,0.010465655320456383
Deaths,Southeast Asia,Both,All ages,Invasive Non-typhoidal Salmonella (iNTS),Number,2020,1451.4952549165198,2322.3603345938536,798.6980858404489
Deaths,Southeast Asia,Both,All ages,Invasive Non-typhoidal Salmonella (iNTS),Rate,2020,0.20980628920327826,0.3356854266961022,0.11544776396363998
Deaths,Southeast Asia,Both,Age-standardized,Invasive Non-typhoidal Salmonella (iNTS),Rate,2020,0.2308903804007748,0.3722060382713222,0.12721105604928812
Deaths,Eastern Europe,Both,All ages,Invasive Non-typhoidal Salmonella (iNTS),Number,2020,23.216093724035147,38.43514819169495,14.069389615641331
Deaths,Eastern Europe,Both,All ages,Invasive Non-typhoidal Salmonella (iNTS),Rate,2020,0.011157753196040721,0.018472095378052503,0.006761808373806798
Deaths,Eastern Europe,Both,Age-standardized,Invasive Non-typhoidal Salmonella (iNTS),Rate,2020,0.009699754937050178,0.015605469219561352,0.005938731440816713
Deaths,Australasia,Both,All ages,Invasive Non-typhoidal Salmonella (iNTS),Number,2020,3.00975842649157,3.8637914856059066,2.286386372009538
Deaths,Australasia,Both,All ages,Invasive Non-typhoidal Salmonella (iNTS),Rate,2020,0.009880110242327555,0.012683637827921144,0.007505502505841339
Deaths,Australasia,Both,Age-standardized,Invasive Non-typhoidal Salmonella (iNTS),Rate,2020,0.005863373510810757,0.0074933925248336815,0.004564172872927403
Deaths,Central Europe,Both,All ages,Invasive Non-typhoidal Salmonella (iNTS),Number,2020,14.47402346354828,19.286138726179168,10.504754079994774
Deaths,Central Europe,Both,All ages,Invasive Non-typhoidal Salmonella (iNTS),Rate,2020,0.012487188781704314,0.01663874980930138,0.009062777024828458
Deaths,Central Europe,Both,Age-standardized,Invasive Non-typhoidal Salmonella (iNTS),Rate,2020,0.007966419814503864,0.01096426485718896,0.005718122467399052
Deaths,Middle SDI,Both,All ages,Invasive Non-typhoidal Salmonella (iNTS),Number,2015,4204.9739819196775,6452.878435784089,2382.330495220992
Deaths,Middle SDI,Both,All ages,Invasive Non-typhoidal Salmonella (iNTS),Rate,2015,0.1817668773945294,0.27893622374888094,0.10298013183910219
Deaths,Middle SDI,Both,Age-standardized,Invasive Non-typhoidal Salmonella (iNTS),Rate,2015,0.20467911483419216,0.31322848703770506,0.11508364469083673
Deaths,High-income North America,Both,All ages,Invasive Non-typhoidal Salmonella (iNTS),Number,2016,39.16086318369447,43.86595023323401,34.81335096293782
Deaths,High-income North America,Both,All ages,Invasive Non-typhoidal Salmonella (iNTS),Rate,2016,0.010883184562085611,0.012190773991374255,0.009674968653705996
Deaths,High-income North America,Both,Age-standardized,Invasive Non-typhoidal Salmonella (iNTS),Rate,2016,0.007490255446350195,0.008292187498547637,0.006791423669121197
Deaths,Caribbean,Both,All ages,Invasive Non-typhoidal Salmonella (iNTS),Number,2016,8.151041762946061,14.474217325449073,4.211757749870553
Deaths,Caribbean,Both,All ages,Invasive Non-typhoidal Salmonella (iNTS),Rate,2016,0.01774919599456754,0.03151814548972525,0.009171258835149442
Deaths,Caribbean,Both,Age-standardized,Invasive Non-typhoidal Salmonella (iNTS),Rate,2016,0.018285112089779794,0.031649242263499355,0.009377720777212072
Deaths,Western Sub-Saharan Africa,Both,All ages,Invasive Non-typhoidal Salmonella (iNTS),Number,2016,46049.657492493,74035.03322757833,26990.408639637855
Deaths,Western Sub-Saharan Africa,Both,All ages,Invasive Non-typhoidal Salmonella (iNTS),Rate,2016,10.849619034108077,17.443167863467902,6.359127673483955
Deaths,Western Sub-Saharan Africa,Both,Age-standardized,Invasive Non-typhoidal Salmonella (iNTS),Rate,2016,8.168208827229886,12.769855060076782,4.754967391810232
Deaths,High-middle SDI,Both,All ages,Invasive Non-typhoidal Salmonella (iNTS),Number,2016,426.87549297267736,703.1927653235628,241.3282488654779
Deaths,High-middle SDI,Both,All ages,Invasive Non-typhoidal Salmonella (iNTS),Rate,2016,0.03346684120765927,0.05512998755579717,0.018920023090246534
Deaths,High-middle SDI,Both,Age-standardized,Invasive Non-typhoidal Salmonella (iNTS),Rate,2016,0.03417620335117656,0.0573147210700458,0.019085387997532437
Deaths,High SDI,Both,All ages,Invasive Non-typhoidal Salmonella (iNTS),Number,2016,214.3384719635687,302.2988801550812,154.33485425872732
Deaths,High SDI,Both,All ages,Invasive Non-typhoidal Salmonella (iNTS),Rate,2016,0.020018820279365978,0.028234161123938433,0.014414592405850232
Deaths,High SDI,Both,Age-standardized,Invasive Non-typhoidal Salmonella (iNTS),Rate,2016,0.015503557454491784,0.02307824357383357,0.010316324194569869
Deaths,Middle SDI,Both,All ages,Invasive Non-typhoidal Salmonella (iNTS),Number,2016,4137.433207714354,6401.5946364054025,2379.8144448324997
Deaths,Middle SDI,Both,All ages,Invasive Non-typhoidal Salmonella (iNTS),Rate,2016,0.17695559199317362,0.27379244853386675,0.10178326821906125
Deaths,Middle SDI,Both,Age-standardized,Invasive Non-typhoidal Salmonella (iNTS),Rate,2016,0.19877363599799505,0.30894006488567016,0.11342010305439791
Deaths,Caribbean,Both,All ages,Invasive Non-typhoidal Salmonella (iNTS),Number,2017,8.202473920946886,14.580141293487838,4.155832480035872
Deaths,Caribbean,Both,All ages,Invasive Non-typhoidal Salmonella (iNTS),Rate,2017,0.017747088610666532,0.03154597771177022,0.008991668609385668
Deaths,Caribbean,Both,Age-standardized,Invasive Non-typhoidal Salmonella (iNTS),Rate,2017,0.018287160687243283,0.031806509182189587,0.009240099321768456
Deaths,High-income North America,Both,All ages,Invasive Non-typhoidal Salmonella (iNTS),Number,2017,41.78415182203363,46.828975647425814,37.17706685437568
Deaths,High-income North America,Both,All ages,Invasive Non-typhoidal Salmonella (iNTS),Rate,2017,0.011533165770373884,0.01292562647433622,0.010261528742141108
Deaths,High-income North America,Both,Age-standardized,Invasive Non-typhoidal Salmonella (iNTS),Rate,2017,0.007837172701823773,0.008692701728556573,0.007097463872959967
Deaths,Western Sub-Saharan Africa,Both,All ages,Invasive Non-typhoidal Salmonella (iNTS),Number,2017,45916.405392010405,71601.90306093101,26292.3745715285
Deaths,Western Sub-Saharan Africa,Both,All ages,Invasive Non-typhoidal Salmonella (iNTS),Rate,2017,10.50405153355153,16.37998604706217,6.014766510595162
Deaths,Western Sub-Saharan Africa,Both,Age-standardized,Invasive Non-typhoidal Salmonella (iNTS),Rate,2017,7.957581401744317,12.245473571100016,4.6346152187910326
Deaths,High-middle SDI,Both,All ages,Invasive Non-typhoidal Salmonella (iNTS),Number,2017,422.47300421115114,692.3631799262885,239.6101098107848
Deaths,High-middle SDI,Both,All ages,Invasive Non-typhoidal Salmonella (iNTS),Rate,2017,0.032914739238038136,0.053941798169671415,0.018667948495184567
Deaths,High-middle SDI,Both,Age-standardized,Invasive Non-typhoidal Salmonella (iNTS),Rate,2017,0.03313500843687864,0.05471954261179115,0.01855278042029897
Deaths,High SDI,Both,All ages,Invasive Non-typhoidal Salmonella (iNTS),Number,2017,218.47876431188868,307.2181751394216,159.23455732291657
Deaths,High SDI,Both,All ages,Invasive Non-typhoidal Salmonella (iNTS),Rate,2017,0.020288698131980754,0.02852934854191933,0.014787074963003348
Deaths,High SDI,Both,Age-standardized,Invasive Non-typhoidal Salmonella (iNTS),Rate,2017,0.015393216867506275,0.02291344125855129,0.010316659739029536
Deaths,Middle SDI,Both,All ages,Invasive Non-typhoidal Salmonella (iNTS),Number,2017,4043.8189245816875,6263.421743698981,2294.7197509143566
Deaths,Middle SDI,Both,All ages,Invasive Non-typhoidal Salmonella (iNTS),Rate,2017,0.1711378090529248,0.2650732622757033,0.09711446478840068
Deaths,Middle SDI,Both,Age-standardized,Invasive Non-typhoidal Salmonella (iNTS),Rate,2017,0.1920179904957916,0.2967380177095003,0.10756303299700704
Deaths,High-income North America,Both,All ages,Invasive Non-typhoidal Salmonella (iNTS),Number,2018,44.15377809335636,50.0465354099821,38.78775467439433
Deaths,High-income North America,Both,All ages,Invasive Non-typhoidal Salmonella (iNTS),Rate,2018,0.01210887637649907,0.013724925397555965,0.010637280580637004
Deaths,High-income North America,Both,Age-standardized,Invasive Non-typhoidal Salmonella (iNTS),Rate,2018,0.008081651720064364,0.009067059208844968,0.0072516049287746995
Deaths,Caribbean,Both,All ages,Invasive Non-typhoidal Salmonella (iNTS),Number,2018,8.203858391160038,14.416633178714669,4.117953526396728
Deaths,Caribbean,Both,All ages,Invasive Non-typhoidal Salmonella (iNTS),Rate,2018,0.017629859426051574,0.030980936556823116,0.008849365546291676
Deaths,Caribbean,Both,Age-standardized,Invasive Non-typhoidal Salmonella (iNTS),Rate,2018,0.018142703520430438,0.0319803672064601,0.009002209197950627
Deaths,Western Sub-Saharan Africa,Both,All ages,Invasive Non-typhoidal Salmonella (iNTS),Number,2018,45219.54328819098,72738.40109916964,25893.22485049198
Deaths,Western Sub-Saharan Africa,Both,All ages,Invasive Non-typhoidal Salmonella (iNTS),Rate,2018,10.046904347483604,16.161060132226066,5.752971710988409
Deaths,Western Sub-Saharan Africa,Both,Age-standardized,Invasive Non-typhoidal Salmonella (iNTS),Rate,2018,7.670222585501477,12.129816474169978,4.424652742154282
Deaths,High-middle SDI,Both,All ages,Invasive Non-typhoidal Salmonella (iNTS),Number,2018,414.8213035986145,691.5184370023695,231.02845914054697
Deaths,High-middle SDI,Both,All ages,Invasive Non-typhoidal Salmonella (iNTS),Rate,2018,0.032135232392661334,0.05357030963478045,0.01789723227663258
Deaths,High-middle SDI,Both,Age-standardized,Invasive Non-typhoidal Salmonella (iNTS),Rate,2018,0.03185562015792373,0.05369589481533867,0.01756843021113401
Deaths,High SDI,Both,All ages,Invasive Non-typhoidal Salmonella (iNTS),Number,2018,221.7594947701208,312.82092246229973,161.89663011554595
Deaths,High SDI,Both,All ages,Invasive Non-typhoidal Salmonella (iNTS),Rate,2018,0.020489043472503358,0.02890248954653661,0.014958128831993314
Deaths,High SDI,Both,Age-standardized,Invasive Non-typhoidal Salmonella (iNTS),Rate,2018,0.015323949512846505,0.022592468134436734,0.01030262763536019
Deaths,Middle SDI,Both,All ages,Invasive Non-typhoidal Salmonella (iNTS),Number,2018,3948.9604203375407,6229.000420359154,2217.6486075266366
Deaths,Middle SDI,Both,All ages,Invasive Non-typhoidal Salmonella (iNTS),Rate,2018,0.16541743252676028,0.2609256986819455,0.09289476212887582
Deaths,Middle SDI,Both,Age-standardized,Invasive Non-typhoidal Salmonella (iNTS),Rate,2018,0.18618292297212355,0.29265023189304096,0.10270587202573274
Deaths,High-income North America,Both,All ages,Invasive Non-typhoidal Salmonella (iNTS),Number,2019,44.657123390756304,51.163769308792176,38.96345172973994
Deaths,High-income North America,Both,All ages,Invasive Non-typhoidal Salmonella (iNTS),Rate,2019,0.012172840616589279,0.013946451581536182,0.010620833850584967
Deaths,High-income North America,Both,Age-standardized,Invasive Non-typhoidal Salmonella (iNTS),Rate,2019,0.007983286863841817,0.009037240411584428,0.007105851330555043
Deaths,Western Sub-Saharan Africa,Both,All ages,Invasive Non-typhoidal Salmonella (iNTS),Number,2019,44594.839742021046,71788.23445230896,25338.386738699977
Deaths,Western Sub-Saharan Africa,Both,All ages,Invasive Non-typhoidal Salmonella (iNTS),Rate,2019,9.625857332099558,15.495588883350102,5.469325535942284
Deaths,Western Sub-Saharan Africa,Both,Age-standardized,Invasive Non-typhoidal Salmonella (iNTS),Rate,2019,7.410088254045063,11.703782095857115,4.289919784326206
Deaths,Caribbean,Both,All ages,Invasive Non-typhoidal Salmonella (iNTS),Number,2019,8.214335416792967,14.60419498922664,4.01240529695019
Deaths,Caribbean,Both,All ages,Invasive Non-typhoidal Salmonella (iNTS),Rate,2019,0.01751796517021152,0.031145036838553245,0.008556891419000246
Deaths,Caribbean,Both,Age-standardized,Invasive Non-typhoidal Salmonella (iNTS),Rate,2019,0.018034445173929985,0.03196641359935582,0.008721197693676158
Deaths,High-middle SDI,Both,All ages,Invasive Non-typhoidal Salmonella (iNTS),Number,2019,410.13028732583086,674.5572082437378,229.76653564902165
Deaths,High-middle SDI,Both,All ages,Invasive Non-typhoidal Salmonella (iNTS),Rate,2019,0.03161905982236674,0.052005095405506144,0.017713887660514717
Deaths,High-middle SDI,Both,Age-standardized,Invasive Non-typhoidal Salmonella (iNTS),Rate,2019,0.031014438369793108,0.05189177409002912,0.017324180982500825
Deaths,High SDI,Both,All ages,Invasive Non-typhoidal Salmonella (iNTS),Number,2019,220.90859122479864,310.74806560714205,162.67229659231072
Deaths,High SDI,Both,All ages,Invasive Non-typhoidal Salmonella (iNTS),Rate,2019,0.020320430726783384,0.02858437739176082,0.014963524577036615
Deaths,High SDI,Both,Age-standardized,Invasive Non-typhoidal Salmonella (iNTS),Rate,2019,0.014922726359810437,0.02225366277720289,0.010106327571244536
Deaths,Middle SDI,Both,All ages,Invasive Non-typhoidal Salmonella (iNTS),Number,2019,3863.185107171614,6084.89944082613,2140.0694018727872
Deaths,Middle SDI,Both,All ages,Invasive Non-typhoidal Salmonella (iNTS),Rate,2019,0.16024281224284143,0.2523983116425793,0.08876891213789745
Deaths,Middle SDI,Both,Age-standardized,Invasive Non-typhoidal Salmonella (iNTS),Rate,2019,0.18154395946532176,0.2869759730489318,0.09954452711870827
Deaths,Caribbean,Both,All ages,Invasive Non-typhoidal Salmonella (iNTS),Number,2021,8.315226041551645,14.825955388226664,4.065794787180004
Deaths,Caribbean,Both,All ages,Invasive Non-typhoidal Salmonella (iNTS),Rate,2021,0.017520967993865075,0.031239690723683256,0.008567014291593596
Deaths,Caribbean,Both,Age-standardized,Invasive Non-typhoidal Salmonella (iNTS),Rate,2021,0.018113991427885057,0.031592972292276755,0.008727844821251907
Deaths,High-income North America,Both,All ages,Invasive Non-typhoidal Salmonella (iNTS),Number,2021,44.18631041245571,51.60630155228512,38.18583408898704
Deaths,High-income North America,Both,All ages,Invasive Non-typhoidal Salmonella (iNTS),Rate,2021,0.011936615264258026,0.013941072723448368,0.010315629565136502
Deaths,High-income North America,Both,Age-standardized,Invasive Non-typhoidal Salmonella (iNTS),Rate,2021,0.007562639971363825,0.00878061737832667,0.006631787179259024
Deaths,Western Sub-Saharan Africa,Both,All ages,Invasive Non-typhoidal Salmonella (iNTS),Number,2021,43006.07894152519,69966.9473864748,23552.267482050283
Deaths,Western Sub-Saharan Africa,Both,All ages,Invasive Non-typhoidal Salmonella (iNTS),Rate,2021,8.779832748970248,14.283982895639056,4.808273026531311
Deaths,Western Sub-Saharan Africa,Both,Age-standardized,Invasive Non-typhoidal Salmonella (iNTS),Rate,2021,6.87669659767229,10.95477582703998,3.9132197369203294
Deaths,High SDI,Both,All ages,Invasive Non-typhoidal Salmonella (iNTS),Number,2021,215.96205409435206,302.5710590946365,160.33824603694336
Deaths,High SDI,Both,All ages,Invasive Non-typhoidal Salmonella (iNTS),Rate,2021,0.019739728630130293,0.027656111268740874,0.0146555073254561
Deaths,High SDI,Both,Age-standardized,Invasive Non-typhoidal Salmonella (iNTS),Rate,2021,0.013978932561242632,0.020615716555168046,0.009572919830141038
Deaths,High-middle SDI,Both,All ages,Invasive Non-typhoidal Salmonella (iNTS),Number,2021,401.5457956033523,673.341746320292,226.6948267843695
Deaths,High-middle SDI,Both,All ages,Invasive Non-typhoidal Salmonella (iNTS),Rate,2021,0.030792650523034034,0.051635398263492865,0.017384155563282783
Deaths,High-middle SDI,Both,Age-standardized,Invasive Non-typhoidal Salmonella (iNTS),Rate,2021,0.029346514669317227,0.049391947504916454,0.016460148439855844
Deaths,Middle SDI,Both,All ages,Invasive Non-typhoidal Salmonella (iNTS),Number,2021,3652.2613237605397,5784.6290064563045,2024.1359034558402
Deaths,Middle SDI,Both,All ages,Invasive Non-typhoidal Salmonella (iNTS),Rate,2021,0.14916053957277672,0.23624771267542768,0.08266692242526354
Deaths,Middle SDI,Both,Age-standardized,Invasive Non-typhoidal Salmonella (iNTS),Rate,2021,0.17115539987989983,0.2749164440114804,0.09468847675424401
Deaths,High-income North America,Both,All ages,Invasive Non-typhoidal Salmonella (iNTS),Number,1996,54.126852554528234,60.179978859604034,49.226185875272925
Deaths,High-income North America,Both,All ages,Invasive Non-typhoidal Salmonella (iNTS),Rate,1996,0.01806411619430141,0.020084266484834485,0.01642858395576183
Deaths,High-income North America,Both,Age-standardized,Invasive Non-typhoidal Salmonella (iNTS),Rate,1996,0.014693153072308313,0.016202632904584926,0.013423670012053036
Deaths,Caribbean,Both,All ages,Invasive Non-typhoidal Salmonella (iNTS),Number,1996,6.64542896938023,11.93581105984794,3.1797490244638076
Deaths,Caribbean,Both,All ages,Invasive Non-typhoidal Salmonella (iNTS),Rate,1996,0.01739147498771162,0.031236713305018836,0.00832158855071175
Deaths,Caribbean,Both,Age-standardized,Invasive Non-typhoidal Salmonella (iNTS),Rate,1996,0.017841465850140365,0.03159123122228392,0.008588939367088329
Deaths,Western Sub-Saharan Africa,Both,All ages,Invasive Non-typhoidal Salmonella (iNTS),Number,1996,28296.876065287706,45840.68247630877,15905.191572550873
Deaths,Western Sub-Saharan Africa,Both,All ages,Invasive Non-typhoidal Salmonella (iNTS),Rate,1996,12.324440495629558,19.965481778088,6.927357870007301
Deaths,Western Sub-Saharan Africa,Both,Age-standardized,Invasive Non-typhoidal Salmonella (iNTS),Rate,1996,9.71255402135014,15.201431305035069,5.572116699184126
Deaths,High-middle SDI,Both,All ages,Invasive Non-typhoidal Salmonella (iNTS),Number,1996,529.2405027355795,833.4613107433773,318.1142446645601
Deaths,High-middle SDI,Both,All ages,Invasive Non-typhoidal Salmonella (iNTS),Rate,1996,0.04716678556254688,0.07427944519611543,0.028350865598775612
Deaths,High-middle SDI,Both,Age-standardized,Invasive Non-typhoidal Salmonella (iNTS),Rate,1996,0.05093285369107039,0.07910781495625033,0.03115343551073848
Deaths,High SDI,Both,All ages,Invasive Non-typhoidal Salmonella (iNTS),Number,1996,418.25387337488746,515.311426458787,341.61779510802694
Deaths,High SDI,Both,All ages,Invasive Non-typhoidal Salmonella (iNTS),Rate,1996,0.04553640632889109,0.056103319048322074,0.03719283362924379
Deaths,High SDI,Both,Age-standardized,Invasive Non-typhoidal Salmonella (iNTS),Rate,1996,0.03975613779900489,0.05062836000662821,0.0316816119891853
Deaths,Middle SDI,Both,All ages,Invasive Non-typhoidal Salmonella (iNTS),Number,1996,4814.777446107049,7320.956392089962,2803.4505241898382
Deaths,Middle SDI,Both,All ages,Invasive Non-typhoidal Salmonella (iNTS),Rate,1996,0.2571839668290702,0.3910528839547263,0.14974784082764606
Deaths,Middle SDI,Both,Age-standardized,Invasive Non-typhoidal Salmonella (iNTS),Rate,1996,0.27250535862252245,0.4103260090349025,0.16084185408680302
Deaths,High-income North America,Both,All ages,Invasive Non-typhoidal Salmonella (iNTS),Number,2002,26.353486489015125,29.125940553968885,23.719848834888786
Deaths,High-income North America,Both,All ages,Invasive Non-typhoidal Salmonella (iNTS),Rate,2002,0.00830283513852353,0.009176314594080033,0.007473090684561685
Deaths,High-income North America,Both,Age-standardized,Invasive Non-typhoidal Salmonella (iNTS),Rate,2002,0.006504201493252919,0.007157000807767058,0.005912287730780469
Deaths,Caribbean,Both,All ages,Invasive Non-typhoidal Salmonella (iNTS),Number,2002,7.221603447709832,12.685644398399008,3.642231905275342
Deaths,Caribbean,Both,All ages,Invasive Non-typhoidal Salmonella (iNTS),Rate,2002,0.01760027559712752,0.03091707252490926,0.008876738495219664
Deaths,Caribbean,Both,Age-standardized,Invasive Non-typhoidal Salmonella (iNTS),Rate,2002,0.018131250837437152,0.03196661216454615,0.009089456186469298
Deaths,Western Sub-Saharan Africa,Both,All ages,Invasive Non-typhoidal Salmonella (iNTS),Number,2002,44394.67288208149,69673.35993941233,25617.534124996146
Deaths,Western Sub-Saharan Africa,Both,All ages,Invasive Non-typhoidal Salmonella (iNTS),Rate,2002,16.089619154204918,25.25117888798426,9.28436546510513
Deaths,Western Sub-Saharan Africa,Both,Age-standardized,Invasive Non-typhoidal Salmonella (iNTS),Rate,2002,12.667438082367426,19.539327283904193,7.379430824509379
Deaths,Middle SDI,Both,All ages,Invasive Non-typhoidal Salmonella (iNTS),Number,2002,5077.219120377675,7696.745525521761,2955.919809194978
Deaths,Middle SDI,Both,All ages,Invasive Non-typhoidal Salmonella (iNTS),Rate,2002,0.2538560863167385,0.3848298941132726,0.14779315535480378
Deaths,Middle SDI,Both,Age-standardized,Invasive Non-typhoidal Salmonella (iNTS),Rate,2002,0.2782725246845023,0.4143290012674668,0.1635241543898684
Deaths,High-middle SDI,Both,All ages,Invasive Non-typhoidal Salmonella (iNTS),Number,2002,474.93536215812276,759.6931726657015,273.108390285864
Deaths,High-middle SDI,Both,All ages,Invasive Non-typhoidal Salmonella (iNTS),Rate,2002,0.04067338745493977,0.06506000020360038,0.023388958288588148
Deaths,High-middle SDI,Both,Age-standardized,Invasive Non-typhoidal Salmonella (iNTS),Rate,2002,0.044103162478850204,0.06991379715388163,0.02582631601032599
Deaths,High-income North America,Both,All ages,Invasive Non-typhoidal Salmonella (iNTS),Number,1993,61.95915895883588,68.39894270410886,56.392180211594905
Deaths,High-income North America,Both,All ages,Invasive Non-typhoidal Salmonella (iNTS),Rate,1993,0.02130378519897969,0.023518014248284966,0.019389657870083905
Deaths,High-income North America,Both,Age-standardized,Invasive Non-typhoidal Salmonella (iNTS),Rate,1993,0.01777203069424022,0.019548512397093685,0.01626931163974131
Deaths,High SDI,Both,All ages,Invasive Non-typhoidal Salmonella (iNTS),Number,2002,234.51839361211503,318.6309923097474,174.84380192943243
Deaths,High SDI,Both,All ages,Invasive Non-typhoidal Salmonella (iNTS),Rate,2002,0.024487993525444698,0.03327088147120942,0.01825687880454122
Deaths,High SDI,Both,Age-standardized,Invasive Non-typhoidal Salmonella (iNTS),Rate,2002,0.021428960905662854,0.030859268259609253,0.01510198299573256
Deaths,Caribbean,Both,All ages,Invasive Non-typhoidal Salmonella (iNTS),Number,1993,6.208109093158845,11.61711275906483,2.8689858358622393
Deaths,Caribbean,Both,All ages,Invasive Non-typhoidal Salmonella (iNTS),Rate,1993,0.016894975871617347,0.031615236913047004,0.007807763321414336
Deaths,Caribbean,Both,Age-standardized,Invasive Non-typhoidal Salmonella (iNTS),Rate,1993,0.017131811325935498,0.03187629777086199,0.008302601326012926
Deaths,Western Sub-Saharan Africa,Both,All ages,Invasive Non-typhoidal Salmonella (iNTS),Number,1993,24416.460347865934,39595.52550874257,13766.453743688637
Deaths,Western Sub-Saharan Africa,Both,All ages,Invasive Non-typhoidal Salmonella (iNTS),Rate,1993,11.620017148164443,18.843873307065373,6.551581445139978
Deaths,Western Sub-Saharan Africa,Both,Age-standardized,Invasive Non-typhoidal Salmonella (iNTS),Rate,1993,9.163844349846107,14.36260080879366,5.123181083561595
Deaths,High-middle SDI,Both,All ages,Invasive Non-typhoidal Salmonella (iNTS),Number,1993,561.8501905800277,879.3227944369908,336.81488889679895
Deaths,High-middle SDI,Both,All ages,Invasive Non-typhoidal Salmonella (iNTS),Rate,1993,0.05123412548147759,0.08018389090942453,0.030713554201972994
Deaths,High-middle SDI,Both,Age-standardized,Invasive Non-typhoidal Salmonella (iNTS),Rate,1993,0.054584177202704094,0.08519716250312852,0.03352612025055239
Deaths,High SDI,Both,All ages,Invasive Non-typhoidal Salmonella (iNTS),Number,1993,448.90123390823123,555.4896058807029,367.7871896595655
Deaths,High SDI,Both,All ages,Invasive Non-typhoidal Salmonella (iNTS),Rate,1993,0.04987006469892617,0.06171135317154156,0.04085881160110226
Deaths,High SDI,Both,Age-standardized,Invasive Non-typhoidal Salmonella (iNTS),Rate,1993,0.045204668319774544,0.057304532095818456,0.03630713355850157
Deaths,Middle SDI,Both,All ages,Invasive Non-typhoidal Salmonella (iNTS),Number,1993,4880.314015020484,7378.723746918078,2861.6760441751235
Deaths,Middle SDI,Both,All ages,Invasive Non-typhoidal Salmonella (iNTS),Rate,1993,0.2704078033421221,0.40883936437932145,0.15855937355681002
Deaths,Middle SDI,Both,Age-standardized,Invasive Non-typhoidal Salmonella (iNTS),Rate,1993,0.28349193494355734,0.4183588489410956,0.16842186708576293
Deaths,High-income North America,Both,All ages,Invasive Non-typhoidal Salmonella (iNTS),Number,2020,44.15169870545999,51.020199766810215,38.2516280531879
Deaths,High-income North America,Both,All ages,Invasive Non-typhoidal Salmonella (iNTS),Rate,2020,0.01197473611791834,0.01383759734742613,0.010374530662419168
Deaths,High-income North America,Both,Age-standardized,Invasive Non-typhoidal Salmonella (iNTS),Rate,2020,0.007715378522197853,0.008810725643529945,0.0067939127304563396
Deaths,Caribbean,Both,All ages,Invasive Non-typhoidal Salmonella (iNTS),Number,2020,8.309881448129207,14.710390097537895,4.174699029079034
Deaths,Caribbean,Both,All ages,Invasive Non-typhoidal Salmonella (iNTS),Rate,2020,0.017603974381861138,0.03116305955033095,0.008843843948752468
Deaths,Caribbean,Both,Age-standardized,Invasive Non-typhoidal Salmonella (iNTS),Rate,2020,0.018206205954132353,0.031732935436034435,0.009110709472642177
Deaths,Western Sub-Saharan Africa,Both,All ages,Invasive Non-typhoidal Salmonella (iNTS),Number,2020,43740.29972816811,70727.17945938517,23983.755986134587
Deaths,Western Sub-Saharan Africa,Both,All ages,Invasive Non-typhoidal Salmonella (iNTS),Rate,2020,9.178495899286782,14.841442117920188,5.032768575805336
Deaths,Western Sub-Saharan Africa,Both,Age-standardized,Invasive Non-typhoidal Salmonella (iNTS),Rate,2020,7.118458154010737,11.332539589825393,4.118135640427158
Deaths,High-middle SDI,Both,All ages,Invasive Non-typhoidal Salmonella (iNTS),Number,2020,402.93280888240076,679.3514395710339,227.59985735471975
Deaths,High-middle SDI,Both,All ages,Invasive Non-typhoidal Salmonella (iNTS),Rate,2020,0.030959233937833407,0.052197785040190056,0.017487573790792518
Deaths,High-middle SDI,Both,Age-standardized,Invasive Non-typhoidal Salmonella (iNTS),Rate,2020,0.02987203860485864,0.04980378868724363,0.016541133836537204
Deaths,High SDI,Both,All ages,Invasive Non-typhoidal Salmonella (iNTS),Number,2020,209.6964821416279,290.29063563646673,155.8493650317011
Deaths,High SDI,Both,All ages,Invasive Non-typhoidal Salmonella (iNTS),Rate,2020,0.019219829052724364,0.026606723849431697,0.014284446373601318
Deaths,High SDI,Both,Age-standardized,Invasive Non-typhoidal Salmonella (iNTS),Rate,2020,0.013780985791767375,0.020167402861034345,0.009401118998260235
Deaths,Middle SDI,Both,All ages,Invasive Non-typhoidal Salmonella (iNTS),Number,2020,3697.798709120119,5904.526255135259,2043.6852640925836
Deaths,Middle SDI,Both,All ages,Invasive Non-typhoidal Salmonella (iNTS),Rate,2020,0.15206976707198036,0.24282012162378178,0.08404533792293618
Deaths,Middle SDI,Both,Age-standardized,Invasive Non-typhoidal Salmonella (iNTS),Rate,2020,0.1731785672155201,0.28053140962833173,0.09576807522081787
Incidence,Global,Both,All ages,Invasive Non-typhoidal Salmonella (iNTS),Number,1990,348244.1326745457,411889.50199220725,284325.45935531205
Incidence,Global,Both,All ages,Invasive Non-typhoidal Salmonella (iNTS),Rate,1990,6.52922234818,7.72250811732,5.33081240772
Incidence,Global,Both,All ages,Invasive Non-typhoidal Salmonella (iNTS),Number,1991,358295.8222360707,422958.1848487493,292708.7607348291
Incidence,Global,Both,All ages,Invasive Non-typhoidal Salmonella (iNTS),Rate,1991,6.61487862865,7.80867898573,5.40400642609
Incidence,Global,Both,All ages,Invasive Non-typhoidal Salmonella (iNTS),Number,1992,369676.6437525853,435211.5707333312,302243.6592535128
Incidence,Global,Both,All ages,Invasive Non-typhoidal Salmonella (iNTS),Rate,1992,6.72480769962,7.9169570793699995,5.49813065353
Incidence,Global,Both,All ages,Invasive Non-typhoidal Salmonella (iNTS),Number,1993,382384.9111180972,449458.9218808456,312849.27726350643
Incidence,Global,Both,All ages,Invasive Non-typhoidal Salmonella (iNTS),Rate,1993,6.85834616335,8.061366395059999,5.61117496544
Incidence,Global,Both,All ages,Invasive Non-typhoidal Salmonella (iNTS),Number,1994,396154.0182553322,465083.2675398308,324538.8815101141
Incidence,Global,Both,All ages,Invasive Non-typhoidal Salmonella (iNTS),Rate,1994,7.01100583108,8.2308934162,5.7435842774
Incidence,Global,Both,All ages,Invasive Non-typhoidal Salmonella (iNTS),Number,1995,411571.5377045854,482749.31565756426,337552.7710362895
Incidence,Global,Both,All ages,Invasive Non-typhoidal Salmonella (iNTS),Rate,1995,7.190201517319999,8.4336853838,5.89708525526
Incidence,Global,Both,All ages,Invasive Non-typhoidal Salmonella (iNTS),Number,1996,429992.04185813,504186.67710394936,352675.8684148346
Incidence,Global,Both,All ages,Invasive Non-typhoidal Salmonella (iNTS),Rate,1996,7.415708882750001,8.695280972659999,6.08230226502
Incidence,Global,Both,All ages,Invasive Non-typhoidal Salmonella (iNTS),Number,1997,451631.7991834954,530047.5316484184,370466.8467148428
Incidence,Global,Both,All ages,Invasive Non-typhoidal Salmonella (iNTS),Rate,1997,7.68986764196,9.02504068512,6.307884037659999
Incidence,Global,Both,All ages,Invasive Non-typhoidal Salmonella (iNTS),Number,1998,475595.25296277145,558466.0563174934,390832.3184728578
Incidence,Global,Both,All ages,Invasive Non-typhoidal Salmonella (iNTS),Rate,1998,7.9960436248499995,9.38932615811,6.5709492452700005
Incidence,Global,Both,All ages,Invasive Non-typhoidal Salmonella (iNTS),Number,1999,500962.9930751045,587030.9184939673,412660.6455726407
Incidence,Global,Both,All ages,Invasive Non-typhoidal Salmonella (iNTS),Rate,1999,8.31765974292,9.746674916309999,6.85154569621
Incidence,Global,Both,All ages,Invasive Non-typhoidal Salmonella (iNTS),Number,2000,526838.8569585556,616196.1177890262,434862.8810990965
Incidence,Global,Both,All ages,Invasive Non-typhoidal Salmonella (iNTS),Rate,2000,8.638433022000001,10.103599652209999,7.13032803582
Incidence,Global,Both,All ages,Invasive Non-typhoidal Salmonella (iNTS),Number,2001,559635.0888646772,651679.4241330756,462109.7674895013
Incidence,Global,Both,All ages,Invasive Non-typhoidal Salmonella (iNTS),Rate,2001,9.06115129411,10.551457502969999,7.482101464009999
Incidence,Global,Both,All ages,Invasive Non-typhoidal Salmonella (iNTS),Number,2002,602330.277267014,701076.80055629,499089.6512594056
Incidence,Global,Both,All ages,Invasive Non-typhoidal Salmonella (iNTS),Rate,2002,9.62899733797,11.207583116850001,7.9785677472300005
Incidence,Global,Both,All ages,Invasive Non-typhoidal Salmonella (iNTS),Number,2003,648110.0504022035,754652.5045458241,538784.2498350192
Incidence,Global,Both,All ages,Invasive Non-typhoidal Salmonella (iNTS),Rate,2003,10.2288171384,11.91032675275,8.503379272070001
Incidence,Global,Both,All ages,Invasive Non-typhoidal Salmonella (iNTS),Number,2004,689108.4196395697,799536.1225356485,573797.252672469
Incidence,Global,Both,All ages,Invasive Non-typhoidal Salmonella (iNTS),Rate,2004,10.73649889804,12.45699291127,8.93991917011
Incidence,Global,Both,All ages,Invasive Non-typhoidal Salmonella (iNTS),Number,2005,716489.2310699215,830598.4608594333,597139.9148958025
Incidence,Global,Both,All ages,Invasive Non-typhoidal Salmonella (iNTS),Rate,2005,11.01893110738,12.773823836040002,9.1834507741
Incidence,Global,Both,All ages,Invasive Non-typhoidal Salmonella (iNTS),Number,2006,724379.0019810873,840226.2392947075,602798.6623275729
Incidence,Global,Both,All ages,Invasive Non-typhoidal Salmonella (iNTS),Rate,2006,10.99423006831,12.75249635753,9.14894987345
Incidence,Global,Both,All ages,Invasive Non-typhoidal Salmonella (iNTS),Number,2007,716705.2632279526,832688.3833986226,594843.4380972183
Incidence,Global,Both,All ages,Invasive Non-typhoidal Salmonella (iNTS),Rate,2007,10.73332235765,12.470276557250001,8.90832912916
Incidence,Global,Both,All ages,Invasive Non-typhoidal Salmonella (iNTS),Number,2008,699249.1956501515,814341.0419940995,578370.0329956446
Incidence,Global,Both,All ages,Invasive Non-typhoidal Salmonella (iNTS),Rate,2008,10.33087209805,12.03126610852,8.54497491509
Incidence,Global,Both,All ages,Invasive Non-typhoidal Salmonella (iNTS),Number,2009,678637.9050960904,792226.1009161543,559224.5356669386
Incidence,Global,Both,All ages,Invasive Non-typhoidal Salmonella (iNTS),Rate,2009,9.891149567540001,11.546697873229999,8.15069933846
Incidence,Global,Both,All ages,Invasive Non-typhoidal Salmonella (iNTS),Number,2010,662334.4014456533,774575.9527145451,543994.3779542684
Incidence,Global,Both,All ages,Invasive Non-typhoidal Salmonella (iNTS),Rate,2010,9.528954875890001,11.14376557408,7.826405919650001
Incidence,Global,Both,All ages,Invasive Non-typhoidal Salmonella (iNTS),Number,2011,638340.6607205524,747706.461658204,522836.344861847
Incidence,Global,Both,All ages,Invasive Non-typhoidal Salmonella (iNTS),Rate,2011,9.07011615079,10.62408345769,7.42892732291
Incidence,Global,Both,All ages,Invasive Non-typhoidal Salmonella (iNTS),Number,2012,596631.7243228023,700867.0278812797,488015.9730756441
Incidence,Global,Both,All ages,Invasive Non-typhoidal Salmonella (iNTS),Rate,2012,8.37221386006,9.83489212135,6.84806711938
Incidence,Global,Both,All ages,Invasive Non-typhoidal Salmonella (iNTS),Number,2013,549540.0443452954,648530.49782461,449034.79283525166
Incidence,Global,Both,All ages,Invasive Non-typhoidal Salmonella (iNTS),Rate,2013,7.61534660805,8.98712400969,6.2225776296
Incidence,Global,Both,All ages,Invasive Non-typhoidal Salmonella (iNTS),Number,2014,510953.3149281257,602581.6843228021,416825.6653218354
Incidence,Global,Both,All ages,Invasive Non-typhoidal Salmonella (iNTS),Rate,2014,6.99349353042,8.24762456322,5.70515448002
Incidence,Global,Both,All ages,Invasive Non-typhoidal Salmonella (iNTS),Number,2015,496108.9403516158,586366.5719778857,403881.78633088735
Incidence,Global,Both,All ages,Invasive Non-typhoidal Salmonella (iNTS),Rate,2015,6.70742789121,7.9277174416000005,5.46051025903
Incidence,Global,Both,All ages,Invasive Non-typhoidal Salmonella (iNTS),Number,2016,500183.38723777066,590408.5037359057,407193.7928962488
Incidence,Global,Both,All ages,Invasive Non-typhoidal Salmonella (iNTS),Rate,2016,6.68103790909,7.88619073714,5.438959461860001
Incidence,Global,Both,All ages,Invasive Non-typhoidal Salmonella (iNTS),Number,2017,506513.1662801122,598422.2722296303,412040.2672303567
Incidence,Global,Both,All ages,Invasive Non-typhoidal Salmonella (iNTS),Rate,2017,6.6861528227199996,7.89938550667,5.43907716368
Incidence,Global,Both,All ages,Invasive Non-typhoidal Salmonella (iNTS),Number,2018,513326.2196866707,607444.4740007068,416981.2169470566
Incidence,Global,Both,All ages,Invasive Non-typhoidal Salmonella (iNTS),Rate,2018,6.69961374095,7.92798650994,5.4421788399599995
Incidence,Global,Both,All ages,Invasive Non-typhoidal Salmonella (iNTS),Number,2019,518699.8982822176,614721.4986333499,421551.66956175
Incidence,Global,Both,All ages,Invasive Non-typhoidal Salmonella (iNTS),Rate,2019,6.69693868134,7.9366743584999995,5.4426570959900005
Incidence,Global,Both,All ages,Invasive Non-typhoidal Salmonella (iNTS),Number,2020,514002.53768036177,611631.7026499967,414469.7660425024
Incidence,Global,Both,All ages,Invasive Non-typhoidal Salmonella (iNTS),Rate,2020,6.570936333700001,7.819013882539999,5.29852334426
Incidence,Global,Both,All ages,Invasive Non-typhoidal Salmonella (iNTS),Number,2021,509975.88411620696,606167.2456279212,413360.6861066539
Incidence,Global,Both,All ages,Invasive Non-typhoidal Salmonella (iNTS),Rate,2021,6.462464227380001,7.6814105582,5.23814699904
Incidence,Global,Both,Age-standardized,Invasive Non-typhoidal Salmonella (iNTS),Rate,1990,5.98588086901,7.033575612290001,4.93718818491
Incidence,Global,Both,Age-standardized,Invasive Non-typhoidal Salmonella (iNTS),Rate,1991,6.09998428764,7.15545849795,5.03810424871
Incidence,Global,Both,Age-standardized,Invasive Non-typhoidal Salmonella (iNTS),Rate,1992,6.24280584471,7.30943638695,5.16340969957
Incidence,Global,Both,Age-standardized,Invasive Non-typhoidal Salmonella (iNTS),Rate,1993,6.4120276910300005,7.50190437467,5.3060011865
Incidence,Global,Both,Age-standardized,Invasive Non-typhoidal Salmonella (iNTS),Rate,1994,6.6040578986,7.72804335174,5.46315143968
Incidence,Global,Both,Age-standardized,Invasive Non-typhoidal Salmonella (iNTS),Rate,1995,6.826424165,7.9958389723100005,5.64342479508
Incidence,Global,Both,Age-standardized,Invasive Non-typhoidal Salmonella (iNTS),Rate,1996,7.0964101697,8.32321676372,5.86480700166
Incidence,Global,Both,Age-standardized,Invasive Non-typhoidal Salmonella (iNTS),Rate,1997,7.41680012766,8.7049352471,6.14299674371
Incidence,Global,Both,Age-standardized,Invasive Non-typhoidal Salmonella (iNTS),Rate,1998,7.773703906370001,9.110173080600001,6.45238916438
Incidence,Global,Both,Age-standardized,Invasive Non-typhoidal Salmonella (iNTS),Rate,1999,8.15103612255,9.55395439849,6.775240189850001
Incidence,Global,Both,Age-standardized,Invasive Non-typhoidal Salmonella (iNTS),Rate,2000,8.530580046759999,9.99917673205,7.0938982285200005
Incidence,Global,Both,Age-standardized,Invasive Non-typhoidal Salmonella (iNTS),Rate,2001,9.012726337630001,10.50586084883,7.48375333704
Incidence,Global,Both,Age-standardized,Invasive Non-typhoidal Salmonella (iNTS),Rate,2002,9.641048531740001,11.23462365459,7.998860114129999
Incidence,Global,Both,Age-standardized,Invasive Non-typhoidal Salmonella (iNTS),Rate,2003,10.30329226498,12.01041588495,8.57204760557
Incidence,Global,Both,Age-standardized,Invasive Non-typhoidal Salmonella (iNTS),Rate,2004,10.874539470850001,12.640052852380002,9.05262503058
Incidence,Global,Both,Age-standardized,Invasive Non-typhoidal Salmonella (iNTS),Rate,2005,11.21573170454,13.03114672791,9.33092439434
Incidence,Global,Both,Age-standardized,Invasive Non-typhoidal Salmonella (iNTS),Rate,2006,11.2367959401,13.064028511459998,9.33160901055
Incidence,Global,Both,Age-standardized,Invasive Non-typhoidal Salmonella (iNTS),Rate,2007,11.00856233561,12.827564559959999,9.11113734323
Incidence,Global,Both,Age-standardized,Invasive Non-typhoidal Salmonella (iNTS),Rate,2008,10.63009810293,12.418484154199998,8.76013502735
Incidence,Global,Both,Age-standardized,Invasive Non-typhoidal Salmonella (iNTS),Rate,2009,10.21246816173,11.95089694891,8.39114288283
Incidence,Global,Both,Age-standardized,Invasive Non-typhoidal Salmonella (iNTS),Rate,2010,9.88137169658,11.586945888259999,8.09852785396
Incidence,Global,Both,Age-standardized,Invasive Non-typhoidal Salmonella (iNTS),Rate,2011,9.45403467994,11.10870950378,7.723521249700001
Incidence,Global,Both,Age-standardized,Invasive Non-typhoidal Salmonella (iNTS),Rate,2012,8.76491354194,10.337172795819999,7.146397070710001
Incidence,Global,Both,Age-standardized,Invasive Non-typhoidal Salmonella (iNTS),Rate,2013,8.00057952547,9.46051499773,6.51076694274
Incidence,Global,Both,Age-standardized,Invasive Non-typhoidal Salmonella (iNTS),Rate,2014,7.374362305229999,8.718109052119999,5.98072496626
Incidence,Global,Both,Age-standardized,Invasive Non-typhoidal Salmonella (iNTS),Rate,2015,7.0985753021399995,8.421989870019999,5.74250462758
Incidence,Global,Both,Age-standardized,Invasive Non-typhoidal Salmonella (iNTS),Rate,2016,7.0965161153,8.42629640451,5.73872546486
Incidence,Global,Both,Age-standardized,Invasive Non-typhoidal Salmonella (iNTS),Rate,2017,7.139829258060001,8.48325078778,5.78251699441
Incidence,Global,Both,Age-standardized,Invasive Non-typhoidal Salmonella (iNTS),Rate,2018,7.21278117102,8.57518500473,5.84531858875
Incidence,Global,Both,Age-standardized,Invasive Non-typhoidal Salmonella (iNTS),Rate,2019,7.28729926906,8.671070780420001,5.90832003591
Incidence,Global,Both,Age-standardized,Invasive Non-typhoidal Salmonella (iNTS),Rate,2020,7.23588588088,8.641976365869999,5.85080911304
Incidence,Global,Both,Age-standardized,Invasive Non-typhoidal Salmonella (iNTS),Rate,2021,7.2077338517000005,8.637488996290001,5.83288681336
Incidence,East Asia,Both,All ages,Invasive Non-typhoidal Salmonella (iNTS),Number,1990,7223.1635365514,10387.182807774485,4747.059909367066
Incidence,East Asia,Both,All ages,Invasive Non-typhoidal Salmonella (iNTS),Rate,1990,0.5933076499000001,0.85319887742,0.38992152739
Incidence,East Asia,Both,All ages,Invasive Non-typhoidal Salmonella (iNTS),Number,1991,7250.754766344462,10420.59214305278,4780.836122249357
Incidence,East Asia,Both,All ages,Invasive Non-typhoidal Salmonella (iNTS),Rate,1991,0.58743504371,0.84424604034,0.38732942526999997
Incidence,East Asia,Both,All ages,Invasive Non-typhoidal Salmonella (iNTS),Number,1992,7258.607402732422,10452.762622102977,4782.952017732468
Incidence,East Asia,Both,All ages,Invasive Non-typhoidal Salmonella (iNTS),Rate,1992,0.58149932587,0.83738850733,0.38317038237
Incidence,East Asia,Both,All ages,Invasive Non-typhoidal Salmonella (iNTS),Number,1993,7252.368573734464,10473.931966236578,4762.130650111247
Incidence,East Asia,Both,All ages,Invasive Non-typhoidal Salmonella (iNTS),Rate,1993,0.57568088102,0.83140319204,0.37800996189
Incidence,East Asia,Both,All ages,Invasive Non-typhoidal Salmonella (iNTS),Number,1994,7238.415573953367,10474.9679530227,4758.834431659415
Incidence,East Asia,Both,All ages,Invasive Non-typhoidal Salmonella (iNTS),Rate,1994,0.5702324093,0.82520354796,0.37489442209
Incidence,East Asia,Both,All ages,Invasive Non-typhoidal Salmonella (iNTS),Number,1995,7223.448833565539,10469.431707755835,4758.453807658092
Incidence,East Asia,Both,All ages,Invasive Non-typhoidal Salmonella (iNTS),Rate,1995,0.56552415619,0.81965231134,0.37253957719
Incidence,East Asia,Both,All ages,Invasive Non-typhoidal Salmonella (iNTS),Number,1996,7190.244737223441,10462.491404153809,4693.692061741738
Incidence,East Asia,Both,All ages,Invasive Non-typhoidal Salmonella (iNTS),Rate,1996,0.56005284111,0.81493026317,0.36559472876000004
Incidence,East Asia,Both,All ages,Invasive Non-typhoidal Salmonella (iNTS),Number,1997,7129.536232692904,10408.886293766243,4611.246051176207
Incidence,East Asia,Both,All ages,Invasive Non-typhoidal Salmonella (iNTS),Rate,1997,0.55291878705,0.8072430795200001,0.35761717034
Incidence,East Asia,Both,All ages,Invasive Non-typhoidal Salmonella (iNTS),Number,1998,7057.22349714595,10311.89872228631,4565.24927186413
Incidence,East Asia,Both,All ages,Invasive Non-typhoidal Salmonella (iNTS),Rate,1998,0.54517709305,0.7966037878100001,0.35266976143
Incidence,East Asia,Both,All ages,Invasive Non-typhoidal Salmonella (iNTS),Number,1999,6989.710505135875,10237.07455975689,4538.474422050933
Incidence,East Asia,Both,All ages,Invasive Non-typhoidal Salmonella (iNTS),Rate,1999,0.53790167776,0.78780653033,0.34926382206
Incidence,East Asia,Both,All ages,Invasive Non-typhoidal Salmonella (iNTS),Number,2000,6941.430896301697,10170.840676303043,4501.356331783778
Incidence,East Asia,Both,All ages,Invasive Non-typhoidal Salmonella (iNTS),Rate,2000,0.53201024809,0.77952104578,0.34499626008
Incidence,East Asia,Both,All ages,Invasive Non-typhoidal Salmonella (iNTS),Number,2001,6886.659956827324,10060.286637292853,4460.435607603738
Incidence,East Asia,Both,All ages,Invasive Non-typhoidal Salmonella (iNTS),Rate,2001,0.5253496152,0.7674500769299999,0.34026482282
Incidence,East Asia,Both,All ages,Invasive Non-typhoidal Salmonella (iNTS),Number,2002,6804.121275743929,9950.552131619625,4429.53918144345
Incidence,East Asia,Both,All ages,Invasive Non-typhoidal Salmonella (iNTS),Rate,2002,0.51639110159,0.75518591872,0.33617487472
Incidence,East Asia,Both,All ages,Invasive Non-typhoidal Salmonella (iNTS),Number,2003,6715.192915456673,9837.445644200809,4380.477309355987
Incidence,East Asia,Both,All ages,Invasive Non-typhoidal Salmonella (iNTS),Rate,2003,0.506893041,0.74257475565,0.3306581795
Incidence,East Asia,Both,All ages,Invasive Non-typhoidal Salmonella (iNTS),Number,2004,6642.990433198074,9726.521377658391,4366.109926115051
Incidence,East Asia,Both,All ages,Invasive Non-typhoidal Salmonella (iNTS),Rate,2004,0.49864174055,0.7301003362999999,0.32773261905
Incidence,East Asia,Both,All ages,Invasive Non-typhoidal Salmonella (iNTS),Number,2005,6610.862727425329,9636.483331244814,4347.054554764729
Incidence,East Asia,Both,All ages,Invasive Non-typhoidal Salmonella (iNTS),Rate,2005,0.49328906675,0.71905469304,0.32436832723
Incidence,East Asia,Both,All ages,Invasive Non-typhoidal Salmonella (iNTS),Number,2006,6605.785781689562,9572.329734647752,4345.478523283834
Incidence,East Asia,Both,All ages,Invasive Non-typhoidal Salmonella (iNTS),Rate,2006,0.48970644484000003,0.70962512532,0.3221431801
Incidence,East Asia,Both,All ages,Invasive Non-typhoidal Salmonella (iNTS),Number,2007,6600.309649478641,9491.577273240891,4357.84144022178
Incidence,East Asia,Both,All ages,Invasive Non-typhoidal Salmonella (iNTS),Rate,2007,0.4858834623,0.6987248588499999,0.32080359855
Incidence,East Asia,Both,All ages,Invasive Non-typhoidal Salmonella (iNTS),Number,2008,6596.7981325028495,9435.392329085076,4348.401408263099
Incidence,East Asia,Both,All ages,Invasive Non-typhoidal Salmonella (iNTS),Rate,2008,0.48220639194000003,0.6896992147,0.31785525518
Incidence,East Asia,Both,All ages,Invasive Non-typhoidal Salmonella (iNTS),Number,2009,6598.770144941057,9403.460442759852,4347.170813382006
Incidence,East Asia,Both,All ages,Invasive Non-typhoidal Salmonella (iNTS),Rate,2009,0.47910613445000005,0.68274170553,0.31562793648
Incidence,East Asia,Both,All ages,Invasive Non-typhoidal Salmonella (iNTS),Number,2010,6608.712543867754,9428.416936053123,4376.072336614449
Incidence,East Asia,Both,All ages,Invasive Non-typhoidal Salmonella (iNTS),Rate,2010,0.47699430270000004,0.68051093645,0.31584995699
Incidence,East Asia,Both,All ages,Invasive Non-typhoidal Salmonella (iNTS),Number,2011,6654.339576986768,9467.280950492435,4385.209920031712
Incidence,East Asia,Both,All ages,Invasive Non-typhoidal Salmonella (iNTS),Rate,2011,0.47783179258999997,0.6798222085300001,0.31489116129
Incidence,East Asia,Both,All ages,Invasive Non-typhoidal Salmonella (iNTS),Number,2012,6745.720582754375,9585.658749928543,4431.968249678523
Incidence,East Asia,Both,All ages,Invasive Non-typhoidal Salmonella (iNTS),Rate,2012,0.48179390735,0.6846284139600001,0.31654072742
Incidence,East Asia,Both,All ages,Invasive Non-typhoidal Salmonella (iNTS),Number,2013,6857.7082973309725,9718.27081203279,4494.10354603477
Incidence,East Asia,Both,All ages,Invasive Non-typhoidal Salmonella (iNTS),Rate,2013,0.48689150652999996,0.6899890329699999,0.31907756223
Incidence,East Asia,Both,All ages,Invasive Non-typhoidal Salmonella (iNTS),Number,2014,6961.688697117343,9818.118289033187,4551.754193092167
Incidence,East Asia,Both,All ages,Invasive Non-typhoidal Salmonella (iNTS),Rate,2014,0.4912265585,0.69278025317,0.32117818602
Incidence,East Asia,Both,All ages,Invasive Non-typhoidal Salmonella (iNTS),Number,2015,7032.658148792384,9851.14391571511,4578.784901228289
Incidence,East Asia,Both,All ages,Invasive Non-typhoidal Salmonella (iNTS),Rate,2015,0.49289522714,0.6904333632,0.32091154954
Incidence,East Asia,Both,All ages,Invasive Non-typhoidal Salmonella (iNTS),Number,2016,7052.6990484822745,9889.646900961208,4618.238512241382
Incidence,East Asia,Both,All ages,Invasive Non-typhoidal Salmonella (iNTS),Rate,2016,0.49064622565,0.68800864628,0.32128427423
Incidence,East Asia,Both,All ages,Invasive Non-typhoidal Salmonella (iNTS),Number,2017,7034.654510008947,9887.5968839822,4617.306003652095
Incidence,East Asia,Both,All ages,Invasive Non-typhoidal Salmonella (iNTS),Rate,2017,0.48585740320000004,0.68289951398,0.31890013952
Incidence,East Asia,Both,All ages,Invasive Non-typhoidal Salmonella (iNTS),Number,2018,7003.449555998956,9888.279185137602,4582.5757252999865
Incidence,East Asia,Both,All ages,Invasive Non-typhoidal Salmonella (iNTS),Rate,2018,0.48067483057000004,0.67867225771,0.31452055058
Incidence,East Asia,Both,All ages,Invasive Non-typhoidal Salmonella (iNTS),Number,2019,6988.425341602558,9866.260780203937,4588.321539922475
Incidence,East Asia,Both,All ages,Invasive Non-typhoidal Salmonella (iNTS),Rate,2019,0.47725690461000003,0.67379142652,0.31334786142
Incidence,East Asia,Both,All ages,Invasive Non-typhoidal Salmonella (iNTS),Number,2020,7031.325448519036,9805.135139578077,4628.843991841335
Incidence,East Asia,Both,All ages,Invasive Non-typhoidal Salmonella (iNTS),Rate,2020,0.47849349042999995,0.6672558924199999,0.31500059761
Incidence,East Asia,Both,All ages,Invasive Non-typhoidal Salmonella (iNTS),Number,2021,7087.951879923985,9904.752206557156,4693.306543187071
Incidence,East Asia,Both,All ages,Invasive Non-typhoidal Salmonella (iNTS),Rate,2021,0.4812651171,0.67252315074,0.31867100135
Incidence,East Asia,Both,Age-standardized,Invasive Non-typhoidal Salmonella (iNTS),Rate,1990,0.59182657899,0.8344599978999999,0.39854063823999997
Incidence,East Asia,Both,Age-standardized,Invasive Non-typhoidal Salmonella (iNTS),Rate,1991,0.58746933475,0.83192536311,0.39466554947000004
Incidence,East Asia,Both,Age-standardized,Invasive Non-typhoidal Salmonella (iNTS),Rate,1992,0.58323524638,0.8296617424399999,0.39216648527
Incidence,East Asia,Both,Age-standardized,Invasive Non-typhoidal Salmonella (iNTS),Rate,1993,0.57925204022,0.82492612569,0.39008200331
Incidence,East Asia,Both,Age-standardized,Invasive Non-typhoidal Salmonella (iNTS),Rate,1994,0.57593594281,0.82060976321,0.38838902071
Incidence,East Asia,Both,Age-standardized,Invasive Non-typhoidal Salmonella (iNTS),Rate,1995,0.57351926443,0.81632837217,0.38727269546000004
Incidence,East Asia,Both,Age-standardized,Invasive Non-typhoidal Salmonella (iNTS),Rate,1996,0.5702096461,0.81138549436,0.38358359648999996
Incidence,East Asia,Both,Age-standardized,Invasive Non-typhoidal Salmonella (iNTS),Rate,1997,0.5648931323399999,0.80462482867,0.37819300682
Incidence,East Asia,Both,Age-standardized,Invasive Non-typhoidal Salmonella (iNTS),Rate,1998,0.55864330078,0.79614270973,0.37235793733
Incidence,East Asia,Both,Age-standardized,Invasive Non-typhoidal Salmonella (iNTS),Rate,1999,0.5530192826,0.7895533870400001,0.36604001163
Incidence,East Asia,Both,Age-standardized,Invasive Non-typhoidal Salmonella (iNTS),Rate,2000,0.54925616858,0.7862258774299999,0.36161088507
Incidence,East Asia,Both,Age-standardized,Invasive Non-typhoidal Salmonella (iNTS),Rate,2001,0.54511883935,0.7786662914699999,0.35979678435
Incidence,East Asia,Both,Age-standardized,Invasive Non-typhoidal Salmonella (iNTS),Rate,2002,0.53873749358,0.76959754771,0.35583267337
Incidence,East Asia,Both,Age-standardized,Invasive Non-typhoidal Salmonella (iNTS),Rate,2003,0.5316965046900001,0.7619660161199999,0.35224774261
Incidence,East Asia,Both,Age-standardized,Invasive Non-typhoidal Salmonella (iNTS),Rate,2004,0.5256596971799999,0.75346726893,0.34910335442
Incidence,East Asia,Both,Age-standardized,Invasive Non-typhoidal Salmonella (iNTS),Rate,2005,0.5221143594000001,0.74864405542,0.34713439731
Incidence,East Asia,Both,Age-standardized,Invasive Non-typhoidal Salmonella (iNTS),Rate,2006,0.51950206033,0.74312512354,0.34479529147
Incidence,East Asia,Both,Age-standardized,Invasive Non-typhoidal Salmonella (iNTS),Rate,2007,0.51591763812,0.7366798644,0.34124713950999996
Incidence,East Asia,Both,Age-standardized,Invasive Non-typhoidal Salmonella (iNTS),Rate,2008,0.51207691132,0.73387559926,0.33692360128
Incidence,East Asia,Both,Age-standardized,Invasive Non-typhoidal Salmonella (iNTS),Rate,2009,0.50889084717,0.73255267862,0.33314649749999997
Incidence,East Asia,Both,Age-standardized,Invasive Non-typhoidal Salmonella (iNTS),Rate,2010,0.50722535933,0.73161175349,0.32957542297000003
Incidence,East Asia,Both,Age-standardized,Invasive Non-typhoidal Salmonella (iNTS),Rate,2011,0.50962954432,0.73363846351,0.3335119691
Incidence,East Asia,Both,Age-standardized,Invasive Non-typhoidal Salmonella (iNTS),Rate,2012,0.51593261044,0.74094200446,0.3393717163
Incidence,East Asia,Both,Age-standardized,Invasive Non-typhoidal Salmonella (iNTS),Rate,2013,0.52332084402,0.74983305283,0.34477182696
Incidence,East Asia,Both,Age-standardized,Invasive Non-typhoidal Salmonella (iNTS),Rate,2014,0.5294322501800001,0.7571862550999999,0.34956016662
Incidence,East Asia,Both,Age-standardized,Invasive Non-typhoidal Salmonella (iNTS),Rate,2015,0.5315177814800001,0.75966446993,0.35087585262
Incidence,East Asia,Both,Age-standardized,Invasive Non-typhoidal Salmonella (iNTS),Rate,2016,0.52772623146,0.75661921217,0.34758811364000003
Incidence,East Asia,Both,Age-standardized,Invasive Non-typhoidal Salmonella (iNTS),Rate,2017,0.52036443268,0.74938488228,0.34141317566
Incidence,East Asia,Both,Age-standardized,Invasive Non-typhoidal Salmonella (iNTS),Rate,2018,0.51273584583,0.7418492962,0.33556104203
Incidence,East Asia,Both,Age-standardized,Invasive Non-typhoidal Salmonella (iNTS),Rate,2019,0.50811552336,0.73803185535,0.33191990774
Incidence,East Asia,Both,Age-standardized,Invasive Non-typhoidal Salmonella (iNTS),Rate,2020,0.51314521115,0.7465141350500001,0.3309309896
Incidence,East Asia,Both,Age-standardized,Invasive Non-typhoidal Salmonella (iNTS),Rate,2021,0.5158896143799999,0.74340690424,0.33990631979999997
Incidence,Southeast Asia,Both,All ages,Invasive Non-typhoidal Salmonella (iNTS),Number,1990,18538.639701893604,22473.40601168259,14589.042575315409
Incidence,Southeast Asia,Both,All ages,Invasive Non-typhoidal Salmonella (iNTS),Rate,1990,3.9824619878500003,4.8277266627,3.1340113638100005
Incidence,Southeast Asia,Both,All ages,Invasive Non-typhoidal Salmonella (iNTS),Number,1991,18579.427730380303,22537.969348073315,14614.378059396757
Incidence,Southeast Asia,Both,All ages,Invasive Non-typhoidal Salmonella (iNTS),Rate,1991,3.92282892834,4.75862870631,3.0856550510100003
Incidence,Southeast Asia,Both,All ages,Invasive Non-typhoidal Salmonella (iNTS),Number,1992,18585.520482815347,22623.889091838915,14613.60312684542
Incidence,Southeast Asia,Both,All ages,Invasive Non-typhoidal Salmonella (iNTS),Rate,1992,3.85833432418,4.69669536079,3.03376849717
Incidence,Southeast Asia,Both,All ages,Invasive Non-typhoidal Salmonella (iNTS),Number,1993,18561.96243573132,22665.048726582827,14589.689796537918
Incidence,Southeast Asia,Both,All ages,Invasive Non-typhoidal Salmonella (iNTS),Rate,1993,3.79038057772,4.62823695413,2.97923654523
Incidence,Southeast Asia,Both,All ages,Invasive Non-typhoidal Salmonella (iNTS),Number,1994,18514.190397228263,22673.498072792376,14517.860893379984
Incidence,Southeast Asia,Both,All ages,Invasive Non-typhoidal Salmonella (iNTS),Rate,1994,3.72044578116,4.55626297663,2.9173792185
Incidence,Southeast Asia,Both,All ages,Invasive Non-typhoidal Salmonella (iNTS),Number,1995,18447.65182695388,22661.31562292005,14426.65018241004
Incidence,Southeast Asia,Both,All ages,Invasive Non-typhoidal Salmonella (iNTS),Rate,1995,3.6499978269,4.4837008826,2.85441433464
Incidence,Southeast Asia,Both,All ages,Invasive Non-typhoidal Salmonella (iNTS),Number,1996,18289.696380995272,22407.810655582944,14279.52625530176
Incidence,Southeast Asia,Both,All ages,Invasive Non-typhoidal Salmonella (iNTS),Rate,1996,3.5647381896100003,4.36737585609,2.78313928846
Incidence,Southeast Asia,Both,All ages,Invasive Non-typhoidal Salmonella (iNTS),Number,1997,18017.27452015614,22130.416134113817,14033.15855953503
Incidence,Southeast Asia,Both,All ages,Invasive Non-typhoidal Salmonella (iNTS),Rate,1997,3.46048987103,4.2504808809,2.69528018789
Incidence,Southeast Asia,Both,All ages,Invasive Non-typhoidal Salmonella (iNTS),Number,1998,17712.58938349723,21863.00346064097,13740.06709574328
Incidence,Southeast Asia,Both,All ages,Invasive Non-typhoidal Salmonella (iNTS),Rate,1998,3.3536782138500003,4.13951211806,2.60152610542
Incidence,Southeast Asia,Both,All ages,Invasive Non-typhoidal Salmonella (iNTS),Number,1999,17460.947432200268,21613.908887127356,13542.199793161884
Incidence,Southeast Asia,Both,All ages,Invasive Non-typhoidal Salmonella (iNTS),Rate,1999,3.2604546308100004,4.0359304439,2.52871318686
Incidence,Southeast Asia,Both,All ages,Invasive Non-typhoidal Salmonella (iNTS),Number,2000,17351.579291321344,21502.536905931865,13461.865436330754
Incidence,Southeast Asia,Both,All ages,Invasive Non-typhoidal Salmonella (iNTS),Rate,2000,3.1964661501,3.96114556531,2.4799124311400003
Incidence,Southeast Asia,Both,All ages,Invasive Non-typhoidal Salmonella (iNTS),Number,2001,17370.617867467157,21474.1898257438,13458.521715546069
Incidence,Southeast Asia,Both,All ages,Invasive Non-typhoidal Salmonella (iNTS),Rate,2001,3.1577028007299996,3.9036670930999997,2.44654577281
Incidence,Southeast Asia,Both,All ages,Invasive Non-typhoidal Salmonella (iNTS),Number,2002,17428.760957589588,21494.644744884878,13492.687006234646
Incidence,Southeast Asia,Both,All ages,Invasive Non-typhoidal Salmonella (iNTS),Rate,2002,3.12719063316,3.85672004298,2.42095261532
Incidence,Southeast Asia,Both,All ages,Invasive Non-typhoidal Salmonella (iNTS),Number,2003,17506.511172298207,21558.67470088775,13585.143508662182
Incidence,Southeast Asia,Both,All ages,Invasive Non-typhoidal Salmonella (iNTS),Rate,2003,3.10115668164,3.81896926452,2.40651367644
Incidence,Southeast Asia,Both,All ages,Invasive Non-typhoidal Salmonella (iNTS),Number,2004,17582.715930059385,21687.176782591072,13675.867717759254
Incidence,Southeast Asia,Both,All ages,Invasive Non-typhoidal Salmonella (iNTS),Rate,2004,3.07605296646,3.79411831151,2.39255946746
Incidence,Southeast Asia,Both,All ages,Invasive Non-typhoidal Salmonella (iNTS),Number,2005,17641.970988600362,21790.145704288247,13751.26523546846
Incidence,Southeast Asia,Both,All ages,Invasive Non-typhoidal Salmonella (iNTS),Rate,2005,3.04850235306,3.7652998350299995,2.37619506658
Incidence,Southeast Asia,Both,All ages,Invasive Non-typhoidal Salmonella (iNTS),Number,2006,17706.232114353836,21828.551563001904,13752.895809063586
Incidence,Southeast Asia,Both,All ages,Invasive Non-typhoidal Salmonella (iNTS),Rate,2006,3.02177152869,3.72529260882,2.34708935953
Incidence,Southeast Asia,Both,All ages,Invasive Non-typhoidal Salmonella (iNTS),Number,2007,17793.22250547738,21857.403844452456,13772.171109854544
Incidence,Southeast Asia,Both,All ages,Invasive Non-typhoidal Salmonella (iNTS),Rate,2007,2.99920053464,3.68425321923,2.3214177725900003
Incidence,Southeast Asia,Both,All ages,Invasive Non-typhoidal Salmonella (iNTS),Number,2008,17911.478581780062,21969.654726990768,13843.178699890845
Incidence,Southeast Asia,Both,All ages,Invasive Non-typhoidal Salmonella (iNTS),Rate,2008,2.9783607887200003,3.6531634103700004,2.30187476945
Incidence,Southeast Asia,Both,All ages,Invasive Non-typhoidal Salmonella (iNTS),Number,2009,18045.24898415895,22099.80346829846,13959.827757595867
Incidence,Southeast Asia,Both,All ages,Invasive Non-typhoidal Salmonella (iNTS),Rate,2009,2.9561536679400002,3.6203665098199997,2.28688426886
Incidence,Southeast Asia,Both,All ages,Invasive Non-typhoidal Salmonella (iNTS),Number,2010,18096.227189695463,22061.52650876784,13963.480281755888
Incidence,Southeast Asia,Both,All ages,Invasive Non-typhoidal Salmonella (iNTS),Rate,2010,2.92778703334,3.5693324675299998,2.25915026821
Incidence,Southeast Asia,Both,All ages,Invasive Non-typhoidal Salmonella (iNTS),Number,2011,18041.960237557367,22030.0388677695,13926.14319977572
Incidence,Southeast Asia,Both,All ages,Invasive Non-typhoidal Salmonella (iNTS),Rate,2011,2.89028989585,3.52917298932,2.2309433370000002
Incidence,Southeast Asia,Both,All ages,Invasive Non-typhoidal Salmonella (iNTS),Number,2012,17964.976212222748,21998.44596336024,13864.831304407153
Incidence,Southeast Asia,Both,All ages,Invasive Non-typhoidal Salmonella (iNTS),Rate,2012,2.84600202487,3.48498216842,2.19645923828
Incidence,Southeast Asia,Both,All ages,Invasive Non-typhoidal Salmonella (iNTS),Number,2013,17880.06841454246,21912.6132264634,13771.329186079696
Incidence,Southeast Asia,Both,All ages,Invasive Non-typhoidal Salmonella (iNTS),Rate,2013,2.79802435637,3.4290710806000004,2.1550540852999998
Incidence,Southeast Asia,Both,All ages,Invasive Non-typhoidal Salmonella (iNTS),Number,2014,17783.84463056771,21793.106761470248,13656.433874885584
Incidence,Southeast Asia,Both,All ages,Invasive Non-typhoidal Salmonella (iNTS),Rate,2014,2.7492999613,3.3691133059500005,2.1112213868
Incidence,Southeast Asia,Both,All ages,Invasive Non-typhoidal Salmonella (iNTS),Number,2015,17695.380307921387,21690.2499239416,13571.650480083474
Incidence,Southeast Asia,Both,All ages,Invasive Non-typhoidal Salmonella (iNTS),Rate,2015,2.70319158564,3.3134580927100004,2.07324006281
Incidence,Southeast Asia,Both,All ages,Invasive Non-typhoidal Salmonella (iNTS),Number,2016,17554.437111176157,21569.87890539305,13480.990948993
Incidence,Southeast Asia,Both,All ages,Invasive Non-typhoidal Salmonella (iNTS),Rate,2016,2.65065190835,3.2569680429700005,2.03557733917
Incidence,Southeast Asia,Both,All ages,Invasive Non-typhoidal Salmonella (iNTS),Number,2017,17339.44512126766,21358.073664446703,13352.028258342243
Incidence,Southeast Asia,Both,All ages,Invasive Non-typhoidal Salmonella (iNTS),Rate,2017,2.58849001513,3.18840424456,1.99323516911
Incidence,Southeast Asia,Both,All ages,Invasive Non-typhoidal Salmonella (iNTS),Number,2018,17131.619731166556,21103.717536806216,13210.689915216935
Incidence,Southeast Asia,Both,All ages,Invasive Non-typhoidal Salmonella (iNTS),Rate,2018,2.5291073913299997,3.1155003930999996,1.95026821943
Incidence,Southeast Asia,Both,All ages,Invasive Non-typhoidal Salmonella (iNTS),Number,2019,17011.98589945048,20948.321242602196,13099.882349683268
Incidence,Southeast Asia,Both,All ages,Invasive Non-typhoidal Salmonella (iNTS),Rate,2019,2.48446162668,3.05933126081,1.9131308481099998
Incidence,Southeast Asia,Both,All ages,Invasive Non-typhoidal Salmonella (iNTS),Number,2020,17357.305191430452,21184.912362664538,13352.050186465549
Incidence,Southeast Asia,Both,All ages,Invasive Non-typhoidal Salmonella (iNTS),Rate,2020,2.5089105737299997,3.0621718085899996,1.92997124406
Incidence,Southeast Asia,Both,All ages,Invasive Non-typhoidal Salmonella (iNTS),Number,2021,17079.920801199325,21008.764732809846,13103.063153899791
Incidence,Southeast Asia,Both,All ages,Invasive Non-typhoidal Salmonella (iNTS),Rate,2021,2.44591226171,3.00853826323,1.8764105060599998
Incidence,Southeast Asia,Both,Age-standardized,Invasive Non-typhoidal Salmonella (iNTS),Rate,1990,3.5790038815000003,4.295076756549999,2.8151113411699997
Incidence,Southeast Asia,Both,Age-standardized,Invasive Non-typhoidal Salmonella (iNTS),Rate,1991,3.54756974216,4.26727971273,2.78876519223
Incidence,Southeast Asia,Both,Age-standardized,Invasive Non-typhoidal Salmonella (iNTS),Rate,1992,3.5111242151799997,4.23301025746,2.75834764429
Incidence,Southeast Asia,Both,Age-standardized,Invasive Non-typhoidal Salmonella (iNTS),Rate,1993,3.47104910897,4.19398668963,2.72496207242
Incidence,Southeast Asia,Both,Age-standardized,Invasive Non-typhoidal Salmonella (iNTS),Rate,1994,3.4286559623399997,4.15192175449,2.6896811090000003
Incidence,Southeast Asia,Both,Age-standardized,Invasive Non-typhoidal Salmonella (iNTS),Rate,1995,3.38511736767,4.10847335403,2.65493384309
Incidence,Southeast Asia,Both,Age-standardized,Invasive Non-typhoidal Salmonella (iNTS),Rate,1996,3.32711529348,4.04074503834,2.60968870214
Incidence,Southeast Asia,Both,Age-standardized,Invasive Non-typhoidal Salmonella (iNTS),Rate,1997,3.25062829101,3.9431942466,2.5522719437899997
Incidence,Southeast Asia,Both,Age-standardized,Invasive Non-typhoidal Salmonella (iNTS),Rate,1998,3.17061898856,3.84176310387,2.49277779626
Incidence,Southeast Asia,Both,Age-standardized,Invasive Non-typhoidal Salmonella (iNTS),Rate,1999,3.10195555996,3.7618565206000003,2.44247610968
Incidence,Southeast Asia,Both,Age-standardized,Invasive Non-typhoidal Salmonella (iNTS),Rate,2000,3.0595915534700002,3.7162096033200003,2.41281823926
Incidence,Southeast Asia,Both,Age-standardized,Invasive Non-typhoidal Salmonella (iNTS),Rate,2001,3.0401362558200002,3.6893888321799997,2.3930507701000003
Incidence,Southeast Asia,Both,Age-standardized,Invasive Non-typhoidal Salmonella (iNTS),Rate,2002,3.02806485925,3.6801843797599996,2.37898650537
Incidence,Southeast Asia,Both,Age-standardized,Invasive Non-typhoidal Salmonella (iNTS),Rate,2003,3.02003601036,3.68123108579,2.36820846248
Incidence,Southeast Asia,Both,Age-standardized,Invasive Non-typhoidal Salmonella (iNTS),Rate,2004,3.01271666896,3.6838108732399997,2.36776918378
Incidence,Southeast Asia,Both,Age-standardized,Invasive Non-typhoidal Salmonella (iNTS),Rate,2005,3.00258332274,3.68002581667,2.36322386159
Incidence,Southeast Asia,Both,Age-standardized,Invasive Non-typhoidal Salmonella (iNTS),Rate,2006,2.99221756212,3.65852230151,2.34773706488
Incidence,Southeast Asia,Both,Age-standardized,Invasive Non-typhoidal Salmonella (iNTS),Rate,2007,2.98497364429,3.6387360830500004,2.33335393685
Incidence,Southeast Asia,Both,Age-standardized,Invasive Non-typhoidal Salmonella (iNTS),Rate,2008,2.97862853664,3.6244931764699997,2.31972501398
Incidence,Southeast Asia,Both,Age-standardized,Invasive Non-typhoidal Salmonella (iNTS),Rate,2009,2.9703015698599997,3.61196459323,2.31263822287
Incidence,Southeast Asia,Both,Age-standardized,Invasive Non-typhoidal Salmonella (iNTS),Rate,2010,2.95549257684,3.58698521637,2.2969364006
Incidence,Southeast Asia,Both,Age-standardized,Invasive Non-typhoidal Salmonella (iNTS),Rate,2011,2.93112121182,3.56523598842,2.27484230637
Incidence,Southeast Asia,Both,Age-standardized,Invasive Non-typhoidal Salmonella (iNTS),Rate,2012,2.89968459818,3.53007362904,2.2488928005999997
Incidence,Southeast Asia,Both,Age-standardized,Invasive Non-typhoidal Salmonella (iNTS),Rate,2013,2.86424542413,3.48744609901,2.21941926282
Incidence,Southeast Asia,Both,Age-standardized,Invasive Non-typhoidal Salmonella (iNTS),Rate,2014,2.82772909817,3.4438116644299996,2.19031753343
Incidence,Southeast Asia,Both,Age-standardized,Invasive Non-typhoidal Salmonella (iNTS),Rate,2015,2.79359189381,3.40641030982,2.1614871053
Incidence,Southeast Asia,Both,Age-standardized,Invasive Non-typhoidal Salmonella (iNTS),Rate,2016,2.75200545385,3.36484310099,2.12773536099
Incidence,Southeast Asia,Both,Age-standardized,Invasive Non-typhoidal Salmonella (iNTS),Rate,2017,2.69968162607,3.31058411117,2.09185325385
Incidence,Southeast Asia,Both,Age-standardized,Invasive Non-typhoidal Salmonella (iNTS),Rate,2018,2.64982288723,3.2593929831099997,2.05175040639
Incidence,Southeast Asia,Both,Age-standardized,Invasive Non-typhoidal Salmonella (iNTS),Rate,2019,2.61572958727,3.2202035066,2.0239076753200003
Incidence,Southeast Asia,Both,Age-standardized,Invasive Non-typhoidal Salmonella (iNTS),Rate,2020,2.66298447561,3.25945468371,2.06459753003
Incidence,Southeast Asia,Both,Age-standardized,Invasive Non-typhoidal Salmonella (iNTS),Rate,2021,2.60203788226,3.20386563126,2.00941187878
Incidence,Oceania,Both,All ages,Invasive Non-typhoidal Salmonella (iNTS),Number,1990,129.44618957147657,163.89650367253196,98.72815535531448
Incidence,Oceania,Both,All ages,Invasive Non-typhoidal Salmonella (iNTS),Rate,1990,1.97629349164,2.50225668737,1.50731212341
Incidence,Oceania,Both,All ages,Invasive Non-typhoidal Salmonella (iNTS),Number,1991,134.45803091967056,170.01742526917616,102.3828488857416
Incidence,Oceania,Both,All ages,Invasive Non-typhoidal Salmonella (iNTS),Rate,1991,2.0057299072499997,2.5361745392499997,1.52725977463
Incidence,Oceania,Both,All ages,Invasive Non-typhoidal Salmonella (iNTS),Number,1992,139.60201008331617,175.82064052883197,106.062336071035
Incidence,Oceania,Both,All ages,Invasive Non-typhoidal Salmonella (iNTS),Rate,1992,2.03507274478,2.56305617159,1.5461422744300002
Incidence,Oceania,Both,All ages,Invasive Non-typhoidal Salmonella (iNTS),Number,1993,144.7863226498936,182.69857786837548,109.36563362358577
Incidence,Oceania,Both,All ages,Invasive Non-typhoidal Salmonella (iNTS),Rate,1993,2.06238117222,2.6024150644199997,1.5578379196699998
Incidence,Oceania,Both,All ages,Invasive Non-typhoidal Salmonella (iNTS),Number,1994,149.88977293255272,189.41674969063516,113.44526492687577
Incidence,Oceania,Both,All ages,Invasive Non-typhoidal Salmonella (iNTS),Rate,1994,2.08546144989,2.63541215465,1.57839805911
Incidence,Oceania,Both,All ages,Invasive Non-typhoidal Salmonella (iNTS),Number,1995,154.7559841962914,195.7500477530096,116.53292268189044
Incidence,Oceania,Both,All ages,Invasive Non-typhoidal Salmonella (iNTS),Rate,1995,2.10204958207,2.6588716953700002,1.58286597247
Incidence,Oceania,Both,All ages,Invasive Non-typhoidal Salmonella (iNTS),Number,1996,160.48497882559067,202.82951449868816,120.88141313364056
Incidence,Oceania,Both,All ages,Invasive Non-typhoidal Salmonella (iNTS),Rate,1996,2.12700823076,2.68822696016,1.60211729822
Incidence,Oceania,Both,All ages,Invasive Non-typhoidal Salmonella (iNTS),Number,1997,167.76603536237337,213.030816212898,126.45166322174823
Incidence,Oceania,Both,All ages,Invasive Non-typhoidal Salmonella (iNTS),Rate,1997,2.16866373665,2.7537886611699998,1.63460461991
Incidence,Oceania,Both,All ages,Invasive Non-typhoidal Salmonella (iNTS),Number,1998,175.63481936874285,221.83263277613128,131.6559991436393
Incidence,Oceania,Both,All ages,Invasive Non-typhoidal Salmonella (iNTS),Rate,1998,2.21392342776,2.7962591046,1.65955874784
Incidence,Oceania,Both,All ages,Invasive Non-typhoidal Salmonella (iNTS),Number,1999,183.08251669397436,231.61947932742987,137.46346501592228
Incidence,Oceania,Both,All ages,Invasive Non-typhoidal Salmonella (iNTS),Rate,1999,2.25007202514,2.84658808674,1.6894168962500002
Incidence,Oceania,Both,All ages,Invasive Non-typhoidal Salmonella (iNTS),Number,2000,188.998773558445,238.42722784820316,141.46183163399695
Incidence,Oceania,Both,All ages,Invasive Non-typhoidal Salmonella (iNTS),Rate,2000,2.2646778967600003,2.85695437451,1.69506646686
Incidence,Oceania,Both,All ages,Invasive Non-typhoidal Salmonella (iNTS),Number,2001,193.22542808073285,244.50093856501164,145.0007012240283
Incidence,Oceania,Both,All ages,Invasive Non-typhoidal Salmonella (iNTS),Rate,2001,2.2584558870900002,2.85777389438,1.69479602433
Incidence,Oceania,Both,All ages,Invasive Non-typhoidal Salmonella (iNTS),Number,2002,196.65864120410163,249.30854002190955,148.03035664826325
Incidence,Oceania,Both,All ages,Invasive Non-typhoidal Salmonella (iNTS),Rate,2002,2.2431737048600002,2.8437212723000003,1.6884984128900002
Incidence,Oceania,Both,All ages,Invasive Non-typhoidal Salmonella (iNTS),Number,2003,199.5928795980523,252.54892200082963,150.25641293948405
Incidence,Oceania,Both,All ages,Invasive Non-typhoidal Salmonella (iNTS),Rate,2003,2.2220299101,2.81157954923,1.67277632553
Incidence,Oceania,Both,All ages,Invasive Non-typhoidal Salmonella (iNTS),Number,2004,202.34263738318495,256.5681351868762,152.3973755898993
Incidence,Oceania,Both,All ages,Invasive Non-typhoidal Salmonella (iNTS),Rate,2004,2.1983642814,2.78750060509,1.65573085045
Incidence,Oceania,Both,All ages,Invasive Non-typhoidal Salmonella (iNTS),Number,2005,205.23061843393447,260.0760288235724,154.28002563259537
Incidence,Oceania,Both,All ages,Invasive Non-typhoidal Salmonella (iNTS),Rate,2005,2.1758294928499997,2.7572937128799997,1.6356576445100002
Incidence,Oceania,Both,All ages,Invasive Non-typhoidal Salmonella (iNTS),Number,2006,207.3071427500973,261.5119137365233,155.50485218795194
Incidence,Oceania,Both,All ages,Invasive Non-typhoidal Salmonella (iNTS),Rate,2006,2.14452363207,2.70525400928,1.608646118
Incidence,Oceania,Both,All ages,Invasive Non-typhoidal Salmonella (iNTS),Number,2007,208.0660000498761,261.37603162777066,155.73556460170494
Incidence,Oceania,Both,All ages,Invasive Non-typhoidal Salmonella (iNTS),Rate,2007,2.10006945082,2.63814279635,1.57188344827
Incidence,Oceania,Both,All ages,Invasive Non-typhoidal Salmonella (iNTS),Number,2008,208.57062090374555,261.8102446964954,155.7134534080082
Incidence,Oceania,Both,All ages,Invasive Non-typhoidal Salmonella (iNTS),Rate,2008,2.05405496211,2.57837191988,1.53350452837
Incidence,Oceania,Both,All ages,Invasive Non-typhoidal Salmonella (iNTS),Number,2009,209.99848837717315,263.85527335206564,156.63861624343656
Incidence,Oceania,Both,All ages,Invasive Non-typhoidal Salmonella (iNTS),Rate,2009,2.01793219433,2.5354565876,1.5051827707699998
Incidence,Oceania,Both,All ages,Invasive Non-typhoidal Salmonella (iNTS),Number,2010,213.65696079915563,268.3910537354748,158.8662543830775
Incidence,Oceania,Both,All ages,Invasive Non-typhoidal Salmonella (iNTS),Rate,2010,2.00317617788,2.5163447199999998,1.48947684671
Incidence,Oceania,Both,All ages,Invasive Non-typhoidal Salmonella (iNTS),Number,2011,219.74245337109667,275.4690175474851,164.34468275696514
Incidence,Oceania,Both,All ages,Invasive Non-typhoidal Salmonella (iNTS),Rate,2011,2.01003111524,2.51977389012,1.50329588524
Incidence,Oceania,Both,All ages,Invasive Non-typhoidal Salmonella (iNTS),Number,2012,227.23555511302175,283.4008794270296,170.13330035635752
Incidence,Oceania,Both,All ages,Invasive Non-typhoidal Salmonella (iNTS),Rate,2012,2.02798688761,2.52924005282,1.51837199112
Incidence,Oceania,Both,All ages,Invasive Non-typhoidal Salmonella (iNTS),Number,2013,235.70125944070296,294.6003994877531,176.99781319264332
Incidence,Oceania,Both,All ages,Invasive Non-typhoidal Salmonella (iNTS),Rate,2013,2.05233224993,2.56518739928,1.5411810740599998
Incidence,Oceania,Both,All ages,Invasive Non-typhoidal Salmonella (iNTS),Number,2014,244.65006464168576,305.6262460155608,184.41783892502215
Incidence,Oceania,Both,All ages,Invasive Non-typhoidal Salmonella (iNTS),Rate,2014,2.07842636557,2.59644994845,1.56672306326
Incidence,Oceania,Both,All ages,Invasive Non-typhoidal Salmonella (iNTS),Number,2015,253.49799067145943,317.2927428915761,191.575628925944
Incidence,Oceania,Both,All ages,Invasive Non-typhoidal Salmonella (iNTS),Rate,2015,2.1016021285199997,2.63048674295,1.58824039771
Incidence,Oceania,Both,All ages,Invasive Non-typhoidal Salmonella (iNTS),Number,2016,262.9227783748256,329.07990367026014,199.9682889766697
Incidence,Oceania,Both,All ages,Invasive Non-typhoidal Salmonella (iNTS),Rate,2016,2.12748510924,2.66280692428,1.61807797615
Incidence,Oceania,Both,All ages,Invasive Non-typhoidal Salmonella (iNTS),Number,2017,273.35774369021584,340.7194373318693,207.692804617781
Incidence,Oceania,Both,All ages,Invasive Non-typhoidal Salmonella (iNTS),Rate,2017,2.15900573604,2.69103486753,1.6403777352400002
Incidence,Oceania,Both,All ages,Invasive Non-typhoidal Salmonella (iNTS),Number,2018,283.7148840236156,353.8778884339721,216.22246175665245
Incidence,Oceania,Both,All ages,Invasive Non-typhoidal Salmonella (iNTS),Rate,2018,2.1873504271799997,2.72828460551,1.6670055775100001
Incidence,Oceania,Both,All ages,Invasive Non-typhoidal Salmonella (iNTS),Number,2019,292.7848719694306,363.5536727918129,223.7645000692238
Incidence,Oceania,Both,All ages,Invasive Non-typhoidal Salmonella (iNTS),Rate,2019,2.2036566626200003,2.73630077906,1.68417216408
Incidence,Oceania,Both,All ages,Invasive Non-typhoidal Salmonella (iNTS),Number,2020,294.4629253539848,371.9237883039425,222.5709471683087
Incidence,Oceania,Both,All ages,Invasive Non-typhoidal Salmonella (iNTS),Rate,2020,2.16390886274,2.73314265559,1.63559892841
Incidence,Oceania,Both,All ages,Invasive Non-typhoidal Salmonella (iNTS),Number,2021,296.65790566876564,380.8122750132746,226.29334415522527
Incidence,Oceania,Both,All ages,Invasive Non-typhoidal Salmonella (iNTS),Rate,2021,2.1300035841900002,2.7342319054399997,1.6247860748599998
Incidence,Oceania,Both,Age-standardized,Invasive Non-typhoidal Salmonella (iNTS),Rate,1990,1.69316660597,2.10457610084,1.3034390833
Incidence,Oceania,Both,Age-standardized,Invasive Non-typhoidal Salmonella (iNTS),Rate,1991,1.71733181429,2.13910795206,1.3259097253899998
Incidence,Oceania,Both,Age-standardized,Invasive Non-typhoidal Salmonella (iNTS),Rate,1992,1.74132540135,2.17419934264,1.34457000615
Incidence,Oceania,Both,Age-standardized,Invasive Non-typhoidal Salmonella (iNTS),Rate,1993,1.7636701325400002,2.20274287615,1.35783216832
Incidence,Oceania,Both,Age-standardized,Invasive Non-typhoidal Salmonella (iNTS),Rate,1994,1.78284706901,2.21959555969,1.36572813169
Incidence,Oceania,Both,Age-standardized,Invasive Non-typhoidal Salmonella (iNTS),Rate,1995,1.79724809203,2.24130278275,1.36174842751
Incidence,Oceania,Both,Age-standardized,Invasive Non-typhoidal Salmonella (iNTS),Rate,1996,1.8177224522,2.28462654848,1.38046201281
Incidence,Oceania,Both,Age-standardized,Invasive Non-typhoidal Salmonella (iNTS),Rate,1997,1.8503977545199999,2.32141601345,1.40488192596
Incidence,Oceania,Both,Age-standardized,Invasive Non-typhoidal Salmonella (iNTS),Rate,1998,1.8861699481499998,2.36090998772,1.43785350668
Incidence,Oceania,Both,Age-standardized,Invasive Non-typhoidal Salmonella (iNTS),Rate,1999,1.9159995965599999,2.38425356612,1.45940489235
Incidence,Oceania,Both,Age-standardized,Invasive Non-typhoidal Salmonella (iNTS),Rate,2000,1.9307678188000001,2.39487322912,1.4719851987400001
Incidence,Oceania,Both,Age-standardized,Invasive Non-typhoidal Salmonella (iNTS),Rate,2001,1.93104902516,2.39804241383,1.4724842043
Incidence,Oceania,Both,Age-standardized,Invasive Non-typhoidal Salmonella (iNTS),Rate,2002,1.92531349862,2.40954102873,1.47157093462
Incidence,Oceania,Both,Age-standardized,Invasive Non-typhoidal Salmonella (iNTS),Rate,2003,1.91567374212,2.3958904312800002,1.46230380126
Incidence,Oceania,Both,Age-standardized,Invasive Non-typhoidal Salmonella (iNTS),Rate,2004,1.90426454182,2.36806759342,1.45730184403
Incidence,Oceania,Both,Age-standardized,Invasive Non-typhoidal Salmonella (iNTS),Rate,2005,1.8933433234000001,2.35122132874,1.44787859655
Incidence,Oceania,Both,Age-standardized,Invasive Non-typhoidal Salmonella (iNTS),Rate,2006,1.8750242897199998,2.32702536643,1.42676001994
Incidence,Oceania,Both,Age-standardized,Invasive Non-typhoidal Salmonella (iNTS),Rate,2007,1.8458883601,2.29943477564,1.39144926899
Incidence,Oceania,Both,Age-standardized,Invasive Non-typhoidal Salmonella (iNTS),Rate,2008,1.81472290588,2.26854802933,1.3593281830900001
Incidence,Oceania,Both,Age-standardized,Invasive Non-typhoidal Salmonella (iNTS),Rate,2009,1.7904963847400002,2.2351358594199997,1.35319237234
Incidence,Oceania,Both,Age-standardized,Invasive Non-typhoidal Salmonella (iNTS),Rate,2010,1.7822577121899998,2.21602257041,1.34459025125
Incidence,Oceania,Both,Age-standardized,Invasive Non-typhoidal Salmonella (iNTS),Rate,2011,1.78994002379,2.2288787551,1.35979906353
Incidence,Oceania,Both,Age-standardized,Invasive Non-typhoidal Salmonella (iNTS),Rate,2012,1.8054804985000001,2.24668658052,1.3645870418
Incidence,Oceania,Both,Age-standardized,Invasive Non-typhoidal Salmonella (iNTS),Rate,2013,1.8256322131999998,2.2771667086000003,1.38656970079
Incidence,Oceania,Both,Age-standardized,Invasive Non-typhoidal Salmonella (iNTS),Rate,2014,1.84722011512,2.30864475315,1.40470775945
Incidence,Oceania,Both,Age-standardized,Invasive Non-typhoidal Salmonella (iNTS),Rate,2015,1.8670041961,2.33209008152,1.42129205577
Incidence,Oceania,Both,Age-standardized,Invasive Non-typhoidal Salmonella (iNTS),Rate,2016,1.89016218582,2.34194876431,1.44197996356
Incidence,Oceania,Both,Age-standardized,Invasive Non-typhoidal Salmonella (iNTS),Rate,2017,1.91909285057,2.38005024168,1.47308564049
Incidence,Oceania,Both,Age-standardized,Invasive Non-typhoidal Salmonella (iNTS),Rate,2018,1.9459307861,2.40877478194,1.50112593917
Incidence,Oceania,Both,Age-standardized,Invasive Non-typhoidal Salmonella (iNTS),Rate,2019,1.9627726920100002,2.4398169566,1.52145564677
Incidence,Oceania,Both,Age-standardized,Invasive Non-typhoidal Salmonella (iNTS),Rate,2020,1.9340658110800002,2.41585411386,1.47181386409
Incidence,Oceania,Both,Age-standardized,Invasive Non-typhoidal Salmonella (iNTS),Rate,2021,1.9058898009499998,2.41843552288,1.45164712969
Incidence,Central Europe,Both,All ages,Invasive Non-typhoidal Salmonella (iNTS),Number,1990,485.6747510472752,685.8108726159589,315.1582747356955
Incidence,Central Europe,Both,All ages,Invasive Non-typhoidal Salmonella (iNTS),Rate,1990,0.3882540578,0.5482452065,0.25194119882
Incidence,Central Europe,Both,All ages,Invasive Non-typhoidal Salmonella (iNTS),Number,1991,475.5918206838172,668.8652369208064,308.6541185403912
Incidence,Central Europe,Both,All ages,Invasive Non-typhoidal Salmonella (iNTS),Rate,1991,0.38008426517,0.5345448366,0.2466707137
Incidence,Central Europe,Both,All ages,Invasive Non-typhoidal Salmonella (iNTS),Number,1992,465.6649763895,651.7248938068901,300.9295544575467
Incidence,Central Europe,Both,All ages,Invasive Non-typhoidal Salmonella (iNTS),Rate,1992,0.37201436064,0.52065547545,0.24040913849
Incidence,Central Europe,Both,All ages,Invasive Non-typhoidal Salmonella (iNTS),Number,1993,456.5500250375272,637.6041928837818,293.50581462152536
Incidence,Central Europe,Both,All ages,Invasive Non-typhoidal Salmonella (iNTS),Rate,1993,0.36459893846999997,0.50918803886,0.23439251467999997
Incidence,Central Europe,Both,All ages,Invasive Non-typhoidal Salmonella (iNTS),Number,1994,447.296012935533,625.6904283125107,286.5126563720191
Incidence,Central Europe,Both,All ages,Invasive Non-typhoidal Salmonella (iNTS),Rate,1994,0.35785827557,0.50058236882,0.22922387451
Incidence,Central Europe,Both,All ages,Invasive Non-typhoidal Salmonella (iNTS),Number,1995,438.2615769286424,617.1617086519702,280.11719474479827
Incidence,Central Europe,Both,All ages,Invasive Non-typhoidal Salmonella (iNTS),Rate,1995,0.3516876403,0.49524794421,0.22478300726000003
Incidence,Central Europe,Both,All ages,Invasive Non-typhoidal Salmonella (iNTS),Number,1996,429.7543808451836,611.5636060324052,274.1896239068343
Incidence,Central Europe,Both,All ages,Invasive Non-typhoidal Salmonella (iNTS),Rate,1996,0.34587511964,0.49219890438,0.22067341997999998
Incidence,Central Europe,Both,All ages,Invasive Non-typhoidal Salmonella (iNTS),Number,1997,420.3596021810458,603.3748532150303,266.84038616030296
Incidence,Central Europe,Both,All ages,Invasive Non-typhoidal Salmonella (iNTS),Rate,1997,0.33948578377,0.48729036732000003,0.21550243451
Incidence,Central Europe,Both,All ages,Invasive Non-typhoidal Salmonella (iNTS),Number,1998,410.7580940562066,595.4559942922533,258.22669407773634
Incidence,Central Europe,Both,All ages,Invasive Non-typhoidal Salmonella (iNTS),Rate,1998,0.33301653708,0.48275784719000003,0.20935377948000003
Incidence,Central Europe,Both,All ages,Invasive Non-typhoidal Salmonella (iNTS),Number,1999,402.0974361710393,588.5161146571738,250.37463325982628
Incidence,Central Europe,Both,All ages,Invasive Non-typhoidal Salmonella (iNTS),Rate,1999,0.32726879157,0.47899573669,0.20378096524999997
Incidence,Central Europe,Both,All ages,Invasive Non-typhoidal Salmonella (iNTS),Number,2000,395.24907219859085,583.9067575665804,244.96522716392408
Incidence,Central Europe,Both,All ages,Invasive Non-typhoidal Salmonella (iNTS),Rate,2000,0.32276712796,0.47682820883000004,0.20004277906
Incidence,Central Europe,Both,All ages,Invasive Non-typhoidal Salmonella (iNTS),Number,2001,388.7676975536979,576.1602991654622,239.57824071014147
Incidence,Central Europe,Both,All ages,Invasive Non-typhoidal Salmonella (iNTS),Rate,2001,0.31845014851,0.4719485029,0.19624502451
Incidence,Central Europe,Both,All ages,Invasive Non-typhoidal Salmonella (iNTS),Number,2002,381.37031985523856,567.8494924993818,233.6658631896725
Incidence,Central Europe,Both,All ages,Invasive Non-typhoidal Salmonella (iNTS),Rate,2002,0.3135475109,0.46686327087,0.19211078044
Incidence,Central Europe,Both,All ages,Invasive Non-typhoidal Salmonella (iNTS),Number,2003,374.0790863304008,559.1110657640294,228.2712301257872
Incidence,Central Europe,Both,All ages,Invasive Non-typhoidal Salmonella (iNTS),Rate,2003,0.30879324753,0.46153267594,0.18843238514
Incidence,Central Europe,Both,All ages,Invasive Non-typhoidal Salmonella (iNTS),Number,2004,368.4120688276083,552.4621937041359,224.07098251319545
Incidence,Central Europe,Both,All ages,Invasive Non-typhoidal Salmonella (iNTS),Rate,2004,0.3050136591,0.4573914089,0.18551159437
Incidence,Central Europe,Both,All ages,Invasive Non-typhoidal Salmonella (iNTS),Number,2005,365.26026510792383,549.1228087850743,221.22160015660285
Incidence,Central Europe,Both,All ages,Invasive Non-typhoidal Salmonella (iNTS),Rate,2005,0.30307505859,0.4556351822,0.1835588369
Incidence,Central Europe,Both,All ages,Invasive Non-typhoidal Salmonella (iNTS),Number,2006,363.6231213300627,546.5862159524203,221.19010307937504
Incidence,Central Europe,Both,All ages,Invasive Non-typhoidal Salmonella (iNTS),Rate,2006,0.30250977119,0.45472265493,0.18401516170999999
Incidence,Central Europe,Both,All ages,Invasive Non-typhoidal Salmonella (iNTS),Number,2007,362.4682764007424,544.0555300507189,220.516670729878
Incidence,Central Europe,Both,All ages,Invasive Non-typhoidal Salmonella (iNTS),Rate,2007,0.30232882168999997,0.45378776032,0.18392932448
Incidence,Central Europe,Both,All ages,Invasive Non-typhoidal Salmonella (iNTS),Number,2008,362.0539492874873,544.2990119660235,220.5365428397624
Incidence,Central Europe,Both,All ages,Invasive Non-typhoidal Salmonella (iNTS),Rate,2008,0.30253811527999996,0.45482502691,0.1842838896
Incidence,Central Europe,Both,All ages,Invasive Non-typhoidal Salmonella (iNTS),Number,2009,362.0845252849264,545.9246973230086,219.66827998496285
Incidence,Central Europe,Both,All ages,Invasive Non-typhoidal Salmonella (iNTS),Rate,2009,0.30312831176,0.45703480898,0.18390091321000002
Incidence,Central Europe,Both,All ages,Invasive Non-typhoidal Salmonella (iNTS),Number,2010,362.3909409358855,545.971093444238,219.91528107741848
Incidence,Central Europe,Both,All ages,Invasive Non-typhoidal Salmonella (iNTS),Rate,2010,0.30409800793999997,0.45814810237000003,0.18454048194
Incidence,Central Europe,Both,All ages,Invasive Non-typhoidal Salmonella (iNTS),Number,2011,363.68251195635776,544.306599885472,221.09707907330184
Incidence,Central Europe,Both,All ages,Invasive Non-typhoidal Salmonella (iNTS),Rate,2011,0.30594693874,0.45789646875,0.18599732537
Incidence,Central Europe,Both,All ages,Invasive Non-typhoidal Salmonella (iNTS),Number,2012,366.2718557523703,547.378534871476,222.2530884000443
Incidence,Central Europe,Both,All ages,Invasive Non-typhoidal Salmonella (iNTS),Rate,2012,0.30887364239,0.46159921703,0.1874239581
Incidence,Central Europe,Both,All ages,Invasive Non-typhoidal Salmonella (iNTS),Number,2013,369.79469301889856,551.7336946079793,223.33788864938663
Incidence,Central Europe,Both,All ages,Invasive Non-typhoidal Salmonella (iNTS),Rate,2013,0.31255342207,0.46632971640000004,0.18876696365
Incidence,Central Europe,Both,All ages,Invasive Non-typhoidal Salmonella (iNTS),Number,2014,373.8485964576656,557.0261667276345,226.3449778829672
Incidence,Central Europe,Both,All ages,Invasive Non-typhoidal Salmonella (iNTS),Rate,2014,0.31675510384,0.47195812143,0.1917779755
Incidence,Central Europe,Both,All ages,Invasive Non-typhoidal Salmonella (iNTS),Number,2015,377.6344867644433,563.2805684635788,228.6377567273644
Incidence,Central Europe,Both,All ages,Invasive Non-typhoidal Salmonella (iNTS),Rate,2015,0.32095460450999996,0.47873671079999996,0.19432107859999997
Incidence,Central Europe,Both,All ages,Invasive Non-typhoidal Salmonella (iNTS),Number,2016,384.3201920872641,572.8335531924145,235.4629628815605
Incidence,Central Europe,Both,All ages,Invasive Non-typhoidal Salmonella (iNTS),Rate,2016,0.32759884034,0.48828974276000003,0.20071126933
Incidence,Central Europe,Both,All ages,Invasive Non-typhoidal Salmonella (iNTS),Number,2017,394.5800429200444,584.1791313210967,247.3689149686794
Incidence,Central Europe,Both,All ages,Invasive Non-typhoidal Salmonella (iNTS),Rate,2017,0.33715511149,0.49916102874999996,0.21136825239999998
Incidence,Central Europe,Both,All ages,Invasive Non-typhoidal Salmonella (iNTS),Number,2018,404.321407730564,593.5917597735597,257.7205462841131
Incidence,Central Europe,Both,All ages,Invasive Non-typhoidal Salmonella (iNTS),Rate,2018,0.34639115371,0.5085432791100001,0.22079493109999998
Incidence,Central Europe,Both,All ages,Invasive Non-typhoidal Salmonella (iNTS),Number,2019,410.16989157242847,601.1766312287991,263.85661717233097
Incidence,Central Europe,Both,All ages,Invasive Non-typhoidal Salmonella (iNTS),Rate,2019,0.35246311928,0.51659713459,0.22673464883999997
Incidence,Central Europe,Both,All ages,Invasive Non-typhoidal Salmonella (iNTS),Number,2020,410.4269050167101,591.9230060385121,264.0533710081357
Incidence,Central Europe,Both,All ages,Invasive Non-typhoidal Salmonella (iNTS),Rate,2020,0.35408801547,0.5106703287600001,0.22780702964
Incidence,Central Europe,Both,All ages,Invasive Non-typhoidal Salmonella (iNTS),Number,2021,415.3560848542753,605.1328727979434,268.06406305288345
Incidence,Central Europe,Both,All ages,Invasive Non-typhoidal Salmonella (iNTS),Rate,2021,0.36035253108000004,0.5249981168,0.23256566386000002
Incidence,Central Europe,Both,Age-standardized,Invasive Non-typhoidal Salmonella (iNTS),Rate,1990,0.41206595899,0.58109266715,0.2659314092
Incidence,Central Europe,Both,Age-standardized,Invasive Non-typhoidal Salmonella (iNTS),Rate,1991,0.40480881198999996,0.57078253295,0.26172185825
Incidence,Central Europe,Both,Age-standardized,Invasive Non-typhoidal Salmonella (iNTS),Rate,1992,0.39753566684,0.55761733545,0.25719917235
Incidence,Central Europe,Both,Age-standardized,Invasive Non-typhoidal Salmonella (iNTS),Rate,1993,0.39099569102000004,0.5458094919600001,0.25285439834
Incidence,Central Europe,Both,Age-standardized,Invasive Non-typhoidal Salmonella (iNTS),Rate,1994,0.38529682673,0.5367414904600001,0.24823158956000002
Incidence,Central Europe,Both,Age-standardized,Invasive Non-typhoidal Salmonella (iNTS),Rate,1995,0.37989603987,0.53165044164,0.24352317476000002
Incidence,Central Europe,Both,Age-standardized,Invasive Non-typhoidal Salmonella (iNTS),Rate,1996,0.37496687922,0.52758781187,0.23958458676
Incidence,Central Europe,Both,Age-standardized,Invasive Non-typhoidal Salmonella (iNTS),Rate,1997,0.36929636419,0.522989429,0.23425720296
Incidence,Central Europe,Both,Age-standardized,Invasive Non-typhoidal Salmonella (iNTS),Rate,1998,0.36342670366,0.51835294416,0.22816206281999998
Incidence,Central Europe,Both,Age-standardized,Invasive Non-typhoidal Salmonella (iNTS),Rate,1999,0.35818788772,0.51491056067,0.22233720798
Incidence,Central Europe,Both,Age-standardized,Invasive Non-typhoidal Salmonella (iNTS),Rate,2000,0.35408466029,0.51192599597,0.21711387263999998
Incidence,Central Europe,Both,Age-standardized,Invasive Non-typhoidal Salmonella (iNTS),Rate,2001,0.34986559890999996,0.50637091508,0.21390627375
Incidence,Central Europe,Both,Age-standardized,Invasive Non-typhoidal Salmonella (iNTS),Rate,2002,0.34463298447,0.49908200434,0.20933703746000001
Incidence,Central Europe,Both,Age-standardized,Invasive Non-typhoidal Salmonella (iNTS),Rate,2003,0.33934575212,0.49079402335,0.20536589689
Incidence,Central Europe,Both,Age-standardized,Invasive Non-typhoidal Salmonella (iNTS),Rate,2004,0.33505850120999997,0.48407863784,0.20214496266
Incidence,Central Europe,Both,Age-standardized,Invasive Non-typhoidal Salmonella (iNTS),Rate,2005,0.33288742856,0.48052698716000003,0.20020981161
Incidence,Central Europe,Both,Age-standardized,Invasive Non-typhoidal Salmonella (iNTS),Rate,2006,0.33228651374,0.48127438708000003,0.19948654454
Incidence,Central Europe,Both,Age-standardized,Invasive Non-typhoidal Salmonella (iNTS),Rate,2007,0.33192008969,0.48151155043,0.20002015024
Incidence,Central Europe,Both,Age-standardized,Invasive Non-typhoidal Salmonella (iNTS),Rate,2008,0.33184303498,0.48050418993,0.20009784966
Incidence,Central Europe,Both,Age-standardized,Invasive Non-typhoidal Salmonella (iNTS),Rate,2009,0.33221459984999996,0.48273555828000003,0.20009114039
Incidence,Central Europe,Both,Age-standardized,Invasive Non-typhoidal Salmonella (iNTS),Rate,2010,0.33316474617,0.4855744906,0.20173069933999999
Incidence,Central Europe,Both,Age-standardized,Invasive Non-typhoidal Salmonella (iNTS),Rate,2011,0.33530977182,0.49015741362,0.20252519874000002
Incidence,Central Europe,Both,Age-standardized,Invasive Non-typhoidal Salmonella (iNTS),Rate,2012,0.33886461803,0.49454651502999997,0.20407297002000002
Incidence,Central Europe,Both,Age-standardized,Invasive Non-typhoidal Salmonella (iNTS),Rate,2013,0.34342722915,0.50250582239,0.20714015844
Incidence,Central Europe,Both,Age-standardized,Invasive Non-typhoidal Salmonella (iNTS),Rate,2014,0.34867539336,0.5116552543099999,0.2102037161
Incidence,Central Europe,Both,Age-standardized,Invasive Non-typhoidal Salmonella (iNTS),Rate,2015,0.35416358699,0.51971484651,0.21252429324000002
Incidence,Central Europe,Both,Age-standardized,Invasive Non-typhoidal Salmonella (iNTS),Rate,2016,0.36345447796999997,0.53329121619,0.21973490256999997
Incidence,Central Europe,Both,Age-standardized,Invasive Non-typhoidal Salmonella (iNTS),Rate,2017,0.37725462955,0.55359812286,0.23008705864999998
Incidence,Central Europe,Both,Age-standardized,Invasive Non-typhoidal Salmonella (iNTS),Rate,2018,0.39093357828,0.57227134368,0.24121311154
Incidence,Central Europe,Both,Age-standardized,Invasive Non-typhoidal Salmonella (iNTS),Rate,2019,0.3999140374,0.5838124894900001,0.24918658721999998
Incidence,Central Europe,Both,Age-standardized,Invasive Non-typhoidal Salmonella (iNTS),Rate,2020,0.40240001851,0.58631208817,0.24740266215999998
Incidence,Central Europe,Both,Age-standardized,Invasive Non-typhoidal Salmonella (iNTS),Rate,2021,0.41330537474999995,0.60537450884,0.25830695192
Incidence,Central Asia,Both,All ages,Invasive Non-typhoidal Salmonella (iNTS),Number,1990,304.4874441064239,441.3764938608021,190.0940150093562
Incidence,Central Asia,Both,All ages,Invasive Non-typhoidal Salmonella (iNTS),Rate,1990,0.4393008915,0.63679830152,0.27425915873
Incidence,Central Asia,Both,All ages,Invasive Non-typhoidal Salmonella (iNTS),Number,1991,302.62453835713126,438.04110036893314,189.63614370204695
Incidence,Central Asia,Both,All ages,Invasive Non-typhoidal Salmonella (iNTS),Rate,1991,0.43164804398999995,0.62479924856,0.27048722137
Incidence,Central Asia,Both,All ages,Invasive Non-typhoidal Salmonella (iNTS),Number,1992,300.4617436099068,435.2142261822948,186.53608682234983
Incidence,Central Asia,Both,All ages,Invasive Non-typhoidal Salmonella (iNTS),Rate,1992,0.42437513659,0.61470087494,0.26346541285
Incidence,Central Asia,Both,All ages,Invasive Non-typhoidal Salmonella (iNTS),Number,1993,298.19071416526657,433.7557192794394,184.54702496439307
Incidence,Central Asia,Both,All ages,Invasive Non-typhoidal Salmonella (iNTS),Rate,1993,0.41771737234000006,0.60762220514,0.2585207878
Incidence,Central Asia,Both,All ages,Invasive Non-typhoidal Salmonella (iNTS),Number,1994,296.163400487982,432.4165129276415,183.10449024445813
Incidence,Central Asia,Both,All ages,Invasive Non-typhoidal Salmonella (iNTS),Rate,1994,0.41196391281999994,0.60149227872,0.25469873094
Incidence,Central Asia,Both,All ages,Invasive Non-typhoidal Salmonella (iNTS),Number,1995,294.6609989864603,431.6971822708232,182.2852917315371
Incidence,Central Asia,Both,All ages,Invasive Non-typhoidal Salmonella (iNTS),Rate,1995,0.40730101522,0.5967219999,0.25196746308
Incidence,Central Asia,Both,All ages,Invasive Non-typhoidal Salmonella (iNTS),Number,1996,292.8399915456001,429.341268580577,181.56937046629335
Incidence,Central Asia,Both,All ages,Invasive Non-typhoidal Salmonella (iNTS),Rate,1996,0.40250557943,0.59012519148,0.24956524647
Incidence,Central Asia,Both,All ages,Invasive Non-typhoidal Salmonella (iNTS),Number,1997,290.12513024266264,425.5427568415335,181.7810747978725
Incidence,Central Asia,Both,All ages,Invasive Non-typhoidal Salmonella (iNTS),Rate,1997,0.39663642559999995,0.58176883151,0.24851689231
Incidence,Central Asia,Both,All ages,Invasive Non-typhoidal Salmonella (iNTS),Number,1998,287.16131058054987,424.56627910622217,180.908054947868
Incidence,Central Asia,Both,All ages,Invasive Non-typhoidal Salmonella (iNTS),Rate,1998,0.39048042552999995,0.57732297223,0.24599781264
Incidence,Central Asia,Both,All ages,Invasive Non-typhoidal Salmonella (iNTS),Number,1999,284.6022470099604,421.7085550732176,180.5411153743681
Incidence,Central Asia,Both,All ages,Invasive Non-typhoidal Salmonella (iNTS),Rate,1999,0.38482989570000004,0.57022058318,0.24412182028999999
Incidence,Central Asia,Both,All ages,Invasive Non-typhoidal Salmonella (iNTS),Number,2000,282.99348866253416,413.44776015140064,180.52583310107903
Incidence,Central Asia,Both,All ages,Invasive Non-typhoidal Salmonella (iNTS),Rate,2000,0.38037206032000004,0.5557158827400001,0.24264509901
Incidence,Central Asia,Both,All ages,Invasive Non-typhoidal Salmonella (iNTS),Number,2001,282.5993185361425,414.9757825659434,178.7672284874237
Incidence,Central Asia,Both,All ages,Invasive Non-typhoidal Salmonella (iNTS),Rate,2001,0.37742670573,0.55422264775,0.23875332216
Incidence,Central Asia,Both,All ages,Invasive Non-typhoidal Salmonella (iNTS),Number,2002,283.26457702769613,415.7108356594699,179.281765843691
Incidence,Central Asia,Both,All ages,Invasive Non-typhoidal Salmonella (iNTS),Rate,2002,0.37572335095,0.55140063695,0.23780010381999997
Incidence,Central Asia,Both,All ages,Invasive Non-typhoidal Salmonella (iNTS),Number,2003,284.8491279549313,414.61760522011286,179.22957365061075
Incidence,Central Asia,Both,All ages,Invasive Non-typhoidal Salmonella (iNTS),Rate,2003,0.37500776631,0.5458497385100001,0.23595818092999998
Incidence,Central Asia,Both,All ages,Invasive Non-typhoidal Salmonella (iNTS),Number,2004,287.2106029485318,416.3312286577435,179.05187583156746
Incidence,Central Asia,Both,All ages,Invasive Non-typhoidal Salmonella (iNTS),Rate,2004,0.37501695582,0.54361248639,0.23379181938000002
Incidence,Central Asia,Both,All ages,Invasive Non-typhoidal Salmonella (iNTS),Number,2005,290.12354764727536,419.8072149292336,179.12915320103966
Incidence,Central Asia,Both,All ages,Invasive Non-typhoidal Salmonella (iNTS),Rate,2005,0.37540300518999997,0.54320613189,0.23178271111
Incidence,Central Asia,Both,All ages,Invasive Non-typhoidal Salmonella (iNTS),Number,2006,293.6953779687729,421.6139733652376,182.32343241830043
Incidence,Central Asia,Both,All ages,Invasive Non-typhoidal Salmonella (iNTS),Rate,2006,0.37626124693,0.5401412866499999,0.23357957656999997
Incidence,Central Asia,Both,All ages,Invasive Non-typhoidal Salmonella (iNTS),Number,2007,298.05437199509464,425.2627422201667,186.29059546800752
Incidence,Central Asia,Both,All ages,Invasive Non-typhoidal Salmonella (iNTS),Rate,2007,0.37770139814000003,0.5389027889,0.23607175395000002
Incidence,Central Asia,Both,All ages,Invasive Non-typhoidal Salmonella (iNTS),Number,2008,302.6063454754726,432.88505564104753,191.13650611337908
Incidence,Central Asia,Both,All ages,Invasive Non-typhoidal Salmonella (iNTS),Rate,2008,0.37898383669,0.54214474245,0.23937913894
Incidence,Central Asia,Both,All ages,Invasive Non-typhoidal Salmonella (iNTS),Number,2009,307.4163030913531,443.0324506529888,194.95234597647584
Incidence,Central Asia,Both,All ages,Invasive Non-typhoidal Salmonella (iNTS),Rate,2009,0.3802098479,0.54793873644,0.24111538999999999
Incidence,Central Asia,Both,All ages,Invasive Non-typhoidal Salmonella (iNTS),Number,2010,312.016765860456,447.7235597749166,198.1021991288885
Incidence,Central Asia,Both,All ages,Invasive Non-typhoidal Salmonella (iNTS),Rate,2010,0.38089151179,0.54655429518,0.24183138335
Incidence,Central Asia,Both,All ages,Invasive Non-typhoidal Salmonella (iNTS),Number,2011,316.81806232121363,454.42034504487617,202.3065679766849
Incidence,Central Asia,Both,All ages,Invasive Non-typhoidal Salmonella (iNTS),Rate,2011,0.38152093370999995,0.54722534779,0.24362307548000003
Incidence,Central Asia,Both,All ages,Invasive Non-typhoidal Salmonella (iNTS),Number,2012,322.2612586312724,462.2072431182632,206.185217728022
Incidence,Central Asia,Both,All ages,Invasive Non-typhoidal Salmonella (iNTS),Rate,2012,0.38271903839000004,0.5489195703299999,0.24486656756
Incidence,Central Asia,Both,All ages,Invasive Non-typhoidal Salmonella (iNTS),Number,2013,328.1827816309271,468.3401333248712,210.02968485943015
Incidence,Central Asia,Both,All ages,Invasive Non-typhoidal Salmonella (iNTS),Rate,2013,0.38425006616999996,0.54835212964,0.24591150061000003
Incidence,Central Asia,Both,All ages,Invasive Non-typhoidal Salmonella (iNTS),Number,2014,334.4664377712047,477.5477388752242,214.62732862585744
Incidence,Central Asia,Both,All ages,Invasive Non-typhoidal Salmonella (iNTS),Rate,2014,0.38594532016,0.5510487575399999,0.24766136062
Incidence,Central Asia,Both,All ages,Invasive Non-typhoidal Salmonella (iNTS),Number,2015,340.86922070264785,488.0362006046759,219.098656536534
Incidence,Central Asia,Both,All ages,Invasive Non-typhoidal Salmonella (iNTS),Rate,2015,0.38759691686,0.5549381263600001,0.24913356386000002
Incidence,Central Asia,Both,All ages,Invasive Non-typhoidal Salmonella (iNTS),Number,2016,347.930203153421,496.9374934265607,222.25378744712432
Incidence,Central Asia,Both,All ages,Invasive Non-typhoidal Salmonella (iNTS),Rate,2016,0.38986559265000004,0.5568324584300001,0.24904162896999998
Incidence,Central Asia,Both,All ages,Invasive Non-typhoidal Salmonella (iNTS),Number,2017,355.9396292511851,506.2953102141694,226.77200908645352
Incidence,Central Asia,Both,All ages,Invasive Non-typhoidal Salmonella (iNTS),Rate,2017,0.39303206893,0.55905630312,0.25040390162
Incidence,Central Asia,Both,All ages,Invasive Non-typhoidal Salmonella (iNTS),Number,2018,364.3353858591303,516.3841983671495,231.5328785195486
Incidence,Central Asia,Both,All ages,Invasive Non-typhoidal Salmonella (iNTS),Rate,2018,0.39642867628,0.56187104562,0.25192796557999997
Incidence,Central Asia,Both,All ages,Invasive Non-typhoidal Salmonella (iNTS),Number,2019,372.3643839030478,530.3171097283661,236.30497792660933
Incidence,Central Asia,Both,All ages,Invasive Non-typhoidal Salmonella (iNTS),Rate,2019,0.39924432131,0.56859921008,0.25336316955
Incidence,Central Asia,Both,All ages,Invasive Non-typhoidal Salmonella (iNTS),Number,2020,385.0353424115615,564.0446953298042,238.32474674957268
Incidence,Central Asia,Both,All ages,Invasive Non-typhoidal Salmonella (iNTS),Rate,2020,0.40709846029999996,0.59636532472,0.25198112163999997
Incidence,Central Asia,Both,All ages,Invasive Non-typhoidal Salmonella (iNTS),Number,2021,412.8863884282546,593.7037440501526,260.4315093394872
Incidence,Central Asia,Both,All ages,Invasive Non-typhoidal Salmonella (iNTS),Rate,2021,0.43094821720000004,0.61967547784,0.27182415744000005
Incidence,Central Asia,Both,Age-standardized,Invasive Non-typhoidal Salmonella (iNTS),Rate,1990,0.42101151646,0.60654299153,0.26880875746000005
Incidence,Central Asia,Both,Age-standardized,Invasive Non-typhoidal Salmonella (iNTS),Rate,1991,0.41379079018000003,0.59729641676,0.26512831185
Incidence,Central Asia,Both,Age-standardized,Invasive Non-typhoidal Salmonella (iNTS),Rate,1992,0.40715622873999996,0.5879197078,0.26221191651000003
Incidence,Central Asia,Both,Age-standardized,Invasive Non-typhoidal Salmonella (iNTS),Rate,1993,0.40137286604,0.57977145699,0.2574025513
Incidence,Central Asia,Both,Age-standardized,Invasive Non-typhoidal Salmonella (iNTS),Rate,1994,0.39663134856000004,0.57560891804,0.25344009072
Incidence,Central Asia,Both,Age-standardized,Invasive Non-typhoidal Salmonella (iNTS),Rate,1995,0.39299728679,0.57261524301,0.25028784594
Incidence,Central Asia,Both,Age-standardized,Invasive Non-typhoidal Salmonella (iNTS),Rate,1996,0.38927001069999995,0.56989612692,0.24845249929000002
Incidence,Central Asia,Both,Age-standardized,Invasive Non-typhoidal Salmonella (iNTS),Rate,1997,0.38481872172000003,0.56224392547,0.24629257955
Incidence,Central Asia,Both,Age-standardized,Invasive Non-typhoidal Salmonella (iNTS),Rate,1998,0.38029827941,0.5492772219100001,0.24506445662
Incidence,Central Asia,Both,Age-standardized,Invasive Non-typhoidal Salmonella (iNTS),Rate,1999,0.37632180596,0.5418387997,0.24416731561000002
Incidence,Central Asia,Both,Age-standardized,Invasive Non-typhoidal Salmonella (iNTS),Rate,2000,0.37339736707,0.53326851705,0.24193084282000002
Incidence,Central Asia,Both,Age-standardized,Invasive Non-typhoidal Salmonella (iNTS),Rate,2001,0.37174790316,0.5302811588999999,0.24132342376000002
Incidence,Central Asia,Both,Age-standardized,Invasive Non-typhoidal Salmonella (iNTS),Rate,2002,0.37132061168,0.53041418614,0.23864983551
Incidence,Central Asia,Both,Age-standardized,Invasive Non-typhoidal Salmonella (iNTS),Rate,2003,0.37185884381,0.52971660291,0.23834890046999999
Incidence,Central Asia,Both,Age-standardized,Invasive Non-typhoidal Salmonella (iNTS),Rate,2004,0.37303110355,0.5294110048,0.23769824786000002
Incidence,Central Asia,Both,Age-standardized,Invasive Non-typhoidal Salmonella (iNTS),Rate,2005,0.37439679697,0.52689044481,0.23820248252
Incidence,Central Asia,Both,Age-standardized,Invasive Non-typhoidal Salmonella (iNTS),Rate,2006,0.37592592566,0.53146399564,0.23964927605
Incidence,Central Asia,Both,Age-standardized,Invasive Non-typhoidal Salmonella (iNTS),Rate,2007,0.37785294600999997,0.53601844982,0.24138603397
Incidence,Central Asia,Both,Age-standardized,Invasive Non-typhoidal Salmonella (iNTS),Rate,2008,0.37947163306,0.53838791853,0.24426966438
Incidence,Central Asia,Both,Age-standardized,Invasive Non-typhoidal Salmonella (iNTS),Rate,2009,0.38090296417,0.54019615995,0.24694582767
Incidence,Central Asia,Both,Age-standardized,Invasive Non-typhoidal Salmonella (iNTS),Rate,2010,0.38163111090999996,0.53958067242,0.24842085347
Incidence,Central Asia,Both,Age-standardized,Invasive Non-typhoidal Salmonella (iNTS),Rate,2011,0.38207843132999997,0.54077506189,0.24907136133
Incidence,Central Asia,Both,Age-standardized,Invasive Non-typhoidal Salmonella (iNTS),Rate,2012,0.38305734164,0.54099693114,0.24995040426
Incidence,Central Asia,Both,Age-standardized,Invasive Non-typhoidal Salmonella (iNTS),Rate,2013,0.38437420364999997,0.53951166372,0.250600168
Incidence,Central Asia,Both,Age-standardized,Invasive Non-typhoidal Salmonella (iNTS),Rate,2014,0.38584211856,0.53963661898,0.25111480543
Incidence,Central Asia,Both,Age-standardized,Invasive Non-typhoidal Salmonella (iNTS),Rate,2015,0.38722198011,0.5451402334500001,0.25121716970999997
Incidence,Central Asia,Both,Age-standardized,Invasive Non-typhoidal Salmonella (iNTS),Rate,2016,0.3891414591,0.54558071393,0.25156899801
Incidence,Central Asia,Both,Age-standardized,Invasive Non-typhoidal Salmonella (iNTS),Rate,2017,0.39205519339999995,0.55140998192,0.25321002362
Incidence,Central Asia,Both,Age-standardized,Invasive Non-typhoidal Salmonella (iNTS),Rate,2018,0.39533254231000003,0.55545578271,0.25532624807
Incidence,Central Asia,Both,Age-standardized,Invasive Non-typhoidal Salmonella (iNTS),Rate,2019,0.39808485048,0.56165110728,0.25656680554
Incidence,Central Asia,Both,Age-standardized,Invasive Non-typhoidal Salmonella (iNTS),Rate,2020,0.40591228343999997,0.5911242748900001,0.25531349717
Incidence,Central Asia,Both,Age-standardized,Invasive Non-typhoidal Salmonella (iNTS),Rate,2021,0.42971604609999997,0.61655720372,0.27504519341
Incidence,Eastern Europe,Both,All ages,Invasive Non-typhoidal Salmonella (iNTS),Number,1990,1262.5896126186933,1825.1080686258456,802.3570361312127
Incidence,Eastern Europe,Both,All ages,Invasive Non-typhoidal Salmonella (iNTS),Rate,1990,0.55745680699,0.8058191721100001,0.35425556092
Incidence,Eastern Europe,Both,All ages,Invasive Non-typhoidal Salmonella (iNTS),Number,1991,1173.737776197276,1678.7708552630677,751.4329356203243
Incidence,Eastern Europe,Both,All ages,Invasive Non-typhoidal Salmonella (iNTS),Rate,1991,0.5172201842099999,0.73976844626,0.33112701088
Incidence,Eastern Europe,Both,All ages,Invasive Non-typhoidal Salmonella (iNTS),Number,1992,1087.9262842122096,1568.790383733919,696.8731822182136
Incidence,Eastern Europe,Both,All ages,Invasive Non-typhoidal Salmonella (iNTS),Rate,1992,0.47918843181,0.69099001902,0.3069450313
Incidence,Eastern Europe,Both,All ages,Invasive Non-typhoidal Salmonella (iNTS),Number,1993,1010.917977684505,1477.360590828066,642.161307335123
Incidence,Eastern Europe,Both,All ages,Invasive Non-typhoidal Salmonella (iNTS),Rate,1993,0.44593587051000005,0.6516929124499999,0.28327002577
Incidence,Eastern Europe,Both,All ages,Invasive Non-typhoidal Salmonella (iNTS),Number,1994,948.798328660595,1399.2047808224002,594.604913847111
Incidence,Eastern Europe,Both,All ages,Invasive Non-typhoidal Salmonella (iNTS),Rate,1994,0.41992957945,0.61927541125,0.26316676987
Incidence,Eastern Europe,Both,All ages,Invasive Non-typhoidal Salmonella (iNTS),Number,1995,907.2958974235188,1332.617432814106,560.4503548248135
Incidence,Eastern Europe,Both,All ages,Invasive Non-typhoidal Salmonella (iNTS),Rate,1995,0.40321605527,0.59223539528,0.24907263649
Incidence,Eastern Europe,Both,All ages,Invasive Non-typhoidal Salmonella (iNTS),Number,1996,879.5390189751179,1288.5046743356097,545.2961219915317
Incidence,Eastern Europe,Both,All ages,Invasive Non-typhoidal Salmonella (iNTS),Rate,1996,0.39245951945999996,0.57494427695,0.24331683914
Incidence,Eastern Europe,Both,All ages,Invasive Non-typhoidal Salmonella (iNTS),Number,1997,855.6241672003839,1244.7311500785315,531.7924197622673
Incidence,Eastern Europe,Both,All ages,Invasive Non-typhoidal Salmonella (iNTS),Rate,1997,0.38321366486,0.55748540548,0.23817714591999997
Incidence,Eastern Europe,Both,All ages,Invasive Non-typhoidal Salmonella (iNTS),Number,1998,835.3436359703373,1211.2522283646051,521.3565026790853
Incidence,Eastern Europe,Both,All ages,Invasive Non-typhoidal Salmonella (iNTS),Rate,1998,0.3754743775,0.54443962563,0.23434189220999999
Incidence,Eastern Europe,Both,All ages,Invasive Non-typhoidal Salmonella (iNTS),Number,1999,817.9876985597182,1187.4484004257406,510.4340288124635
Incidence,Eastern Europe,Both,All ages,Invasive Non-typhoidal Salmonella (iNTS),Rate,1999,0.36916424459,0.53590474832,0.23036286852
Incidence,Eastern Europe,Both,All ages,Invasive Non-typhoidal Salmonella (iNTS),Number,2000,803.4121419414402,1175.106072982342,501.6070584137317
Incidence,Eastern Europe,Both,All ages,Invasive Non-typhoidal Salmonella (iNTS),Rate,2000,0.36429210196,0.53282971342,0.22744427191000002
Incidence,Eastern Europe,Both,All ages,Invasive Non-typhoidal Salmonella (iNTS),Number,2001,790.6031343584896,1157.0266815579353,493.7656623909111
Incidence,Eastern Europe,Both,All ages,Invasive Non-typhoidal Salmonella (iNTS),Rate,2001,0.36023164163,0.5271894365099999,0.22498015428
Incidence,Eastern Europe,Both,All ages,Invasive Non-typhoidal Salmonella (iNTS),Number,2002,778.631158092949,1129.1775149950502,489.8825983040392
Incidence,Eastern Europe,Both,All ages,Invasive Non-typhoidal Salmonella (iNTS),Rate,2002,0.3565426016,0.5170611074,0.22432189395
Incidence,Eastern Europe,Both,All ages,Invasive Non-typhoidal Salmonella (iNTS),Number,2003,767.7766668297663,1103.07977013854,489.474597739028
Incidence,Eastern Europe,Both,All ages,Invasive Non-typhoidal Salmonella (iNTS),Rate,2003,0.35338010758,0.50770811966,0.22528763047999997
Incidence,Eastern Europe,Both,All ages,Invasive Non-typhoidal Salmonella (iNTS),Number,2004,758.4542852485743,1090.977042404956,488.5241400658255
Incidence,Eastern Europe,Both,All ages,Invasive Non-typhoidal Salmonella (iNTS),Rate,2004,0.35089003956,0.50472781948,0.2260100024
Incidence,Eastern Europe,Both,All ages,Invasive Non-typhoidal Salmonella (iNTS),Number,2005,751.0898139907815,1081.7803879801413,485.7693839197565
Incidence,Eastern Europe,Both,All ages,Invasive Non-typhoidal Salmonella (iNTS),Rate,2005,0.34933696664,0.50314339546,0.22593463512
Incidence,Eastern Europe,Both,All ages,Invasive Non-typhoidal Salmonella (iNTS),Number,2006,745.0193184285159,1069.9291723356607,482.6919335592781
Incidence,Eastern Europe,Both,All ages,Invasive Non-typhoidal Salmonella (iNTS),Rate,2006,0.3482371504,0.50010661052,0.22562000649999997
Incidence,Eastern Europe,Both,All ages,Invasive Non-typhoidal Salmonella (iNTS),Number,2007,739.714315350743,1064.4598166319065,479.81583072826425
Incidence,Eastern Europe,Both,All ages,Invasive Non-typhoidal Salmonella (iNTS),Rate,2007,0.34711997466,0.4995107664,0.2251594373
Incidence,Eastern Europe,Both,All ages,Invasive Non-typhoidal Salmonella (iNTS),Number,2008,735.5998681705723,1056.716621007573,477.85251867681154
Incidence,Eastern Europe,Both,All ages,Invasive Non-typhoidal Salmonella (iNTS),Rate,2008,0.34632005919,0.49750166982999994,0.22497273275000002
Incidence,Eastern Europe,Both,All ages,Invasive Non-typhoidal Salmonella (iNTS),Number,2009,733.3578045241399,1051.1741185988665,477.29128336315193
Incidence,Eastern Europe,Both,All ages,Invasive Non-typhoidal Salmonella (iNTS),Rate,2009,0.3461403046,0.49614762037,0.22527850550999998
Incidence,Eastern Europe,Both,All ages,Invasive Non-typhoidal Salmonella (iNTS),Number,2010,733.6687368954264,1050.3237811493182,478.4678039619457
Incidence,Eastern Europe,Both,All ages,Invasive Non-typhoidal Salmonella (iNTS),Rate,2010,0.34693732390000004,0.4966771835,0.22625788879
Incidence,Eastern Europe,Both,All ages,Invasive Non-typhoidal Salmonella (iNTS),Number,2011,737.9015123357773,1057.862432992741,479.9030266720344
Incidence,Eastern Europe,Both,All ages,Invasive Non-typhoidal Salmonella (iNTS),Rate,2011,0.34939401058999997,0.50089448516,0.2272325512
Incidence,Eastern Europe,Both,All ages,Invasive Non-typhoidal Salmonella (iNTS),Number,2012,745.7413829462603,1073.3880117358449,482.30885597094
Incidence,Eastern Europe,Both,All ages,Invasive Non-typhoidal Salmonella (iNTS),Rate,2012,0.35335740322,0.50860741961,0.22853419268
Incidence,Eastern Europe,Both,All ages,Invasive Non-typhoidal Salmonella (iNTS),Number,2013,755.4099689545571,1091.9074849579615,488.78620853758736
Incidence,Eastern Europe,Both,All ages,Invasive Non-typhoidal Salmonella (iNTS),Rate,2013,0.35812637148,0.5176538325600001,0.23172480969
Incidence,Eastern Europe,Both,All ages,Invasive Non-typhoidal Salmonella (iNTS),Number,2014,765.2597510527432,1110.8727543919265,492.99047836080376
Incidence,Eastern Europe,Both,All ages,Invasive Non-typhoidal Salmonella (iNTS),Rate,2014,0.36302879334,0.52698289048,0.23386796214000002
Incidence,Eastern Europe,Both,All ages,Invasive Non-typhoidal Salmonella (iNTS),Number,2015,773.6469501356707,1128.5352880591245,494.884102965439
Incidence,Eastern Europe,Both,All ages,Invasive Non-typhoidal Salmonella (iNTS),Rate,2015,0.36732362426,0.53582279622,0.23496844686
Incidence,Eastern Europe,Both,All ages,Invasive Non-typhoidal Salmonella (iNTS),Number,2016,783.8058820375912,1150.4564233857377,500.56427739638406
Incidence,Eastern Europe,Both,All ages,Invasive Non-typhoidal Salmonella (iNTS),Rate,2016,0.37260432729,0.5469020474799999,0.23795740772
Incidence,Eastern Europe,Both,All ages,Invasive Non-typhoidal Salmonella (iNTS),Number,2017,796.8704820771476,1180.8372047095263,510.44888886995096
Incidence,Eastern Europe,Both,All ages,Invasive Non-typhoidal Salmonella (iNTS),Rate,2017,0.3794616863,0.56230276692,0.24307061247999998
Incidence,Eastern Europe,Both,All ages,Invasive Non-typhoidal Salmonella (iNTS),Number,2018,808.4139875957628,1198.9869395051423,518.4334439157789
Incidence,Eastern Europe,Both,All ages,Invasive Non-typhoidal Salmonella (iNTS),Rate,2018,0.38583319525,0.57224264923,0.24743366055
Incidence,Eastern Europe,Both,All ages,Invasive Non-typhoidal Salmonella (iNTS),Number,2019,814.140739662148,1215.6622442678315,522.9011120070311
Incidence,Eastern Europe,Both,All ages,Invasive Non-typhoidal Salmonella (iNTS),Rate,2019,0.38968187184,0.58186688835,0.25028238262
Incidence,Eastern Europe,Both,All ages,Invasive Non-typhoidal Salmonella (iNTS),Number,2020,814.1014601593532,1217.24002201908,525.3181272918039
Incidence,Eastern Europe,Both,All ages,Invasive Non-typhoidal Salmonella (iNTS),Rate,2020,0.39126061760999997,0.58501072176,0.25247012195
Incidence,Eastern Europe,Both,All ages,Invasive Non-typhoidal Salmonella (iNTS),Number,2021,812.3592018804871,1204.582291587676,521.8425069604823
Incidence,Eastern Europe,Both,All ages,Invasive Non-typhoidal Salmonella (iNTS),Rate,2021,0.39290108966,0.58260150664,0.25239141642999996
Incidence,Eastern Europe,Both,Age-standardized,Invasive Non-typhoidal Salmonella (iNTS),Rate,1990,0.60335507596,0.87965282727,0.38106349035
Incidence,Eastern Europe,Both,Age-standardized,Invasive Non-typhoidal Salmonella (iNTS),Rate,1991,0.56222745049,0.8115160207900001,0.35623078186
Incidence,Eastern Europe,Both,Age-standardized,Invasive Non-typhoidal Salmonella (iNTS),Rate,1992,0.52417294531,0.75805242285,0.33141606717
Incidence,Eastern Europe,Both,Age-standardized,Invasive Non-typhoidal Salmonella (iNTS),Rate,1993,0.49145916408,0.70702205725,0.30798870189
Incidence,Eastern Europe,Both,Age-standardized,Invasive Non-typhoidal Salmonella (iNTS),Rate,1994,0.46642323709,0.6705549913800001,0.29044208307999997
Incidence,Eastern Europe,Both,Age-standardized,Invasive Non-typhoidal Salmonella (iNTS),Rate,1995,0.45124532476999996,0.6519570479000001,0.28013668695
Incidence,Eastern Europe,Both,Age-standardized,Invasive Non-typhoidal Salmonella (iNTS),Rate,1996,0.44226223794999997,0.6369421871300001,0.27515257582999997
Incidence,Eastern Europe,Both,Age-standardized,Invasive Non-typhoidal Salmonella (iNTS),Rate,1997,0.43457992869999995,0.62300093297,0.26985853404
Incidence,Eastern Europe,Both,Age-standardized,Invasive Non-typhoidal Salmonella (iNTS),Rate,1998,0.42826082011,0.61146607454,0.26497280975000004
Incidence,Eastern Europe,Both,Age-standardized,Invasive Non-typhoidal Salmonella (iNTS),Rate,1999,0.42327612841,0.603187283,0.26089740281
Incidence,Eastern Europe,Both,Age-standardized,Invasive Non-typhoidal Salmonella (iNTS),Rate,2000,0.41969360409,0.59778330893,0.25659377554
Incidence,Eastern Europe,Both,Age-standardized,Invasive Non-typhoidal Salmonella (iNTS),Rate,2001,0.41668413674,0.59273026051,0.25546064797
Incidence,Eastern Europe,Both,Age-standardized,Invasive Non-typhoidal Salmonella (iNTS),Rate,2002,0.4134823408,0.58740505887,0.25533647026
Incidence,Eastern Europe,Both,Age-standardized,Invasive Non-typhoidal Salmonella (iNTS),Rate,2003,0.41032681196000004,0.58111742656,0.25481793739
Incidence,Eastern Europe,Both,Age-standardized,Invasive Non-typhoidal Salmonella (iNTS),Rate,2004,0.40754122934,0.57335881967,0.25439121267
Incidence,Eastern Europe,Both,Age-standardized,Invasive Non-typhoidal Salmonella (iNTS),Rate,2005,0.40552406351,0.5693444111,0.25472251675
Incidence,Eastern Europe,Both,Age-standardized,Invasive Non-typhoidal Salmonella (iNTS),Rate,2006,0.40326059373000006,0.56643248845,0.25294703258
Incidence,Eastern Europe,Both,Age-standardized,Invasive Non-typhoidal Salmonella (iNTS),Rate,2007,0.40001389502999996,0.56348657959,0.25039467072
Incidence,Eastern Europe,Both,Age-standardized,Invasive Non-typhoidal Salmonella (iNTS),Rate,2008,0.39672164791,0.5604995498099999,0.2477526336
Incidence,Eastern Europe,Both,Age-standardized,Invasive Non-typhoidal Salmonella (iNTS),Rate,2009,0.3942867074,0.55847638244,0.24533719576
Incidence,Eastern Europe,Both,Age-standardized,Invasive Non-typhoidal Salmonella (iNTS),Rate,2010,0.39357326388999997,0.55851717954,0.24353672907
Incidence,Eastern Europe,Both,Age-standardized,Invasive Non-typhoidal Salmonella (iNTS),Rate,2011,0.39531800995999994,0.56149998231,0.24497942691
Incidence,Eastern Europe,Both,Age-standardized,Invasive Non-typhoidal Salmonella (iNTS),Rate,2012,0.3990902744,0.56998973073,0.24701556221
Incidence,Eastern Europe,Both,Age-standardized,Invasive Non-typhoidal Salmonella (iNTS),Rate,2013,0.40410736735,0.57969386937,0.24992488447000002
Incidence,Eastern Europe,Both,Age-standardized,Invasive Non-typhoidal Salmonella (iNTS),Rate,2014,0.40958836703,0.5886419459,0.25345926864
Incidence,Eastern Europe,Both,Age-standardized,Invasive Non-typhoidal Salmonella (iNTS),Rate,2015,0.41467274506999996,0.5976479836499999,0.25665044455
Incidence,Eastern Europe,Both,Age-standardized,Invasive Non-typhoidal Salmonella (iNTS),Rate,2016,0.42164061703,0.61092820453,0.26188863554
Incidence,Eastern Europe,Both,Age-standardized,Invasive Non-typhoidal Salmonella (iNTS),Rate,2017,0.43151013708999997,0.63147123217,0.26812578419
Incidence,Eastern Europe,Both,Age-standardized,Invasive Non-typhoidal Salmonella (iNTS),Rate,2018,0.44150637667000003,0.64637563941,0.273512033
Incidence,Eastern Europe,Both,Age-standardized,Invasive Non-typhoidal Salmonella (iNTS),Rate,2019,0.44884074023,0.65852613384,0.27704837625
Incidence,Eastern Europe,Both,Age-standardized,Invasive Non-typhoidal Salmonella (iNTS),Rate,2020,0.4548334958,0.6669149384699999,0.28130044485
Incidence,Eastern Europe,Both,Age-standardized,Invasive Non-typhoidal Salmonella (iNTS),Rate,2021,0.46042667235999996,0.67017433068,0.28237452937999996
Incidence,High-income Asia Pacific,Both,All ages,Invasive Non-typhoidal Salmonella (iNTS),Number,1990,530.9536211521184,824.2768879913527,286.84536155940856
Incidence,High-income Asia Pacific,Both,All ages,Invasive Non-typhoidal Salmonella (iNTS),Rate,1990,0.30623682047,0.47541616312,0.16544309708000002
Incidence,High-income Asia Pacific,Both,All ages,Invasive Non-typhoidal Salmonella (iNTS),Number,1991,521.7840385037026,813.6119191657788,281.23966674765563
Incidence,High-income Asia Pacific,Both,All ages,Invasive Non-typhoidal Salmonella (iNTS),Rate,1991,0.29950076658,0.46700814036,0.16142980537999999
Incidence,High-income Asia Pacific,Both,All ages,Invasive Non-typhoidal Salmonella (iNTS),Number,1992,513.2558030415183,799.8402396502462,276.11242336531643
Incidence,High-income Asia Pacific,Both,All ages,Invasive Non-typhoidal Salmonella (iNTS),Rate,1992,0.29334630355,0.45714081816999996,0.1578093385
Incidence,High-income Asia Pacific,Both,All ages,Invasive Non-typhoidal Salmonella (iNTS),Number,1993,505.8170451878482,790.2588391845214,271.1748190167005
Incidence,High-income Asia Pacific,Both,All ages,Invasive Non-typhoidal Salmonella (iNTS),Rate,1993,0.28798415086,0.44992952081,0.15439189076999998
Incidence,High-income Asia Pacific,Both,All ages,Invasive Non-typhoidal Salmonella (iNTS),Number,1994,500.0978032087367,779.8397984456174,267.0518565394189
Incidence,High-income Asia Pacific,Both,All ages,Invasive Non-typhoidal Salmonella (iNTS),Rate,1994,0.28365698029,0.44232748259,0.15147261739999998
Incidence,High-income Asia Pacific,Both,All ages,Invasive Non-typhoidal Salmonella (iNTS),Number,1995,496.3081642664127,769.8848937885249,265.9213129172503
Incidence,High-income Asia Pacific,Both,All ages,Invasive Non-typhoidal Salmonella (iNTS),Rate,1995,0.28048780173,0.43509927296999995,0.15028502423
Incidence,High-income Asia Pacific,Both,All ages,Invasive Non-typhoidal Salmonella (iNTS),Number,1996,493.8204333488401,768.1538722723664,265.8483332459672
Incidence,High-income Asia Pacific,Both,All ages,Invasive Non-typhoidal Salmonella (iNTS),Rate,1996,0.27799405609,0.43242886731999997,0.14965815805000002
Incidence,High-income Asia Pacific,Both,All ages,Invasive Non-typhoidal Salmonella (iNTS),Number,1997,491.4561849830622,763.2487569219318,263.89286717299126
Incidence,High-income Asia Pacific,Both,All ages,Invasive Non-typhoidal Salmonella (iNTS),Rate,1997,0.27559385565,0.42800696006,0.14798318744
Incidence,High-income Asia Pacific,Both,All ages,Invasive Non-typhoidal Salmonella (iNTS),Number,1998,489.3066180049243,759.2234697725125,260.30105016224
Incidence,High-income Asia Pacific,Both,All ages,Invasive Non-typhoidal Salmonella (iNTS),Rate,1998,0.27334034727,0.42412344171,0.14541143902
Incidence,High-income Asia Pacific,Both,All ages,Invasive Non-typhoidal Salmonella (iNTS),Number,1999,487.3469736974892,756.9587259616383,257.3413691914858
Incidence,High-income Asia Pacific,Both,All ages,Invasive Non-typhoidal Salmonella (iNTS),Rate,1999,0.27140290682,0.4215493471,0.14331307962
Incidence,High-income Asia Pacific,Both,All ages,Invasive Non-typhoidal Salmonella (iNTS),Number,2000,486.3564577069854,755.487776288096,256.7003870377387
Incidence,High-income Asia Pacific,Both,All ages,Invasive Non-typhoidal Salmonella (iNTS),Rate,2000,0.26999399958,0.41939849492000003,0.14250363718
Incidence,High-income Asia Pacific,Both,All ages,Invasive Non-typhoidal Salmonella (iNTS),Number,2001,486.0068582881213,756.8833771025047,256.6940994649852
Incidence,High-income Asia Pacific,Both,All ages,Invasive Non-typhoidal Salmonella (iNTS),Rate,2001,0.26894563561,0.41884281563000003,0.1420489373
Incidence,High-income Asia Pacific,Both,All ages,Invasive Non-typhoidal Salmonella (iNTS),Number,2002,485.3313761574337,756.0938470002998,257.18146813974033
Incidence,High-income Asia Pacific,Both,All ages,Invasive Non-typhoidal Salmonella (iNTS),Rate,2002,0.26789993707,0.41735915702,0.14196258992
Incidence,High-income Asia Pacific,Both,All ages,Invasive Non-typhoidal Salmonella (iNTS),Number,2003,484.2148359648744,754.7314856530148,257.6293076970832
Incidence,High-income Asia Pacific,Both,All ages,Invasive Non-typhoidal Salmonella (iNTS),Rate,2003,0.26683984343,0.41591545013000003,0.14197368404
Incidence,High-income Asia Pacific,Both,All ages,Invasive Non-typhoidal Salmonella (iNTS),Number,2004,483.3216010100993,753.8220129490842,257.3187530718037
Incidence,High-income Asia Pacific,Both,All ages,Invasive Non-typhoidal Salmonella (iNTS),Rate,2004,0.26580658466,0.41457045224000005,0.14151450873
Incidence,High-income Asia Pacific,Both,All ages,Invasive Non-typhoidal Salmonella (iNTS),Number,2005,482.6930587336672,753.5447829349729,256.72227314995143
Incidence,High-income Asia Pacific,Both,All ages,Invasive Non-typhoidal Salmonella (iNTS),Rate,2005,0.26489157952000003,0.41352918626,0.14088366758
Incidence,High-income Asia Pacific,Both,All ages,Invasive Non-typhoidal Salmonella (iNTS),Number,2006,482.0178136030723,746.7542847372514,258.8464761870797
Incidence,High-income Asia Pacific,Both,All ages,Invasive Non-typhoidal Salmonella (iNTS),Rate,2006,0.26389234747,0.40882875200999996,0.14171178389
Incidence,High-income Asia Pacific,Both,All ages,Invasive Non-typhoidal Salmonella (iNTS),Number,2007,481.2986327526544,739.3139798838893,259.4304135950376
Incidence,High-income Asia Pacific,Both,All ages,Invasive Non-typhoidal Salmonella (iNTS),Rate,2007,0.26275363621000003,0.40361102919999997,0.14162991515
Incidence,High-income Asia Pacific,Both,All ages,Invasive Non-typhoidal Salmonella (iNTS),Number,2008,480.8238927799077,733.4481422204218,259.5567391998096
Incidence,High-income Asia Pacific,Both,All ages,Invasive Non-typhoidal Salmonella (iNTS),Rate,2008,0.2616384544,0.39910295889,0.14123679188000002
Incidence,High-income Asia Pacific,Both,All ages,Invasive Non-typhoidal Salmonella (iNTS),Number,2009,480.7812254124592,729.9927491148967,261.6444421895612
Incidence,High-income Asia Pacific,Both,All ages,Invasive Non-typhoidal Salmonella (iNTS),Rate,2009,0.26087955176,0.39610569446999994,0.14197244233
Incidence,High-income Asia Pacific,Both,All ages,Invasive Non-typhoidal Salmonella (iNTS),Number,2010,481.6150086737143,729.1962666070929,263.32917857305495
Incidence,High-income Asia Pacific,Both,All ages,Invasive Non-typhoidal Salmonella (iNTS),Rate,2010,0.26064824162,0.39463829254,0.14251276668
Incidence,High-income Asia Pacific,Both,All ages,Invasive Non-typhoidal Salmonella (iNTS),Number,2011,484.7004227681871,742.7043935157608,264.5881022196735
Incidence,High-income Asia Pacific,Both,All ages,Invasive Non-typhoidal Salmonella (iNTS),Rate,2011,0.26159890991,0.40084689553,0.14280152412
Incidence,High-income Asia Pacific,Both,All ages,Invasive Non-typhoidal Salmonella (iNTS),Number,2012,490.3684706408778,760.1211620043076,267.6428784661878
Incidence,High-income Asia Pacific,Both,All ages,Invasive Non-typhoidal Salmonella (iNTS),Rate,2012,0.26390697683,0.40908274064,0.14404030266
Incidence,High-income Asia Pacific,Both,All ages,Invasive Non-typhoidal Salmonella (iNTS),Number,2013,497.5074516958412,781.9093076335977,271.0742634614105
Incidence,High-income Asia Pacific,Both,All ages,Invasive Non-typhoidal Salmonella (iNTS),Rate,2013,0.26707965413,0.41975666240000004,0.1455222837
Incidence,High-income Asia Pacific,Both,All ages,Invasive Non-typhoidal Salmonella (iNTS),Number,2014,505.0166195793572,801.7009266471214,275.897018636217
Incidence,High-income Asia Pacific,Both,All ages,Invasive Non-typhoidal Salmonella (iNTS),Rate,2014,0.27054813917,0.42948822963,0.14780389813
Incidence,High-income Asia Pacific,Both,All ages,Invasive Non-typhoidal Salmonella (iNTS),Number,2015,511.8313384885643,812.4746501497491,277.83175288133816
Incidence,High-income Asia Pacific,Both,All ages,Invasive Non-typhoidal Salmonella (iNTS),Rate,2015,0.27379112240000003,0.43461259532,0.14861901126
Incidence,High-income Asia Pacific,Both,All ages,Invasive Non-typhoidal Salmonella (iNTS),Number,2016,521.5340933514588,830.8223905391469,289.68151490277774
Incidence,High-income Asia Pacific,Both,All ages,Invasive Non-typhoidal Salmonella (iNTS),Rate,2016,0.27880866374,0.44415213399,0.15486181462
Incidence,High-income Asia Pacific,Both,All ages,Invasive Non-typhoidal Salmonella (iNTS),Number,2017,535.1645219042417,833.837455044644,300.0254734933583
Incidence,High-income Asia Pacific,Both,All ages,Invasive Non-typhoidal Salmonella (iNTS),Rate,2017,0.28625827643,0.44601774395000005,0.16048293825999999
Incidence,High-income Asia Pacific,Both,All ages,Invasive Non-typhoidal Salmonella (iNTS),Number,2018,548.5240385253337,847.0789958891457,310.8867727446111
Incidence,High-income Asia Pacific,Both,All ages,Invasive Non-typhoidal Salmonella (iNTS),Rate,2018,0.29376142082,0.45365218642,0.16649505521
Incidence,High-income Asia Pacific,Both,All ages,Invasive Non-typhoidal Salmonella (iNTS),Number,2019,557.1927773082379,863.9957903954862,319.025258963399
Incidence,High-income Asia Pacific,Both,All ages,Invasive Non-typhoidal Salmonella (iNTS),Rate,2019,0.29897399723,0.46359587842000005,0.1711799951
Incidence,High-income Asia Pacific,Both,All ages,Invasive Non-typhoidal Salmonella (iNTS),Number,2020,560.9043476435371,876.4943868817824,322.130871375783
Incidence,High-income Asia Pacific,Both,All ages,Invasive Non-typhoidal Salmonella (iNTS),Rate,2020,0.30165190787,0.47137485233,0.17324057541
Incidence,High-income Asia Pacific,Both,All ages,Invasive Non-typhoidal Salmonella (iNTS),Number,2021,763.5213594061372,1100.3562617865418,475.7730292083649
Incidence,High-income Asia Pacific,Both,All ages,Invasive Non-typhoidal Salmonella (iNTS),Rate,2021,0.41172086302,0.5933555416,0.25655560223999996
Incidence,High-income Asia Pacific,Both,Age-standardized,Invasive Non-typhoidal Salmonella (iNTS),Rate,1990,0.3341848362,0.50565069282,0.18065408466
Incidence,High-income Asia Pacific,Both,Age-standardized,Invasive Non-typhoidal Salmonella (iNTS),Rate,1991,0.32754488956,0.49616085427999995,0.17823332433
Incidence,High-income Asia Pacific,Both,Age-standardized,Invasive Non-typhoidal Salmonella (iNTS),Rate,1992,0.32133677583000003,0.48980659484999994,0.17548872337
Incidence,High-income Asia Pacific,Both,Age-standardized,Invasive Non-typhoidal Salmonella (iNTS),Rate,1993,0.31586828212,0.48453491586999997,0.17208918798
Incidence,High-income Asia Pacific,Both,Age-standardized,Invasive Non-typhoidal Salmonella (iNTS),Rate,1994,0.31143868953,0.47809664948,0.16944045057
Incidence,High-income Asia Pacific,Both,Age-standardized,Invasive Non-typhoidal Salmonella (iNTS),Rate,1995,0.30824652276,0.47068854396,0.16762971501
Incidence,High-income Asia Pacific,Both,Age-standardized,Invasive Non-typhoidal Salmonella (iNTS),Rate,1996,0.30556940247000003,0.46630419515,0.16665840083
Incidence,High-income Asia Pacific,Both,Age-standardized,Invasive Non-typhoidal Salmonella (iNTS),Rate,1997,0.30273443826,0.46292010837,0.16530667041000002
Incidence,High-income Asia Pacific,Both,Age-standardized,Invasive Non-typhoidal Salmonella (iNTS),Rate,1998,0.30000737577000003,0.45974209034999997,0.16313815035999998
Incidence,High-income Asia Pacific,Both,Age-standardized,Invasive Non-typhoidal Salmonella (iNTS),Rate,1999,0.29775421298,0.45708714852,0.16097350019
Incidence,High-income Asia Pacific,Both,Age-standardized,Invasive Non-typhoidal Salmonella (iNTS),Rate,2000,0.29634357634,0.45527185298,0.15857893862
Incidence,High-income Asia Pacific,Both,Age-standardized,Invasive Non-typhoidal Salmonella (iNTS),Rate,2001,0.29547699154,0.45503333217,0.15840638203000001
Incidence,High-income Asia Pacific,Both,Age-standardized,Invasive Non-typhoidal Salmonella (iNTS),Rate,2002,0.29458787625,0.45391918612000004,0.15761931909
Incidence,High-income Asia Pacific,Both,Age-standardized,Invasive Non-typhoidal Salmonella (iNTS),Rate,2003,0.29371386613,0.45236938307,0.15672165334000002
Incidence,High-income Asia Pacific,Both,Age-standardized,Invasive Non-typhoidal Salmonella (iNTS),Rate,2004,0.29288180773,0.45079304707,0.15554827866
Incidence,High-income Asia Pacific,Both,Age-standardized,Invasive Non-typhoidal Salmonella (iNTS),Rate,2005,0.29226668628,0.44942765459,0.15451972568
Incidence,High-income Asia Pacific,Both,Age-standardized,Invasive Non-typhoidal Salmonella (iNTS),Rate,2006,0.29138781606,0.44902443610000004,0.15448880440999999
Incidence,High-income Asia Pacific,Both,Age-standardized,Invasive Non-typhoidal Salmonella (iNTS),Rate,2007,0.28999722404,0.44797162013999997,0.15420632812
Incidence,High-income Asia Pacific,Both,Age-standardized,Invasive Non-typhoidal Salmonella (iNTS),Rate,2008,0.28856243975,0.44678599893,0.15375378021
Incidence,High-income Asia Pacific,Both,Age-standardized,Invasive Non-typhoidal Salmonella (iNTS),Rate,2009,0.28762464334000004,0.44623570125,0.1536450868
Incidence,High-income Asia Pacific,Both,Age-standardized,Invasive Non-typhoidal Salmonella (iNTS),Rate,2010,0.28761754858,0.44534098564999997,0.15328175734
Incidence,High-income Asia Pacific,Both,Age-standardized,Invasive Non-typhoidal Salmonella (iNTS),Rate,2011,0.28924801071,0.45079091164,0.15393604348999998
Incidence,High-income Asia Pacific,Both,Age-standardized,Invasive Non-typhoidal Salmonella (iNTS),Rate,2012,0.29255919482000003,0.45661437192,0.15456178976999999
Incidence,High-income Asia Pacific,Both,Age-standardized,Invasive Non-typhoidal Salmonella (iNTS),Rate,2013,0.29699878057999995,0.46372048527000004,0.15606692355
Incidence,High-income Asia Pacific,Both,Age-standardized,Invasive Non-typhoidal Salmonella (iNTS),Rate,2014,0.30195339275,0.47268305202,0.15817002612
Incidence,High-income Asia Pacific,Both,Age-standardized,Invasive Non-typhoidal Salmonella (iNTS),Rate,2015,0.30686048239999997,0.4843807142,0.15953058443999998
Incidence,High-income Asia Pacific,Both,Age-standardized,Invasive Non-typhoidal Salmonella (iNTS),Rate,2016,0.31512974807,0.49111476558999995,0.16462079991
Incidence,High-income Asia Pacific,Both,Age-standardized,Invasive Non-typhoidal Salmonella (iNTS),Rate,2017,0.32802778082,0.51234186789,0.17143168921
Incidence,High-income Asia Pacific,Both,Age-standardized,Invasive Non-typhoidal Salmonella (iNTS),Rate,2018,0.34167546759,0.53300849336,0.1781705614
Incidence,High-income Asia Pacific,Both,Age-standardized,Invasive Non-typhoidal Salmonella (iNTS),Rate,2019,0.35210478454,0.54866748757,0.18531986871
Incidence,High-income Asia Pacific,Both,Age-standardized,Invasive Non-typhoidal Salmonella (iNTS),Rate,2020,0.35971923007,0.5605802883000001,0.1886303999
Incidence,High-income Asia Pacific,Both,Age-standardized,Invasive Non-typhoidal Salmonella (iNTS),Rate,2021,0.54067023672,0.80276975148,0.29796522478
Incidence,Western Europe,Both,All ages,Invasive Non-typhoidal Salmonella (iNTS),Number,1990,1674.5073469423082,2293.0132525268555,1147.2171387485914
Incidence,Western Europe,Both,All ages,Invasive Non-typhoidal Salmonella (iNTS),Rate,1990,0.43560141266,0.59649771849,0.29843368987
Incidence,Western Europe,Both,All ages,Invasive Non-typhoidal Salmonella (iNTS),Number,1991,1672.8664370822949,2282.487589283415,1151.3663198217982
Incidence,Western Europe,Both,All ages,Invasive Non-typhoidal Salmonella (iNTS),Rate,1991,0.43356580605,0.59156460403,0.29840581139
Incidence,Western Europe,Both,All ages,Invasive Non-typhoidal Salmonella (iNTS),Number,1992,1673.4414659957938,2270.2063882302664,1158.5947140472883
Incidence,Western Europe,Both,All ages,Invasive Non-typhoidal Salmonella (iNTS),Rate,1992,0.43207297046000004,0.5861542442000001,0.29914249756
Incidence,Western Europe,Both,All ages,Invasive Non-typhoidal Salmonella (iNTS),Number,1993,1677.1274727125488,2270.438072821584,1169.2148483552692
Incidence,Western Europe,Both,All ages,Invasive Non-typhoidal Salmonella (iNTS),Rate,1993,0.43151354445,0.5841683450999999,0.30083106481
Incidence,Western Europe,Both,All ages,Invasive Non-typhoidal Salmonella (iNTS),Number,1994,1679.5911641281416,2265.1412058031533,1180.809220628867
Incidence,Western Europe,Both,All ages,Invasive Non-typhoidal Salmonella (iNTS),Rate,1994,0.43076808835999997,0.58094527284,0.3028444907
Incidence,Western Europe,Both,All ages,Invasive Non-typhoidal Salmonella (iNTS),Number,1995,1683.890816867756,2261.691463949279,1193.662874487919
Incidence,Western Europe,Both,All ages,Invasive Non-typhoidal Salmonella (iNTS),Rate,1995,0.43053858141999996,0.57827112349,0.30519670013
Incidence,Western Europe,Both,All ages,Invasive Non-typhoidal Salmonella (iNTS),Number,1996,1677.168767646704,2245.986831788354,1185.100803625969
Incidence,Western Europe,Both,All ages,Invasive Non-typhoidal Salmonella (iNTS),Rate,1996,0.42748779338000004,0.57247187833,0.30206627815
Incidence,Western Europe,Both,All ages,Invasive Non-typhoidal Salmonella (iNTS),Number,1997,1654.8189602643,2231.7588813329385,1162.195239930579
Incidence,Western Europe,Both,All ages,Invasive Non-typhoidal Salmonella (iNTS),Rate,1997,0.42040261424,0.5669727568999999,0.29525279131
Incidence,Western Europe,Both,All ages,Invasive Non-typhoidal Salmonella (iNTS),Number,1998,1623.3940765176403,2204.7529880780867,1131.280037577186
Incidence,Western Europe,Both,All ages,Invasive Non-typhoidal Salmonella (iNTS),Rate,1998,0.41093482077,0.55809602062,0.2863644547
Incidence,Western Europe,Both,All ages,Invasive Non-typhoidal Salmonella (iNTS),Number,1999,1600.4972968659542,2182.422222052312,1104.1838175243324
Incidence,Western Europe,Both,All ages,Invasive Non-typhoidal Salmonella (iNTS),Rate,1999,0.40351828854,0.55023353157,0.27838745192
Incidence,Western Europe,Both,All ages,Invasive Non-typhoidal Salmonella (iNTS),Number,2000,1585.840061841331,2176.381592796746,1085.2394147082343
Incidence,Western Europe,Both,All ages,Invasive Non-typhoidal Salmonella (iNTS),Rate,2000,0.39797895109000003,0.54617996121,0.27234930832
Incidence,Western Europe,Both,All ages,Invasive Non-typhoidal Salmonella (iNTS),Number,2001,1581.5328896590204,2172.3854642391234,1089.6126825594397
Incidence,Western Europe,Both,All ages,Invasive Non-typhoidal Salmonella (iNTS),Rate,2001,0.39482320022,0.54232712244,0.27201733782000004
Incidence,Western Europe,Both,All ages,Invasive Non-typhoidal Salmonella (iNTS),Number,2002,1580.6404705919786,2164.203605239578,1091.005068961106
Incidence,Western Europe,Both,All ages,Invasive Non-typhoidal Salmonella (iNTS),Rate,2002,0.39240792059999996,0.53728260935,0.27085161897
Incidence,Western Europe,Both,All ages,Invasive Non-typhoidal Salmonella (iNTS),Number,2003,1582.8505266764805,2156.0790669526064,1092.019832774672
Incidence,Western Europe,Both,All ages,Invasive Non-typhoidal Salmonella (iNTS),Rate,2003,0.3906861636,0.5321729657200001,0.26953716213
Incidence,Western Europe,Both,All ages,Invasive Non-typhoidal Salmonella (iNTS),Number,2004,1592.7043470538404,2159.193992209808,1099.5546272487811
Incidence,Western Europe,Both,All ages,Invasive Non-typhoidal Salmonella (iNTS),Rate,2004,0.39073253838,0.52970744444,0.26974985746
Incidence,Western Europe,Both,All ages,Invasive Non-typhoidal Salmonella (iNTS),Number,2005,1610.89540762229,2167.3920115447672,1111.6900062827626
Incidence,Western Europe,Both,All ages,Invasive Non-typhoidal Salmonella (iNTS),Rate,2005,0.39275164869000007,0.52843082292,0.27104061551
Incidence,Western Europe,Both,All ages,Invasive Non-typhoidal Salmonella (iNTS),Number,2006,1635.034099686247,2202.295278255331,1132.8977710967904
Incidence,Western Europe,Both,All ages,Invasive Non-typhoidal Salmonella (iNTS),Rate,2006,0.39622605609,0.53369331723,0.27454082816
Incidence,Western Europe,Both,All ages,Invasive Non-typhoidal Salmonella (iNTS),Number,2007,1663.7984655198284,2239.477306696489,1148.1979219614427
Incidence,Western Europe,Both,All ages,Invasive Non-typhoidal Salmonella (iNTS),Rate,2007,0.40080951298,0.53949070589,0.27660119867
Incidence,Western Europe,Both,All ages,Invasive Non-typhoidal Salmonella (iNTS),Number,2008,1695.189941150876,2280.618782600284,1172.8410095117044
Incidence,Western Europe,Both,All ages,Invasive Non-typhoidal Salmonella (iNTS),Rate,2008,0.40602920351999994,0.54625019024,0.28091701667
Incidence,Western Europe,Both,All ages,Invasive Non-typhoidal Salmonella (iNTS),Number,2009,1727.0179971713785,2319.3267451772995,1195.5423983148885
Incidence,Western Europe,Both,All ages,Invasive Non-typhoidal Salmonella (iNTS),Rate,2009,0.41144033651,0.55255045291,0.28482295348000003
Incidence,Western Europe,Both,All ages,Invasive Non-typhoidal Salmonella (iNTS),Number,2010,1758.1630928261918,2359.2970255807545,1216.7905804502357
Incidence,Western Europe,Both,All ages,Invasive Non-typhoidal Salmonella (iNTS),Rate,2010,0.4168205722,0.55933578642,0.28847343460999997
Incidence,Western Europe,Both,All ages,Invasive Non-typhoidal Salmonella (iNTS),Number,2011,1789.2345496327189,2397.450908230216,1238.202851421266
Incidence,Western Europe,Both,All ages,Invasive Non-typhoidal Salmonella (iNTS),Rate,2011,0.42233887801000003,0.56590497141,0.29227090608
Incidence,Western Europe,Both,All ages,Invasive Non-typhoidal Salmonella (iNTS),Number,2012,1822.872026205528,2440.8960180945387,1264.298734996642
Incidence,Western Europe,Both,All ages,Invasive Non-typhoidal Salmonella (iNTS),Rate,2012,0.42852514194999997,0.573811709,0.29721438866
Incidence,Western Europe,Both,All ages,Invasive Non-typhoidal Salmonella (iNTS),Number,2013,1858.4981620958552,2489.048074632396,1291.746779345663
Incidence,Western Europe,Both,All ages,Invasive Non-typhoidal Salmonella (iNTS),Rate,2013,0.43519289224999996,0.58284482203,0.3024802652
Incidence,Western Europe,Both,All ages,Invasive Non-typhoidal Salmonella (iNTS),Number,2014,1897.60554818457,2541.185017492232,1319.652186667906
Incidence,Western Europe,Both,All ages,Invasive Non-typhoidal Salmonella (iNTS),Rate,2014,0.44257650194,0.59267784968,0.30778106078
Incidence,Western Europe,Both,All ages,Invasive Non-typhoidal Salmonella (iNTS),Number,2015,1941.0331925195671,2599.385370865467,1355.5180130722222
Incidence,Western Europe,Both,All ages,Invasive Non-typhoidal Salmonella (iNTS),Rate,2015,0.45090501441999997,0.60384124426,0.31488893213
Incidence,Western Europe,Both,All ages,Invasive Non-typhoidal Salmonella (iNTS),Number,2016,2012.546193930448,2690.3514729951103,1406.674536735292
Incidence,Western Europe,Both,All ages,Invasive Non-typhoidal Salmonella (iNTS),Rate,2016,0.46571303627000005,0.62256049421,0.32551137038
Incidence,Western Europe,Both,All ages,Invasive Non-typhoidal Salmonella (iNTS),Number,2017,2114.2896970741303,2818.756103580171,1478.8458703608958
Incidence,Western Europe,Both,All ages,Invasive Non-typhoidal Salmonella (iNTS),Rate,2017,0.48740411694,0.6498037290900001,0.34091617933
Incidence,Western Europe,Both,All ages,Invasive Non-typhoidal Salmonella (iNTS),Number,2018,2210.0739339457305,2963.420310153396,1550.7516693188616
Incidence,Western Europe,Both,All ages,Invasive Non-typhoidal Salmonella (iNTS),Rate,2018,0.50788891188,0.6810126546699999,0.35637250222
Incidence,Western Europe,Both,All ages,Invasive Non-typhoidal Salmonella (iNTS),Number,2019,2265.537025296979,3047.3274160388264,1595.422664589105
Incidence,Western Europe,Both,All ages,Invasive Non-typhoidal Salmonella (iNTS),Rate,2019,0.5193739579100001,0.69859926518,0.36575036055
Incidence,Western Europe,Both,All ages,Invasive Non-typhoidal Salmonella (iNTS),Number,2020,2268.325442635215,3043.910275974037,1589.8553331665669
Incidence,Western Europe,Both,All ages,Invasive Non-typhoidal Salmonella (iNTS),Rate,2020,0.51915210509,0.69666036354,0.36387051323999997
Incidence,Western Europe,Both,All ages,Invasive Non-typhoidal Salmonella (iNTS),Number,2021,2496.404145328539,3397.934805253489,1742.1145362651823
Incidence,Western Europe,Both,All ages,Invasive Non-typhoidal Salmonella (iNTS),Rate,2021,0.57075112919,0.77686745178,0.39829842480000005
Incidence,Western Europe,Both,Age-standardized,Invasive Non-typhoidal Salmonella (iNTS),Rate,1990,0.45871044438,0.6302718695,0.31232230367
Incidence,Western Europe,Both,Age-standardized,Invasive Non-typhoidal Salmonella (iNTS),Rate,1991,0.45601733742,0.6226962793099999,0.31055295041
Incidence,Western Europe,Both,Age-standardized,Invasive Non-typhoidal Salmonella (iNTS),Rate,1992,0.45382424368999996,0.61654156901,0.30828210725
Incidence,Western Europe,Both,Age-standardized,Invasive Non-typhoidal Salmonella (iNTS),Rate,1993,0.45239306437000004,0.61193467806,0.30647137612
Incidence,Western Europe,Both,Age-standardized,Invasive Non-typhoidal Salmonella (iNTS),Rate,1994,0.45097761374,0.60694606105,0.30582164886
Incidence,Western Europe,Both,Age-standardized,Invasive Non-typhoidal Salmonella (iNTS),Rate,1995,0.45007471243999997,0.60185801773,0.30561726767999997
Incidence,Western Europe,Both,Age-standardized,Invasive Non-typhoidal Salmonella (iNTS),Rate,1996,0.44708352637,0.5995605419,0.30361306142
Incidence,Western Europe,Both,Age-standardized,Invasive Non-typhoidal Salmonella (iNTS),Rate,1997,0.44114064784,0.59241817989,0.29933981313
Incidence,Western Europe,Both,Age-standardized,Invasive Non-typhoidal Salmonella (iNTS),Rate,1998,0.43380609901,0.58393509804,0.29398696388
Incidence,Western Europe,Both,Age-standardized,Invasive Non-typhoidal Salmonella (iNTS),Rate,1999,0.42805439707,0.57786049526,0.29024029063
Incidence,Western Europe,Both,Age-standardized,Invasive Non-typhoidal Salmonella (iNTS),Rate,2000,0.42439552670999997,0.57459796229,0.28752748874
Incidence,Western Europe,Both,Age-standardized,Invasive Non-typhoidal Salmonella (iNTS),Rate,2001,0.42369707477999996,0.57126898892,0.28623206205
Incidence,Western Europe,Both,Age-standardized,Invasive Non-typhoidal Salmonella (iNTS),Rate,2002,0.42509443669,0.5728770495600001,0.2864098833
Incidence,Western Europe,Both,Age-standardized,Invasive Non-typhoidal Salmonella (iNTS),Rate,2003,0.42816421304,0.57466313802,0.28865906095
Incidence,Western Europe,Both,Age-standardized,Invasive Non-typhoidal Salmonella (iNTS),Rate,2004,0.43306308168,0.57917432994,0.29168119501
Incidence,Western Europe,Both,Age-standardized,Invasive Non-typhoidal Salmonella (iNTS),Rate,2005,0.43972213325,0.58690368206,0.29730265386
Incidence,Western Europe,Both,Age-standardized,Invasive Non-typhoidal Salmonella (iNTS),Rate,2006,0.44867683637000005,0.5978396156,0.3052688181
Incidence,Western Europe,Both,Age-standardized,Invasive Non-typhoidal Salmonella (iNTS),Rate,2007,0.4599908295,0.61421039285,0.3160035421
Incidence,Western Europe,Both,Age-standardized,Invasive Non-typhoidal Salmonella (iNTS),Rate,2008,0.47233111884,0.62910732594,0.32758889653
Incidence,Western Europe,Both,Age-standardized,Invasive Non-typhoidal Salmonella (iNTS),Rate,2009,0.48436995735,0.642531596,0.33849761401
Incidence,Western Europe,Both,Age-standardized,Invasive Non-typhoidal Salmonella (iNTS),Rate,2010,0.49491947609000003,0.6556180013399999,0.34732376428
Incidence,Western Europe,Both,Age-standardized,Invasive Non-typhoidal Salmonella (iNTS),Rate,2011,0.50446117999,0.6670702733,0.35523736117
Incidence,Western Europe,Both,Age-standardized,Invasive Non-typhoidal Salmonella (iNTS),Rate,2012,0.51464991046,0.68132030174,0.36333581951
Incidence,Western Europe,Both,Age-standardized,Invasive Non-typhoidal Salmonella (iNTS),Rate,2013,0.52559566793,0.6970234079500001,0.37184187124
Incidence,Western Europe,Both,Age-standardized,Invasive Non-typhoidal Salmonella (iNTS),Rate,2014,0.53778203096,0.7143394509800001,0.38088699601
Incidence,Western Europe,Both,Age-standardized,Invasive Non-typhoidal Salmonella (iNTS),Rate,2015,0.5518942321,0.73355140352,0.3916275341
Incidence,Western Europe,Both,Age-standardized,Invasive Non-typhoidal Salmonella (iNTS),Rate,2016,0.5783949078399999,0.76436368052,0.41373136694
Incidence,Western Europe,Both,Age-standardized,Invasive Non-typhoidal Salmonella (iNTS),Rate,2017,0.61790370088,0.81148662026,0.44411607362000005
Incidence,Western Europe,Both,Age-standardized,Invasive Non-typhoidal Salmonella (iNTS),Rate,2018,0.65610859981,0.8592515598900001,0.47363123573
Incidence,Western Europe,Both,Age-standardized,Invasive Non-typhoidal Salmonella (iNTS),Rate,2019,0.67855973088,0.8939591877999999,0.48934873785
Incidence,Western Europe,Both,Age-standardized,Invasive Non-typhoidal Salmonella (iNTS),Rate,2020,0.6791100469,0.89405463963,0.48591221743
Incidence,Western Europe,Both,Age-standardized,Invasive Non-typhoidal Salmonella (iNTS),Rate,2021,0.76009394316,1.0309693381,0.53900495386
Incidence,Australasia,Both,All ages,Invasive Non-typhoidal Salmonella (iNTS),Number,1990,71.73392012207157,105.34096676229488,43.13306322486474
Incidence,Australasia,Both,All ages,Invasive Non-typhoidal Salmonella (iNTS),Rate,1990,0.35378260982,0.5195283079299999,0.21272680555
Incidence,Australasia,Both,All ages,Invasive Non-typhoidal Salmonella (iNTS),Number,1991,72.01496521620304,104.19716132293097,44.47002813344557
Incidence,Australasia,Both,All ages,Invasive Non-typhoidal Salmonella (iNTS),Rate,1991,0.35062736119,0.50731643914,0.21651622784000002
Incidence,Australasia,Both,All ages,Invasive Non-typhoidal Salmonella (iNTS),Number,1992,72.24987391364391,103.40781515217095,44.792814689681705
Incidence,Australasia,Both,All ages,Invasive Non-typhoidal Salmonella (iNTS),Rate,1992,0.34745001503,0.49728871461,0.21540887609
Incidence,Australasia,Both,All ages,Invasive Non-typhoidal Salmonella (iNTS),Number,1993,72.49274000937498,102.85303865269152,46.194724692938166
Incidence,Australasia,Both,All ages,Invasive Non-typhoidal Salmonella (iNTS),Rate,1993,0.34447244143,0.48873911137000003,0.21950901006
Incidence,Australasia,Both,All ages,Invasive Non-typhoidal Salmonella (iNTS),Number,1994,72.78999995734084,103.1205035873222,47.4978282710434
Incidence,Australasia,Both,All ages,Invasive Non-typhoidal Salmonella (iNTS),Rate,1994,0.34186227748000003,0.4843111723,0.22307618845
Incidence,Australasia,Both,All ages,Invasive Non-typhoidal Salmonella (iNTS),Number,1995,73.1989573451891,103.36562512115664,47.86419836592103
Incidence,Australasia,Both,All ages,Invasive Non-typhoidal Salmonella (iNTS),Rate,1995,0.33981312039,0.47985650188999995,0.22220101477
Incidence,Australasia,Both,All ages,Invasive Non-typhoidal Salmonella (iNTS),Number,1996,73.51111940632437,104.3196616499362,49.20654076681699
Incidence,Australasia,Both,All ages,Invasive Non-typhoidal Salmonella (iNTS),Rate,1996,0.33728577051,0.47864238421,0.2257708242
Incidence,Australasia,Both,All ages,Invasive Non-typhoidal Salmonella (iNTS),Number,1997,73.54373000458345,104.77383613583405,48.35299637547371
Incidence,Australasia,Both,All ages,Invasive Non-typhoidal Salmonella (iNTS),Rate,1997,0.33358181461,0.47523624896,0.21932094377000003
Incidence,Australasia,Both,All ages,Invasive Non-typhoidal Salmonella (iNTS),Number,1998,73.44128927308509,105.10594697385756,47.50819472807258
Incidence,Australasia,Both,All ages,Invasive Non-typhoidal Salmonella (iNTS),Rate,1998,0.32953159342,0.47161114037,0.2131696116
Incidence,Australasia,Both,All ages,Invasive Non-typhoidal Salmonella (iNTS),Number,1999,73.4291777281565,105.74480276239376,46.636113726526936
Incidence,Australasia,Both,All ages,Invasive Non-typhoidal Salmonella (iNTS),Rate,1999,0.3260940181,0.46960552594,0.20710783076000003
Incidence,Australasia,Both,All ages,Invasive Non-typhoidal Salmonella (iNTS),Number,2000,73.74425797709277,105.86323448247067,46.62050663738746
Incidence,Australasia,Both,All ages,Invasive Non-typhoidal Salmonella (iNTS),Rate,2000,0.32416391567999997,0.46535203631999994,0.20493373175
Incidence,Australasia,Both,All ages,Invasive Non-typhoidal Salmonella (iNTS),Number,2001,74.25794456468329,106.78275506755656,46.93184988756546
Incidence,Australasia,Both,All ages,Invasive Non-typhoidal Salmonella (iNTS),Rate,2001,0.32303781126,0.46452763645999995,0.20416350270000003
Incidence,Australasia,Both,All ages,Invasive Non-typhoidal Salmonella (iNTS),Number,2002,74.83010067911795,107.95235279818776,47.410188422351766
Incidence,Australasia,Both,All ages,Invasive Non-typhoidal Salmonella (iNTS),Rate,2002,0.32163746267000004,0.46400473243,0.20378019768
Incidence,Australasia,Both,All ages,Invasive Non-typhoidal Salmonella (iNTS),Number,2003,75.5333792595066,108.40761309219008,48.09327821391625
Incidence,Australasia,Both,All ages,Invasive Non-typhoidal Salmonella (iNTS),Rate,2003,0.32022345744,0.45959363950000004,0.20389125947
Incidence,Australasia,Both,All ages,Invasive Non-typhoidal Salmonella (iNTS),Number,2004,76.265699602894,109.69007408565656,48.81225044558266
Incidence,Australasia,Both,All ages,Invasive Non-typhoidal Salmonella (iNTS),Rate,2004,0.31899530693,0.45879889692,0.20416620963
Incidence,Australasia,Both,All ages,Invasive Non-typhoidal Salmonella (iNTS),Number,2005,77.06300890823466,112.38779029844235,49.56626835186312
Incidence,Australasia,Both,All ages,Invasive Non-typhoidal Salmonella (iNTS),Rate,2005,0.31817138837,0.46401742914000005,0.20464511627
Incidence,Australasia,Both,All ages,Invasive Non-typhoidal Salmonella (iNTS),Number,2006,78.0183546426932,112.3709072197844,50.36695394130288
Incidence,Australasia,Both,All ages,Invasive Non-typhoidal Salmonella (iNTS),Rate,2006,0.31784667633999997,0.4577989313,0.20519490549000002
Incidence,Australasia,Both,All ages,Invasive Non-typhoidal Salmonella (iNTS),Number,2007,79.11375606712511,113.64364853177504,50.49886244470056
Incidence,Australasia,Both,All ages,Invasive Non-typhoidal Salmonella (iNTS),Rate,2007,0.31785738617000003,0.45658902918,0.20289058717
Incidence,Australasia,Both,All ages,Invasive Non-typhoidal Salmonella (iNTS),Number,2008,80.2914195119215,114.82528331816177,50.98646009662056
Incidence,Australasia,Both,All ages,Invasive Non-typhoidal Salmonella (iNTS),Rate,2008,0.31806101634,0.45486113629999997,0.20197432573000001
Incidence,Australasia,Both,All ages,Invasive Non-typhoidal Salmonella (iNTS),Number,2009,81.56017584493927,116.72260993940776,51.33295388904718
Incidence,Australasia,Both,All ages,Invasive Non-typhoidal Salmonella (iNTS),Rate,2009,0.31850507189,0.4558198028,0.20046310591
Incidence,Australasia,Both,All ages,Invasive Non-typhoidal Salmonella (iNTS),Number,2010,82.93609996887355,118.71983435691853,52.16704885955606
Incidence,Australasia,Both,All ages,Invasive Non-typhoidal Salmonella (iNTS),Rate,2010,0.31927762307,0.45703362635,0.20082655645
Incidence,Australasia,Both,All ages,Invasive Non-typhoidal Salmonella (iNTS),Number,2011,84.639287269793,120.18031382320568,52.49408730447131
Incidence,Australasia,Both,All ages,Invasive Non-typhoidal Salmonella (iNTS),Rate,2011,0.32133550403,0.45626804009,0.19929532191
Incidence,Australasia,Both,All ages,Invasive Non-typhoidal Salmonella (iNTS),Number,2012,86.7859997773498,125.49830297652188,53.75760175614229
Incidence,Australasia,Both,All ages,Invasive Non-typhoidal Salmonella (iNTS),Rate,2012,0.32504753142,0.47004025630999996,0.20134325572
Incidence,Australasia,Both,All ages,Invasive Non-typhoidal Salmonella (iNTS),Number,2013,89.2379241093635,129.38071778520674,54.41721461400112
Incidence,Australasia,Both,All ages,Invasive Non-typhoidal Salmonella (iNTS),Rate,2013,0.32962687429,0.47790624918999997,0.20100620381
Incidence,Australasia,Both,All ages,Invasive Non-typhoidal Salmonella (iNTS),Number,2014,91.90366611955166,134.133780047401,55.45720040984028
Incidence,Australasia,Both,All ages,Invasive Non-typhoidal Salmonella (iNTS),Rate,2014,0.33448268498,0.48817885936,0.20183605375
Incidence,Australasia,Both,All ages,Invasive Non-typhoidal Salmonella (iNTS),Number,2015,94.6404931896476,136.70655107497512,56.69457553362865
Incidence,Australasia,Both,All ages,Invasive Non-typhoidal Salmonella (iNTS),Rate,2015,0.33897828629,0.4896482557,0.20306561609
Incidence,Australasia,Both,All ages,Invasive Non-typhoidal Salmonella (iNTS),Number,2016,98.03588367808558,144.62265301577742,60.18081354121611
Incidence,Australasia,Both,All ages,Invasive Non-typhoidal Salmonella (iNTS),Rate,2016,0.34521924177,0.50926783892,0.21191806551
Incidence,Australasia,Both,All ages,Invasive Non-typhoidal Salmonella (iNTS),Number,2017,102.20969703738484,149.58482608338466,63.1606635874704
Incidence,Australasia,Both,All ages,Invasive Non-typhoidal Salmonella (iNTS),Rate,2017,0.35362142849,0.51752819364,0.218520989
Incidence,Australasia,Both,All ages,Invasive Non-typhoidal Salmonella (iNTS),Number,2018,106.2112969279377,157.29975926901665,67.3379912272955
Incidence,Australasia,Both,All ages,Invasive Non-typhoidal Salmonella (iNTS),Rate,2018,0.36104411227,0.53470914666,0.22890206568000002
Incidence,Australasia,Both,All ages,Invasive Non-typhoidal Salmonella (iNTS),Number,2019,109.115891917099,164.1286344468713,66.53901347066778
Incidence,Australasia,Both,All ages,Invasive Non-typhoidal Salmonella (iNTS),Rate,2019,0.36455665109,0.54835445387,0.22230712219
Incidence,Australasia,Both,All ages,Invasive Non-typhoidal Salmonella (iNTS),Number,2020,111.20694901809192,166.91963542528873,68.08105555368644
Incidence,Australasia,Both,All ages,Invasive Non-typhoidal Salmonella (iNTS),Rate,2020,0.36505817422,0.54794577036,0.22348914396999997
Incidence,Australasia,Both,All ages,Invasive Non-typhoidal Salmonella (iNTS),Number,2021,119.84860104686976,175.09741835444106,74.18199472704877
Incidence,Australasia,Both,All ages,Invasive Non-typhoidal Salmonella (iNTS),Rate,2021,0.38708963093000004,0.56553346853,0.23959462780000002
Incidence,Australasia,Both,Age-standardized,Invasive Non-typhoidal Salmonella (iNTS),Rate,1990,0.37118044505000003,0.53929855065,0.22720704498
Incidence,Australasia,Both,Age-standardized,Invasive Non-typhoidal Salmonella (iNTS),Rate,1991,0.36767608601,0.5287840027199999,0.22671134482000002
Incidence,Australasia,Both,Age-standardized,Invasive Non-typhoidal Salmonella (iNTS),Rate,1992,0.36409907129,0.51509157654,0.22812308871
Incidence,Australasia,Both,Age-standardized,Invasive Non-typhoidal Salmonella (iNTS),Rate,1993,0.36073800637000003,0.50426333995,0.22847684871
Incidence,Australasia,Both,Age-standardized,Invasive Non-typhoidal Salmonella (iNTS),Rate,1994,0.35780432825,0.49672299814000004,0.23110641110000002
Incidence,Australasia,Both,Age-standardized,Invasive Non-typhoidal Salmonella (iNTS),Rate,1995,0.35556626142,0.49517145851,0.23291485952000002
Incidence,Australasia,Both,Age-standardized,Invasive Non-typhoidal Salmonella (iNTS),Rate,1996,0.3527473545,0.49063426358,0.22974576746
Incidence,Australasia,Both,Age-standardized,Invasive Non-typhoidal Salmonella (iNTS),Rate,1997,0.34852860288,0.48946317211999996,0.22564388659
Incidence,Australasia,Both,Age-standardized,Invasive Non-typhoidal Salmonella (iNTS),Rate,1998,0.34393296018,0.48787009685,0.22114669674999998
Incidence,Australasia,Both,Age-standardized,Invasive Non-typhoidal Salmonella (iNTS),Rate,1999,0.34007925848,0.48654108974000004,0.21739577383
Incidence,Australasia,Both,Age-standardized,Invasive Non-typhoidal Salmonella (iNTS),Rate,2000,0.33808327261,0.48663278422,0.21392603088
Incidence,Australasia,Both,Age-standardized,Invasive Non-typhoidal Salmonella (iNTS),Rate,2001,0.33713058924,0.48247742340000005,0.21110340545999998
Incidence,Australasia,Both,Age-standardized,Invasive Non-typhoidal Salmonella (iNTS),Rate,2002,0.33592284944,0.48076325547000004,0.21207859395
Incidence,Australasia,Both,Age-standardized,Invasive Non-typhoidal Salmonella (iNTS),Rate,2003,0.33470540792,0.47997280836000006,0.21160555854
Incidence,Australasia,Both,Age-standardized,Invasive Non-typhoidal Salmonella (iNTS),Rate,2004,0.33355596886,0.47807397882,0.21206898548
Incidence,Australasia,Both,Age-standardized,Invasive Non-typhoidal Salmonella (iNTS),Rate,2005,0.33262367153,0.47844274245,0.20980439598
Incidence,Australasia,Both,Age-standardized,Invasive Non-typhoidal Salmonella (iNTS),Rate,2006,0.33181256179,0.47467141031,0.20842259849000003
Incidence,Australasia,Both,Age-standardized,Invasive Non-typhoidal Salmonella (iNTS),Rate,2007,0.33101071856000003,0.47150556673,0.20825482453
Incidence,Australasia,Both,Age-standardized,Invasive Non-typhoidal Salmonella (iNTS),Rate,2008,0.33041997908000004,0.46877667798999995,0.20289112847
Incidence,Australasia,Both,Age-standardized,Invasive Non-typhoidal Salmonella (iNTS),Rate,2009,0.33027728447,0.47294787201,0.19977014609000002
Incidence,Australasia,Both,Age-standardized,Invasive Non-typhoidal Salmonella (iNTS),Rate,2010,0.33078947833,0.47800476008,0.19780786629000002
Incidence,Australasia,Both,Age-standardized,Invasive Non-typhoidal Salmonella (iNTS),Rate,2011,0.33308022986,0.47697683396,0.19919753913
Incidence,Australasia,Both,Age-standardized,Invasive Non-typhoidal Salmonella (iNTS),Rate,2012,0.33752535393,0.48333317954,0.20247023858000002
Incidence,Australasia,Both,Age-standardized,Invasive Non-typhoidal Salmonella (iNTS),Rate,2013,0.34324750835,0.49555436,0.2022985122
Incidence,Australasia,Both,Age-standardized,Invasive Non-typhoidal Salmonella (iNTS),Rate,2014,0.34946637571,0.5048775024900001,0.20254044814
Incidence,Australasia,Both,Age-standardized,Invasive Non-typhoidal Salmonella (iNTS),Rate,2015,0.35533761228,0.51681768468,0.20041842887
Incidence,Australasia,Both,Age-standardized,Invasive Non-typhoidal Salmonella (iNTS),Rate,2016,0.36352250739,0.53508282042,0.21267477592000003
Incidence,Australasia,Both,Age-standardized,Invasive Non-typhoidal Salmonella (iNTS),Rate,2017,0.37460226691,0.5520263733,0.22437568495
Incidence,Australasia,Both,Age-standardized,Invasive Non-typhoidal Salmonella (iNTS),Rate,2018,0.38455179338,0.56865725682,0.23143453097
Incidence,Australasia,Both,Age-standardized,Invasive Non-typhoidal Salmonella (iNTS),Rate,2019,0.38949474749,0.57978228977,0.23922749437000002
Incidence,Australasia,Both,Age-standardized,Invasive Non-typhoidal Salmonella (iNTS),Rate,2020,0.39066253844,0.5783006711900001,0.24305554005
Incidence,Australasia,Both,Age-standardized,Invasive Non-typhoidal Salmonella (iNTS),Rate,2021,0.42118359557,0.6213911343899999,0.24736659776
Incidence,Caribbean,Both,All ages,Invasive Non-typhoidal Salmonella (iNTS),Number,1990,165.99479208865682,234.6847473312409,111.76120937696535
Incidence,Caribbean,Both,All ages,Invasive Non-typhoidal Salmonella (iNTS),Rate,1990,0.47033983090000003,0.66497016555,0.31667106937
Incidence,Caribbean,Both,All ages,Invasive Non-typhoidal Salmonella (iNTS),Number,1991,165.95376054427413,234.06842931195396,112.00008695507722
Incidence,Caribbean,Both,All ages,Invasive Non-typhoidal Salmonella (iNTS),Rate,1991,0.46385118435999995,0.65423596188,0.31304727781999997
Incidence,Caribbean,Both,All ages,Invasive Non-typhoidal Salmonella (iNTS),Number,1992,166.08949251736743,236.1274134864894,112.78739664982498
Incidence,Caribbean,Both,All ages,Invasive Non-typhoidal Salmonella (iNTS),Rate,1992,0.45801575838,0.6511554386899999,0.31102753237999997
Incidence,Caribbean,Both,All ages,Invasive Non-typhoidal Salmonella (iNTS),Number,1993,166.46274511832257,237.18054919299567,113.33709056411293
Incidence,Caribbean,Both,All ages,Invasive Non-typhoidal Salmonella (iNTS),Rate,1993,0.45301782235,0.64547184911,0.30843971678
Incidence,Caribbean,Both,All ages,Invasive Non-typhoidal Salmonella (iNTS),Number,1994,167.1750048481663,237.4570104166,114.13727879106064
Incidence,Caribbean,Both,All ages,Invasive Non-typhoidal Salmonella (iNTS),Rate,1994,0.44904833119000004,0.63783263744,0.30658383778
Incidence,Caribbean,Both,All ages,Invasive Non-typhoidal Salmonella (iNTS),Number,1995,168.33189341301934,239.7502491358086,113.36417214151828
Incidence,Caribbean,Both,All ages,Invasive Non-typhoidal Salmonella (iNTS),Rate,1995,0.44629331143,0.63564266066,0.30055903701
Incidence,Caribbean,Both,All ages,Invasive Non-typhoidal Salmonella (iNTS),Number,1996,170.05815158019803,239.22918646495415,115.95210054911904
Incidence,Caribbean,Both,All ages,Invasive Non-typhoidal Salmonella (iNTS),Rate,1996,0.4450520957,0.62607672611,0.30345340621
Incidence,Caribbean,Both,All ages,Invasive Non-typhoidal Salmonella (iNTS),Number,1997,172.2238085096544,241.4342773773616,117.90061392041603
Incidence,Caribbean,Both,All ages,Invasive Non-typhoidal Salmonella (iNTS),Rate,1997,0.44494203077,0.62374800908,0.30459748302
Incidence,Caribbean,Both,All ages,Invasive Non-typhoidal Salmonella (iNTS),Number,1998,174.50073858981787,243.65560568347576,119.01785571185276
Incidence,Caribbean,Both,All ages,Invasive Non-typhoidal Salmonella (iNTS),Rate,1998,0.44515949400999993,0.62157677391,0.30362008124
Incidence,Caribbean,Both,All ages,Invasive Non-typhoidal Salmonella (iNTS),Number,1999,176.55184617743754,244.76330597258143,119.73973010387004
Incidence,Caribbean,Both,All ages,Invasive Non-typhoidal Salmonella (iNTS),Rate,1999,0.44494252316,0.6168477152499999,0.30176573504
Incidence,Caribbean,Both,All ages,Invasive Non-typhoidal Salmonella (iNTS),Number,2000,178.09775024692027,246.29873944140363,120.15817480548849
Incidence,Caribbean,Both,All ages,Invasive Non-typhoidal Salmonella (iNTS),Rate,2000,0.44363205488,0.61351710363,0.29930764383999997
Incidence,Caribbean,Both,All ages,Invasive Non-typhoidal Salmonella (iNTS),Number,2001,179.1551934065515,247.4420295725156,119.94016631608838
Incidence,Caribbean,Both,All ages,Invasive Non-typhoidal Salmonella (iNTS),Rate,2001,0.44131572994,0.60952773861,0.29545044740000004
Incidence,Caribbean,Both,All ages,Invasive Non-typhoidal Salmonella (iNTS),Number,2002,179.96088286667936,248.79555988390123,120.9370428253087
Incidence,Caribbean,Both,All ages,Invasive Non-typhoidal Salmonella (iNTS),Rate,2002,0.43859527293000006,0.60635708579,0.29474413806
Incidence,Caribbean,Both,All ages,Invasive Non-typhoidal Salmonella (iNTS),Number,2003,180.54861067522407,250.36136003009432,120.92705685702968
Incidence,Caribbean,Both,All ages,Invasive Non-typhoidal Salmonella (iNTS),Rate,2003,0.43563432105,0.60408108756,0.29177724555
Incidence,Caribbean,Both,All ages,Invasive Non-typhoidal Salmonella (iNTS),Number,2004,180.9499488160896,251.53524048064736,121.16943439024854
Incidence,Caribbean,Both,All ages,Invasive Non-typhoidal Salmonella (iNTS),Rate,2004,0.43260630711000003,0.6013581778,0.28968597057
Incidence,Caribbean,Both,All ages,Invasive Non-typhoidal Salmonella (iNTS),Number,2005,181.2977709520089,253.12222836305773,120.55327871036276
Incidence,Caribbean,Both,All ages,Invasive Non-typhoidal Salmonella (iNTS),Rate,2005,0.42973158121000005,0.59997767685,0.28574841714
Incidence,Caribbean,Both,All ages,Invasive Non-typhoidal Salmonella (iNTS),Number,2006,181.29438636464005,253.4316723895284,119.42471398216716
Incidence,Caribbean,Both,All ages,Invasive Non-typhoidal Salmonella (iNTS),Rate,2006,0.42608174214999994,0.5956202541700001,0.28067438385
Incidence,Caribbean,Both,All ages,Invasive Non-typhoidal Salmonella (iNTS),Number,2007,180.8468094947043,255.4737935509308,119.67123402255793
Incidence,Caribbean,Both,All ages,Invasive Non-typhoidal Salmonella (iNTS),Rate,2007,0.42141076922000004,0.59530720037,0.27885892444
Incidence,Caribbean,Both,All ages,Invasive Non-typhoidal Salmonella (iNTS),Number,2008,180.4102427378368,257.8839944961802,119.17668246728236
Incidence,Caribbean,Both,All ages,Invasive Non-typhoidal Salmonella (iNTS),Rate,2008,0.41684333032,0.59584878037,0.2753613346
Incidence,Caribbean,Both,All ages,Invasive Non-typhoidal Salmonella (iNTS),Number,2009,180.3906861397037,259.9230893586764,119.75015445652328
Incidence,Caribbean,Both,All ages,Invasive Non-typhoidal Salmonella (iNTS),Rate,2009,0.41331287793000004,0.59553828638,0.27437270754
Incidence,Caribbean,Both,All ages,Invasive Non-typhoidal Salmonella (iNTS),Number,2010,180.80323599445416,263.4185408154016,121.57912632801116
Incidence,Caribbean,Both,All ages,Invasive Non-typhoidal Salmonella (iNTS),Rate,2010,0.41186665593,0.60006289665,0.27695515468
Incidence,Caribbean,Both,All ages,Invasive Non-typhoidal Salmonella (iNTS),Number,2011,182.40545439518337,263.5098427448444,123.36326323847902
Incidence,Caribbean,Both,All ages,Invasive Non-typhoidal Salmonella (iNTS),Rate,2011,0.41316591229,0.59687515889,0.27942966599999997
Incidence,Caribbean,Both,All ages,Invasive Non-typhoidal Salmonella (iNTS),Number,2012,185.38063096817712,268.2072876083854,125.39990524734208
Incidence,Caribbean,Both,All ages,Invasive Non-typhoidal Salmonella (iNTS),Rate,2012,0.41650646705000005,0.6025983902200001,0.28174395151000003
Incidence,Caribbean,Both,All ages,Invasive Non-typhoidal Salmonella (iNTS),Number,2013,188.86487066921384,272.835802969676,127.18433598805798
Incidence,Caribbean,Both,All ages,Invasive Non-typhoidal Salmonella (iNTS),Rate,2013,0.42093172914,0.6080815659800001,0.28346151551
Incidence,Caribbean,Both,All ages,Invasive Non-typhoidal Salmonella (iNTS),Number,2014,192.3552895784479,276.6635099166772,128.21809355017243
Incidence,Caribbean,Both,All ages,Invasive Non-typhoidal Salmonella (iNTS),Rate,2014,0.42533546471,0.61175755976,0.28351548078
Incidence,Caribbean,Both,All ages,Invasive Non-typhoidal Salmonella (iNTS),Number,2015,195.3482093576249,282.5932799023485,128.8416955256771
Incidence,Caribbean,Both,All ages,Invasive Non-typhoidal Salmonella (iNTS),Rate,2015,0.4286144443,0.6200392725699999,0.28269218291000003
Incidence,Caribbean,Both,All ages,Invasive Non-typhoidal Salmonella (iNTS),Number,2016,198.296794786078,282.3099219358264,131.19185806031103
Incidence,Caribbean,Both,All ages,Invasive Non-typhoidal Salmonella (iNTS),Rate,2016,0.43179863116,0.6147403339799999,0.28567514059000004
Incidence,Caribbean,Both,All ages,Invasive Non-typhoidal Salmonella (iNTS),Number,2017,201.2000290427181,284.74604129960835,132.8473248246584
Incidence,Caribbean,Both,All ages,Invasive Non-typhoidal Salmonella (iNTS),Rate,2017,0.43532168201000004,0.6160840345499999,0.2874319709
Incidence,Caribbean,Both,All ages,Invasive Non-typhoidal Salmonella (iNTS),Number,2018,203.8746317213821,286.9829885574585,132.9968105070967
Incidence,Caribbean,Both,All ages,Invasive Non-typhoidal Salmonella (iNTS),Rate,2018,0.43812081175000006,0.61671831774,0.28580638054999996
Incidence,Caribbean,Both,All ages,Invasive Non-typhoidal Salmonella (iNTS),Number,2019,205.91408652423533,287.99152729665434,133.17719758185964
Incidence,Caribbean,Both,All ages,Invasive Non-typhoidal Salmonella (iNTS),Rate,2019,0.43913422239999994,0.61417330661,0.28401488256
Incidence,Caribbean,Both,All ages,Invasive Non-typhoidal Salmonella (iNTS),Number,2020,208.285800115962,294.6942472114996,137.98598848670497
Incidence,Caribbean,Both,All ages,Invasive Non-typhoidal Salmonella (iNTS),Rate,2020,0.44124069786,0.62429169547,0.2923148569
Incidence,Caribbean,Both,All ages,Invasive Non-typhoidal Salmonella (iNTS),Number,2021,217.47086453134156,304.8146340930109,141.16993035847588
Incidence,Caribbean,Both,All ages,Invasive Non-typhoidal Salmonella (iNTS),Rate,2021,0.45823168703,0.6422732733100001,0.29745839971
Incidence,Caribbean,Both,Age-standardized,Invasive Non-typhoidal Salmonella (iNTS),Rate,1990,0.46374018449,0.6539088934599999,0.31825400934
Incidence,Caribbean,Both,Age-standardized,Invasive Non-typhoidal Salmonella (iNTS),Rate,1991,0.45777663214000003,0.6402026535199999,0.31524687991
Incidence,Caribbean,Both,Age-standardized,Invasive Non-typhoidal Salmonella (iNTS),Rate,1992,0.45253888127,0.63253985885,0.31186137231
Incidence,Caribbean,Both,Age-standardized,Invasive Non-typhoidal Salmonella (iNTS),Rate,1993,0.44818892960000006,0.62457884845,0.30903670182
Incidence,Caribbean,Both,Age-standardized,Invasive Non-typhoidal Salmonella (iNTS),Rate,1994,0.44488884208,0.6247873837,0.307448604
Incidence,Caribbean,Both,Age-standardized,Invasive Non-typhoidal Salmonella (iNTS),Rate,1995,0.44281538621999994,0.6272216724799999,0.304750158
Incidence,Caribbean,Both,Age-standardized,Invasive Non-typhoidal Salmonella (iNTS),Rate,1996,0.44219606319,0.62433551296,0.30438515868
Incidence,Caribbean,Both,Age-standardized,Invasive Non-typhoidal Salmonella (iNTS),Rate,1997,0.44268433443,0.62273971468,0.30499276297
Incidence,Caribbean,Both,Age-standardized,Invasive Non-typhoidal Salmonella (iNTS),Rate,1998,0.44356576101999995,0.62108968711,0.30521879788
Incidence,Caribbean,Both,Age-standardized,Invasive Non-typhoidal Salmonella (iNTS),Rate,1999,0.44411786997999997,0.6166840671,0.30252681289
Incidence,Caribbean,Both,Age-standardized,Invasive Non-typhoidal Salmonella (iNTS),Rate,2000,0.44366948586,0.6110939319600001,0.30135472842
Incidence,Caribbean,Both,Age-standardized,Invasive Non-typhoidal Salmonella (iNTS),Rate,2001,0.44223267645000003,0.61047242797,0.29882016478
Incidence,Caribbean,Both,Age-standardized,Invasive Non-typhoidal Salmonella (iNTS),Rate,2002,0.44038078147,0.60819379699,0.29726740665
Incidence,Caribbean,Both,Age-standardized,Invasive Non-typhoidal Salmonella (iNTS),Rate,2003,0.43827483981,0.60732186349,0.29568527428999997
Incidence,Caribbean,Both,Age-standardized,Invasive Non-typhoidal Salmonella (iNTS),Rate,2004,0.43609501516000004,0.60599314257,0.29410072675
Incidence,Caribbean,Both,Age-standardized,Invasive Non-typhoidal Salmonella (iNTS),Rate,2005,0.43403205654,0.6045261416000001,0.28987783803
Incidence,Caribbean,Both,Age-standardized,Invasive Non-typhoidal Salmonella (iNTS),Rate,2006,0.43106405105999995,0.60030018356,0.28641299600000003
Incidence,Caribbean,Both,Age-standardized,Invasive Non-typhoidal Salmonella (iNTS),Rate,2007,0.42691668051000004,0.59683171793,0.28527113117
Incidence,Caribbean,Both,Age-standardized,Invasive Non-typhoidal Salmonella (iNTS),Rate,2008,0.42271948184999997,0.59733663037,0.28201710234
Incidence,Caribbean,Both,Age-standardized,Invasive Non-typhoidal Salmonella (iNTS),Rate,2009,0.41945604135000003,0.59802293451,0.27956946657000004
Incidence,Caribbean,Both,Age-standardized,Invasive Non-typhoidal Salmonella (iNTS),Rate,2010,0.41843374289,0.60176636466,0.28074824993999997
Incidence,Caribbean,Both,Age-standardized,Invasive Non-typhoidal Salmonella (iNTS),Rate,2011,0.4201854301,0.6034254355800001,0.28358125941
Incidence,Caribbean,Both,Age-standardized,Invasive Non-typhoidal Salmonella (iNTS),Rate,2012,0.42383004563,0.60332760123,0.28694761394
Incidence,Caribbean,Both,Age-standardized,Invasive Non-typhoidal Salmonella (iNTS),Rate,2013,0.42854610363,0.61276949284,0.28662286065000003
Incidence,Caribbean,Both,Age-standardized,Invasive Non-typhoidal Salmonella (iNTS),Rate,2014,0.43318852825,0.6259970257299999,0.2877449463
Incidence,Caribbean,Both,Age-standardized,Invasive Non-typhoidal Salmonella (iNTS),Rate,2015,0.43659588313000003,0.6367507676099999,0.28791183273000004
Incidence,Caribbean,Both,Age-standardized,Invasive Non-typhoidal Salmonella (iNTS),Rate,2016,0.43974916636,0.6334141196799999,0.28772135587
Incidence,Caribbean,Both,Age-standardized,Invasive Non-typhoidal Salmonella (iNTS),Rate,2017,0.44310394592,0.63130546356,0.28829753307
Incidence,Caribbean,Both,Age-standardized,Invasive Non-typhoidal Salmonella (iNTS),Rate,2018,0.44567902863000003,0.62832963397,0.28947206835
Incidence,Caribbean,Both,Age-standardized,Invasive Non-typhoidal Salmonella (iNTS),Rate,2019,0.44653277091,0.61993929202,0.28785565261
Incidence,Caribbean,Both,Age-standardized,Invasive Non-typhoidal Salmonella (iNTS),Rate,2020,0.44887034504,0.64136112889,0.29329452919
Incidence,Caribbean,Both,Age-standardized,Invasive Non-typhoidal Salmonella (iNTS),Rate,2021,0.46585584441,0.65955355814,0.29956329219
Incidence,Southern Latin America,Both,All ages,Invasive Non-typhoidal Salmonella (iNTS),Number,1990,245.39949081194865,340.8658622299676,168.12470184482717
Incidence,Southern Latin America,Both,All ages,Invasive Non-typhoidal Salmonella (iNTS),Rate,1990,0.4953721835,0.68808401312,0.33938253245
Incidence,Southern Latin America,Both,All ages,Invasive Non-typhoidal Salmonella (iNTS),Number,1991,241.6148447843511,334.3942101013329,165.68969180213588
Incidence,Southern Latin America,Both,All ages,Invasive Non-typhoidal Salmonella (iNTS),Rate,1991,0.48160912672,0.66654556615,0.33026806712
Incidence,Southern Latin America,Both,All ages,Invasive Non-typhoidal Salmonella (iNTS),Number,1992,238.2226602998169,327.1860037722415,163.85815099138387
Incidence,Southern Latin America,Both,All ages,Invasive Non-typhoidal Salmonella (iNTS),Rate,1992,0.46915457960000007,0.6443585671400001,0.32270146696
Incidence,Southern Latin America,Both,All ages,Invasive Non-typhoidal Salmonella (iNTS),Number,1993,235.6152017905498,324.3020552120614,162.27899089665556
Incidence,Southern Latin America,Both,All ages,Invasive Non-typhoidal Salmonella (iNTS),Rate,1993,0.45872491856,0.63139149229,0.31594488096
Incidence,Southern Latin America,Both,All ages,Invasive Non-typhoidal Salmonella (iNTS),Number,1994,234.20943716675356,325.0504271940088,160.22991753951953
Incidence,Southern Latin America,Both,All ages,Invasive Non-typhoidal Salmonella (iNTS),Rate,1994,0.45097803819,0.62589537698,0.30852801981
Incidence,Southern Latin America,Both,All ages,Invasive Non-typhoidal Salmonella (iNTS),Number,1995,234.4165190155446,325.72115204715925,162.06317155111395
Incidence,Southern Latin America,Both,All ages,Invasive Non-typhoidal Salmonella (iNTS),Rate,1995,0.44657026756999996,0.6205082416300001,0.30873504217
Incidence,Southern Latin America,Both,All ages,Invasive Non-typhoidal Salmonella (iNTS),Number,1996,235.95118685985443,328.103190524585,164.00291677271676
Incidence,Southern Latin America,Both,All ages,Invasive Non-typhoidal Salmonella (iNTS),Rate,1996,0.44480818419,0.61853041024,0.30917343787
Incidence,Southern Latin America,Both,All ages,Invasive Non-typhoidal Salmonella (iNTS),Number,1997,238.05499770728431,329.9114763099502,166.26010725931124
Incidence,Southern Latin America,Both,All ages,Invasive Non-typhoidal Salmonella (iNTS),Rate,1997,0.44414485474,0.61552366526,0.31019542499999997
Incidence,Southern Latin America,Both,All ages,Invasive Non-typhoidal Salmonella (iNTS),Number,1998,240.4061492500417,331.151608727748,169.871080063183
Incidence,Southern Latin America,Both,All ages,Invasive Non-typhoidal Salmonella (iNTS),Rate,1998,0.44397315644,0.61155850399,0.31371160778999996
Incidence,Southern Latin America,Both,All ages,Invasive Non-typhoidal Salmonella (iNTS),Number,1999,242.67849651805952,332.1260299883995,171.23982421848575
Incidence,Southern Latin America,Both,All ages,Invasive Non-typhoidal Salmonella (iNTS),Rate,1999,0.44370133673000006,0.6072427742200001,0.31308640855000003
Incidence,Southern Latin America,Both,All ages,Invasive Non-typhoidal Salmonella (iNTS),Number,2000,244.60707887303383,332.84537421063635,173.44670087508422
Incidence,Southern Latin America,Both,All ages,Invasive Non-typhoidal Salmonella (iNTS),Rate,2000,0.44280239086999995,0.6025366402800001,0.31398361074000003
Incidence,Southern Latin America,Both,All ages,Invasive Non-typhoidal Salmonella (iNTS),Number,2001,246.1036104401144,337.59201375079454,173.8420922654686
Incidence,Southern Latin America,Both,All ages,Invasive Non-typhoidal Salmonella (iNTS),Rate,2001,0.44111210195,0.60509442556,0.31159173403
Incidence,Southern Latin America,Both,All ages,Invasive Non-typhoidal Salmonella (iNTS),Number,2002,247.36877401304795,340.98682246561845,173.22270214878804
Incidence,Southern Latin America,Both,All ages,Invasive Non-typhoidal Salmonella (iNTS),Rate,2002,0.43899889459999997,0.6051403971,0.30741379977
Incidence,Southern Latin America,Both,All ages,Invasive Non-typhoidal Salmonella (iNTS),Number,2003,248.6335946709493,343.1883535473452,172.85056990951648
Incidence,Southern Latin America,Both,All ages,Invasive Non-typhoidal Salmonella (iNTS),Rate,2003,0.43682327651,0.60294611939,0.30368041131
Incidence,Southern Latin America,Both,All ages,Invasive Non-typhoidal Salmonella (iNTS),Number,2004,250.0466596202187,342.7495052428173,172.24475123116756
Incidence,Southern Latin America,Both,All ages,Invasive Non-typhoidal Salmonella (iNTS),Rate,2004,0.43482455822000005,0.59603236622,0.29952908779
Incidence,Southern Latin America,Both,All ages,Invasive Non-typhoidal Salmonella (iNTS),Number,2005,251.63843043327796,344.47411342064345,172.61521206249083
Incidence,Southern Latin America,Both,All ages,Invasive Non-typhoidal Salmonella (iNTS),Rate,2005,0.43312588812,0.59291681344,0.29710929646
Incidence,Southern Latin America,Both,All ages,Invasive Non-typhoidal Salmonella (iNTS),Number,2006,253.1719430558105,350.12191766779944,174.9344323324642
Incidence,Southern Latin America,Both,All ages,Invasive Non-typhoidal Salmonella (iNTS),Rate,2006,0.43134936133,0.5965308151900001,0.29804983424000003
Incidence,Southern Latin America,Both,All ages,Invasive Non-typhoidal Salmonella (iNTS),Number,2007,254.6112226771469,355.72231910780783,175.82117173028843
Incidence,Southern Latin America,Both,All ages,Invasive Non-typhoidal Salmonella (iNTS),Rate,2007,0.42936667084,0.59987657376,0.29649812909
Incidence,Southern Latin America,Both,All ages,Invasive Non-typhoidal Salmonella (iNTS),Number,2008,256.2578326053142,359.9195382341203,176.8644925253595
Incidence,Southern Latin America,Both,All ages,Invasive Non-typhoidal Salmonella (iNTS),Rate,2008,0.42759482317,0.60056596024,0.29511816532
Incidence,Southern Latin America,Both,All ages,Invasive Non-typhoidal Salmonella (iNTS),Number,2009,258.3079389675692,362.5645477196603,177.30241487850492
Incidence,Southern Latin America,Both,All ages,Invasive Non-typhoidal Salmonella (iNTS),Rate,2009,0.42638619216,0.5984814773,0.29267122738
Incidence,Southern Latin America,Both,All ages,Invasive Non-typhoidal Salmonella (iNTS),Number,2010,260.9294590500443,367.63043739258455,179.68227651547502
Incidence,Southern Latin America,Both,All ages,Invasive Non-typhoidal Salmonella (iNTS),Rate,2010,0.42613871166,0.6003981364500001,0.29344932574
Incidence,Southern Latin America,Both,All ages,Invasive Non-typhoidal Salmonella (iNTS),Number,2011,265.15145637562296,375.82762391819824,182.6353497543232
Incidence,Southern Latin America,Both,All ages,Invasive Non-typhoidal Salmonella (iNTS),Rate,2011,0.42854357383999997,0.60742081263,0.29517924044
Incidence,Southern Latin America,Both,All ages,Invasive Non-typhoidal Salmonella (iNTS),Number,2012,271.3314070667188,386.2945103184926,187.18329066579707
Incidence,Southern Latin America,Both,All ages,Invasive Non-typhoidal Salmonella (iNTS),Rate,2012,0.43406300889,0.6179754834900001,0.29944687656999996
Incidence,Southern Latin America,Both,All ages,Invasive Non-typhoidal Salmonella (iNTS),Number,2013,278.68606440114746,394.0070378267972,191.07302536502775
Incidence,Southern Latin America,Both,All ages,Invasive Non-typhoidal Salmonella (iNTS),Rate,2013,0.44129513765,0.62390414234,0.30256122498
Incidence,Southern Latin America,Both,All ages,Invasive Non-typhoidal Salmonella (iNTS),Number,2014,286.32186133979684,406.46728914974005,196.33531731322583
Incidence,Southern Latin America,Both,All ages,Invasive Non-typhoidal Salmonella (iNTS),Rate,2014,0.44879576101,0.63711794659,0.30774617675
Incidence,Southern Latin America,Both,All ages,Invasive Non-typhoidal Salmonella (iNTS),Number,2015,293.15356532525254,417.9279457357094,201.66212028414935
Incidence,Southern Latin America,Both,All ages,Invasive Non-typhoidal Salmonella (iNTS),Rate,2015,0.45504880528999997,0.6487303410099999,0.31303084035
Incidence,Southern Latin America,Both,All ages,Invasive Non-typhoidal Salmonella (iNTS),Number,2016,301.09206795439576,423.3120566099272,208.18532462448255
Incidence,Southern Latin America,Both,All ages,Invasive Non-typhoidal Salmonella (iNTS),Rate,2016,0.46322907015,0.6512640857599999,0.32029237767999996
Incidence,Southern Latin America,Both,All ages,Invasive Non-typhoidal Salmonella (iNTS),Number,2017,311.0652709107044,431.9838154085184,212.9026894791436
Incidence,Southern Latin America,Both,All ages,Invasive Non-typhoidal Salmonella (iNTS),Rate,2017,0.47443754542,0.65886281823,0.32471972559
Incidence,Southern Latin America,Both,All ages,Invasive Non-typhoidal Salmonella (iNTS),Number,2018,320.4857078266925,446.0566416322302,218.27490357985437
Incidence,Southern Latin America,Both,All ages,Invasive Non-typhoidal Salmonella (iNTS),Rate,2018,0.484172194,0.67387785962,0.32975772829
Incidence,Southern Latin America,Both,All ages,Invasive Non-typhoidal Salmonella (iNTS),Number,2019,326.0662801089201,455.7649916433474,222.1490707847583
Incidence,Southern Latin America,Both,All ages,Invasive Non-typhoidal Salmonella (iNTS),Rate,2019,0.48781276902,0.68184904775,0.3323470103
Incidence,Southern Latin America,Both,All ages,Invasive Non-typhoidal Salmonella (iNTS),Number,2020,327.7572810755556,458.3535731144939,223.15712646312272
Incidence,Southern Latin America,Both,All ages,Invasive Non-typhoidal Salmonella (iNTS),Rate,2020,0.48658149145,0.68046197017,0.33129432569
Incidence,Southern Latin America,Both,All ages,Invasive Non-typhoidal Salmonella (iNTS),Number,2021,362.04679065435175,496.5953229933934,239.95386503317923
Incidence,Southern Latin America,Both,All ages,Invasive Non-typhoidal Salmonella (iNTS),Rate,2021,0.53482516897,0.73358384713,0.35446624504
Incidence,Southern Latin America,Both,Age-standardized,Invasive Non-typhoidal Salmonella (iNTS),Rate,1990,0.49026508018,0.67736129089,0.33857442706
Incidence,Southern Latin America,Both,Age-standardized,Invasive Non-typhoidal Salmonella (iNTS),Rate,1991,0.47735232042,0.65782797506,0.32801297797
Incidence,Southern Latin America,Both,Age-standardized,Invasive Non-typhoidal Salmonella (iNTS),Rate,1992,0.46584271181000003,0.63770505625,0.32208071839
Incidence,Southern Latin America,Both,Age-standardized,Invasive Non-typhoidal Salmonella (iNTS),Rate,1993,0.45639690337000005,0.6290608605,0.31604741606
Incidence,Southern Latin America,Both,Age-standardized,Invasive Non-typhoidal Salmonella (iNTS),Rate,1994,0.44963017118000004,0.61975530547,0.31038949984
Incidence,Southern Latin America,Both,Age-standardized,Invasive Non-typhoidal Salmonella (iNTS),Rate,1995,0.44620538747,0.61459952806,0.30809005361
Incidence,Southern Latin America,Both,Age-standardized,Invasive Non-typhoidal Salmonella (iNTS),Rate,1996,0.44537660188000006,0.61403738288,0.31058461653999997
Incidence,Southern Latin America,Both,Age-standardized,Invasive Non-typhoidal Salmonella (iNTS),Rate,1997,0.44558632317999997,0.61547273896,0.3120242075
Incidence,Southern Latin America,Both,Age-standardized,Invasive Non-typhoidal Salmonella (iNTS),Rate,1998,0.44628582428999997,0.61562982639,0.31659651236
Incidence,Southern Latin America,Both,Age-standardized,Invasive Non-typhoidal Salmonella (iNTS),Rate,1999,0.44693518225,0.61219424533,0.31638325586
Incidence,Southern Latin America,Both,Age-standardized,Invasive Non-typhoidal Salmonella (iNTS),Rate,2000,0.44706851778999995,0.60766439194,0.31829627186
Incidence,Southern Latin America,Both,Age-standardized,Invasive Non-typhoidal Salmonella (iNTS),Rate,2001,0.44648149303,0.61293742615,0.31685269449000003
Incidence,Southern Latin America,Both,Age-standardized,Invasive Non-typhoidal Salmonella (iNTS),Rate,2002,0.44541114021999995,0.61169681428,0.31257926123
Incidence,Southern Latin America,Both,Age-standardized,Invasive Non-typhoidal Salmonella (iNTS),Rate,2003,0.44413053084,0.60638516372,0.30777325129
Incidence,Southern Latin America,Both,Age-standardized,Invasive Non-typhoidal Salmonella (iNTS),Rate,2004,0.44294826099,0.60107790047,0.30485141774
Incidence,Southern Latin America,Both,Age-standardized,Invasive Non-typhoidal Salmonella (iNTS),Rate,2005,0.44215992956,0.6073844051899999,0.30355251553
Incidence,Southern Latin America,Both,Age-standardized,Invasive Non-typhoidal Salmonella (iNTS),Rate,2006,0.44142671654,0.60580064344,0.30521817562
Incidence,Southern Latin America,Both,Age-standardized,Invasive Non-typhoidal Salmonella (iNTS),Rate,2007,0.44045633886,0.60908444052,0.306220123
Incidence,Southern Latin America,Both,Age-standardized,Invasive Non-typhoidal Salmonella (iNTS),Rate,2008,0.43959134808,0.61303021742,0.30508428746
Incidence,Southern Latin America,Both,Age-standardized,Invasive Non-typhoidal Salmonella (iNTS),Rate,2009,0.43921521879,0.61405039084,0.30173708379999997
Incidence,Southern Latin America,Both,Age-standardized,Invasive Non-typhoidal Salmonella (iNTS),Rate,2010,0.43969502137,0.6207837282399999,0.30178235344
Incidence,Southern Latin America,Both,Age-standardized,Invasive Non-typhoidal Salmonella (iNTS),Rate,2011,0.44273244608999995,0.62858615408,0.30501870583
Incidence,Southern Latin America,Both,Age-standardized,Invasive Non-typhoidal Salmonella (iNTS),Rate,2012,0.44885812652,0.6341273776499999,0.3102119222
Incidence,Southern Latin America,Both,Age-standardized,Invasive Non-typhoidal Salmonella (iNTS),Rate,2013,0.45664347051,0.64168681072,0.31492343676
Incidence,Southern Latin America,Both,Age-standardized,Invasive Non-typhoidal Salmonella (iNTS),Rate,2014,0.46464567897000003,0.64902992407,0.3202650097
Incidence,Southern Latin America,Both,Age-standardized,Invasive Non-typhoidal Salmonella (iNTS),Rate,2015,0.47142171945,0.66158478895,0.32433315771
Incidence,Southern Latin America,Both,Age-standardized,Invasive Non-typhoidal Salmonella (iNTS),Rate,2016,0.480516724,0.66610919562,0.33256220288
Incidence,Southern Latin America,Both,Age-standardized,Invasive Non-typhoidal Salmonella (iNTS),Rate,2017,0.49320961826,0.69117327538,0.34099906791
Incidence,Southern Latin America,Both,Age-standardized,Invasive Non-typhoidal Salmonella (iNTS),Rate,2018,0.50480770773,0.707287918,0.34641806835
Incidence,Southern Latin America,Both,Age-standardized,Invasive Non-typhoidal Salmonella (iNTS),Rate,2019,0.51045611823,0.70909989738,0.34377366889
Incidence,Southern Latin America,Both,Age-standardized,Invasive Non-typhoidal Salmonella (iNTS),Rate,2020,0.51126026513,0.70999073868,0.34448694218
Incidence,Southern Latin America,Both,Age-standardized,Invasive Non-typhoidal Salmonella (iNTS),Rate,2021,0.56566898168,0.78329395073,0.37229355293
Incidence,Andean Latin America,Both,All ages,Invasive Non-typhoidal Salmonella (iNTS),Number,1990,278.515904808946,382.557322371575,182.8883200133492
Incidence,Andean Latin America,Both,All ages,Invasive Non-typhoidal Salmonella (iNTS),Rate,1990,0.73306369354,1.0069043774,0.48136851454
Incidence,Andean Latin America,Both,All ages,Invasive Non-typhoidal Salmonella (iNTS),Number,1991,288.7250085075072,392.2437332710023,193.96666892419745
Incidence,Andean Latin America,Both,All ages,Invasive Non-typhoidal Salmonella (iNTS),Rate,1991,0.74392373231,1.01064824117,0.49977107641
Incidence,Andean Latin America,Both,All ages,Invasive Non-typhoidal Salmonella (iNTS),Number,1992,298.2979619298183,400.3721286346396,201.43501141988395
Incidence,Andean Latin America,Both,All ages,Invasive Non-typhoidal Salmonella (iNTS),Rate,1992,0.75250553493,1.01000436235,0.50815285509
Incidence,Andean Latin America,Both,All ages,Invasive Non-typhoidal Salmonella (iNTS),Number,1993,307.027185206898,411.3980058556701,209.34131937620248
Incidence,Andean Latin America,Both,All ages,Invasive Non-typhoidal Salmonella (iNTS),Rate,1993,0.7584238587100001,1.01624246354,0.5171185448000001
Incidence,Andean Latin America,Both,All ages,Invasive Non-typhoidal Salmonella (iNTS),Number,1994,314.5655512302783,425.1923066987558,213.0406580043112
Incidence,Andean Latin America,Both,All ages,Invasive Non-typhoidal Salmonella (iNTS),Rate,1994,0.76117768664,1.0288694840400001,0.51551034303
Incidence,Andean Latin America,Both,All ages,Invasive Non-typhoidal Salmonella (iNTS),Number,1995,320.6111082617854,434.87953531980304,216.68555076664757
Incidence,Andean Latin America,Both,All ages,Invasive Non-typhoidal Salmonella (iNTS),Rate,1995,0.76034423058,1.03133714695,0.51387991286
Incidence,Andean Latin America,Both,All ages,Invasive Non-typhoidal Salmonella (iNTS),Number,1996,324.8260254943433,439.27511081618206,221.2093774488664
Incidence,Andean Latin America,Both,All ages,Invasive Non-typhoidal Salmonella (iNTS),Rate,1996,0.75536681118,1.02151248251,0.51441143545
Incidence,Andean Latin America,Both,All ages,Invasive Non-typhoidal Salmonella (iNTS),Number,1997,327.6012414125101,442.47368035844335,224.5411457501947
Incidence,Andean Latin America,Both,All ages,Invasive Non-typhoidal Salmonella (iNTS),Rate,1997,0.74736578005,1.0094274547,0.51225193111
Incidence,Andean Latin America,Both,All ages,Invasive Non-typhoidal Salmonella (iNTS),Number,1998,329.77233582923213,444.55511276985953,225.6527284046242
Incidence,Andean Latin America,Both,All ages,Invasive Non-typhoidal Salmonella (iNTS),Rate,1998,0.73842245506,0.99544274068,0.50527901705
Incidence,Andean Latin America,Both,All ages,Invasive Non-typhoidal Salmonella (iNTS),Number,1999,332.2069734518198,449.3818257443336,226.64042632278807
Incidence,Andean Latin America,Both,All ages,Invasive Non-typhoidal Salmonella (iNTS),Rate,1999,0.7304684110799999,0.98811660938,0.49834496363
Incidence,Andean Latin America,Both,All ages,Invasive Non-typhoidal Salmonella (iNTS),Number,2000,335.7346482175834,452.43925374325966,228.72429620212012
Incidence,Andean Latin America,Both,All ages,Invasive Non-typhoidal Salmonella (iNTS),Rate,2000,0.72529912816,0.9774201084899999,0.49412097769999996
Incidence,Andean Latin America,Both,All ages,Invasive Non-typhoidal Salmonella (iNTS),Number,2001,341.25471555639297,465.6412932634466,233.41893449049329
Incidence,Andean Latin America,Both,All ages,Invasive Non-typhoidal Salmonella (iNTS),Rate,2001,0.72478499598,0.98896749989,0.49575444319
Incidence,Andean Latin America,Both,All ages,Invasive Non-typhoidal Salmonella (iNTS),Number,2002,348.32976945425554,474.74990402689787,236.497224912022
Incidence,Andean Latin America,Both,All ages,Invasive Non-typhoidal Salmonella (iNTS),Rate,2002,0.7278343431300001,0.9919889565800001,0.4941604693
Incidence,Andean Latin America,Both,All ages,Invasive Non-typhoidal Salmonella (iNTS),Number,2003,355.7638354051961,486.8343177950512,240.6385818104518
Incidence,Andean Latin America,Both,All ages,Invasive Non-typhoidal Salmonella (iNTS),Rate,2003,0.7318152114500001,1.00143051024,0.49499965175
Incidence,Andean Latin America,Both,All ages,Invasive Non-typhoidal Salmonella (iNTS),Number,2004,362.4053009353023,503.54217557332174,244.21966052761667
Incidence,Andean Latin America,Both,All ages,Invasive Non-typhoidal Salmonella (iNTS),Rate,2004,0.73424125762,1.02018772712,0.49479450278000003
Incidence,Andean Latin America,Both,All ages,Invasive Non-typhoidal Salmonella (iNTS),Number,2005,367.0940789217172,512.5843682094317,246.58035597574224
Incidence,Andean Latin America,Both,All ages,Invasive Non-typhoidal Salmonella (iNTS),Rate,2005,0.73275146153,1.02316263467,0.49219567027
Incidence,Andean Latin America,Both,All ages,Invasive Non-typhoidal Salmonella (iNTS),Number,2006,368.5734283390528,509.8178129276485,248.7985665200535
Incidence,Andean Latin America,Both,All ages,Invasive Non-typhoidal Salmonella (iNTS),Rate,2006,0.72494826334,1.00276229832,0.48936270183999997
Incidence,Andean Latin America,Both,All ages,Invasive Non-typhoidal Salmonella (iNTS),Number,2007,367.4885069826409,505.6560455661392,248.1009161124728
Incidence,Andean Latin America,Both,All ages,Invasive Non-typhoidal Salmonella (iNTS),Rate,2007,0.71227178894,0.98007020443,0.48087295249
Incidence,Andean Latin America,Both,All ages,Invasive Non-typhoidal Salmonella (iNTS),Number,2008,365.6368759777214,504.8139431813065,246.65504134879384
Incidence,Andean Latin America,Both,All ages,Invasive Non-typhoidal Salmonella (iNTS),Rate,2008,0.6983482309,0.9641695007100001,0.47109884993999995
Incidence,Andean Latin America,Both,All ages,Invasive Non-typhoidal Salmonella (iNTS),Number,2009,364.8711081624486,504.79724114811086,243.81670045922547
Incidence,Andean Latin America,Both,All ages,Invasive Non-typhoidal Salmonella (iNTS),Rate,2009,0.68650383275,0.94977440817,0.45874034861
Incidence,Andean Latin America,Both,All ages,Invasive Non-typhoidal Salmonella (iNTS),Number,2010,367.08408087390046,509.7482452288404,245.71774017319748
Incidence,Andean Latin America,Both,All ages,Invasive Non-typhoidal Salmonella (iNTS),Rate,2010,0.67988755504,0.94412017898,0.45510127598
Incidence,Andean Latin America,Both,All ages,Invasive Non-typhoidal Salmonella (iNTS),Number,2011,372.9387198288308,515.7464607866489,248.13461781857296
Incidence,Andean Latin America,Both,All ages,Invasive Non-typhoidal Salmonella (iNTS),Rate,2011,0.67909663112,0.93914003939,0.45183665321999994
Incidence,Andean Latin America,Both,All ages,Invasive Non-typhoidal Salmonella (iNTS),Number,2012,381.1607649758435,525.8740938757977,252.2576284239124
Incidence,Andean Latin America,Both,All ages,Invasive Non-typhoidal Salmonella (iNTS),Rate,2012,0.68122302406,0.93985943315,0.45084310943999995
Incidence,Andean Latin America,Both,All ages,Invasive Non-typhoidal Salmonella (iNTS),Number,2013,390.9289791180875,541.3799204722047,257.6161174301523
Incidence,Andean Latin America,Both,All ages,Invasive Non-typhoidal Salmonella (iNTS),Rate,2013,0.68430684521,0.9476657020299999,0.45094756851
Incidence,Andean Latin America,Both,All ages,Invasive Non-typhoidal Salmonella (iNTS),Number,2014,399.9095671859521,560.157105629409,261.72478740921986
Incidence,Andean Latin America,Both,All ages,Invasive Non-typhoidal Salmonella (iNTS),Rate,2014,0.68622432649,0.9612008916,0.44910632479
Incidence,Andean Latin America,Both,All ages,Invasive Non-typhoidal Salmonella (iNTS),Number,2015,406.398065470956,572.0718768883871,264.554587353404
Incidence,Andean Latin America,Both,All ages,Invasive Non-typhoidal Salmonella (iNTS),Rate,2015,0.6850570847799999,0.9643301126799999,0.44595437276
Incidence,Andean Latin America,Both,All ages,Invasive Non-typhoidal Salmonella (iNTS),Number,2016,408.8167657950599,569.4959416449298,267.7935426652739
Incidence,Andean Latin America,Both,All ages,Invasive Non-typhoidal Salmonella (iNTS),Rate,2016,0.67864489043,0.94537588293,0.44454321502000005
Incidence,Andean Latin America,Both,All ages,Invasive Non-typhoidal Salmonella (iNTS),Number,2017,409.5488589561582,562.8142517038909,267.8702355817344
Incidence,Andean Latin America,Both,All ages,Invasive Non-typhoidal Salmonella (iNTS),Rate,2017,0.66883932815,0.9191389446000001,0.43746220867
Incidence,Andean Latin America,Both,All ages,Invasive Non-typhoidal Salmonella (iNTS),Number,2018,411.7385605077437,564.2609973873023,274.6135282530395
Incidence,Andean Latin America,Both,All ages,Invasive Non-typhoidal Salmonella (iNTS),Rate,2018,0.65944831777,0.90373115661,0.43982625533
Incidence,Andean Latin America,Both,All ages,Invasive Non-typhoidal Salmonella (iNTS),Number,2019,418.02132432843706,574.3928079692456,281.7531783603589
Incidence,Andean Latin America,Both,All ages,Invasive Non-typhoidal Salmonella (iNTS),Rate,2019,0.65411671252,0.89880566703,0.44088531384999996
Incidence,Andean Latin America,Both,All ages,Invasive Non-typhoidal Salmonella (iNTS),Number,2020,435.5042710739713,593.5852188523671,285.99221772425165
Incidence,Andean Latin America,Both,All ages,Invasive Non-typhoidal Salmonella (iNTS),Rate,2020,0.66790918648,0.91034932827,0.43861069149000004
Incidence,Andean Latin America,Both,All ages,Invasive Non-typhoidal Salmonella (iNTS),Number,2021,440.4660700691559,600.438080194029,288.76145985883426
Incidence,Andean Latin America,Both,All ages,Invasive Non-typhoidal Salmonella (iNTS),Rate,2021,0.66602767182,0.90792095873,0.43663550019
Incidence,Andean Latin America,Both,Age-standardized,Invasive Non-typhoidal Salmonella (iNTS),Rate,1990,0.6602751602,0.90295204613,0.44409995977000005
Incidence,Andean Latin America,Both,Age-standardized,Invasive Non-typhoidal Salmonella (iNTS),Rate,1991,0.66957212808,0.90606903594,0.45791048391
Incidence,Andean Latin America,Both,Age-standardized,Invasive Non-typhoidal Salmonella (iNTS),Rate,1992,0.67736382301,0.9102778226600001,0.46884113994
Incidence,Andean Latin America,Both,Age-standardized,Invasive Non-typhoidal Salmonella (iNTS),Rate,1993,0.68332702275,0.9171928971100001,0.47348982569000003
Incidence,Andean Latin America,Both,Age-standardized,Invasive Non-typhoidal Salmonella (iNTS),Rate,1994,0.68713829932,0.91627564262,0.47460553283
Incidence,Andean Latin America,Both,Age-standardized,Invasive Non-typhoidal Salmonella (iNTS),Rate,1995,0.68847001949,0.92162527326,0.47357012725
Incidence,Andean Latin America,Both,Age-standardized,Invasive Non-typhoidal Salmonella (iNTS),Rate,1996,0.68690100448,0.91653587341,0.47546022803000004
Incidence,Andean Latin America,Both,Age-standardized,Invasive Non-typhoidal Salmonella (iNTS),Rate,1997,0.68319624909,0.9190001403800001,0.47505058846000003
Incidence,Andean Latin America,Both,Age-standardized,Invasive Non-typhoidal Salmonella (iNTS),Rate,1998,0.67880495707,0.91266576794,0.4718925876
Incidence,Andean Latin America,Both,Age-standardized,Invasive Non-typhoidal Salmonella (iNTS),Rate,1999,0.6751857104300001,0.9082066578799999,0.46903555587999995
Incidence,Andean Latin America,Both,Age-standardized,Invasive Non-typhoidal Salmonella (iNTS),Rate,2000,0.67377732097,0.90651141507,0.46368246405999997
Incidence,Andean Latin America,Both,Age-standardized,Invasive Non-typhoidal Salmonella (iNTS),Rate,2001,0.6761424772,0.9145952981500001,0.47002477728000003
Incidence,Andean Latin America,Both,Age-standardized,Invasive Non-typhoidal Salmonella (iNTS),Rate,2002,0.68154224691,0.9269108073499999,0.47528501202
Incidence,Andean Latin America,Both,Age-standardized,Invasive Non-typhoidal Salmonella (iNTS),Rate,2003,0.6879225489699999,0.93980685233,0.48006182803
Incidence,Andean Latin America,Both,Age-standardized,Invasive Non-typhoidal Salmonella (iNTS),Rate,2004,0.69321753838,0.94738245353,0.47757855918
Incidence,Andean Latin America,Both,Age-standardized,Invasive Non-typhoidal Salmonella (iNTS),Rate,2005,0.69530307009,0.9610066977,0.47576449009000005
Incidence,Andean Latin America,Both,Age-standardized,Invasive Non-typhoidal Salmonella (iNTS),Rate,2006,0.69194923536,0.94960556013,0.47338288965
Incidence,Andean Latin America,Both,Age-standardized,Invasive Non-typhoidal Salmonella (iNTS),Rate,2007,0.6840235340199999,0.9308269103600001,0.46633083049
Incidence,Andean Latin America,Both,Age-standardized,Invasive Non-typhoidal Salmonella (iNTS),Rate,2008,0.67461670958,0.9262807139800001,0.45925046983
Incidence,Andean Latin America,Both,Age-standardized,Invasive Non-typhoidal Salmonella (iNTS),Rate,2009,0.66661732845,0.91456125435,0.45232370375
Incidence,Andean Latin America,Both,Age-standardized,Invasive Non-typhoidal Salmonella (iNTS),Rate,2010,0.66296404561,0.90403297819,0.44777034746
Incidence,Andean Latin America,Both,Age-standardized,Invasive Non-typhoidal Salmonella (iNTS),Rate,2011,0.66443763299,0.91206642895,0.44615131024000004
Incidence,Andean Latin America,Both,Age-standardized,Invasive Non-typhoidal Salmonella (iNTS),Rate,2012,0.6685472347,0.91440301972,0.44657873599
Incidence,Andean Latin America,Both,Age-standardized,Invasive Non-typhoidal Salmonella (iNTS),Rate,2013,0.6735579902800001,0.9265601585000001,0.4487411166
Incidence,Andean Latin America,Both,Age-standardized,Invasive Non-typhoidal Salmonella (iNTS),Rate,2014,0.67760543246,0.9462518700100001,0.44900392586
Incidence,Andean Latin America,Both,Age-standardized,Invasive Non-typhoidal Salmonella (iNTS),Rate,2015,0.67881991863,0.9499438986600001,0.44525059318000004
Incidence,Andean Latin America,Both,Age-standardized,Invasive Non-typhoidal Salmonella (iNTS),Rate,2016,0.67495929766,0.9381766018600001,0.44572621891
Incidence,Andean Latin America,Both,Age-standardized,Invasive Non-typhoidal Salmonella (iNTS),Rate,2017,0.66753900352,0.91976408193,0.44009600470000004
Incidence,Andean Latin America,Both,Age-standardized,Invasive Non-typhoidal Salmonella (iNTS),Rate,2018,0.66024406891,0.90492913914,0.44140061401
Incidence,Andean Latin America,Both,Age-standardized,Invasive Non-typhoidal Salmonella (iNTS),Rate,2019,0.65677460728,0.89536785435,0.44453181132
Incidence,Andean Latin America,Both,Age-standardized,Invasive Non-typhoidal Salmonella (iNTS),Rate,2020,0.67233685257,0.92082025543,0.44764700907
Incidence,Andean Latin America,Both,Age-standardized,Invasive Non-typhoidal Salmonella (iNTS),Rate,2021,0.67232417492,0.92077880945,0.44765652246
Incidence,High-income North America,Both,All ages,Invasive Non-typhoidal Salmonella (iNTS),Number,1990,1713.8690983321967,2214.425728353871,1271.0241096047755
Incidence,High-income North America,Both,All ages,Invasive Non-typhoidal Salmonella (iNTS),Rate,1990,0.60903060286,0.7869055096600001,0.45166377086000004
Incidence,High-income North America,Both,All ages,Invasive Non-typhoidal Salmonella (iNTS),Number,1991,1743.486343647901,2227.684591759992,1306.9589620602374
Incidence,High-income North America,Both,All ages,Invasive Non-typhoidal Salmonella (iNTS),Rate,1991,0.6126229653099999,0.7827596386700001,0.45923679173000004
Incidence,High-income North America,Both,All ages,Invasive Non-typhoidal Salmonella (iNTS),Number,1992,1767.72416602764,2231.4026658877583,1343.2536905012298
Incidence,High-income North America,Both,All ages,Invasive Non-typhoidal Salmonella (iNTS),Rate,1992,0.61430536475,0.7754392087299999,0.46679677981
Incidence,High-income North America,Both,All ages,Invasive Non-typhoidal Salmonella (iNTS),Number,1993,1786.1280560164985,2240.9012178719818,1373.4479378919095
Incidence,High-income North America,Both,All ages,Invasive Non-typhoidal Salmonella (iNTS),Rate,1993,0.61413500575,0.77050235994,0.47224075249999997
Incidence,High-income North America,Both,All ages,Invasive Non-typhoidal Salmonella (iNTS),Number,1994,1798.4254966685642,2245.093344411012,1398.5520699257113
Incidence,High-income North America,Both,All ages,Invasive Non-typhoidal Salmonella (iNTS),Rate,1994,0.61208470758,0.7641057723899999,0.47598987912
Incidence,High-income North America,Both,All ages,Invasive Non-typhoidal Salmonella (iNTS),Number,1995,1804.7697269885368,2237.6399414730417,1413.2815750146328
Incidence,High-income North America,Both,All ages,Invasive Non-typhoidal Salmonella (iNTS),Rate,1995,0.6081824377699999,0.7540537133899999,0.47625634489
Incidence,High-income North America,Both,All ages,Invasive Non-typhoidal Salmonella (iNTS),Number,1996,1803.778884662389,2233.553432412212,1413.647742073859
Incidence,High-income North America,Both,All ages,Invasive Non-typhoidal Salmonella (iNTS),Rate,1996,0.60198718055,0.74541871225,0.47178610737
Incidence,High-income North America,Both,All ages,Invasive Non-typhoidal Salmonella (iNTS),Number,1997,1797.493637240889,2224.879350446045,1402.8688925105291
Incidence,High-income North America,Both,All ages,Invasive Non-typhoidal Salmonella (iNTS),Rate,1997,0.59411063793,0.7353708869000001,0.46367859969
Incidence,High-income North America,Both,All ages,Invasive Non-typhoidal Salmonella (iNTS),Number,1998,1789.686044381051,2215.997880607574,1397.1767140242437
Incidence,High-income North America,Both,All ages,Invasive Non-typhoidal Salmonella (iNTS),Rate,1998,0.58585187145,0.72540460913,0.45736434903
Incidence,High-income North America,Both,All ages,Invasive Non-typhoidal Salmonella (iNTS),Number,1999,1783.5092699805705,2214.632935689048,1390.4724481269566
Incidence,High-income North America,Both,All ages,Invasive Non-typhoidal Salmonella (iNTS),Rate,1999,0.57823123637,0.7180057665299999,0.45080483536000004
Incidence,High-income North America,Both,All ages,Invasive Non-typhoidal Salmonella (iNTS),Number,2000,1782.465816511383,2220.0583180771096,1385.6364239402965
Incidence,High-income North America,Both,All ages,Invasive Non-typhoidal Salmonella (iNTS),Rate,2000,0.57235652607,0.71286913602,0.44493310483000004
Incidence,High-income North America,Both,All ages,Invasive Non-typhoidal Salmonella (iNTS),Number,2001,1771.3996296018784,2216.2569817843,1374.9739791019942
Incidence,High-income North America,Both,All ages,Invasive Non-typhoidal Salmonella (iNTS),Rate,2001,0.56341389172,0.7049058554000001,0.43732618412999996
Incidence,High-income North America,Both,All ages,Invasive Non-typhoidal Salmonella (iNTS),Number,2002,1743.0838868391716,2195.969113030529,1344.806762399398
Incidence,High-income North America,Both,All ages,Invasive Non-typhoidal Salmonella (iNTS),Rate,2002,0.54916977118,0.69185416975,0.42369000572000004
Incidence,High-income North America,Both,All ages,Invasive Non-typhoidal Salmonella (iNTS),Number,2003,1711.1228019810665,2173.7855549435626,1306.5747367178317
Incidence,High-income North America,Both,All ages,Invasive Non-typhoidal Salmonella (iNTS),Rate,2003,0.53396813691,0.67834536567,0.40772601305
Incidence,High-income North America,Both,All ages,Invasive Non-typhoidal Salmonella (iNTS),Number,2004,1688.476989084489,2158.4478550354524,1282.9864283174345
Incidence,High-income North America,Both,All ages,Invasive Non-typhoidal Salmonella (iNTS),Rate,2004,0.52180942953,0.6670499220299999,0.39649602605999995
Incidence,High-income North America,Both,All ages,Invasive Non-typhoidal Salmonella (iNTS),Number,2005,1689.1525259076254,2160.071671349064,1282.539947976324
Incidence,High-income North America,Both,All ages,Invasive Non-typhoidal Salmonella (iNTS),Rate,2005,0.51689704305,0.6610028653900001,0.39246965359
Incidence,High-income North America,Both,All ages,Invasive Non-typhoidal Salmonella (iNTS),Number,2006,1707.875232028425,2181.943868438425,1298.3965136998825
Incidence,High-income North America,Both,All ages,Invasive Non-typhoidal Salmonella (iNTS),Rate,2006,0.51744459473,0.66107584416,0.39338251719
Incidence,High-income North America,Both,All ages,Invasive Non-typhoidal Salmonella (iNTS),Number,2007,1729.0107094986297,2200.495880375536,1315.592863969096
Incidence,High-income North America,Both,All ages,Invasive Non-typhoidal Salmonella (iNTS),Rate,2007,0.51862203484,0.66004544961,0.39461609138000003
Incidence,High-income North America,Both,All ages,Invasive Non-typhoidal Salmonella (iNTS),Number,2008,1750.3840096150686,2218.8146985890235,1333.3299967005046
Incidence,High-income North America,Both,All ages,Invasive Non-typhoidal Salmonella (iNTS),Rate,2008,0.51991360226,0.6590507776400001,0.3960367541
Incidence,High-income North America,Both,All ages,Invasive Non-typhoidal Salmonella (iNTS),Number,2009,1770.9855533781104,2239.600613529868,1348.2778515133516
Incidence,High-income North America,Both,All ages,Invasive Non-typhoidal Salmonella (iNTS),Rate,2009,0.5211130273300001,0.6590031485500001,0.39673115997
Incidence,High-income North America,Both,All ages,Invasive Non-typhoidal Salmonella (iNTS),Number,2010,1791.2210100019174,2267.1934351322197,1361.2542510118897
Incidence,High-income North America,Both,All ages,Invasive Non-typhoidal Salmonella (iNTS),Rate,2010,0.52233747731,0.66113566828,0.39695498628000003
Incidence,High-income North America,Both,All ages,Invasive Non-typhoidal Salmonella (iNTS),Number,2011,1815.9043404031163,2303.991323760254,1379.5962463216963
Incidence,High-income North America,Both,All ages,Invasive Non-typhoidal Salmonella (iNTS),Rate,2011,0.5249745675499999,0.66607960668,0.39883870901
Incidence,High-income North America,Both,All ages,Invasive Non-typhoidal Salmonella (iNTS),Number,2012,1848.5642026709677,2349.3092173484806,1402.8139956710484
Incidence,High-income North America,Both,All ages,Invasive Non-typhoidal Salmonella (iNTS),Rate,2012,0.5299607270000001,0.67351819264,0.40216959947
Incidence,High-income North America,Both,All ages,Invasive Non-typhoidal Salmonella (iNTS),Number,2013,1886.5677575992847,2403.776726459322,1427.5905513173434
Incidence,High-income North America,Both,All ages,Invasive Non-typhoidal Salmonella (iNTS),Rate,2013,0.53646120603,0.6835338707,0.40594722654
Incidence,High-income North America,Both,All ages,Invasive Non-typhoidal Salmonella (iNTS),Number,2014,1926.7340898069976,2463.888164291621,1455.7502980317972
Incidence,High-income North America,Both,All ages,Invasive Non-typhoidal Salmonella (iNTS),Rate,2014,0.5435405679599999,0.69507420837,0.41067386931000005
Incidence,High-income North America,Both,All ages,Invasive Non-typhoidal Salmonella (iNTS),Number,2015,1965.7312620168675,2522.412705313875,1483.9735741159418
Incidence,High-income North America,Both,All ages,Invasive Non-typhoidal Salmonella (iNTS),Rate,2015,0.55028965248,0.70612786084,0.41542570858
Incidence,High-income North America,Both,All ages,Invasive Non-typhoidal Salmonella (iNTS),Number,2016,2012.5773365258588,2591.2012090592225,1522.5803964377365
Incidence,High-income North America,Both,All ages,Invasive Non-typhoidal Salmonella (iNTS),Rate,2016,0.5593148061100001,0.7201200051,0.42313989319999995
Incidence,High-income North America,Both,All ages,Invasive Non-typhoidal Salmonella (iNTS),Number,2017,2070.0667087610336,2675.603255245799,1560.5775461976814
Incidence,High-income North America,Both,All ages,Invasive Non-typhoidal Salmonella (iNTS),Rate,2017,0.57137506607,0.73851387507,0.43074703573
Incidence,High-income North America,Both,All ages,Invasive Non-typhoidal Salmonella (iNTS),Number,2018,2124.5815915436765,2756.899793012232,1599.6168733059797
Incidence,High-income North America,Both,All ages,Invasive Non-typhoidal Salmonella (iNTS),Rate,2018,0.58265219772,0.7560612073899999,0.43868415806999994
Incidence,High-income North America,Both,All ages,Invasive Non-typhoidal Salmonella (iNTS),Number,2019,2161.419943804778,2809.473534347524,1619.165867952774
Incidence,High-income North America,Both,All ages,Invasive Non-typhoidal Salmonella (iNTS),Rate,2019,0.58916962141,0.76581899938,0.44135955355
Incidence,High-income North America,Both,All ages,Invasive Non-typhoidal Salmonella (iNTS),Number,2020,2165.130611255636,2805.2937805065085,1623.7397604393625
Incidence,High-income North America,Both,All ages,Invasive Non-typhoidal Salmonella (iNTS),Rate,2020,0.58722242837,0.76084621294,0.44038747603
Incidence,High-income North America,Both,All ages,Invasive Non-typhoidal Salmonella (iNTS),Number,2021,2957.309985753492,3938.6889019716505,2087.8863319014413
Incidence,High-income North America,Both,All ages,Invasive Non-typhoidal Salmonella (iNTS),Rate,2021,0.7988961103,1.06400859519,0.56402753764
Incidence,High-income North America,Both,Age-standardized,Invasive Non-typhoidal Salmonella (iNTS),Rate,1990,0.64032886926,0.81201535911,0.46824902970000004
Incidence,High-income North America,Both,Age-standardized,Invasive Non-typhoidal Salmonella (iNTS),Rate,1991,0.63993249266,0.8062099633400001,0.47691893989000006
Incidence,High-income North America,Both,Age-standardized,Invasive Non-typhoidal Salmonella (iNTS),Rate,1992,0.63881586591,0.7986961405699999,0.48425953176
Incidence,High-income North America,Both,Age-standardized,Invasive Non-typhoidal Salmonella (iNTS),Rate,1993,0.63680042935,0.79272845284,0.48799334762
Incidence,High-income North America,Both,Age-standardized,Invasive Non-typhoidal Salmonella (iNTS),Rate,1994,0.6337985158799999,0.78657327599,0.48972305942
Incidence,High-income North America,Both,Age-standardized,Invasive Non-typhoidal Salmonella (iNTS),Rate,1995,0.6297704392,0.78202744325,0.49005026516000005
Incidence,High-income North America,Both,Age-standardized,Invasive Non-typhoidal Salmonella (iNTS),Rate,1996,0.62376242298,0.77670941636,0.48517762305000006
Incidence,High-income North America,Both,Age-standardized,Invasive Non-typhoidal Salmonella (iNTS),Rate,1997,0.6158818013999999,0.7667431104600001,0.47765126218
Incidence,High-income North America,Both,Age-standardized,Invasive Non-typhoidal Salmonella (iNTS),Rate,1998,0.6073919765,0.75588611153,0.46906775723999994
Incidence,High-income North America,Both,Age-standardized,Invasive Non-typhoidal Salmonella (iNTS),Rate,1999,0.59957730078,0.74592501286,0.46043979239
Incidence,High-income North America,Both,Age-standardized,Invasive Non-typhoidal Salmonella (iNTS),Rate,2000,0.59376828653,0.73937465896,0.45529902923
Incidence,High-income North America,Both,Age-standardized,Invasive Non-typhoidal Salmonella (iNTS),Rate,2001,0.58569641767,0.7320041066,0.44996039169999996
Incidence,High-income North America,Both,Age-standardized,Invasive Non-typhoidal Salmonella (iNTS),Rate,2002,0.5727941333900001,0.71881581946,0.43949023510999996
Incidence,High-income North America,Both,Age-standardized,Invasive Non-typhoidal Salmonella (iNTS),Rate,2003,0.55878249897,0.70436583024,0.42750857632
Incidence,High-income North America,Both,Age-standardized,Invasive Non-typhoidal Salmonella (iNTS),Rate,2004,0.5473481475299999,0.69331388792,0.41697400851000005
Incidence,High-income North America,Both,Age-standardized,Invasive Non-typhoidal Salmonella (iNTS),Rate,2005,0.5422408873,0.6888192571,0.41303155981
Incidence,High-income North America,Both,Age-standardized,Invasive Non-typhoidal Salmonella (iNTS),Rate,2006,0.5417075582599999,0.68794498355,0.41054563705999997
Incidence,High-income North America,Both,Age-standardized,Invasive Non-typhoidal Salmonella (iNTS),Rate,2007,0.54162956214,0.68875467375,0.40904428004000004
Incidence,High-income North America,Both,Age-standardized,Invasive Non-typhoidal Salmonella (iNTS),Rate,2008,0.54204326733,0.6900506442800001,0.40768813661000003
Incidence,High-income North America,Both,Age-standardized,Invasive Non-typhoidal Salmonella (iNTS),Rate,2009,0.54296341194,0.69221872319,0.40733891254000004
Incidence,High-income North America,Both,Age-standardized,Invasive Non-typhoidal Salmonella (iNTS),Rate,2010,0.54438941066,0.69458502459,0.40637411876
Incidence,High-income North America,Both,Age-standardized,Invasive Non-typhoidal Salmonella (iNTS),Rate,2011,0.5479049006,0.6996466784800001,0.4090945601
Incidence,High-income North America,Both,Age-standardized,Invasive Non-typhoidal Salmonella (iNTS),Rate,2012,0.55440801855,0.7083282636,0.41328916473
Incidence,High-income North America,Both,Age-standardized,Invasive Non-typhoidal Salmonella (iNTS),Rate,2013,0.5627549045,0.71950078179,0.41926699544
Incidence,High-income North America,Both,Age-standardized,Invasive Non-typhoidal Salmonella (iNTS),Rate,2014,0.57177674774,0.73220859442,0.42643239687000006
Incidence,High-income North America,Both,Age-standardized,Invasive Non-typhoidal Salmonella (iNTS),Rate,2015,0.5803304590799999,0.74660528111,0.43304481839
Incidence,High-income North America,Both,Age-standardized,Invasive Non-typhoidal Salmonella (iNTS),Rate,2016,0.59216536143,0.7608348403,0.43792333054
Incidence,High-income North America,Both,Age-standardized,Invasive Non-typhoidal Salmonella (iNTS),Rate,2017,0.60839689736,0.78400998117,0.44556836782000003
Incidence,High-income North America,Both,Age-standardized,Invasive Non-typhoidal Salmonella (iNTS),Rate,2018,0.62391539696,0.8064086124700001,0.45536511846
Incidence,High-income North America,Both,Age-standardized,Invasive Non-typhoidal Salmonella (iNTS),Rate,2019,0.63367439131,0.81882553894,0.45999105558
Incidence,High-income North America,Both,Age-standardized,Invasive Non-typhoidal Salmonella (iNTS),Rate,2020,0.63356163604,0.81535937353,0.46515684789000006
Incidence,High-income North America,Both,Age-standardized,Invasive Non-typhoidal Salmonella (iNTS),Rate,2021,0.94053372345,1.2718283632,0.65178394082
Incidence,Central Latin America,Both,All ages,Invasive Non-typhoidal Salmonella (iNTS),Number,1990,1783.690011345047,2242.4114900688637,1363.0935211838678
Incidence,Central Latin America,Both,All ages,Invasive Non-typhoidal Salmonella (iNTS),Rate,1990,1.08491697181,1.36393110231,0.8290920988999999
Incidence,Central Latin America,Both,All ages,Invasive Non-typhoidal Salmonella (iNTS),Number,1991,1757.131078429106,2208.9502388905294,1338.3447673787934
Incidence,Central Latin America,Both,All ages,Invasive Non-typhoidal Salmonella (iNTS),Rate,1991,1.04586976063,1.31479904144,0.7966021082199999
Incidence,Central Latin America,Both,All ages,Invasive Non-typhoidal Salmonella (iNTS),Number,1992,1728.8849181842509,2166.4235234644084,1304.1018921207435
Incidence,Central Latin America,Both,All ages,Invasive Non-typhoidal Salmonella (iNTS),Rate,1992,1.0071084565700001,1.2619830435500001,0.7596642379
Incidence,Central Latin America,Both,All ages,Invasive Non-typhoidal Salmonella (iNTS),Number,1993,1696.2094087475853,2124.811153439055,1274.4099588737763
Incidence,Central Latin America,Both,All ages,Invasive Non-typhoidal Salmonella (iNTS),Rate,1993,0.9673410088100001,1.2117707602,0.7267905772100001
Incidence,Central Latin America,Both,All ages,Invasive Non-typhoidal Salmonella (iNTS),Number,1994,1658.133012869323,2080.418590667617,1236.8358474227332
Incidence,Central Latin America,Both,All ages,Invasive Non-typhoidal Salmonella (iNTS),Rate,1994,0.9263488831800001,1.16226709381,0.6909828687099999
Incidence,Central Latin America,Both,All ages,Invasive Non-typhoidal Salmonella (iNTS),Number,1995,1615.4476544667402,2030.896027985911,1208.9155457546076
Incidence,Central Latin America,Both,All ages,Invasive Non-typhoidal Salmonella (iNTS),Rate,1995,0.8847912668400001,1.11233506356,0.6621309667799999
Incidence,Central Latin America,Both,All ages,Invasive Non-typhoidal Salmonella (iNTS),Number,1996,1552.6315537640392,1942.0827525401592,1159.049607470898
Incidence,Central Latin America,Both,All ages,Invasive Non-typhoidal Salmonella (iNTS),Rate,1996,0.83446398505,1.04377507275,0.62293282136
Incidence,Central Latin America,Both,All ages,Invasive Non-typhoidal Salmonella (iNTS),Number,1997,1466.7066136369956,1836.6191461338783,1089.377386490661
Incidence,Central Latin America,Both,All ages,Invasive Non-typhoidal Salmonella (iNTS),Rate,1997,0.77419246322,0.96944861878,0.5750214490000001
Incidence,Central Latin America,Both,All ages,Invasive Non-typhoidal Salmonella (iNTS),Number,1998,1375.0052905983882,1732.3924145276328,1024.23539764722
Incidence,Central Latin America,Both,All ages,Invasive Non-typhoidal Salmonella (iNTS),Rate,1998,0.7134589405699999,0.8988989825500001,0.53145242909
Incidence,Central Latin America,Both,All ages,Invasive Non-typhoidal Salmonella (iNTS),Number,1999,1294.8527423207884,1652.6342825469862,962.6811536688608
Incidence,Central Latin America,Both,All ages,Invasive Non-typhoidal Salmonella (iNTS),Rate,1999,0.66100503009,0.8436477276200001,0.49143587078
Incidence,Central Latin America,Both,All ages,Invasive Non-typhoidal Salmonella (iNTS),Number,2000,1244.8432601121665,1602.1320270075594,917.7458196273068
Incidence,Central Latin America,Both,All ages,Invasive Non-typhoidal Salmonella (iNTS),Rate,2000,0.62553844925,0.8050774067600001,0.46117074753
Incidence,Central Latin America,Both,All ages,Invasive Non-typhoidal Salmonella (iNTS),Number,2001,1215.1673321789815,1571.1749058407038,889.9472000896027
Incidence,Central Latin America,Both,All ages,Invasive Non-typhoidal Salmonella (iNTS),Rate,2001,0.60132768482,0.7774986568200001,0.44039193226
Incidence,Central Latin America,Both,All ages,Invasive Non-typhoidal Salmonella (iNTS),Number,2002,1185.919885535888,1546.842091606822,866.1708715077682
Incidence,Central Latin America,Both,All ages,Invasive Non-typhoidal Salmonella (iNTS),Rate,2002,0.5781960937799999,0.75416397513,0.42230223185
Incidence,Central Latin America,Both,All ages,Invasive Non-typhoidal Salmonella (iNTS),Number,2003,1161.2875740029076,1524.4411645600817,839.2296030543148
Incidence,Central Latin America,Both,All ages,Invasive Non-typhoidal Salmonella (iNTS),Rate,2003,0.55806899571,0.73258628506,0.40330063994
Incidence,Central Latin America,Both,All ages,Invasive Non-typhoidal Salmonella (iNTS),Number,2004,1145.972183859902,1509.362555310613,813.2576746450505
Incidence,Central Latin America,Both,All ages,Invasive Non-typhoidal Salmonella (iNTS),Rate,2004,0.54298838355,0.7151712281,0.38534047893
Incidence,Central Latin America,Both,All ages,Invasive Non-typhoidal Salmonella (iNTS),Number,2005,1144.976197177614,1510.0981701981596,805.4434962348737
Incidence,Central Latin America,Both,All ages,Invasive Non-typhoidal Salmonella (iNTS),Rate,2005,0.5350544535899999,0.70567820825,0.37638872392
Incidence,Central Latin America,Both,All ages,Invasive Non-typhoidal Salmonella (iNTS),Number,2006,1154.6882261876644,1525.4649589132164,818.6210662428699
Incidence,Central Latin America,Both,All ages,Invasive Non-typhoidal Salmonella (iNTS),Rate,2006,0.53230824172,0.70323534238,0.37738216301
Incidence,Central Latin America,Both,All ages,Invasive Non-typhoidal Salmonella (iNTS),Number,2007,1167.980075962127,1542.466467960248,831.7346009598306
Incidence,Central Latin America,Both,All ages,Invasive Non-typhoidal Salmonella (iNTS),Rate,2007,0.53127618196,0.7016178723900001,0.37832904199
Incidence,Central Latin America,Both,All ages,Invasive Non-typhoidal Salmonella (iNTS),Number,2008,1184.439112097955,1569.534992252291,849.9587784279169
Incidence,Central Latin America,Both,All ages,Invasive Non-typhoidal Salmonella (iNTS),Rate,2008,0.53174049631,0.7046249209700001,0.38157934677
Incidence,Central Latin America,Both,All ages,Invasive Non-typhoidal Salmonella (iNTS),Number,2009,1203.7521820887184,1597.231707101338,868.3086522823708
Incidence,Central Latin America,Both,All ages,Invasive Non-typhoidal Salmonella (iNTS),Rate,2009,0.5335258845799999,0.70792350127,0.38485092586999997
Incidence,Central Latin America,Both,All ages,Invasive Non-typhoidal Salmonella (iNTS),Number,2010,1225.902415992559,1626.0467382934598,887.4180233200989
Incidence,Central Latin America,Both,All ages,Invasive Non-typhoidal Salmonella (iNTS),Rate,2010,0.53649726333,0.7116142474,0.38836479538
Incidence,Central Latin America,Both,All ages,Invasive Non-typhoidal Salmonella (iNTS),Number,2011,1257.7902875400969,1670.8075234226485,909.360469017988
Incidence,Central Latin America,Both,All ages,Invasive Non-typhoidal Salmonella (iNTS),Rate,2011,0.5435311884099999,0.72200907242,0.3929635817
Incidence,Central Latin America,Both,All ages,Invasive Non-typhoidal Salmonella (iNTS),Number,2012,1302.8480025106785,1723.908747332173,943.0479135799276
Incidence,Central Latin America,Both,All ages,Invasive Non-typhoidal Salmonella (iNTS),Rate,2012,0.55599779557,0.73568786339,0.40245106110999995
Incidence,Central Latin America,Both,All ages,Invasive Non-typhoidal Salmonella (iNTS),Number,2013,1355.8055099509872,1786.028383526084,981.5693784404208
Incidence,Central Latin America,Both,All ages,Invasive Non-typhoidal Salmonella (iNTS),Rate,2013,0.57156979065,0.75293975557,0.41380227475
Incidence,Central Latin America,Both,All ages,Invasive Non-typhoidal Salmonella (iNTS),Number,2014,1411.410719835529,1846.94963214872,1019.2858924703796
Incidence,Central Latin America,Both,All ages,Invasive Non-typhoidal Salmonella (iNTS),Rate,2014,0.58798468329,0.76942740993,0.42462798691
Incidence,Central Latin America,Both,All ages,Invasive Non-typhoidal Salmonella (iNTS),Number,2015,1464.2834836403658,1905.7347597663656,1052.2904300995283
Incidence,Central Latin America,Both,All ages,Invasive Non-typhoidal Salmonella (iNTS),Rate,2015,0.6030080159800001,0.7848024985000001,0.43334475296999997
Incidence,Central Latin America,Both,All ages,Invasive Non-typhoidal Salmonella (iNTS),Number,2016,1525.737023912959,1978.9216403972828,1097.6414569133503
Incidence,Central Latin America,Both,All ages,Invasive Non-typhoidal Salmonella (iNTS),Rate,2016,0.6213811235,0.80594790121,0.44703226769000004
Incidence,Central Latin America,Both,All ages,Invasive Non-typhoidal Salmonella (iNTS),Number,2017,1599.1831280308272,2078.038978169376,1151.059995417329
Incidence,Central Latin America,Both,All ages,Invasive Non-typhoidal Salmonella (iNTS),Rate,2017,0.64469989475,0.8377474018000001,0.46404207554
Incidence,Central Latin America,Both,All ages,Invasive Non-typhoidal Salmonella (iNTS),Number,2018,1666.4922341243123,2171.1154918984894,1199.343982792229
Incidence,Central Latin America,Both,All ages,Invasive Non-typhoidal Salmonella (iNTS),Rate,2018,0.66705795481,0.86904686984,0.4800694104
Incidence,Central Latin America,Both,All ages,Invasive Non-typhoidal Salmonella (iNTS),Number,2019,1710.9410566667077,2233.71889078627,1234.1600873811126
Incidence,Central Latin America,Both,All ages,Invasive Non-typhoidal Salmonella (iNTS),Rate,2019,0.68196411127,0.89033816345,0.49192395254
Incidence,Central Latin America,Both,All ages,Invasive Non-typhoidal Salmonella (iNTS),Number,2020,1720.953172219938,2225.1137083293875,1234.5718924381522
Incidence,Central Latin America,Both,All ages,Invasive Non-typhoidal Salmonella (iNTS),Rate,2020,0.6831667232799999,0.8833033144499999,0.49008796288999995
Incidence,Central Latin America,Both,All ages,Invasive Non-typhoidal Salmonella (iNTS),Number,2021,1728.824103814988,2266.057549756705,1247.1877532340322
Incidence,Central Latin America,Both,All ages,Invasive Non-typhoidal Salmonella (iNTS),Rate,2021,0.6833245711,0.89566821741,0.49295589683
Incidence,Central Latin America,Both,Age-standardized,Invasive Non-typhoidal Salmonella (iNTS),Rate,1990,1.06455221818,1.33105033371,0.8219702600300001
Incidence,Central Latin America,Both,Age-standardized,Invasive Non-typhoidal Salmonella (iNTS),Rate,1991,1.01775682264,1.26879325433,0.7798678181200001
Incidence,Central Latin America,Both,Age-standardized,Invasive Non-typhoidal Salmonella (iNTS),Rate,1992,0.97720734748,1.21521080923,0.74458584453
Incidence,Central Latin America,Both,Age-standardized,Invasive Non-typhoidal Salmonella (iNTS),Rate,1993,0.93836168681,1.16286177855,0.71183192948
Incidence,Central Latin America,Both,Age-standardized,Invasive Non-typhoidal Salmonella (iNTS),Rate,1994,0.8994474461699999,1.1180699601800002,0.6773520845900001
Incidence,Central Latin America,Both,Age-standardized,Invasive Non-typhoidal Salmonella (iNTS),Rate,1995,0.86079381976,1.0740297322199999,0.64413541695
Incidence,Central Latin America,Both,Age-standardized,Invasive Non-typhoidal Salmonella (iNTS),Rate,1996,0.8133544093999999,1.0125158728699999,0.61000885728
Incidence,Central Latin America,Both,Age-standardized,Invasive Non-typhoidal Salmonella (iNTS),Rate,1997,0.7568185967000001,0.9411348608,0.5681176947600001
Incidence,Central Latin America,Both,Age-standardized,Invasive Non-typhoidal Salmonella (iNTS),Rate,1998,0.70037859072,0.87612650836,0.52577954888
Incidence,Central Latin America,Both,Age-standardized,Invasive Non-typhoidal Salmonella (iNTS),Rate,1999,0.65168497432,0.8197970160799999,0.48894216905
Incidence,Central Latin America,Both,Age-standardized,Invasive Non-typhoidal Salmonella (iNTS),Rate,2000,0.6188133096699999,0.7783074325,0.46411987651000003
Incidence,Central Latin America,Both,Age-standardized,Invasive Non-typhoidal Salmonella (iNTS),Rate,2001,0.59625342986,0.75644007601,0.44363560221000004
Incidence,Central Latin America,Both,Age-standardized,Invasive Non-typhoidal Salmonella (iNTS),Rate,2002,0.57436612659,0.73529922866,0.42748118652
Incidence,Central Latin America,Both,Age-standardized,Invasive Non-typhoidal Salmonella (iNTS),Rate,2003,0.55522782139,0.71594983282,0.41015326493000004
Incidence,Central Latin America,Both,Age-standardized,Invasive Non-typhoidal Salmonella (iNTS),Rate,2004,0.54108722293,0.70187974831,0.39322139960999997
Incidence,Central Latin America,Both,Age-standardized,Invasive Non-typhoidal Salmonella (iNTS),Rate,2005,0.53426653875,0.69629106936,0.38340248935
Incidence,Central Latin America,Both,Age-standardized,Invasive Non-typhoidal Salmonella (iNTS),Rate,2006,0.53277466344,0.69482445762,0.38498427456000006
Incidence,Central Latin America,Both,Age-standardized,Invasive Non-typhoidal Salmonella (iNTS),Rate,2007,0.53294329711,0.69530997627,0.38643091924
Incidence,Central Latin America,Both,Age-standardized,Invasive Non-typhoidal Salmonella (iNTS),Rate,2008,0.53452903188,0.69901889022,0.38869308536999997
Incidence,Central Latin America,Both,Age-standardized,Invasive Non-typhoidal Salmonella (iNTS),Rate,2009,0.53732576422,0.70385010547,0.39177722556
Incidence,Central Latin America,Both,Age-standardized,Invasive Non-typhoidal Salmonella (iNTS),Rate,2010,0.54115982629,0.70870955528,0.39511062434000005
Incidence,Central Latin America,Both,Age-standardized,Invasive Non-typhoidal Salmonella (iNTS),Rate,2011,0.54889869015,0.72011512139,0.39864517804
Incidence,Central Latin America,Both,Age-standardized,Invasive Non-typhoidal Salmonella (iNTS),Rate,2012,0.56201090987,0.73452659565,0.4089791744
Incidence,Central Latin America,Both,Age-standardized,Invasive Non-typhoidal Salmonella (iNTS),Rate,2013,0.57827084623,0.7529200554,0.42262202803
Incidence,Central Latin America,Both,Age-standardized,Invasive Non-typhoidal Salmonella (iNTS),Rate,2014,0.59547318852,0.7718132987999999,0.43704696847
Incidence,Central Latin America,Both,Age-standardized,Invasive Non-typhoidal Salmonella (iNTS),Rate,2015,0.61141202855,0.7890371341599999,0.44745304198
Incidence,Central Latin America,Both,Age-standardized,Invasive Non-typhoidal Salmonella (iNTS),Rate,2016,0.6309906793900001,0.8134323086999999,0.46168341384999995
Incidence,Central Latin America,Both,Age-standardized,Invasive Non-typhoidal Salmonella (iNTS),Rate,2017,0.65603999023,0.8477744035600001,0.47883234424
Incidence,Central Latin America,Both,Age-standardized,Invasive Non-typhoidal Salmonella (iNTS),Rate,2018,0.68058378634,0.88226970266,0.49593088108000005
Incidence,Central Latin America,Both,Age-standardized,Invasive Non-typhoidal Salmonella (iNTS),Rate,2019,0.69773489496,0.9074287106,0.50826444647
Incidence,Central Latin America,Both,Age-standardized,Invasive Non-typhoidal Salmonella (iNTS),Rate,2020,0.6999459253,0.90248092516,0.5099153441100001
Incidence,Central Latin America,Both,Age-standardized,Invasive Non-typhoidal Salmonella (iNTS),Rate,2021,0.7030486396,0.90493511717,0.51047951252
Incidence,North Africa and Middle East,Both,All ages,Invasive Non-typhoidal Salmonella (iNTS),Number,1990,7363.481905540466,9328.621856408186,5633.856482778834
Incidence,North Africa and Middle East,Both,All ages,Invasive Non-typhoidal Salmonella (iNTS),Rate,1990,2.17089003587,2.75024947385,1.66096461686
Incidence,North Africa and Middle East,Both,All ages,Invasive Non-typhoidal Salmonella (iNTS),Number,1991,7430.668525794294,9414.479246562909,5683.003166768931
Incidence,North Africa and Middle East,Both,All ages,Invasive Non-typhoidal Salmonella (iNTS),Rate,1991,2.1388797885899997,2.70990952035,1.6358232869199998
Incidence,North Africa and Middle East,Both,All ages,Invasive Non-typhoidal Salmonella (iNTS),Number,1992,7524.041679687505,9537.237825328604,5736.766224521226
Incidence,North Africa and Middle East,Both,All ages,Invasive Non-typhoidal Salmonella (iNTS),Rate,1992,2.1146736641799997,2.68049361192,1.6123499800999999
Incidence,North Africa and Middle East,Both,All ages,Invasive Non-typhoidal Salmonella (iNTS),Number,1993,7649.443457272761,9694.357343861611,5833.278213836547
Incidence,North Africa and Middle East,Both,All ages,Invasive Non-typhoidal Salmonella (iNTS),Rate,1993,2.10112564086,2.66281630823,1.60226694842
Incidence,North Africa and Middle East,Both,All ages,Invasive Non-typhoidal Salmonella (iNTS),Number,1994,7784.532760819272,9859.521093453175,5941.999709687518
Incidence,North Africa and Middle East,Both,All ages,Invasive Non-typhoidal Salmonella (iNTS),Rate,1994,2.0925826927399998,2.65036628823,1.5972860716000001
Incidence,North Africa and Middle East,Both,All ages,Invasive Non-typhoidal Salmonella (iNTS),Number,1995,7918.890190919307,10022.44152306427,6052.356752537432
Incidence,North Africa and Middle East,Both,All ages,Invasive Non-typhoidal Salmonella (iNTS),Rate,1995,2.0844863792700004,2.63820337676,1.5931595095999997
Incidence,North Africa and Middle East,Both,All ages,Invasive Non-typhoidal Salmonella (iNTS),Number,1996,8060.046072192564,10212.818167057532,6165.238605313858
Incidence,North Africa and Middle East,Both,All ages,Invasive Non-typhoidal Salmonella (iNTS),Rate,1996,2.07854619745,2.6337088121099996,1.5899081896899998
Incidence,North Africa and Middle East,Both,All ages,Invasive Non-typhoidal Salmonella (iNTS),Number,1997,8216.37278075876,10402.26960454353,6289.380617144076
Incidence,North Africa and Middle East,Both,All ages,Invasive Non-typhoidal Salmonella (iNTS),Rate,1997,2.07639319699,2.62880013072,1.58941511969
Incidence,North Africa and Middle East,Both,All ages,Invasive Non-typhoidal Salmonella (iNTS),Number,1998,8389.208110016449,10584.43013234092,6430.981962524927
Incidence,North Africa and Middle East,Both,All ages,Invasive Non-typhoidal Salmonella (iNTS),Rate,1998,2.07689845698,2.62036491663,1.59210456335
Incidence,North Africa and Middle East,Both,All ages,Invasive Non-typhoidal Salmonella (iNTS),Number,1999,8562.862305451183,10736.810699826725,6565.339162839759
Incidence,North Africa and Middle East,Both,All ages,Invasive Non-typhoidal Salmonella (iNTS),Rate,1999,2.07681971335,2.60408486374,1.59234439511
Incidence,North Africa and Middle East,Both,All ages,Invasive Non-typhoidal Salmonella (iNTS),Number,2000,8704.501209551048,10861.03268621655,6677.462642333496
Incidence,North Africa and Middle East,Both,All ages,Invasive Non-typhoidal Salmonella (iNTS),Rate,2000,2.0698365763,2.58263651979,1.58782865109
Incidence,North Africa and Middle East,Both,All ages,Invasive Non-typhoidal Salmonella (iNTS),Number,2001,8801.557187703103,11001.671922939342,6754.238229690525
Incidence,North Africa and Middle East,Both,All ages,Invasive Non-typhoidal Salmonella (iNTS),Rate,2001,2.05317746351,2.56640778118,1.57559048025
Incidence,North Africa and Middle East,Both,All ages,Invasive Non-typhoidal Salmonella (iNTS),Number,2002,8907.995547073271,11145.59561868528,6841.01253245953
Incidence,North Africa and Middle East,Both,All ages,Invasive Non-typhoidal Salmonella (iNTS),Rate,2002,2.0373577570099997,2.54912180526,1.5646157292199998
Incidence,North Africa and Middle East,Both,All ages,Invasive Non-typhoidal Salmonella (iNTS),Number,2003,9045.489842206776,11322.915960951654,6950.436501280474
Incidence,North Africa and Middle East,Both,All ages,Invasive Non-typhoidal Salmonella (iNTS),Rate,2003,2.02726687605,2.53768152619,1.55772544538
Incidence,North Africa and Middle East,Both,All ages,Invasive Non-typhoidal Salmonella (iNTS),Number,2004,9184.179636752322,11501.132244953702,7056.993709524752
Incidence,North Africa and Middle East,Both,All ages,Invasive Non-typhoidal Salmonella (iNTS),Rate,2004,2.01731837587,2.52624037625,1.55007890217
Incidence,North Africa and Middle East,Both,All ages,Invasive Non-typhoidal Salmonella (iNTS),Number,2005,9337.313297408373,11696.711302444784,7157.877067806044
Incidence,North Africa and Middle East,Both,All ages,Invasive Non-typhoidal Salmonella (iNTS),Rate,2005,2.0095633398,2.51734963591,1.54050816205
Incidence,North Africa and Middle East,Both,All ages,Invasive Non-typhoidal Salmonella (iNTS),Number,2006,9576.469140297651,11987.16888005596,7374.199171070906
Incidence,North Africa and Middle East,Both,All ages,Invasive Non-typhoidal Salmonella (iNTS),Rate,2006,2.01761378874,2.52551090241,1.5536296009000001
Incidence,North Africa and Middle East,Both,All ages,Invasive Non-typhoidal Salmonella (iNTS),Number,2007,9889.3292015872,12365.1834105916,7624.970359114592
Incidence,North Africa and Middle East,Both,All ages,Invasive Non-typhoidal Salmonella (iNTS),Rate,2007,2.03884415042,2.54928128609,1.5720101836
Incidence,North Africa and Middle East,Both,All ages,Invasive Non-typhoidal Salmonella (iNTS),Number,2008,10227.733741561176,12771.177704330266,7885.929348721954
Incidence,North Africa and Middle East,Both,All ages,Invasive Non-typhoidal Salmonella (iNTS),Rate,2008,2.0619356645,2.57470007057,1.5898222795699999
Incidence,North Africa and Middle East,Both,All ages,Invasive Non-typhoidal Salmonella (iNTS),Number,2009,10560.995294126524,13178.81014657109,8162.70794145226
Incidence,North Africa and Middle East,Both,All ages,Invasive Non-typhoidal Salmonella (iNTS),Rate,2009,2.08212775355,2.5982367760500003,1.60929914991
Incidence,North Africa and Middle East,Both,All ages,Invasive Non-typhoidal Salmonella (iNTS),Number,2010,10818.136259662986,13525.20610106675,8381.536401910733
Incidence,North Africa and Middle East,Both,All ages,Invasive Non-typhoidal Salmonella (iNTS),Rate,2010,2.0894890569199998,2.61235109842,1.6188674436700001
Incidence,North Africa and Middle East,Both,All ages,Invasive Non-typhoidal Salmonella (iNTS),Number,2011,11013.67515709232,13753.362353510198,8537.285476449892
Incidence,North Africa and Middle East,Both,All ages,Invasive Non-typhoidal Salmonella (iNTS),Rate,2011,2.08558711568,2.60438363331,1.61664951423
Incidence,North Africa and Middle East,Both,All ages,Invasive Non-typhoidal Salmonella (iNTS),Number,2012,11205.57538673858,13972.562082165194,8672.232821024758
Incidence,North Africa and Middle East,Both,All ages,Invasive Non-typhoidal Salmonella (iNTS),Rate,2012,2.08177221839,2.59582311113,1.6111277408899998
Incidence,North Africa and Middle East,Both,All ages,Invasive Non-typhoidal Salmonella (iNTS),Number,2013,11375.564937973972,14179.664762999151,8804.879034912308
Incidence,North Africa and Middle East,Both,All ages,Invasive Non-typhoidal Salmonella (iNTS),Rate,2013,2.07576045063,2.5874396110199998,1.60667358262
Incidence,North Africa and Middle East,Both,All ages,Invasive Non-typhoidal Salmonella (iNTS),Number,2014,11517.280116159403,14361.005758781468,8900.961392168014
Incidence,North Africa and Middle East,Both,All ages,Invasive Non-typhoidal Salmonella (iNTS),Rate,2014,2.06566900286,2.57570226187,1.5964220595500003
Incidence,North Africa and Middle East,Both,All ages,Invasive Non-typhoidal Salmonella (iNTS),Number,2015,11628.90273955434,14511.68288572264,8968.763597686066
Incidence,North Africa and Middle East,Both,All ages,Invasive Non-typhoidal Salmonella (iNTS),Rate,2015,2.04960763293,2.55770098654,1.58075501528
Incidence,North Africa and Middle East,Both,All ages,Invasive Non-typhoidal Salmonella (iNTS),Number,2016,11598.711768128964,14468.27643301354,8949.003868351403
Incidence,North Africa and Middle East,Both,All ages,Invasive Non-typhoidal Salmonella (iNTS),Rate,2016,2.00992120091,2.50718322212,1.5507577877199998
Incidence,North Africa and Middle East,Both,All ages,Invasive Non-typhoidal Salmonella (iNTS),Number,2017,11430.38046205852,14299.390042687868,8780.512166523025
Incidence,North Africa and Middle East,Both,All ages,Invasive Non-typhoidal Salmonella (iNTS),Rate,2017,1.9481143984599998,2.43708839998,1.49648931059
Incidence,North Africa and Middle East,Both,All ages,Invasive Non-typhoidal Salmonella (iNTS),Number,2018,11265.657905201128,14094.23160339292,8623.685109943373
Incidence,North Africa and Middle East,Both,All ages,Invasive Non-typhoidal Salmonella (iNTS),Rate,2018,1.88841025873,2.36255101767,1.4455485482200001
Incidence,North Africa and Middle East,Both,All ages,Invasive Non-typhoidal Salmonella (iNTS),Number,2019,11230.541949336057,14052.729280836817,8579.492269292125
Incidence,North Africa and Middle East,Both,All ages,Invasive Non-typhoidal Salmonella (iNTS),Rate,2019,1.85277659474,2.31837145716,1.4154154397
Incidence,North Africa and Middle East,Both,All ages,Invasive Non-typhoidal Salmonella (iNTS),Number,2020,11875.104610533896,14944.691314175314,8992.203906511682
Incidence,North Africa and Middle East,Both,All ages,Invasive Non-typhoidal Salmonella (iNTS),Rate,2020,1.9310866011999999,2.43025169903,1.4622797060400001
Incidence,North Africa and Middle East,Both,All ages,Invasive Non-typhoidal Salmonella (iNTS),Number,2021,11523.51366068143,14465.327106915633,8828.192469834838
Incidence,North Africa and Middle East,Both,All ages,Invasive Non-typhoidal Salmonella (iNTS),Rate,2021,1.8496809756800001,2.32188212245,1.41704519488
Incidence,North Africa and Middle East,Both,Age-standardized,Invasive Non-typhoidal Salmonella (iNTS),Rate,1990,1.8557288939299998,2.34216623411,1.42392076509
Incidence,North Africa and Middle East,Both,Age-standardized,Invasive Non-typhoidal Salmonella (iNTS),Rate,1991,1.83670168872,2.31521450221,1.40694067379
Incidence,North Africa and Middle East,Both,Age-standardized,Invasive Non-typhoidal Salmonella (iNTS),Rate,1992,1.8238829408600001,2.29738871297,1.3955643497399999
Incidence,North Africa and Middle East,Both,Age-standardized,Invasive Non-typhoidal Salmonella (iNTS),Rate,1993,1.81948558237,2.29164632556,1.39683966896
Incidence,North Africa and Middle East,Both,Age-standardized,Invasive Non-typhoidal Salmonella (iNTS),Rate,1994,1.81944399182,2.29154493889,1.40289720497
Incidence,North Africa and Middle East,Both,Age-standardized,Invasive Non-typhoidal Salmonella (iNTS),Rate,1995,1.82040290874,2.29310333364,1.40458650733
Incidence,North Africa and Middle East,Both,Age-standardized,Invasive Non-typhoidal Salmonella (iNTS),Rate,1996,1.82351312255,2.28949136004,1.40686402579
Incidence,North Africa and Middle East,Both,Age-standardized,Invasive Non-typhoidal Salmonella (iNTS),Rate,1997,1.8298647292099999,2.28792818238,1.41158482279
Incidence,North Africa and Middle East,Both,Age-standardized,Invasive Non-typhoidal Salmonella (iNTS),Rate,1998,1.8386469358300002,2.2908810026400004,1.41813271747
Incidence,North Africa and Middle East,Both,Age-standardized,Invasive Non-typhoidal Salmonella (iNTS),Rate,1999,1.84747462661,2.2959884115499998,1.42525164413
Incidence,North Africa and Middle East,Both,Age-standardized,Invasive Non-typhoidal Salmonella (iNTS),Rate,2000,1.85159237347,2.29634470079,1.43056403327
Incidence,North Africa and Middle East,Both,Age-standardized,Invasive Non-typhoidal Salmonella (iNTS),Rate,2001,1.84921398655,2.2965733553099996,1.42801869403
Incidence,North Africa and Middle East,Both,Age-standardized,Invasive Non-typhoidal Salmonella (iNTS),Rate,2002,1.84802221121,2.29837489659,1.42542609824
Incidence,North Africa and Middle East,Both,Age-standardized,Invasive Non-typhoidal Salmonella (iNTS),Rate,2003,1.85092646626,2.30491962674,1.4264494497
Incidence,North Africa and Middle East,Both,Age-standardized,Invasive Non-typhoidal Salmonella (iNTS),Rate,2004,1.85301046166,2.30876916566,1.42670436507
Incidence,North Africa and Middle East,Both,Age-standardized,Invasive Non-typhoidal Salmonella (iNTS),Rate,2005,1.85545153665,2.31266158799,1.42720913388
Incidence,North Africa and Middle East,Both,Age-standardized,Invasive Non-typhoidal Salmonella (iNTS),Rate,2006,1.8701964644700002,2.33133912482,1.43917091069
Incidence,North Africa and Middle East,Both,Age-standardized,Invasive Non-typhoidal Salmonella (iNTS),Rate,2007,1.8964354228699998,2.36574692206,1.46197975413
Incidence,North Africa and Middle East,Both,Age-standardized,Invasive Non-typhoidal Salmonella (iNTS),Rate,2008,1.92464317395,2.39830325622,1.48887083818
Incidence,North Africa and Middle East,Both,Age-standardized,Invasive Non-typhoidal Salmonella (iNTS),Rate,2009,1.94972691333,2.42126649784,1.51604432551
Incidence,North Africa and Middle East,Both,Age-standardized,Invasive Non-typhoidal Salmonella (iNTS),Rate,2010,1.96245580286,2.43638545058,1.5279699543
Incidence,North Africa and Middle East,Both,Age-standardized,Invasive Non-typhoidal Salmonella (iNTS),Rate,2011,1.96468824109,2.44294407439,1.52966080189
Incidence,North Africa and Middle East,Both,Age-standardized,Invasive Non-typhoidal Salmonella (iNTS),Rate,2012,1.96642034246,2.44852708346,1.5302480146700002
Incidence,North Africa and Middle East,Both,Age-standardized,Invasive Non-typhoidal Salmonella (iNTS),Rate,2013,1.9661961983299998,2.4479824699,1.52773582583
Incidence,North Africa and Middle East,Both,Age-standardized,Invasive Non-typhoidal Salmonella (iNTS),Rate,2014,1.96275015998,2.43948351389,1.52402355306
Incidence,North Africa and Middle East,Both,Age-standardized,Invasive Non-typhoidal Salmonella (iNTS),Rate,2015,1.9544855294399999,2.43256618083,1.51619295065
Incidence,North Africa and Middle East,Both,Age-standardized,Invasive Non-typhoidal Salmonella (iNTS),Rate,2016,1.9251926291500001,2.41017778124,1.4934714710099999
Incidence,North Africa and Middle East,Both,Age-standardized,Invasive Non-typhoidal Salmonella (iNTS),Rate,2017,1.87570351109,2.3525309122799998,1.45232351073
Incidence,North Africa and Middle East,Both,Age-standardized,Invasive Non-typhoidal Salmonella (iNTS),Rate,2018,1.8282492200500002,2.29283825093,1.40938714253
Incidence,North Africa and Middle East,Both,Age-standardized,Invasive Non-typhoidal Salmonella (iNTS),Rate,2019,1.8038321501499999,2.26330985294,1.38545129791
Incidence,North Africa and Middle East,Both,Age-standardized,Invasive Non-typhoidal Salmonella (iNTS),Rate,2020,1.8890615767499999,2.37163457731,1.4359350768699999
Incidence,North Africa and Middle East,Both,Age-standardized,Invasive Non-typhoidal Salmonella (iNTS),Rate,2021,1.82040353871,2.2784949485,1.4090009290599999
Incidence,Tropical Latin America,Both,All ages,Invasive Non-typhoidal Salmonella (iNTS),Number,1990,1072.964880101455,1401.8867679140667,744.9344439173981
Incidence,Tropical Latin America,Both,All ages,Invasive Non-typhoidal Salmonella (iNTS),Rate,1990,0.70334559178,0.9189591352700001,0.48831640906
Incidence,Tropical Latin America,Both,All ages,Invasive Non-typhoidal Salmonella (iNTS),Number,1991,1058.9076253677658,1386.1970796856529,736.8269532547183
Incidence,Tropical Latin America,Both,All ages,Invasive Non-typhoidal Salmonella (iNTS),Rate,1991,0.68301931637,0.8941284008499999,0.47527001396
Incidence,Tropical Latin America,Both,All ages,Invasive Non-typhoidal Salmonella (iNTS),Number,1992,1045.9390877912936,1373.0892203384049,728.6978728427421
Incidence,Tropical Latin America,Both,All ages,Invasive Non-typhoidal Salmonella (iNTS),Rate,1992,0.66374480372,0.87135173136,0.46242599806
Incidence,Tropical Latin America,Both,All ages,Invasive Non-typhoidal Salmonella (iNTS),Number,1993,1034.9738975125044,1364.6128925623248,721.9261568435211
Incidence,Tropical Latin America,Both,All ages,Invasive Non-typhoidal Salmonella (iNTS),Rate,1993,0.64608301649,0.85186033782,0.4506627947
Incidence,Tropical Latin America,Both,All ages,Invasive Non-typhoidal Salmonella (iNTS),Number,1994,1026.472993768663,1355.2505924413815,715.9574012529101
Incidence,Tropical Latin America,Both,All ages,Invasive Non-typhoidal Salmonella (iNTS),Rate,1994,0.6302414024899999,0.8321066791699999,0.43958876602
Incidence,Tropical Latin America,Both,All ages,Invasive Non-typhoidal Salmonella (iNTS),Number,1995,1021.0120166269628,1350.4616462144372,719.6400628623999
Incidence,Tropical Latin America,Both,All ages,Invasive Non-typhoidal Salmonella (iNTS),Rate,1995,0.61647796075,0.81539671244,0.43451225960000006
Incidence,Tropical Latin America,Both,All ages,Invasive Non-typhoidal Salmonella (iNTS),Number,1996,1012.7475662848492,1338.212160569626,718.1354696699352
Incidence,Tropical Latin America,Both,All ages,Invasive Non-typhoidal Salmonella (iNTS),Rate,1996,0.60128443053,0.7945179664500001,0.426368516
Incidence,Tropical Latin America,Both,All ages,Invasive Non-typhoidal Salmonella (iNTS),Number,1997,998.0562340567868,1320.391502161781,701.971301023101
Incidence,Tropical Latin America,Both,All ages,Invasive Non-typhoidal Salmonella (iNTS),Rate,1997,0.58267714714,0.7708603256300001,0.40981922770999996
Incidence,Tropical Latin America,Both,All ages,Invasive Non-typhoidal Salmonella (iNTS),Number,1998,980.856415931226,1304.588213905829,686.9354341052989
Incidence,Tropical Latin America,Both,All ages,Invasive Non-typhoidal Salmonella (iNTS),Rate,1998,0.56317848234,0.74905561961,0.39441782605
Incidence,Tropical Latin America,Both,All ages,Invasive Non-typhoidal Salmonella (iNTS),Number,1999,965.4956373810732,1296.6198476197785,678.8186799706053
Incidence,Tropical Latin America,Both,All ages,Invasive Non-typhoidal Salmonella (iNTS),Rate,1999,0.5454120691800001,0.73246536458,0.38346719187999995
Incidence,Tropical Latin America,Both,All ages,Invasive Non-typhoidal Salmonella (iNTS),Number,2000,956.7087822516968,1298.9243280277271,663.2322433809427
Incidence,Tropical Latin America,Both,All ages,Invasive Non-typhoidal Salmonella (iNTS),Rate,2000,0.53201483043,0.72231698813,0.36881587798
Incidence,Tropical Latin America,Both,All ages,Invasive Non-typhoidal Salmonella (iNTS),Number,2001,951.6456208076908,1295.4641248627076,651.8428556657216
Incidence,Tropical Latin America,Both,All ages,Invasive Non-typhoidal Salmonella (iNTS),Rate,2001,0.52131007278,0.70965334411,0.35707855855
Incidence,Tropical Latin America,Both,All ages,Invasive Non-typhoidal Salmonella (iNTS),Number,2002,945.1979678284574,1282.534734140238,646.1631941390634
Incidence,Tropical Latin America,Both,All ages,Invasive Non-typhoidal Salmonella (iNTS),Rate,2002,0.51042560055,0.69259412756,0.34894090725
Incidence,Tropical Latin America,Both,All ages,Invasive Non-typhoidal Salmonella (iNTS),Number,2003,938.7822592887871,1277.8044591075982,643.6600399127464
Incidence,Tropical Latin America,Both,All ages,Invasive Non-typhoidal Salmonella (iNTS),Rate,2003,0.5001016445800001,0.68070322498,0.34288616058
Incidence,Tropical Latin America,Both,All ages,Invasive Non-typhoidal Salmonella (iNTS),Number,2004,933.845480951409,1274.404134251029,637.1595765821921
Incidence,Tropical Latin America,Both,All ages,Invasive Non-typhoidal Salmonella (iNTS),Rate,2004,0.49104074826000005,0.6701155302899999,0.33503542249
Incidence,Tropical Latin America,Both,All ages,Invasive Non-typhoidal Salmonella (iNTS),Number,2005,931.857632566128,1275.8501611617608,637.273623632396
Incidence,Tropical Latin America,Both,All ages,Invasive Non-typhoidal Salmonella (iNTS),Rate,2005,0.48388820759,0.6625141288399999,0.33091878062
Incidence,Tropical Latin America,Both,All ages,Invasive Non-typhoidal Salmonella (iNTS),Number,2006,930.6712054493528,1280.4268907917412,634.5668839788301
Incidence,Tropical Latin America,Both,All ages,Invasive Non-typhoidal Salmonella (iNTS),Rate,2006,0.47743843798,0.6568646489800001,0.32553561355
Incidence,Tropical Latin America,Both,All ages,Invasive Non-typhoidal Salmonella (iNTS),Number,2007,928.3088157010008,1278.8934168429796,634.1219936374355
Incidence,Tropical Latin America,Both,All ages,Invasive Non-typhoidal Salmonella (iNTS),Rate,2007,0.47066463511,0.64841558456,0.32150809268
Incidence,Tropical Latin America,Both,All ages,Invasive Non-typhoidal Salmonella (iNTS),Number,2008,926.4482296850812,1269.859201183835,635.779192882945
Incidence,Tropical Latin America,Both,All ages,Invasive Non-typhoidal Salmonella (iNTS),Rate,2008,0.46439367886999994,0.63653269248,0.31869221492
Incidence,Tropical Latin America,Both,All ages,Invasive Non-typhoidal Salmonella (iNTS),Number,2009,926.8237828226725,1265.1430962001325,636.9781316149589
Incidence,Tropical Latin America,Both,All ages,Invasive Non-typhoidal Salmonella (iNTS),Rate,2009,0.45944805014000006,0.62716078231,0.31576483683
Incidence,Tropical Latin America,Both,All ages,Invasive Non-typhoidal Salmonella (iNTS),Number,2010,931.1651578541898,1268.638691409693,640.8831887766448
Incidence,Tropical Latin America,Both,All ages,Invasive Non-typhoidal Salmonella (iNTS),Rate,2010,0.45660385240000007,0.62208654277,0.3142619013
Incidence,Tropical Latin America,Both,All ages,Invasive Non-typhoidal Salmonella (iNTS),Number,2011,940.6936990293258,1296.0135105382146,646.6553704679227
Incidence,Tropical Latin America,Both,All ages,Invasive Non-typhoidal Salmonella (iNTS),Rate,2011,0.45635658721000005,0.6287320764000001,0.31371044398
Incidence,Tropical Latin America,Both,All ages,Invasive Non-typhoidal Salmonella (iNTS),Number,2012,954.6439220009844,1327.0841781775607,654.2306570093258
Incidence,Tropical Latin America,Both,All ages,Invasive Non-typhoidal Salmonella (iNTS),Rate,2012,0.45822845697000003,0.63699953587,0.31403028664
Incidence,Tropical Latin America,Both,All ages,Invasive Non-typhoidal Salmonella (iNTS),Number,2013,971.824906537629,1352.6720364815185,662.2073315315081
Incidence,Tropical Latin America,Both,All ages,Invasive Non-typhoidal Salmonella (iNTS),Rate,2013,0.46157508983,0.64246111882,0.31452004007
Incidence,Tropical Latin America,Both,All ages,Invasive Non-typhoidal Salmonella (iNTS),Number,2014,991.0104904256974,1380.235899123461,673.0659715327705
Incidence,Tropical Latin America,Both,All ages,Invasive Non-typhoidal Salmonella (iNTS),Rate,2014,0.46576499806999994,0.64869703914,0.3163342608
Incidence,Tropical Latin America,Both,All ages,Invasive Non-typhoidal Salmonella (iNTS),Number,2015,1010.855900829112,1410.749411842764,683.403833268133
Incidence,Tropical Latin America,Both,All ages,Invasive Non-typhoidal Salmonella (iNTS),Rate,2015,0.47017650079,0.6561778206000001,0.31786966143
Incidence,Tropical Latin America,Both,All ages,Invasive Non-typhoidal Salmonella (iNTS),Number,2016,1038.5129614506654,1450.2876422209172,709.5957305807226
Incidence,Tropical Latin America,Both,All ages,Invasive Non-typhoidal Salmonella (iNTS),Rate,2016,0.47816349888000004,0.66775730215,0.32671982914
Incidence,Tropical Latin America,Both,All ages,Invasive Non-typhoidal Salmonella (iNTS),Number,2017,1075.9427960125838,1501.8163414332744,738.8659034086727
Incidence,Tropical Latin America,Both,All ages,Invasive Non-typhoidal Salmonella (iNTS),Rate,2017,0.49044693977,0.68457285227,0.33679720016000003
Incidence,Tropical Latin America,Both,All ages,Invasive Non-typhoidal Salmonella (iNTS),Number,2018,1113.493824751635,1553.532334678088,766.1422618749564
Incidence,Tropical Latin America,Both,All ages,Invasive Non-typhoidal Salmonella (iNTS),Rate,2018,0.50252700431,0.7011192454699999,0.34576498511000003
Incidence,Tropical Latin America,Both,All ages,Invasive Non-typhoidal Salmonella (iNTS),Number,2019,1141.2057687785225,1594.824099749082,790.3648924061149
Incidence,Tropical Latin America,Both,All ages,Invasive Non-typhoidal Salmonella (iNTS),Rate,2019,0.5100284137800001,0.71275980905,0.35323038439000004
Incidence,Tropical Latin America,Both,All ages,Invasive Non-typhoidal Salmonella (iNTS),Number,2020,1154.2841151604453,1593.227769475465,810.8045430544955
Incidence,Tropical Latin America,Both,All ages,Invasive Non-typhoidal Salmonella (iNTS),Rate,2020,0.5112252041199999,0.7056305990599999,0.35910025321
Incidence,Tropical Latin America,Both,All ages,Invasive Non-typhoidal Salmonella (iNTS),Number,2021,1160.4341613627078,1609.2929402524528,797.5690033725566
Incidence,Tropical Latin America,Both,All ages,Invasive Non-typhoidal Salmonella (iNTS),Rate,2021,0.51002517094,0.7073041576,0.35054144460000003
Incidence,Tropical Latin America,Both,Age-standardized,Invasive Non-typhoidal Salmonella (iNTS),Rate,1990,0.66369742698,0.85910176056,0.47529924628
Incidence,Tropical Latin America,Both,Age-standardized,Invasive Non-typhoidal Salmonella (iNTS),Rate,1991,0.65158784503,0.8444666098300001,0.46809375977
Incidence,Tropical Latin America,Both,Age-standardized,Invasive Non-typhoidal Salmonella (iNTS),Rate,1992,0.63928881191,0.83118355335,0.45751282269
Incidence,Tropical Latin America,Both,Age-standardized,Invasive Non-typhoidal Salmonella (iNTS),Rate,1993,0.62725419444,0.8146240839,0.44983675279
Incidence,Tropical Latin America,Both,Age-standardized,Invasive Non-typhoidal Salmonella (iNTS),Rate,1994,0.61568259539,0.79902755633,0.44128901093999995
Incidence,Tropical Latin America,Both,Age-standardized,Invasive Non-typhoidal Salmonella (iNTS),Rate,1995,0.60518247321,0.7849874145700001,0.43476714782
Incidence,Tropical Latin America,Both,Age-standardized,Invasive Non-typhoidal Salmonella (iNTS),Rate,1996,0.59252330315,0.76818615526,0.42797413323
Incidence,Tropical Latin America,Both,Age-standardized,Invasive Non-typhoidal Salmonella (iNTS),Rate,1997,0.57607575503,0.7465550882800001,0.41433860523000005
Incidence,Tropical Latin America,Both,Age-standardized,Invasive Non-typhoidal Salmonella (iNTS),Rate,1998,0.55863318479,0.72492688991,0.40041923307000005
Incidence,Tropical Latin America,Both,Age-standardized,Invasive Non-typhoidal Salmonella (iNTS),Rate,1999,0.54298027065,0.7097458141099999,0.38655083799
Incidence,Tropical Latin America,Both,Age-standardized,Invasive Non-typhoidal Salmonella (iNTS),Rate,2000,0.53192372364,0.70188747031,0.37602927984
Incidence,Tropical Latin America,Both,Age-standardized,Invasive Non-typhoidal Salmonella (iNTS),Rate,2001,0.52390466333,0.69098480896,0.36584970463
Incidence,Tropical Latin America,Both,Age-standardized,Invasive Non-typhoidal Salmonella (iNTS),Rate,2002,0.51588005761,0.68174246897,0.35940245736
Incidence,Tropical Latin America,Both,Age-standardized,Invasive Non-typhoidal Salmonella (iNTS),Rate,2003,0.50846168413,0.67523228233,0.35418272315
Incidence,Tropical Latin America,Both,Age-standardized,Invasive Non-typhoidal Salmonella (iNTS),Rate,2004,0.5022602428199999,0.6723015906300001,0.35000542037
Incidence,Tropical Latin America,Both,Age-standardized,Invasive Non-typhoidal Salmonella (iNTS),Rate,2005,0.49789624769,0.67372436872,0.34608093951
Incidence,Tropical Latin America,Both,Age-standardized,Invasive Non-typhoidal Salmonella (iNTS),Rate,2006,0.49404513469000005,0.66240176572,0.34326743139
Incidence,Tropical Latin America,Both,Age-standardized,Invasive Non-typhoidal Salmonella (iNTS),Rate,2007,0.48955872288999996,0.65279385976,0.34139581459
Incidence,Tropical Latin America,Both,Age-standardized,Invasive Non-typhoidal Salmonella (iNTS),Rate,2008,0.48532869885999996,0.64419022934,0.3383833805
Incidence,Tropical Latin America,Both,Age-standardized,Invasive Non-typhoidal Salmonella (iNTS),Rate,2009,0.48224972096,0.64072279899,0.33691200397
Incidence,Tropical Latin America,Both,Age-standardized,Invasive Non-typhoidal Salmonella (iNTS),Rate,2010,0.48121251744000004,0.64029485375,0.33834537073000004
Incidence,Tropical Latin America,Both,Age-standardized,Invasive Non-typhoidal Salmonella (iNTS),Rate,2011,0.4826937062,0.6436191158800001,0.33678332117
Incidence,Tropical Latin America,Both,Age-standardized,Invasive Non-typhoidal Salmonella (iNTS),Rate,2012,0.48615047927000005,0.65136182006,0.33687936782
Incidence,Tropical Latin America,Both,Age-standardized,Invasive Non-typhoidal Salmonella (iNTS),Rate,2013,0.49097691205,0.66413518099,0.33914814554
Incidence,Tropical Latin America,Both,Age-standardized,Invasive Non-typhoidal Salmonella (iNTS),Rate,2014,0.49657514835000005,0.68090739342,0.34193833952
Incidence,Tropical Latin America,Both,Age-standardized,Invasive Non-typhoidal Salmonella (iNTS),Rate,2015,0.5023569584700001,0.69899240772,0.34497477488
Incidence,Tropical Latin America,Both,Age-standardized,Invasive Non-typhoidal Salmonella (iNTS),Rate,2016,0.51198065824,0.70802929412,0.35481342328
Incidence,Tropical Latin America,Both,Age-standardized,Invasive Non-typhoidal Salmonella (iNTS),Rate,2017,0.5263301706,0.72982326832,0.36560675995999997
Incidence,Tropical Latin America,Both,Age-standardized,Invasive Non-typhoidal Salmonella (iNTS),Rate,2018,0.54060784133,0.74742163547,0.37392634773
Incidence,Tropical Latin America,Both,Age-standardized,Invasive Non-typhoidal Salmonella (iNTS),Rate,2019,0.55006387576,0.7606199216,0.38320321614
Incidence,Tropical Latin America,Both,Age-standardized,Invasive Non-typhoidal Salmonella (iNTS),Rate,2020,0.55259336558,0.76065529151,0.38902693383
Incidence,Tropical Latin America,Both,Age-standardized,Invasive Non-typhoidal Salmonella (iNTS),Rate,2021,0.55272299493,0.76478200092,0.38382931481
Incidence,Central Sub-Saharan Africa,Both,All ages,Invasive Non-typhoidal Salmonella (iNTS),Number,1990,49067.75728461797,58682.67633978535,39002.08567104908
Incidence,Central Sub-Saharan Africa,Both,All ages,Invasive Non-typhoidal Salmonella (iNTS),Rate,1990,89.27464906166,106.76818395928001,70.96100787242
Incidence,Central Sub-Saharan Africa,Both,All ages,Invasive Non-typhoidal Salmonella (iNTS),Number,1991,50871.75560197845,60383.126531512455,40756.7899614836
Incidence,Central Sub-Saharan Africa,Both,All ages,Invasive Non-typhoidal Salmonella (iNTS),Rate,1991,89.92784432043,106.74143909621999,72.04725331937
Incidence,Central Sub-Saharan Africa,Both,All ages,Invasive Non-typhoidal Salmonella (iNTS),Number,1992,53080.34607484673,63165.76061205486,42526.83337510088
Incidence,Central Sub-Saharan Africa,Both,All ages,Invasive Non-typhoidal Salmonella (iNTS),Rate,1992,91.14986062532,108.46858963509,73.02731089037
Incidence,Central Sub-Saharan Africa,Both,All ages,Invasive Non-typhoidal Salmonella (iNTS),Number,1993,55653.65342873892,66271.97225913785,44863.07965774177
Incidence,Central Sub-Saharan Africa,Both,All ages,Invasive Non-typhoidal Salmonella (iNTS),Rate,1993,92.82934946289,110.5405250765,74.83085553157001
Incidence,Central Sub-Saharan Africa,Both,All ages,Invasive Non-typhoidal Salmonella (iNTS),Number,1994,58534.97284932452,69953.82883783904,47478.06857954187
Incidence,Central Sub-Saharan Africa,Both,All ages,Invasive Non-typhoidal Salmonella (iNTS),Rate,1994,94.83067532144,113.3300060989,76.91773118175999
Incidence,Central Sub-Saharan Africa,Both,All ages,Invasive Non-typhoidal Salmonella (iNTS),Number,1995,61684.26125126763,73646.19266853844,50428.57659996835
Incidence,Central Sub-Saharan Africa,Both,All ages,Invasive Non-typhoidal Salmonella (iNTS),Rate,1995,97.06086366717,115.88309434540001,79.34992004461
Incidence,Central Sub-Saharan Africa,Both,All ages,Invasive Non-typhoidal Salmonella (iNTS),Number,1996,65787.69793087542,78234.63751412259,53847.47892896422
Incidence,Central Sub-Saharan Africa,Both,All ages,Invasive Non-typhoidal Salmonella (iNTS),Rate,1996,100.57283556700999,119.60107408865,82.31924530496
Incidence,Central Sub-Saharan Africa,Both,All ages,Invasive Non-typhoidal Salmonella (iNTS),Number,1997,71234.35428245334,84318.28983648933,58495.0730291354
Incidence,Central Sub-Saharan Africa,Both,All ages,Invasive Non-typhoidal Salmonella (iNTS),Rate,1997,105.80168587289,125.2347593304,86.88051438215
Incidence,Central Sub-Saharan Africa,Both,All ages,Invasive Non-typhoidal Salmonella (iNTS),Number,1998,77405.21782906262,91396.1190351104,63786.22152452658
Incidence,Central Sub-Saharan Africa,Both,All ages,Invasive Non-typhoidal Salmonella (iNTS),Rate,1998,111.65927472155,131.84155603517002,92.01347702922
Incidence,Central Sub-Saharan Africa,Both,All ages,Invasive Non-typhoidal Salmonella (iNTS),Number,1999,83590.3461044697,98727.78616335618,68851.53955826051
Incidence,Central Sub-Saharan Africa,Both,All ages,Invasive Non-typhoidal Salmonella (iNTS),Rate,1999,117.07923448096001,138.28120308964,96.43560434888
Incidence,Central Sub-Saharan Africa,Both,All ages,Invasive Non-typhoidal Salmonella (iNTS),Number,2000,89016.5969495356,105052.5990197018,73334.89891520234
Incidence,Central Sub-Saharan Africa,Both,All ages,Invasive Non-typhoidal Salmonella (iNTS),Rate,2000,121.01350962893001,142.81363407121,99.69504339783
Incidence,Central Sub-Saharan Africa,Both,All ages,Invasive Non-typhoidal Salmonella (iNTS),Number,2001,94312.89978672424,111283.92251967572,78027.23760444994
Incidence,Central Sub-Saharan Africa,Both,All ages,Invasive Non-typhoidal Salmonella (iNTS),Rate,2001,124.4217079689,146.81062442876998,102.93694916384
Incidence,Central Sub-Saharan Africa,Both,All ages,Invasive Non-typhoidal Salmonella (iNTS),Number,2002,100354.5584639226,118941.58422412405,83094.150182991
Incidence,Central Sub-Saharan Africa,Both,All ages,Invasive Non-typhoidal Salmonella (iNTS),Rate,2002,128.46298092359,152.25606787657,106.36808524903999
Incidence,Central Sub-Saharan Africa,Both,All ages,Invasive Non-typhoidal Salmonella (iNTS),Number,2003,106537.78829114752,125476.70988117855,87918.77755460463
Incidence,Central Sub-Saharan Africa,Both,All ages,Invasive Non-typhoidal Salmonella (iNTS),Rate,2003,132.29322637534,155.81061941872,109.17308241737999
Incidence,Central Sub-Saharan Africa,Both,All ages,Invasive Non-typhoidal Salmonella (iNTS),Number,2004,112156.27722495976,131256.847573414,92562.99521747924
Incidence,Central Sub-Saharan Africa,Both,All ages,Invasive Non-typhoidal Salmonella (iNTS),Rate,2004,135.06411555878,158.06596355706,111.46891990222001
Incidence,Central Sub-Saharan Africa,Both,All ages,Invasive Non-typhoidal Salmonella (iNTS),Number,2005,116403.90291149564,136506.91365243573,96349.83468173594
Incidence,Central Sub-Saharan Africa,Both,All ages,Invasive Non-typhoidal Salmonella (iNTS),Rate,2005,135.91198815945,159.38405472641,112.49706636027
Incidence,Central Sub-Saharan Africa,Both,All ages,Invasive Non-typhoidal Salmonella (iNTS),Number,2006,117536.27280795328,137809.6573536819,96760.71317977358
Incidence,Central Sub-Saharan Africa,Both,All ages,Invasive Non-typhoidal Salmonella (iNTS),Rate,2006,133.03135794461,155.97743077660002,109.51690710004999
Incidence,Central Sub-Saharan Africa,Both,All ages,Invasive Non-typhoidal Salmonella (iNTS),Number,2007,115149.13063141714,135593.79853867748,94207.70282914808
Incidence,Central Sub-Saharan Africa,Both,All ages,Invasive Non-typhoidal Salmonella (iNTS),Rate,2007,126.33110900745,148.76113132591001,103.35608710365001
Incidence,Central Sub-Saharan Africa,Both,All ages,Invasive Non-typhoidal Salmonella (iNTS),Number,2008,110442.8919541884,129905.11233686208,89990.06481980628
Incidence,Central Sub-Saharan Africa,Both,All ages,Invasive Non-typhoidal Salmonella (iNTS),Rate,2008,117.43962498354,138.13480801112,95.69107868948001
Incidence,Central Sub-Saharan Africa,Both,All ages,Invasive Non-typhoidal Salmonella (iNTS),Number,2009,104797.17907589643,123659.94664108843,85007.92306283889
Incidence,Central Sub-Saharan Africa,Both,All ages,Invasive Non-typhoidal Salmonella (iNTS),Rate,2009,107.99697016101999,127.4356779951,87.60348524094
Incidence,Central Sub-Saharan Africa,Both,All ages,Invasive Non-typhoidal Salmonella (iNTS),Number,2010,99796.8204355194,119264.87576584556,80486.90734064952
Incidence,Central Sub-Saharan Africa,Both,All ages,Invasive Non-typhoidal Salmonella (iNTS),Rate,2010,99.66489204816999,119.10721119638,80.38050607614001
Incidence,Central Sub-Saharan Africa,Both,All ages,Invasive Non-typhoidal Salmonella (iNTS),Number,2011,91968.9109381586,109618.61230863602,73884.58152421052
Incidence,Central Sub-Saharan Africa,Both,All ages,Invasive Non-typhoidal Salmonella (iNTS),Rate,2011,89.01432551393,106.09701407671001,71.51097173129
Incidence,Central Sub-Saharan Africa,Both,All ages,Invasive Non-typhoidal Salmonella (iNTS),Number,2012,78926.352387574,93952.7196726052,63612.578281197566
Incidence,Central Sub-Saharan Africa,Both,All ages,Invasive Non-typhoidal Salmonella (iNTS),Rate,2012,74.05107568273,88.14926503775,59.68323261087
Incidence,Central Sub-Saharan Africa,Both,All ages,Invasive Non-typhoidal Salmonella (iNTS),Number,2013,64291.79013615787,76351.07004834479,51985.60491819028
Incidence,Central Sub-Saharan Africa,Both,All ages,Invasive Non-typhoidal Salmonella (iNTS),Rate,2013,58.506902210620005,69.48110450081,47.3080108186
Incidence,Central Sub-Saharan Africa,Both,All ages,Invasive Non-typhoidal Salmonella (iNTS),Number,2014,52067.303566345545,61791.5106977596,41970.07148906336
Incidence,Central Sub-Saharan Africa,Both,All ages,Invasive Non-typhoidal Salmonella (iNTS),Rate,2014,46.00930513832,54.60210681025001,37.08687974127
Incidence,Central Sub-Saharan Africa,Both,All ages,Invasive Non-typhoidal Salmonella (iNTS),Number,2015,46666.76480654805,55829.8851434252,37396.32281412414
Incidence,Central Sub-Saharan Africa,Both,All ages,Invasive Non-typhoidal Salmonella (iNTS),Rate,2015,40.074577282149995,47.943307321789995,32.113685936770004
Incidence,Central Sub-Saharan Africa,Both,All ages,Invasive Non-typhoidal Salmonella (iNTS),Number,2016,46523.24499917374,55492.59718000863,37384.21340679108
Incidence,Central Sub-Saharan Africa,Both,All ages,Invasive Non-typhoidal Salmonella (iNTS),Rate,2016,38.8264451053,46.31190877159,31.199373768300003
Incidence,Central Sub-Saharan Africa,Both,All ages,Invasive Non-typhoidal Salmonella (iNTS),Number,2017,46728.47846360084,55698.301659942605,37629.59547120724
Incidence,Central Sub-Saharan Africa,Both,All ages,Invasive Non-typhoidal Salmonella (iNTS),Rate,2017,37.909244559449995,45.18616074387,30.527626498740002
Incidence,Central Sub-Saharan Africa,Both,All ages,Invasive Non-typhoidal Salmonella (iNTS),Number,2018,46929.95375846224,55833.316864248656,37780.64028405464
Incidence,Central Sub-Saharan Africa,Both,All ages,Invasive Non-typhoidal Salmonella (iNTS),Rate,2018,37.03734517462,44.06392215063,29.81666298502
Incidence,Central Sub-Saharan Africa,Both,All ages,Invasive Non-typhoidal Salmonella (iNTS),Number,2019,46780.30983295433,55608.26174596655,37565.5645596644
Incidence,Central Sub-Saharan Africa,Both,All ages,Invasive Non-typhoidal Salmonella (iNTS),Rate,2019,35.93910242595,42.7212009017,28.85984888128
Incidence,Central Sub-Saharan Africa,Both,All ages,Invasive Non-typhoidal Salmonella (iNTS),Number,2020,45243.931597430026,54253.66307235371,36708.08411436671
Incidence,Central Sub-Saharan Africa,Both,All ages,Invasive Non-typhoidal Salmonella (iNTS),Rate,2020,33.86662038328,40.61071058153,27.47724845754
Incidence,Central Sub-Saharan Africa,Both,All ages,Invasive Non-typhoidal Salmonella (iNTS),Number,2021,44360.5052052759,52842.46729548935,35515.29432100212
Incidence,Central Sub-Saharan Africa,Both,All ages,Invasive Non-typhoidal Salmonella (iNTS),Rate,2021,32.39687419648,38.59132706631,25.93713747948
Incidence,Central Sub-Saharan Africa,Both,Age-standardized,Invasive Non-typhoidal Salmonella (iNTS),Rate,1990,72.67112038231,84.61717319395,60.746390220900004
Incidence,Central Sub-Saharan Africa,Both,Age-standardized,Invasive Non-typhoidal Salmonella (iNTS),Rate,1991,73.41140404441,85.51585680374,61.77023061204
Incidence,Central Sub-Saharan Africa,Both,Age-standardized,Invasive Non-typhoidal Salmonella (iNTS),Rate,1992,74.63713167217,86.9170715096,62.78050600407
Incidence,Central Sub-Saharan Africa,Both,Age-standardized,Invasive Non-typhoidal Salmonella (iNTS),Rate,1993,76.24817271152,88.52267662949,63.862418395480006
Incidence,Central Sub-Saharan Africa,Both,Age-standardized,Invasive Non-typhoidal Salmonella (iNTS),Rate,1994,78.14050372138,90.65007840897,65.44154700557
Incidence,Central Sub-Saharan Africa,Both,Age-standardized,Invasive Non-typhoidal Salmonella (iNTS),Rate,1995,80.20829969895,93.2429105079,67.26468910662001
Incidence,Central Sub-Saharan Africa,Both,Age-standardized,Invasive Non-typhoidal Salmonella (iNTS),Rate,1996,83.22291812796,96.38205423708,69.78943165674
Incidence,Central Sub-Saharan Africa,Both,Age-standardized,Invasive Non-typhoidal Salmonella (iNTS),Rate,1997,87.49786734887999,101.27814955033999,73.39926193347
Incidence,Central Sub-Saharan Africa,Both,Age-standardized,Invasive Non-typhoidal Salmonella (iNTS),Rate,1998,92.27193326512,106.81971834196,77.44193993142
Incidence,Central Sub-Saharan Africa,Both,Age-standardized,Invasive Non-typhoidal Salmonella (iNTS),Rate,1999,96.77463890311999,111.7013510427,81.14776288031
Incidence,Central Sub-Saharan Africa,Both,Age-standardized,Invasive Non-typhoidal Salmonella (iNTS),Rate,2000,100.23556687636999,115.25895054212,83.93561331356
Incidence,Central Sub-Saharan Africa,Both,Age-standardized,Invasive Non-typhoidal Salmonella (iNTS),Rate,2001,103.47483668521,119.01425391263,86.93932131086
Incidence,Central Sub-Saharan Africa,Both,Age-standardized,Invasive Non-typhoidal Salmonella (iNTS),Rate,2002,107.28465734554001,123.36987347264001,90.76682579574
Incidence,Central Sub-Saharan Africa,Both,Age-standardized,Invasive Non-typhoidal Salmonella (iNTS),Rate,2003,110.89085331000999,127.57156950087001,94.04044468143
Incidence,Central Sub-Saharan Africa,Both,Age-standardized,Invasive Non-typhoidal Salmonella (iNTS),Rate,2004,113.51865949962,130.96925479966,96.35448705432
Incidence,Central Sub-Saharan Africa,Both,Age-standardized,Invasive Non-typhoidal Salmonella (iNTS),Rate,2005,114.37326288388,132.2313522423,96.87535138994
Incidence,Central Sub-Saharan Africa,Both,Age-standardized,Invasive Non-typhoidal Salmonella (iNTS),Rate,2006,111.8570423199,129.36133154050998,94.60270315779
Incidence,Central Sub-Saharan Africa,Both,Age-standardized,Invasive Non-typhoidal Salmonella (iNTS),Rate,2007,105.88340472601999,122.56916827216001,89.33956192541
Incidence,Central Sub-Saharan Africa,Both,Age-standardized,Invasive Non-typhoidal Salmonella (iNTS),Rate,2008,97.94682156331999,113.45787452621,82.61775681583
Incidence,Central Sub-Saharan Africa,Both,Age-standardized,Invasive Non-typhoidal Salmonella (iNTS),Rate,2009,89.55179095065,104.03008828547,74.97945939470999
Incidence,Central Sub-Saharan Africa,Both,Age-standardized,Invasive Non-typhoidal Salmonella (iNTS),Rate,2010,82.21129769358,95.44491278292,68.43295230379
Incidence,Central Sub-Saharan Africa,Both,Age-standardized,Invasive Non-typhoidal Salmonella (iNTS),Rate,2011,73.25312107886,85.14142415289,60.84581874601
Incidence,Central Sub-Saharan Africa,Both,Age-standardized,Invasive Non-typhoidal Salmonella (iNTS),Rate,2012,60.959152398330005,71.155058751,50.630504374089995
Incidence,Central Sub-Saharan Africa,Both,Age-standardized,Invasive Non-typhoidal Salmonella (iNTS),Rate,2013,48.27527948178,56.52591916224001,40.03520008801
Incidence,Central Sub-Saharan Africa,Both,Age-standardized,Invasive Non-typhoidal Salmonella (iNTS),Rate,2014,38.108603657109995,44.73480936615,31.5418546038
Incidence,Central Sub-Saharan Africa,Both,Age-standardized,Invasive Non-typhoidal Salmonella (iNTS),Rate,2015,33.34100590024,39.07808128983,27.437939763
Incidence,Central Sub-Saharan Africa,Both,Age-standardized,Invasive Non-typhoidal Salmonella (iNTS),Rate,2016,32.46346316868,37.93017566721,26.86196899441
Incidence,Central Sub-Saharan Africa,Both,Age-standardized,Invasive Non-typhoidal Salmonella (iNTS),Rate,2017,31.8862274821,37.16880602856,26.43012156525
Incidence,Central Sub-Saharan Africa,Both,Age-standardized,Invasive Non-typhoidal Salmonella (iNTS),Rate,2018,31.37572088594,36.65214785001,25.981266885559997
Incidence,Central Sub-Saharan Africa,Both,Age-standardized,Invasive Non-typhoidal Salmonella (iNTS),Rate,2019,30.70126958728,35.93743804036,25.440006793800002
Incidence,Central Sub-Saharan Africa,Both,Age-standardized,Invasive Non-typhoidal Salmonella (iNTS),Rate,2020,29.32072486609,34.30417555197,24.40407398889
Incidence,Central Sub-Saharan Africa,Both,Age-standardized,Invasive Non-typhoidal Salmonella (iNTS),Rate,2021,28.339134690590004,33.20937504909,23.29437623479
Incidence,South Asia,Both,All ages,Invasive Non-typhoidal Salmonella (iNTS),Number,1990,53685.10233058649,67095.97626436288,41904.55094523486
Incidence,South Asia,Both,All ages,Invasive Non-typhoidal Salmonella (iNTS),Rate,1990,4.90986440814,6.136379209289999,3.8324535912799997
Incidence,South Asia,Both,All ages,Invasive Non-typhoidal Salmonella (iNTS),Number,1991,54691.4378228711,68311.25197136487,42625.61077722749
Incidence,South Asia,Both,All ages,Invasive Non-typhoidal Salmonella (iNTS),Rate,1991,4.90748792504,6.129600126430001,3.8248157026700005
Incidence,South Asia,Both,All ages,Invasive Non-typhoidal Salmonella (iNTS),Number,1992,55628.642133629546,69428.27409515259,43338.76694671528
Incidence,South Asia,Both,All ages,Invasive Non-typhoidal Salmonella (iNTS),Rate,1992,4.89718447858,6.11201448089,3.81526366044
Incidence,South Asia,Both,All ages,Invasive Non-typhoidal Salmonella (iNTS),Number,1993,56508.26851908497,70529.87226699205,43908.82516371016
Incidence,South Asia,Both,All ages,Invasive Non-typhoidal Salmonella (iNTS),Rate,1993,4.87976190187,6.09059510497,3.7917391172099997
Incidence,South Asia,Both,All ages,Invasive Non-typhoidal Salmonella (iNTS),Number,1994,57327.81336815974,71539.91961560588,44505.21250549132
Incidence,South Asia,Both,All ages,Invasive Non-typhoidal Salmonella (iNTS),Rate,1994,4.85556833072,6.05930956824,3.7695158370299997
Incidence,South Asia,Both,All ages,Invasive Non-typhoidal Salmonella (iNTS),Number,1995,58083.38370752571,72419.82668901964,44908.05374347267
Incidence,South Asia,Both,All ages,Invasive Non-typhoidal Salmonella (iNTS),Rate,1995,4.82517221211,6.01614632345,3.7306554679
Incidence,South Asia,Both,All ages,Invasive Non-typhoidal Salmonella (iNTS),Number,1996,58633.80606889487,73004.564678528,45514.31640592427
Incidence,South Asia,Both,All ages,Invasive Non-typhoidal Salmonella (iNTS),Rate,1996,4.777462879220001,5.94838747728,3.7084912558300003
Incidence,South Asia,Both,All ages,Invasive Non-typhoidal Salmonella (iNTS),Number,1997,58921.92163412846,72971.95888393978,45843.3260555579
Incidence,South Asia,Both,All ages,Invasive Non-typhoidal Salmonella (iNTS),Rate,1997,4.70896148743,5.8318217484599995,3.66373755072
Incidence,South Asia,Both,All ages,Invasive Non-typhoidal Salmonella (iNTS),Number,1998,59056.546292904815,72926.69309610606,45927.57397996762
Incidence,South Asia,Both,All ages,Invasive Non-typhoidal Salmonella (iNTS),Rate,1998,4.62994725898,5.71734657717,3.60065494189
Incidence,South Asia,Both,All ages,Invasive Non-typhoidal Salmonella (iNTS),Number,1999,59164.86943505248,73070.46522470581,45940.18336822494
Incidence,South Asia,Both,All ages,Invasive Non-typhoidal Salmonella (iNTS),Rate,1999,4.55070541733,5.62026359764,3.53351986277
Incidence,South Asia,Both,All ages,Invasive Non-typhoidal Salmonella (iNTS),Number,2000,59387.204271333,73492.48840334624,46172.777183899234
Incidence,South Asia,Both,All ages,Invasive Non-typhoidal Salmonella (iNTS),Rate,2000,4.48176376891,5.54624478209,3.48451290866
Incidence,South Asia,Both,All ages,Invasive Non-typhoidal Salmonella (iNTS),Number,2001,59616.09874208416,73722.72823808028,46404.53122769817
Incidence,South Asia,Both,All ages,Invasive Non-typhoidal Salmonella (iNTS),Rate,2001,4.41492706225,5.45960696639,3.43653182699
Incidence,South Asia,Both,All ages,Invasive Non-typhoidal Salmonella (iNTS),Number,2002,59726.50710890524,73751.84317427696,46480.650935084734
Incidence,South Asia,Both,All ages,Invasive Non-typhoidal Salmonella (iNTS),Rate,2002,4.34092616269,5.36028843941,3.37821653182
Incidence,South Asia,Both,All ages,Invasive Non-typhoidal Salmonella (iNTS),Number,2003,59838.986438235166,74029.11961554163,46494.20296332825
Incidence,South Asia,Both,All ages,Invasive Non-typhoidal Salmonella (iNTS),Rate,2003,4.26869945482,5.28097284652,3.31673028999
Incidence,South Asia,Both,All ages,Invasive Non-typhoidal Salmonella (iNTS),Number,2004,60072.61615821048,74467.87237292201,46667.38636986596
Incidence,South Asia,Both,All ages,Invasive Non-typhoidal Salmonella (iNTS),Rate,2004,4.20669812404,5.21475306131,3.2679716524899995
Incidence,South Asia,Both,All ages,Invasive Non-typhoidal Salmonella (iNTS),Number,2005,60551.30985086685,75067.41148503308,46964.49971081048
Incidence,South Asia,Both,All ages,Invasive Non-typhoidal Salmonella (iNTS),Rate,2005,4.16319826761,5.16125114747,3.2290387163700003
Incidence,South Asia,Both,All ages,Invasive Non-typhoidal Salmonella (iNTS),Number,2006,61393.08918372715,75916.31881519369,47583.10525771393
Incidence,South Asia,Both,All ages,Invasive Non-typhoidal Salmonella (iNTS),Rate,2006,4.14536923884,5.12600321838,3.2128948623699998
Incidence,South Asia,Both,All ages,Invasive Non-typhoidal Salmonella (iNTS),Number,2007,62511.57358225795,77231.09159520193,48448.49916520497
Incidence,South Asia,Both,All ages,Invasive Non-typhoidal Salmonella (iNTS),Rate,2007,4.146389528069999,5.12273441669,3.2135865101000003
Incidence,South Asia,Both,All ages,Invasive Non-typhoidal Salmonella (iNTS),Number,2008,63726.32075816135,78779.70994920484,49251.62314938186
Incidence,South Asia,Both,All ages,Invasive Non-typhoidal Salmonella (iNTS),Rate,2008,4.15369583651,5.13487910998,3.2102318097599998
Incidence,South Asia,Both,All ages,Invasive Non-typhoidal Salmonella (iNTS),Number,2009,64852.26568262728,80205.65103166335,50045.08761328917
Incidence,South Asia,Both,All ages,Invasive Non-typhoidal Salmonella (iNTS),Rate,2009,4.1548821590500005,5.13852561693,3.2062324960199997
Incidence,South Asia,Both,All ages,Invasive Non-typhoidal Salmonella (iNTS),Number,2010,65693.3902990422,81295.33141271837,50622.77774736787
Incidence,South Asia,Both,All ages,Invasive Non-typhoidal Salmonella (iNTS),Rate,2010,4.13811259846,5.12089928048,3.18879499767
Incidence,South Asia,Both,All ages,Invasive Non-typhoidal Salmonella (iNTS),Number,2011,66113.09731990135,81667.5368359524,50941.04835894684
Incidence,South Asia,Both,All ages,Invasive Non-typhoidal Salmonella (iNTS),Rate,2011,4.096389439729999,5.06014767157,3.1563242535200002
Incidence,South Asia,Both,All ages,Invasive Non-typhoidal Salmonella (iNTS),Number,2012,66224.79608379517,81693.96741593958,50990.2418144291
Incidence,South Asia,Both,All ages,Invasive Non-typhoidal Salmonella (iNTS),Rate,2012,4.03819000101,4.98145380386,3.10923244495
Incidence,South Asia,Both,All ages,Invasive Non-typhoidal Salmonella (iNTS),Number,2013,66209.685301279,81538.63112565115,51036.279933901926
Incidence,South Asia,Both,All ages,Invasive Non-typhoidal Salmonella (iNTS),Rate,2013,3.97535025051,4.89572811284,3.06431132088
Incidence,South Asia,Both,All ages,Invasive Non-typhoidal Salmonella (iNTS),Number,2014,66246.2305685511,81429.12549960228,51202.20252497308
Incidence,South Asia,Both,All ages,Invasive Non-typhoidal Salmonella (iNTS),Rate,2014,3.91871110411,4.81683584945,3.02880085203
Incidence,South Asia,Both,All ages,Invasive Non-typhoidal Salmonella (iNTS),Number,2015,66505.95921566295,81638.12025441142,51588.19718721908
Incidence,South Asia,Both,All ages,Invasive Non-typhoidal Salmonella (iNTS),Rate,2015,3.87779803752,4.76011693152,3.00798021968
Incidence,South Asia,Both,All ages,Invasive Non-typhoidal Salmonella (iNTS),Number,2016,66971.17556479154,82095.28242181244,51882.86115176478
Incidence,South Asia,Both,All ages,Invasive Non-typhoidal Salmonella (iNTS),Rate,2016,3.85085418459,4.72049294616,2.9832734947499997
Incidence,South Asia,Both,All ages,Invasive Non-typhoidal Salmonella (iNTS),Number,2017,67480.13815912826,82628.46624510236,52265.597657841885
Incidence,South Asia,Both,All ages,Invasive Non-typhoidal Salmonella (iNTS),Rate,2017,3.82842602279,4.687853033880001,2.9652425088100003
Incidence,South Asia,Both,All ages,Invasive Non-typhoidal Salmonella (iNTS),Number,2018,67998.0321392147,83126.39952481876,52761.1220330016
Incidence,South Asia,Both,All ages,Invasive Non-typhoidal Salmonella (iNTS),Rate,2018,3.8086182914,4.65596894158,2.9551880860099997
Incidence,South Asia,Both,All ages,Invasive Non-typhoidal Salmonella (iNTS),Number,2019,68488.38366245736,83568.72266061034,53325.48283240665
Incidence,South Asia,Both,All ages,Invasive Non-typhoidal Salmonella (iNTS),Rate,2019,3.7892976339400004,4.62365654021,2.95037077998
Incidence,South Asia,Both,All ages,Invasive Non-typhoidal Salmonella (iNTS),Number,2020,68033.6913856291,83523.6228685689,53024.98756698126
Incidence,South Asia,Both,All ages,Invasive Non-typhoidal Salmonella (iNTS),Rate,2020,3.7218139541599995,4.569197683720001,2.9007560023099996
Incidence,South Asia,Both,All ages,Invasive Non-typhoidal Salmonella (iNTS),Number,2021,63674.55877460504,78332.16791405206,49351.15625419952
Incidence,South Asia,Both,All ages,Invasive Non-typhoidal Salmonella (iNTS),Rate,2021,3.44825866918,4.24203296079,2.67258314251
Incidence,South Asia,Both,Age-standardized,Invasive Non-typhoidal Salmonella (iNTS),Rate,1990,4.1415262553200005,5.06760155605,3.2619720873799998
Incidence,South Asia,Both,Age-standardized,Invasive Non-typhoidal Salmonella (iNTS),Rate,1991,4.14780612906,5.06514658389,3.25797788226
Incidence,South Asia,Both,Age-standardized,Invasive Non-typhoidal Salmonella (iNTS),Rate,1992,4.14814095703,5.060883174070001,3.2535955484
Incidence,South Asia,Both,Age-standardized,Invasive Non-typhoidal Salmonella (iNTS),Rate,1993,4.14312289217,5.05147680457,3.25094739741
Incidence,South Asia,Both,Age-standardized,Invasive Non-typhoidal Salmonella (iNTS),Rate,1994,4.13320482691,5.0330985541599995,3.24345810915
Incidence,South Asia,Both,Age-standardized,Invasive Non-typhoidal Salmonella (iNTS),Rate,1995,4.11864627897,5.01872079089,3.2218494947900003
Incidence,South Asia,Both,Age-standardized,Invasive Non-typhoidal Salmonella (iNTS),Rate,1996,4.09019946591,4.98072176026,3.2019476211
Incidence,South Asia,Both,Age-standardized,Invasive Non-typhoidal Salmonella (iNTS),Rate,1997,4.0452681865599995,4.92358713308,3.1648864156900003
Incidence,South Asia,Both,Age-standardized,Invasive Non-typhoidal Salmonella (iNTS),Rate,1998,3.9923753677300002,4.84121434921,3.12045449056
Incidence,South Asia,Both,Age-standardized,Invasive Non-typhoidal Salmonella (iNTS),Rate,1999,3.94020452617,4.76548275541,3.08085449815
Incidence,South Asia,Both,Age-standardized,Invasive Non-typhoidal Salmonella (iNTS),Rate,2000,3.8975453524,4.70592546763,3.05218839482
Incidence,South Asia,Both,Age-standardized,Invasive Non-typhoidal Salmonella (iNTS),Rate,2001,3.8569870871400003,4.67005726534,3.01105556543
Incidence,South Asia,Both,Age-standardized,Invasive Non-typhoidal Salmonella (iNTS),Rate,2002,3.81029812628,4.627880349210001,2.96456534319
Incidence,South Asia,Both,Age-standardized,Invasive Non-typhoidal Salmonella (iNTS),Rate,2003,3.76518253367,4.58132940996,2.9212285204
Incidence,South Asia,Both,Age-standardized,Invasive Non-typhoidal Salmonella (iNTS),Rate,2004,3.72915884057,4.54041022012,2.89161537489
Incidence,South Asia,Both,Age-standardized,Invasive Non-typhoidal Salmonella (iNTS),Rate,2005,3.70988158792,4.51400825277,2.8815741575
Incidence,South Asia,Both,Age-standardized,Invasive Non-typhoidal Salmonella (iNTS),Rate,2006,3.7138403842499996,4.524280898310001,2.87572987436
Incidence,South Asia,Both,Age-standardized,Invasive Non-typhoidal Salmonella (iNTS),Rate,2007,3.73485016805,4.55684881313,2.88405764912
Incidence,South Asia,Both,Age-standardized,Invasive Non-typhoidal Salmonella (iNTS),Rate,2008,3.76189878097,4.589261125279999,2.9061904742899998
Incidence,South Asia,Both,Age-standardized,Invasive Non-typhoidal Salmonella (iNTS),Rate,2009,3.78408108845,4.61458070354,2.9237604293299997
Incidence,South Asia,Both,Age-standardized,Invasive Non-typhoidal Salmonella (iNTS),Rate,2010,3.79083725336,4.62152489899,2.92817971925
Incidence,South Asia,Both,Age-standardized,Invasive Non-typhoidal Salmonella (iNTS),Rate,2011,3.77560090883,4.6045723224,2.92220960339
Incidence,South Asia,Both,Age-standardized,Invasive Non-typhoidal Salmonella (iNTS),Rate,2012,3.7458018974800003,4.5707989836900005,2.90378319654
Incidence,South Asia,Both,Age-standardized,Invasive Non-typhoidal Salmonella (iNTS),Rate,2013,3.71256102306,4.52623942236,2.88213076685
Incidence,South Asia,Both,Age-standardized,Invasive Non-typhoidal Salmonella (iNTS),Rate,2014,3.6854999604400005,4.4843397626,2.8734712994800002
Incidence,South Asia,Both,Age-standardized,Invasive Non-typhoidal Salmonella (iNTS),Rate,2015,3.67291099803,4.46328184235,2.8758937001400002
Incidence,South Asia,Both,Age-standardized,Invasive Non-typhoidal Salmonella (iNTS),Rate,2016,3.67450262785,4.47310430795,2.86874039808
Incidence,South Asia,Both,Age-standardized,Invasive Non-typhoidal Salmonella (iNTS),Rate,2017,3.68169647174,4.48697532352,2.87562674739
Incidence,South Asia,Both,Age-standardized,Invasive Non-typhoidal Salmonella (iNTS),Rate,2018,3.6930930351699995,4.49845781258,2.88655116352
Incidence,South Asia,Both,Age-standardized,Invasive Non-typhoidal Salmonella (iNTS),Rate,2019,3.70726963275,4.50642436687,2.89993374133
Incidence,South Asia,Both,Age-standardized,Invasive Non-typhoidal Salmonella (iNTS),Rate,2020,3.6773807237300002,4.494414337679999,2.88022373102
Incidence,South Asia,Both,Age-standardized,Invasive Non-typhoidal Salmonella (iNTS),Rate,2021,3.42114149037,4.16724076241,2.65557406725
Incidence,Eastern Sub-Saharan Africa,Both,All ages,Invasive Non-typhoidal Salmonella (iNTS),Number,1990,59291.63924610814,70923.84985335446,48395.97645812432
Incidence,Eastern Sub-Saharan Africa,Both,All ages,Invasive Non-typhoidal Salmonella (iNTS),Rate,1990,31.07122901384,37.16698019074,25.361458832950003
Incidence,Eastern Sub-Saharan Africa,Both,All ages,Invasive Non-typhoidal Salmonella (iNTS),Number,1991,58689.26568890031,69746.71306043945,48643.15801740806
Incidence,Eastern Sub-Saharan Africa,Both,All ages,Invasive Non-typhoidal Salmonella (iNTS),Rate,1991,29.90099034898,35.534535483,24.78270227698
Incidence,Eastern Sub-Saharan Africa,Both,All ages,Invasive Non-typhoidal Salmonella (iNTS),Number,1992,58238.64854651767,68667.48429686666,48851.48409705467
Incidence,Eastern Sub-Saharan Africa,Both,All ages,Invasive Non-typhoidal Salmonella (iNTS),Rate,1992,28.86839334494,34.037876842319996,24.21525728351
Incidence,Eastern Sub-Saharan Africa,Both,All ages,Invasive Non-typhoidal Salmonella (iNTS),Number,1993,58030.21477659527,68015.28441931726,49222.48173374472
Incidence,Eastern Sub-Saharan Africa,Both,All ages,Invasive Non-typhoidal Salmonella (iNTS),Rate,1993,28.013696182879997,32.833921446779996,23.76182225009
Incidence,Eastern Sub-Saharan Africa,Both,All ages,Invasive Non-typhoidal Salmonella (iNTS),Number,1994,58021.495151054936,67663.89817426237,49572.19945319125
Incidence,Eastern Sub-Saharan Africa,Both,All ages,Invasive Non-typhoidal Salmonella (iNTS),Rate,1994,27.39178433927,31.94393563142,23.4028956529
Incidence,Eastern Sub-Saharan Africa,Both,All ages,Invasive Non-typhoidal Salmonella (iNTS),Number,1995,58874.90870327631,68370.17442642065,50353.142198304224
Incidence,Eastern Sub-Saharan Africa,Both,All ages,Invasive Non-typhoidal Salmonella (iNTS),Rate,1995,27.1676447714,31.54920581087,23.23530193927
Incidence,Eastern Sub-Saharan Africa,Both,All ages,Invasive Non-typhoidal Salmonella (iNTS),Number,1996,61271.69968636723,70773.59609950247,52661.11283826544
Incidence,Eastern Sub-Saharan Africa,Both,All ages,Invasive Non-typhoidal Salmonella (iNTS),Rate,1996,27.469443391740004,31.729351423839997,23.60912893654
Incidence,Eastern Sub-Saharan Africa,Both,All ages,Invasive Non-typhoidal Salmonella (iNTS),Number,1997,64730.63399211329,74532.2939603538,55950.87225422022
Incidence,Eastern Sub-Saharan Africa,Both,All ages,Invasive Non-typhoidal Salmonella (iNTS),Rate,1997,28.15025691655,32.41283290721,24.33208716685
Incidence,Eastern Sub-Saharan Africa,Both,All ages,Invasive Non-typhoidal Salmonella (iNTS),Number,1998,68485.05094555432,78692.05843464524,59297.54033191176
Incidence,Eastern Sub-Saharan Africa,Both,All ages,Invasive Non-typhoidal Salmonella (iNTS),Rate,1998,28.93408390748,33.24641787024,25.05247471941
Incidence,Eastern Sub-Saharan Africa,Both,All ages,Invasive Non-typhoidal Salmonella (iNTS),Number,1999,71902.27212960029,82585.14411108916,62250.211003608696
Incidence,Eastern Sub-Saharan Africa,Both,All ages,Invasive Non-typhoidal Salmonella (iNTS),Rate,1999,29.559275466339997,33.951041488739996,25.59127939068
Incidence,Eastern Sub-Saharan Africa,Both,All ages,Invasive Non-typhoidal Salmonella (iNTS),Number,2000,74324.54361563905,85088.67633681682,64253.016069708334
Incidence,Eastern Sub-Saharan Africa,Both,All ages,Invasive Non-typhoidal Salmonella (iNTS),Rate,2000,29.75120517124,34.059955760200005,25.71969595732
Incidence,Eastern Sub-Saharan Africa,Both,All ages,Invasive Non-typhoidal Salmonella (iNTS),Number,2001,74840.87658812657,85400.75699416871,65005.012759067424
Incidence,Eastern Sub-Saharan Africa,Both,All ages,Invasive Non-typhoidal Salmonella (iNTS),Rate,2001,29.170347862449997,33.28621874575,25.336673238350002
Incidence,Eastern Sub-Saharan Africa,Both,All ages,Invasive Non-typhoidal Salmonella (iNTS),Number,2002,73442.15194552702,83932.87245977361,63992.21153797758
Incidence,Eastern Sub-Saharan Africa,Both,All ages,Invasive Non-typhoidal Salmonella (iNTS),Rate,2002,27.86371099752,31.84385587102,24.2784346748
Incidence,Eastern Sub-Saharan Africa,Both,All ages,Invasive Non-typhoidal Salmonella (iNTS),Number,2003,70776.37489613585,81270.93979424096,61618.90178788009
Incidence,Eastern Sub-Saharan Africa,Both,All ages,Invasive Non-typhoidal Salmonella (iNTS),Rate,2003,26.13234279521,30.00718899645,22.75118309673
Incidence,Eastern Sub-Saharan Africa,Both,All ages,Invasive Non-typhoidal Salmonella (iNTS),Number,2004,67555.50522542468,77617.80670562643,58701.05874081707
Incidence,Eastern Sub-Saharan Africa,Both,All ages,Invasive Non-typhoidal Salmonella (iNTS),Rate,2004,24.272057704999998,27.88734799641,21.0907383543
Incidence,Eastern Sub-Saharan Africa,Both,All ages,Invasive Non-typhoidal Salmonella (iNTS),Number,2005,64569.97726258089,74034.12593860723,55885.27810634236
Incidence,Eastern Sub-Saharan Africa,Both,All ages,Invasive Non-typhoidal Salmonella (iNTS),Rate,2005,22.58213155809,25.892039034409997,19.544821848479998
Incidence,Eastern Sub-Saharan Africa,Both,All ages,Invasive Non-typhoidal Salmonella (iNTS),Number,2006,60925.84050529306,70010.15187147891,52384.57198371785
Incidence,Eastern Sub-Saharan Africa,Both,All ages,Invasive Non-typhoidal Salmonella (iNTS),Rate,2006,20.747636492370003,23.841200544099998,17.83899981211
Incidence,Eastern Sub-Saharan Africa,Both,All ages,Invasive Non-typhoidal Salmonella (iNTS),Number,2007,55787.41646622734,64243.31990279889,47835.49278495261
Incidence,Eastern Sub-Saharan Africa,Both,All ages,Invasive Non-typhoidal Salmonella (iNTS),Rate,2007,18.497119162249998,21.30079539245,15.8605446582
Incidence,Eastern Sub-Saharan Africa,Both,All ages,Invasive Non-typhoidal Salmonella (iNTS),Number,2008,50173.44965557408,57932.73147822364,42885.28205558604
Incidence,Eastern Sub-Saharan Africa,Both,All ages,Invasive Non-typhoidal Salmonella (iNTS),Rate,2008,16.19529999851,18.69988953249,13.84277966093
Incidence,Eastern Sub-Saharan Africa,Both,All ages,Invasive Non-typhoidal Salmonella (iNTS),Number,2009,45208.286872917706,52357.37891403247,38505.307573430415
Incidence,Eastern Sub-Saharan Africa,Both,All ages,Invasive Non-typhoidal Salmonella (iNTS),Rate,2009,14.20721939823,16.45390305187,12.10073175809
Incidence,Eastern Sub-Saharan Africa,Both,All ages,Invasive Non-typhoidal Salmonella (iNTS),Number,2010,42115.56796738798,48891.735296196886,35762.1278683171
Incidence,Eastern Sub-Saharan Africa,Both,All ages,Invasive Non-typhoidal Salmonella (iNTS),Rate,2010,12.88896993612,14.962735557679999,10.94457496818
Incidence,Eastern Sub-Saharan Africa,Both,All ages,Invasive Non-typhoidal Salmonella (iNTS),Number,2011,40407.10564686432,46988.088383873255,34235.65233347928
Incidence,Eastern Sub-Saharan Africa,Both,All ages,Invasive Non-typhoidal Salmonella (iNTS),Rate,2011,12.05299188187,14.01602611147,10.21211574152
Incidence,Eastern Sub-Saharan Africa,Both,All ages,Invasive Non-typhoidal Salmonella (iNTS),Number,2012,38852.36337848198,45197.43095278173,32828.23631452799
Incidence,Eastern Sub-Saharan Africa,Both,All ages,Invasive Non-typhoidal Salmonella (iNTS),Rate,2012,11.30125746973,13.146891456570001,9.548977683899999
Incidence,Eastern Sub-Saharan Africa,Both,All ages,Invasive Non-typhoidal Salmonella (iNTS),Number,2013,37635.72645450323,43798.69223823557,31659.400564381624
Incidence,Eastern Sub-Saharan Africa,Both,All ages,Invasive Non-typhoidal Salmonella (iNTS),Rate,2013,10.67011687442,12.417381279819999,8.975766805100001
Incidence,Eastern Sub-Saharan Africa,Both,All ages,Invasive Non-typhoidal Salmonella (iNTS),Number,2014,36930.70394793712,43068.37930171362,30954.882913583748
Incidence,Eastern Sub-Saharan Africa,Both,All ages,Invasive Non-typhoidal Salmonella (iNTS),Rate,2014,10.20624843319,11.902469538290001,8.554757734419999
Incidence,Eastern Sub-Saharan Africa,Both,All ages,Invasive Non-typhoidal Salmonella (iNTS),Number,2015,36923.71143118874,43111.91688349577,30892.81885948289
Incidence,Eastern Sub-Saharan Africa,Both,All ages,Invasive Non-typhoidal Salmonella (iNTS),Rate,2015,9.95679374437,11.62549612959,8.33051211928
Incidence,Eastern Sub-Saharan Africa,Both,All ages,Invasive Non-typhoidal Salmonella (iNTS),Number,2016,37682.37584827634,44034.53431428271,31429.576107080684
Incidence,Eastern Sub-Saharan Africa,Both,All ages,Invasive Non-typhoidal Salmonella (iNTS),Rate,2016,9.92521238437,11.59831606891,8.2782789299
Incidence,Eastern Sub-Saharan Africa,Both,All ages,Invasive Non-typhoidal Salmonella (iNTS),Number,2017,38915.93980330687,45588.30467404237,32315.986528949565
Incidence,Eastern Sub-Saharan Africa,Both,All ages,Invasive Non-typhoidal Salmonella (iNTS),Rate,2017,10.0216337922,11.73990136072,8.3220136598
Incidence,Eastern Sub-Saharan Africa,Both,All ages,Invasive Non-typhoidal Salmonella (iNTS),Number,2018,40311.41377281584,47423.87622530425,33296.46589001591
Incidence,Eastern Sub-Saharan Africa,Both,All ages,Invasive Non-typhoidal Salmonella (iNTS),Rate,2018,10.14664031506,11.93689254156,8.38093312859
Incidence,Eastern Sub-Saharan Africa,Both,All ages,Invasive Non-typhoidal Salmonella (iNTS),Number,2019,41552.78142358332,49112.36422721608,34112.444747542875
Incidence,Eastern Sub-Saharan Africa,Both,All ages,Invasive Non-typhoidal Salmonella (iNTS),Rate,2019,10.21163083966,12.069404645590001,8.38316186946
Incidence,Eastern Sub-Saharan Africa,Both,All ages,Invasive Non-typhoidal Salmonella (iNTS),Number,2020,39581.0892622309,47145.73789568262,32416.25798056739
Incidence,Eastern Sub-Saharan Africa,Both,All ages,Invasive Non-typhoidal Salmonella (iNTS),Rate,2020,9.49985782876,11.31544926097,7.7802265651599996
Incidence,Eastern Sub-Saharan Africa,Both,All ages,Invasive Non-typhoidal Salmonella (iNTS),Number,2021,38990.403950407774,46384.57118677875,31939.24737698608
Incidence,Eastern Sub-Saharan Africa,Both,All ages,Invasive Non-typhoidal Salmonella (iNTS),Rate,2021,9.15057651497,10.88589818917,7.49575529727
Incidence,Eastern Sub-Saharan Africa,Both,Age-standardized,Invasive Non-typhoidal Salmonella (iNTS),Rate,1990,25.269112617389997,29.47596995892,21.42391426503
Incidence,Eastern Sub-Saharan Africa,Both,Age-standardized,Invasive Non-typhoidal Salmonella (iNTS),Rate,1991,24.92762689438,28.905540524310002,21.32139766836
Incidence,Eastern Sub-Saharan Africa,Both,Age-standardized,Invasive Non-typhoidal Salmonella (iNTS),Rate,1992,24.645700221200002,28.36278177087,21.2165163317
Incidence,Eastern Sub-Saharan Africa,Both,Age-standardized,Invasive Non-typhoidal Salmonella (iNTS),Rate,1993,24.4267574958,27.993943717380002,21.13047651995
Incidence,Eastern Sub-Saharan Africa,Both,Age-standardized,Invasive Non-typhoidal Salmonella (iNTS),Rate,1994,24.286711218249998,27.754766200109998,21.10814577158
Incidence,Eastern Sub-Saharan Africa,Both,Age-standardized,Invasive Non-typhoidal Salmonella (iNTS),Rate,1995,24.32201150309,27.762088465719998,21.19737011506
Incidence,Eastern Sub-Saharan Africa,Both,Age-standardized,Invasive Non-typhoidal Salmonella (iNTS),Rate,1996,24.63712162597,28.02795820295,21.48951642991
Incidence,Eastern Sub-Saharan Africa,Both,Age-standardized,Invasive Non-typhoidal Salmonella (iNTS),Rate,1997,25.19053219007,28.57430735375,22.013050080550002
Incidence,Eastern Sub-Saharan Africa,Both,Age-standardized,Invasive Non-typhoidal Salmonella (iNTS),Rate,1998,25.808856770029998,29.2881082956,22.61686006491
Incidence,Eastern Sub-Saharan Africa,Both,Age-standardized,Invasive Non-typhoidal Salmonella (iNTS),Rate,1999,26.30435471965,29.81918361844,23.11355306086
Incidence,Eastern Sub-Saharan Africa,Both,Age-standardized,Invasive Non-typhoidal Salmonella (iNTS),Rate,2000,26.47656522707,29.95534842519,23.315032133109998
Incidence,Eastern Sub-Saharan Africa,Both,Age-standardized,Invasive Non-typhoidal Salmonella (iNTS),Rate,2001,25.930041415010002,29.296109441,22.84264063522
Incidence,Eastern Sub-Saharan Africa,Both,Age-standardized,Invasive Non-typhoidal Salmonella (iNTS),Rate,2002,24.6268756916,27.714987323549998,21.683958776260003
Incidence,Eastern Sub-Saharan Africa,Both,Age-standardized,Invasive Non-typhoidal Salmonella (iNTS),Rate,2003,22.90121840548,25.763539891860002,20.14867878281
Incidence,Eastern Sub-Saharan Africa,Both,Age-standardized,Invasive Non-typhoidal Salmonella (iNTS),Rate,2004,21.08724954177,23.77941053529,18.54735440548
Incidence,Eastern Sub-Saharan Africa,Both,Age-standardized,Invasive Non-typhoidal Salmonella (iNTS),Rate,2005,19.52224255542,22.01246875967,17.1750039324
Incidence,Eastern Sub-Saharan Africa,Both,Age-standardized,Invasive Non-typhoidal Salmonella (iNTS),Rate,2006,17.90534305401,20.2004897518,15.726253976219999
Incidence,Eastern Sub-Saharan Africa,Both,Age-standardized,Invasive Non-typhoidal Salmonella (iNTS),Rate,2007,15.9325838981,17.99024051083,13.97420621333
Incidence,Eastern Sub-Saharan Africa,Both,Age-standardized,Invasive Non-typhoidal Salmonella (iNTS),Rate,2008,13.92362107667,15.767138834219999,12.19173572113
Incidence,Eastern Sub-Saharan Africa,Both,Age-standardized,Invasive Non-typhoidal Salmonella (iNTS),Rate,2009,12.20086825013,13.85951271536,10.629545962909999
Incidence,Eastern Sub-Saharan Africa,Both,Age-standardized,Invasive Non-typhoidal Salmonella (iNTS),Rate,2010,11.084362946979999,12.61591558666,9.607760127759999
Incidence,Eastern Sub-Saharan Africa,Both,Age-standardized,Invasive Non-typhoidal Salmonella (iNTS),Rate,2011,10.40730719065,11.858669304,8.97854935942
Incidence,Eastern Sub-Saharan Africa,Both,Age-standardized,Invasive Non-typhoidal Salmonella (iNTS),Rate,2012,9.80496114558,11.19436773316,8.416097231170001
Incidence,Eastern Sub-Saharan Africa,Both,Age-standardized,Invasive Non-typhoidal Salmonella (iNTS),Rate,2013,9.30334530197,10.64079567861,7.95101763405
Incidence,Eastern Sub-Saharan Africa,Both,Age-standardized,Invasive Non-typhoidal Salmonella (iNTS),Rate,2014,8.94102690423,10.23994760599,7.61508254345
Incidence,Eastern Sub-Saharan Africa,Both,Age-standardized,Invasive Non-typhoidal Salmonella (iNTS),Rate,2015,8.75759604962,10.0450112163,7.448364639299999
Incidence,Eastern Sub-Saharan Africa,Both,Age-standardized,Invasive Non-typhoidal Salmonella (iNTS),Rate,2016,8.74897873611,10.071379866000001,7.4342651338
Incidence,Eastern Sub-Saharan Africa,Both,Age-standardized,Invasive Non-typhoidal Salmonella (iNTS),Rate,2017,8.84021414856,10.22019008086,7.5010750680000005
Incidence,Eastern Sub-Saharan Africa,Both,Age-standardized,Invasive Non-typhoidal Salmonella (iNTS),Rate,2018,8.95705551033,10.38740930042,7.58116417826
Incidence,Eastern Sub-Saharan Africa,Both,Age-standardized,Invasive Non-typhoidal Salmonella (iNTS),Rate,2019,9.02990336261,10.49050087272,7.61654270885
Incidence,Eastern Sub-Saharan Africa,Both,Age-standardized,Invasive Non-typhoidal Salmonella (iNTS),Rate,2020,8.5361765228,9.97048111954,7.12851715593
Incidence,Eastern Sub-Saharan Africa,Both,Age-standardized,Invasive Non-typhoidal Salmonella (iNTS),Rate,2021,8.28492788326,9.6409370657,6.95616780519
Incidence,High-middle SDI,Both,All ages,Invasive Non-typhoidal Salmonella (iNTS),Number,1990,6650.444263514508,8399.475862947096,5157.402446451799
Incidence,High-middle SDI,Both,All ages,Invasive Non-typhoidal Salmonella (iNTS),Rate,1990,0.62531669712,0.7897716748000001,0.48493149264999996
Incidence,High-middle SDI,Both,All ages,Invasive Non-typhoidal Salmonella (iNTS),Number,1991,6596.101765804576,8331.83911035229,5112.396783427197
Incidence,High-middle SDI,Both,All ages,Invasive Non-typhoidal Salmonella (iNTS),Rate,1991,0.6133217738,0.77471490338,0.47536323345
Incidence,High-middle SDI,Both,All ages,Invasive Non-typhoidal Salmonella (iNTS),Number,1992,6539.692367926942,8278.0003991719,5047.393684904269
Incidence,High-middle SDI,Both,All ages,Invasive Non-typhoidal Salmonella (iNTS),Rate,1992,0.60188462564,0.76187087878,0.46453999478
Incidence,High-middle SDI,Both,All ages,Invasive Non-typhoidal Salmonella (iNTS),Number,1993,6489.449542159407,8232.572369262642,4996.192575141866
Incidence,High-middle SDI,Both,All ages,Invasive Non-typhoidal Salmonella (iNTS),Rate,1993,0.59176142987,0.75071371849,0.45559396725
Incidence,High-middle SDI,Both,All ages,Invasive Non-typhoidal Salmonella (iNTS),Number,1994,6453.461392218629,8231.536600710346,4961.516896590967
Incidence,High-middle SDI,Both,All ages,Invasive Non-typhoidal Salmonella (iNTS),Rate,1994,0.5836869742499999,0.74450599452,0.44874720852
Incidence,High-middle SDI,Both,All ages,Invasive Non-typhoidal Salmonella (iNTS),Number,1995,6441.729740673284,8270.624564279477,4934.107430700752
Incidence,High-middle SDI,Both,All ages,Invasive Non-typhoidal Salmonella (iNTS),Rate,1995,0.5782630429700001,0.74243979806,0.44292637104000004
Incidence,High-middle SDI,Both,All ages,Invasive Non-typhoidal Salmonella (iNTS),Number,1996,6435.303229969957,8275.64381282869,4923.267867379759
Incidence,High-middle SDI,Both,All ages,Invasive Non-typhoidal Salmonella (iNTS),Rate,1996,0.57352482644,0.73753901127,0.43876974374999994
Incidence,High-middle SDI,Both,All ages,Invasive Non-typhoidal Salmonella (iNTS),Number,1997,6416.452910903053,8257.088200674576,4896.390576071825
Incidence,High-middle SDI,Both,All ages,Invasive Non-typhoidal Salmonella (iNTS),Rate,1997,0.5678589561699999,0.73075600363,0.43333275879000005
Incidence,High-middle SDI,Both,All ages,Invasive Non-typhoidal Salmonella (iNTS),Number,1998,6396.567366123074,8243.372897475723,4862.6650552273695
Incidence,High-middle SDI,Both,All ages,Invasive Non-typhoidal Salmonella (iNTS),Rate,1998,0.5621997252800001,0.7245170281300001,0.42738375158
Incidence,High-middle SDI,Both,All ages,Invasive Non-typhoidal Salmonella (iNTS),Number,1999,6386.57127894497,8247.955743118608,4841.675702513745
Incidence,High-middle SDI,Both,All ages,Invasive Non-typhoidal Salmonella (iNTS),Rate,1999,0.55755406266,0.7200547887700001,0.42268313311
Incidence,High-middle SDI,Both,All ages,Invasive Non-typhoidal Salmonella (iNTS),Number,2000,6396.2880472952,8278.211745030021,4832.521336522183
Incidence,High-middle SDI,Both,All ages,Invasive Non-typhoidal Salmonella (iNTS),Rate,2000,0.55478449484,0.71801386791,0.41915058994000004
Incidence,High-middle SDI,Both,All ages,Invasive Non-typhoidal Salmonella (iNTS),Number,2001,6424.350703456591,8307.601382523335,4874.989346730237
Incidence,High-middle SDI,Both,All ages,Invasive Non-typhoidal Salmonella (iNTS),Rate,2001,0.55364497794,0.7159418899200001,0.42012235849
Incidence,High-middle SDI,Both,All ages,Invasive Non-typhoidal Salmonella (iNTS),Number,2002,6458.234338147958,8322.22020654721,4908.888991324408
Incidence,High-middle SDI,Both,All ages,Invasive Non-typhoidal Salmonella (iNTS),Rate,2002,0.5530821422,0.71271358993,0.42039645775999995
Incidence,High-middle SDI,Both,All ages,Invasive Non-typhoidal Salmonella (iNTS),Number,2003,6495.610800299777,8362.505071596148,4925.841213606302
Incidence,High-middle SDI,Both,All ages,Invasive Non-typhoidal Salmonella (iNTS),Rate,2003,0.55289856495,0.7118063559500001,0.41928166910000003
Incidence,High-middle SDI,Both,All ages,Invasive Non-typhoidal Salmonella (iNTS),Number,2004,6536.675302493726,8409.104232285334,4928.755981614205
Incidence,High-middle SDI,Both,All ages,Invasive Non-typhoidal Salmonella (iNTS),Rate,2004,0.55296510914,0.71136181994,0.41694438888
Incidence,High-middle SDI,Both,All ages,Invasive Non-typhoidal Salmonella (iNTS),Number,2005,6579.061890706656,8497.924333219948,4940.19088410225
Incidence,High-middle SDI,Both,All ages,Invasive Non-typhoidal Salmonella (iNTS),Rate,2005,0.55307625656,0.71438759155,0.41530271736
Incidence,High-middle SDI,Both,All ages,Invasive Non-typhoidal Salmonella (iNTS),Number,2006,6635.963532224068,8554.540547326866,5005.081351222385
Incidence,High-middle SDI,Both,All ages,Invasive Non-typhoidal Salmonella (iNTS),Rate,2006,0.55428289784,0.7145361033400001,0.41806001219999994
Incidence,High-middle SDI,Both,All ages,Invasive Non-typhoidal Salmonella (iNTS),Number,2007,6714.920193591032,8641.07575763004,5090.825437110241
Incidence,High-middle SDI,Both,All ages,Invasive Non-typhoidal Salmonella (iNTS),Rate,2007,0.55707707219,0.71687302974,0.4223404073
Incidence,High-middle SDI,Both,All ages,Invasive Non-typhoidal Salmonella (iNTS),Number,2008,6800.459720402831,8729.477901418992,5154.270180924628
Incidence,High-middle SDI,Both,All ages,Invasive Non-typhoidal Salmonella (iNTS),Rate,2008,0.5603099178300001,0.71924741073,0.42467551023
Incidence,High-middle SDI,Both,All ages,Invasive Non-typhoidal Salmonella (iNTS),Number,2009,6878.145272256993,8791.194462804155,5211.421133598764
Incidence,High-middle SDI,Both,All ages,Invasive Non-typhoidal Salmonella (iNTS),Rate,2009,0.5629771213,0.71956045642,0.42655552500000005
Incidence,High-middle SDI,Both,All ages,Invasive Non-typhoidal Salmonella (iNTS),Number,2010,6934.522974672888,8834.016769365282,5252.013478119168
Incidence,High-middle SDI,Both,All ages,Invasive Non-typhoidal Salmonella (iNTS),Rate,2010,0.5641672653600001,0.71870308904,0.42728448552000003
Incidence,High-middle SDI,Both,All ages,Invasive Non-typhoidal Salmonella (iNTS),Number,2011,6972.246671886491,8880.175054527568,5291.100752451304
Incidence,High-middle SDI,Both,All ages,Invasive Non-typhoidal Salmonella (iNTS),Rate,2011,0.56410702648,0.71847273632,0.42808971809999996
Incidence,High-middle SDI,Both,All ages,Invasive Non-typhoidal Salmonella (iNTS),Number,2012,7006.168281086005,8904.092510441256,5319.913127167497
Incidence,High-middle SDI,Both,All ages,Invasive Non-typhoidal Salmonella (iNTS),Rate,2012,0.56371606315,0.71642298251,0.42804003044000005
Incidence,High-middle SDI,Both,All ages,Invasive Non-typhoidal Salmonella (iNTS),Number,2013,7043.924586844946,8922.985690161517,5352.632021878157
Incidence,High-middle SDI,Both,All ages,Invasive Non-typhoidal Salmonella (iNTS),Rate,2013,0.56336459808,0.7136496402,0.42809705733
Incidence,High-middle SDI,Both,All ages,Invasive Non-typhoidal Salmonella (iNTS),Number,2014,7089.647177815487,8960.905185646447,5392.593715164419
Incidence,High-middle SDI,Both,All ages,Invasive Non-typhoidal Salmonella (iNTS),Rate,2014,0.56333714442,0.71202566391,0.42849076524
Incidence,High-middle SDI,Both,All ages,Invasive Non-typhoidal Salmonella (iNTS),Number,2015,7136.376497920042,9018.407667739346,5440.101713873813
Incidence,High-middle SDI,Both,All ages,Invasive Non-typhoidal Salmonella (iNTS),Rate,2015,0.56322257122,0.71175767652,0.42934787365
Incidence,High-middle SDI,Both,All ages,Invasive Non-typhoidal Salmonella (iNTS),Number,2016,7162.658142328374,9044.894711452176,5456.814265636989
Incidence,High-middle SDI,Both,All ages,Invasive Non-typhoidal Salmonella (iNTS),Rate,2016,0.56154908544,0.7091155618699999,0.42781171449999994
Incidence,High-middle SDI,Both,All ages,Invasive Non-typhoidal Salmonella (iNTS),Number,2017,7167.128450486901,9070.46007022757,5451.3593431359495
Incidence,High-middle SDI,Both,All ages,Invasive Non-typhoidal Salmonella (iNTS),Rate,2017,0.55838872941,0.70667669888,0.42471369646
Incidence,High-middle SDI,Both,All ages,Invasive Non-typhoidal Salmonella (iNTS),Number,2018,7169.052920407818,9095.62219201659,5440.498570304901
Incidence,High-middle SDI,Both,All ages,Invasive Non-typhoidal Salmonella (iNTS),Rate,2018,0.55536969686,0.70461649477,0.42146264999000005
Incidence,High-middle SDI,Both,All ages,Invasive Non-typhoidal Salmonella (iNTS),Number,2019,7183.330933586566,9135.224208148751,5439.17089621806
Incidence,High-middle SDI,Both,All ages,Invasive Non-typhoidal Salmonella (iNTS),Rate,2019,0.55380004241,0.70428156528,0.41933374652999994
Incidence,High-middle SDI,Both,All ages,Invasive Non-typhoidal Salmonella (iNTS),Number,2020,7356.495646320718,9371.873715364958,5569.611324602607
Incidence,High-middle SDI,Both,All ages,Invasive Non-typhoidal Salmonella (iNTS),Rate,2020,0.5652343632900001,0.72008539487,0.4279395873
Incidence,High-middle SDI,Both,All ages,Invasive Non-typhoidal Salmonella (iNTS),Number,2021,7483.676852782929,9411.120484919293,5703.32978641552
Incidence,High-middle SDI,Both,All ages,Invasive Non-typhoidal Salmonella (iNTS),Rate,2021,0.57388783167,0.72169438031,0.43736142391000005
Incidence,High-middle SDI,Both,Age-standardized,Invasive Non-typhoidal Salmonella (iNTS),Rate,1990,0.6416434988999999,0.79837226211,0.49852524348
Incidence,High-middle SDI,Both,Age-standardized,Invasive Non-typhoidal Salmonella (iNTS),Rate,1991,0.63198125303,0.7880588667,0.49118653965
Incidence,High-middle SDI,Both,Age-standardized,Invasive Non-typhoidal Salmonella (iNTS),Rate,1992,0.62328757785,0.7820690334699999,0.48495126018
Incidence,High-middle SDI,Both,Age-standardized,Invasive Non-typhoidal Salmonella (iNTS),Rate,1993,0.6163038723,0.78011414204,0.48099833108
Incidence,High-middle SDI,Both,Age-standardized,Invasive Non-typhoidal Salmonella (iNTS),Rate,1994,0.61172615011,0.78051241886,0.47574488056
Incidence,High-middle SDI,Both,Age-standardized,Invasive Non-typhoidal Salmonella (iNTS),Rate,1995,0.61018911884,0.7824152539699999,0.47227858482999996
Incidence,High-middle SDI,Both,Age-standardized,Invasive Non-typhoidal Salmonella (iNTS),Rate,1996,0.60933325711,0.78095314441,0.473062231
Incidence,High-middle SDI,Both,Age-standardized,Invasive Non-typhoidal Salmonella (iNTS),Rate,1997,0.60734053979,0.77647163263,0.4715414336
Incidence,High-middle SDI,Both,Age-standardized,Invasive Non-typhoidal Salmonella (iNTS),Rate,1998,0.60534155271,0.7718861860899999,0.46997814145
Incidence,High-middle SDI,Both,Age-standardized,Invasive Non-typhoidal Salmonella (iNTS),Rate,1999,0.60454448003,0.7711851757599999,0.46877946179
Incidence,High-middle SDI,Both,Age-standardized,Invasive Non-typhoidal Salmonella (iNTS),Rate,2000,0.60594870602,0.77028520451,0.46893143273
Incidence,High-middle SDI,Both,Age-standardized,Invasive Non-typhoidal Salmonella (iNTS),Rate,2001,0.60903698539,0.775417787,0.47104958444
Incidence,High-middle SDI,Both,Age-standardized,Invasive Non-typhoidal Salmonella (iNTS),Rate,2002,0.61241905565,0.7798371272,0.47440113799
Incidence,High-middle SDI,Both,Age-standardized,Invasive Non-typhoidal Salmonella (iNTS),Rate,2003,0.6160392355,0.78530164235,0.47798512898
Incidence,High-middle SDI,Both,Age-standardized,Invasive Non-typhoidal Salmonella (iNTS),Rate,2004,0.61975219557,0.7909525069,0.48050186124
Incidence,High-middle SDI,Both,Age-standardized,Invasive Non-typhoidal Salmonella (iNTS),Rate,2005,0.6233176023,0.7968311548899999,0.47986562044
Incidence,High-middle SDI,Both,Age-standardized,Invasive Non-typhoidal Salmonella (iNTS),Rate,2006,0.62785503003,0.80009353873,0.48524839772
Incidence,High-middle SDI,Both,Age-standardized,Invasive Non-typhoidal Salmonella (iNTS),Rate,2007,0.63393078242,0.8054386108199999,0.48932696343000004
Incidence,High-middle SDI,Both,Age-standardized,Invasive Non-typhoidal Salmonella (iNTS),Rate,2008,0.64023531854,0.8096262347100001,0.49175132288
Incidence,High-middle SDI,Both,Age-standardized,Invasive Non-typhoidal Salmonella (iNTS),Rate,2009,0.64563519588,0.81093067015,0.49411051823999996
Incidence,High-middle SDI,Both,Age-standardized,Invasive Non-typhoidal Salmonella (iNTS),Rate,2010,0.64924453218,0.81236336554,0.49609996135
Incidence,High-middle SDI,Both,Age-standardized,Invasive Non-typhoidal Salmonella (iNTS),Rate,2011,0.6512974208200001,0.8149161585399999,0.50004163929
Incidence,High-middle SDI,Both,Age-standardized,Invasive Non-typhoidal Salmonella (iNTS),Rate,2012,0.65239166299,0.81769525884,0.50095658683
Incidence,High-middle SDI,Both,Age-standardized,Invasive Non-typhoidal Salmonella (iNTS),Rate,2013,0.65278533194,0.82004970432,0.50205209884
Incidence,High-middle SDI,Both,Age-standardized,Invasive Non-typhoidal Salmonella (iNTS),Rate,2014,0.65308242761,0.82245143456,0.50257043064
Incidence,High-middle SDI,Both,Age-standardized,Invasive Non-typhoidal Salmonella (iNTS),Rate,2015,0.6525962545,0.82393243879,0.50159648801
Incidence,High-middle SDI,Both,Age-standardized,Invasive Non-typhoidal Salmonella (iNTS),Rate,2016,0.64924276261,0.82288924433,0.50120350085
Incidence,High-middle SDI,Both,Age-standardized,Invasive Non-typhoidal Salmonella (iNTS),Rate,2017,0.64384977303,0.8178816802900001,0.49854793566
Incidence,High-middle SDI,Both,Age-standardized,Invasive Non-typhoidal Salmonella (iNTS),Rate,2018,0.63935075263,0.81277678504,0.49526310567
Incidence,High-middle SDI,Both,Age-standardized,Invasive Non-typhoidal Salmonella (iNTS),Rate,2019,0.6379314662400001,0.8110802516500001,0.49296174981999996
Incidence,High-middle SDI,Both,Age-standardized,Invasive Non-typhoidal Salmonella (iNTS),Rate,2020,0.65767091315,0.82337772552,0.501742777
Incidence,High-middle SDI,Both,Age-standardized,Invasive Non-typhoidal Salmonella (iNTS),Rate,2021,0.67014346865,0.84885179812,0.51119721696
Incidence,Middle SDI,Both,All ages,Invasive Non-typhoidal Salmonella (iNTS),Number,1990,48327.82867434248,60268.35980719964,38986.83163619814
Incidence,Middle SDI,Both,All ages,Invasive Non-typhoidal Salmonella (iNTS),Rate,1990,2.8050168541000002,3.4980624966,2.26285191839
Incidence,Middle SDI,Both,All ages,Invasive Non-typhoidal Salmonella (iNTS),Number,1991,49542.95246977169,61329.22381744006,40088.14515422948
Incidence,Middle SDI,Both,All ages,Invasive Non-typhoidal Salmonella (iNTS),Rate,1991,2.82704730024,3.4996020216,2.2875318664
Incidence,Middle SDI,Both,All ages,Invasive Non-typhoidal Salmonella (iNTS),Number,1992,50777.55696468317,62391.42914600786,41096.1569805437
Incidence,Middle SDI,Both,All ages,Invasive Non-typhoidal Salmonella (iNTS),Rate,1992,2.85303438085,3.50558205365,2.30906636307
Incidence,Middle SDI,Both,All ages,Invasive Non-typhoidal Salmonella (iNTS),Number,1993,52022.157339756544,63699.82729861338,42092.1035831759
Incidence,Middle SDI,Both,All ages,Invasive Non-typhoidal Salmonella (iNTS),Rate,1993,2.88243691862,3.52947173483,2.3322337933500004
Incidence,Middle SDI,Both,All ages,Invasive Non-typhoidal Salmonella (iNTS),Number,1994,53276.39886909731,65002.81711546359,43125.66963587384
Incidence,Middle SDI,Both,All ages,Invasive Non-typhoidal Salmonella (iNTS),Rate,1994,2.9142873106900002,3.55573742032,2.35902940988
Incidence,Middle SDI,Both,All ages,Invasive Non-typhoidal Salmonella (iNTS),Number,1995,54542.22761997303,66419.06083955734,44120.16694420728
Incidence,Middle SDI,Both,All ages,Invasive Non-typhoidal Salmonella (iNTS),Rate,1995,2.94749776949,3.5893296298899995,2.3842827719399997
Incidence,Middle SDI,Both,All ages,Invasive Non-typhoidal Salmonella (iNTS),Number,1996,55758.21378050887,67554.58683933744,45131.223451350925
Incidence,Middle SDI,Both,All ages,Invasive Non-typhoidal Salmonella (iNTS),Rate,1996,2.97835544091,3.6084651503200003,2.41070894865
Incidence,Middle SDI,Both,All ages,Invasive Non-typhoidal Salmonella (iNTS),Number,1997,56933.80353675783,68903.41682784191,46127.83614098383
Incidence,Middle SDI,Both,All ages,Invasive Non-typhoidal Salmonella (iNTS),Rate,1997,3.00738559791,3.63965044564,2.43658743058
Incidence,Middle SDI,Both,All ages,Invasive Non-typhoidal Salmonella (iNTS),Number,1998,58171.170110926,70407.08331107732,47186.86274808532
Incidence,Middle SDI,Both,All ages,Invasive Non-typhoidal Salmonella (iNTS),Rate,1998,3.03947466378,3.6788076544899995,2.46553874562
Incidence,Middle SDI,Both,All ages,Invasive Non-typhoidal Salmonella (iNTS),Number,1999,59566.48287979741,72018.63033126699,48383.8377832332
Incidence,Middle SDI,Both,All ages,Invasive Non-typhoidal Salmonella (iNTS),Rate,1999,3.07903040366,3.72269003808,2.5009921751
Incidence,Middle SDI,Both,All ages,Invasive Non-typhoidal Salmonella (iNTS),Number,2000,61223.93045819193,73888.40635379375,49802.28769063284
Incidence,Middle SDI,Both,All ages,Invasive Non-typhoidal Salmonella (iNTS),Rate,2000,3.1305174747799995,3.77808065479,2.54650315216
Incidence,Middle SDI,Both,All ages,Invasive Non-typhoidal Salmonella (iNTS),Number,2001,63422.41503105348,75940.32896414891,51796.14583418144
Incidence,Middle SDI,Both,All ages,Invasive Non-typhoidal Salmonella (iNTS),Rate,2001,3.2069939694199996,3.83997009424,2.61910441676
Incidence,Middle SDI,Both,All ages,Invasive Non-typhoidal Salmonella (iNTS),Number,2002,66134.29397353427,78877.28272183685,54333.38527687684
Incidence,Middle SDI,Both,All ages,Invasive Non-typhoidal Salmonella (iNTS),Rate,2002,3.30665126744,3.9437884827,2.71661715118
Incidence,Middle SDI,Both,All ages,Invasive Non-typhoidal Salmonella (iNTS),Number,2003,68969.53515579617,81902.08971866623,56673.269272997575
Incidence,Middle SDI,Both,All ages,Invasive Non-typhoidal Salmonella (iNTS),Rate,2003,3.41003681472,4.04945662621,2.80207680384
Incidence,Middle SDI,Both,All ages,Invasive Non-typhoidal Salmonella (iNTS),Number,2004,71482.36527336582,84657.51013504229,58638.08267704495
Incidence,Middle SDI,Both,All ages,Invasive Non-typhoidal Salmonella (iNTS),Rate,2004,3.4948175851,4.13895866483,2.86685256864
Incidence,Middle SDI,Both,All ages,Invasive Non-typhoidal Salmonella (iNTS),Number,2005,73156.9256456825,86504.27064315058,60096.53862740095
Incidence,Middle SDI,Both,All ages,Invasive Non-typhoidal Salmonella (iNTS),Rate,2005,3.53583992564,4.1809473427,2.90460183771
Incidence,Middle SDI,Both,All ages,Invasive Non-typhoidal Salmonella (iNTS),Number,2006,73540.3057451112,86955.3407434881,60507.065736042045
Incidence,Middle SDI,Both,All ages,Invasive Non-typhoidal Salmonella (iNTS),Rate,2006,3.51329655746,4.15418315427,2.89064974096
Incidence,Middle SDI,Both,All ages,Invasive Non-typhoidal Salmonella (iNTS),Number,2007,72778.97639379576,86132.34880363112,59776.65668683376
Incidence,Middle SDI,Both,All ages,Invasive Non-typhoidal Salmonella (iNTS),Rate,2007,3.4368778943200002,4.06747085844,2.82286286704
Incidence,Middle SDI,Both,All ages,Invasive Non-typhoidal Salmonella (iNTS),Number,2008,71298.29813774998,84710.60425922452,58497.23631716147
Incidence,Middle SDI,Both,All ages,Invasive Non-typhoidal Salmonella (iNTS),Rate,2008,3.3267436685200003,3.95255530267,2.72945239405
Incidence,Middle SDI,Both,All ages,Invasive Non-typhoidal Salmonella (iNTS),Number,2009,69536.59383075053,83040.45416105041,57007.74368867561
Incidence,Middle SDI,Both,All ages,Invasive Non-typhoidal Salmonella (iNTS),Rate,2009,3.20466822159,3.82700805283,2.62726277661
Incidence,Middle SDI,Both,All ages,Invasive Non-typhoidal Salmonella (iNTS),Number,2010,67885.79225785965,81289.81924513249,55603.13443210116
Incidence,Middle SDI,Both,All ages,Invasive Non-typhoidal Salmonella (iNTS),Rate,2010,3.09320902255,3.70396211,2.53355100363
Incidence,Middle SDI,Both,All ages,Invasive Non-typhoidal Salmonella (iNTS),Number,2011,65807.18384927389,78658.39670045328,53872.63749550964
Incidence,Middle SDI,Both,All ages,Invasive Non-typhoidal Salmonella (iNTS),Rate,2011,2.96774832932,3.5473076302599997,2.4295285191000002
Incidence,Middle SDI,Both,All ages,Invasive Non-typhoidal Salmonella (iNTS),Number,2012,62915.16607756082,74943.90118207969,51436.63257961758
Incidence,Middle SDI,Both,All ages,Invasive Non-typhoidal Salmonella (iNTS),Rate,2012,2.80728472212,3.34400879663,2.2951107308500003
Incidence,Middle SDI,Both,All ages,Invasive Non-typhoidal Salmonella (iNTS),Number,2013,59879.150239478375,71358.98194827116,48857.91116085136
Incidence,Middle SDI,Both,All ages,Invasive Non-typhoidal Salmonella (iNTS),Rate,2013,2.64309913511,3.14982531842,2.15661548662
Incidence,Middle SDI,Both,All ages,Invasive Non-typhoidal Salmonella (iNTS),Number,2014,57423.81671257846,68640.80558237867,46822.149814919394
Incidence,Middle SDI,Both,All ages,Invasive Non-typhoidal Salmonella (iNTS),Rate,2014,2.50840498783,2.99838897775,2.0452996833099997
Incidence,Middle SDI,Both,All ages,Invasive Non-typhoidal Salmonella (iNTS),Number,2015,56380.60501381818,67516.77273782843,45841.95362187819
Incidence,Middle SDI,Both,All ages,Invasive Non-typhoidal Salmonella (iNTS),Rate,2015,2.4371438594,2.91852292192,1.9815934175399998
Incidence,Middle SDI,Both,All ages,Invasive Non-typhoidal Salmonella (iNTS),Number,2016,56536.49958513319,67582.34681939657,46015.02869352887
Incidence,Middle SDI,Both,All ages,Invasive Non-typhoidal Salmonella (iNTS),Rate,2016,2.41803293275,2.89045734138,1.96803579279
Incidence,Middle SDI,Both,All ages,Invasive Non-typhoidal Salmonella (iNTS),Number,2017,56962.73906095495,67948.8707086712,46423.76351341444
Incidence,Middle SDI,Both,All ages,Invasive Non-typhoidal Salmonella (iNTS),Rate,2017,2.4107109003500002,2.87565320742,1.9646926145399999
Incidence,Middle SDI,Both,All ages,Invasive Non-typhoidal Salmonella (iNTS),Number,2018,57459.54793179497,68503.90476038642,46750.215452916855
Incidence,Middle SDI,Both,All ages,Invasive Non-typhoidal Salmonella (iNTS),Rate,2018,2.40691470192,2.8695501695,1.95831302093
Incidence,Middle SDI,Both,All ages,Invasive Non-typhoidal Salmonella (iNTS),Number,2019,57822.22331452756,69064.17533344185,46996.28326611054
Incidence,Middle SDI,Both,All ages,Invasive Non-typhoidal Salmonella (iNTS),Rate,2019,2.39843430149,2.86474434272,1.9493802100100002
Incidence,Middle SDI,Both,All ages,Invasive Non-typhoidal Salmonella (iNTS),Number,2020,58026.095472399866,69528.53508061692,47217.84711738062
Incidence,Middle SDI,Both,All ages,Invasive Non-typhoidal Salmonella (iNTS),Rate,2020,2.3862885778,2.85931954827,1.9418058086999999
Incidence,Middle SDI,Both,All ages,Invasive Non-typhoidal Salmonella (iNTS),Number,2021,57474.73878605989,68866.83143053477,46591.1113984909
Incidence,Middle SDI,Both,All ages,Invasive Non-typhoidal Salmonella (iNTS),Rate,2021,2.34730275004,2.81256263565,1.90280889001
Incidence,Middle SDI,Both,Age-standardized,Invasive Non-typhoidal Salmonella (iNTS),Rate,1990,2.5948997785900003,3.1923600264600003,2.1307420489699997
Incidence,Middle SDI,Both,Age-standardized,Invasive Non-typhoidal Salmonella (iNTS),Rate,1991,2.6279517082600004,3.2107922410399996,2.15928849373
Incidence,Middle SDI,Both,Age-standardized,Invasive Non-typhoidal Salmonella (iNTS),Rate,1992,2.66863862562,3.2354803295799996,2.1936048508700003
Incidence,Middle SDI,Both,Age-standardized,Invasive Non-typhoidal Salmonella (iNTS),Rate,1993,2.71598403898,3.2835149455,2.23079622261
Incidence,Middle SDI,Both,Age-standardized,Invasive Non-typhoidal Salmonella (iNTS),Rate,1994,2.7693604544099997,3.33866885403,2.27282878231
Incidence,Middle SDI,Both,Age-standardized,Invasive Non-typhoidal Salmonella (iNTS),Rate,1995,2.82815397413,3.4081500971699996,2.31901044663
Incidence,Middle SDI,Both,Age-standardized,Invasive Non-typhoidal Salmonella (iNTS),Rate,1996,2.88716348535,3.47409680065,2.3687726974800003
Incidence,Middle SDI,Both,Age-standardized,Invasive Non-typhoidal Salmonella (iNTS),Rate,1997,2.94670452361,3.551833025,2.41988509118
Incidence,Middle SDI,Both,Age-standardized,Invasive Non-typhoidal Salmonella (iNTS),Rate,1998,3.01141843581,3.64095020332,2.47632268796
Incidence,Middle SDI,Both,Age-standardized,Invasive Non-typhoidal Salmonella (iNTS),Rate,1999,3.08542874571,3.7181361863599998,2.53896427104
Incidence,Middle SDI,Both,Age-standardized,Invasive Non-typhoidal Salmonella (iNTS),Rate,2000,3.17246958298,3.81407093469,2.6107155557399997
Incidence,Middle SDI,Both,Age-standardized,Invasive Non-typhoidal Salmonella (iNTS),Rate,2001,3.2844523933299996,3.92141871705,2.70414814268
Incidence,Middle SDI,Both,Age-standardized,Invasive Non-typhoidal Salmonella (iNTS),Rate,2002,3.42042874729,4.05793994139,2.8197440604399997
Incidence,Middle SDI,Both,Age-standardized,Invasive Non-typhoidal Salmonella (iNTS),Rate,2003,3.56145845078,4.19956665534,2.92278116408
Incidence,Middle SDI,Both,Age-standardized,Invasive Non-typhoidal Salmonella (iNTS),Rate,2004,3.6833030426700004,4.324422312119999,3.0194736565
Incidence,Middle SDI,Both,Age-standardized,Invasive Non-typhoidal Salmonella (iNTS),Rate,2005,3.75627308661,4.40528562529,3.0816502068100005
Incidence,Middle SDI,Both,Age-standardized,Invasive Non-typhoidal Salmonella (iNTS),Rate,2006,3.75604697947,4.40729627597,3.0719395047499995
Incidence,Middle SDI,Both,Age-standardized,Invasive Non-typhoidal Salmonella (iNTS),Rate,2007,3.69268017664,4.34051878661,3.0109806732899997
Incidence,Middle SDI,Both,Age-standardized,Invasive Non-typhoidal Salmonella (iNTS),Rate,2008,3.58807475654,4.22774397992,2.91792174985
Incidence,Middle SDI,Both,Age-standardized,Invasive Non-typhoidal Salmonella (iNTS),Rate,2009,3.4685124924500004,4.1017293728,2.81535985603
Incidence,Middle SDI,Both,Age-standardized,Invasive Non-typhoidal Salmonella (iNTS),Rate,2010,3.3638238473400004,3.99465376831,2.72917554815
Incidence,Middle SDI,Both,Age-standardized,Invasive Non-typhoidal Salmonella (iNTS),Rate,2011,3.24507842495,3.86149669911,2.63539673869
Incidence,Middle SDI,Both,Age-standardized,Invasive Non-typhoidal Salmonella (iNTS),Rate,2012,3.08008699534,3.66196335343,2.50705924731
Incidence,Middle SDI,Both,Age-standardized,Invasive Non-typhoidal Salmonella (iNTS),Rate,2013,2.90449519983,3.45471129037,2.36864713277
Incidence,Middle SDI,Both,Age-standardized,Invasive Non-typhoidal Salmonella (iNTS),Rate,2014,2.76133863478,3.28249342649,2.24995242937
Incidence,Middle SDI,Both,Age-standardized,Invasive Non-typhoidal Salmonella (iNTS),Rate,2015,2.68805186195,3.20206503638,2.18504273348
Incidence,Middle SDI,Both,Age-standardized,Invasive Non-typhoidal Salmonella (iNTS),Rate,2016,2.671979469,3.18141600466,2.17148817544
Incidence,Middle SDI,Both,Age-standardized,Invasive Non-typhoidal Salmonella (iNTS),Rate,2017,2.67381643163,3.2055936660900004,2.17245502948
Incidence,Middle SDI,Both,Age-standardized,Invasive Non-typhoidal Salmonella (iNTS),Rate,2018,2.68897599195,3.23603235649,2.19161472863
Incidence,Middle SDI,Both,Age-standardized,Invasive Non-typhoidal Salmonella (iNTS),Rate,2019,2.70767222965,3.26476978306,2.20845496569
Incidence,Middle SDI,Both,Age-standardized,Invasive Non-typhoidal Salmonella (iNTS),Rate,2020,2.7277853324800003,3.27484045266,2.2142273817600002
Incidence,Middle SDI,Both,Age-standardized,Invasive Non-typhoidal Salmonella (iNTS),Rate,2021,2.72167677653,3.30401767587,2.2069705584999997
Incidence,Southern Sub-Saharan Africa,Both,All ages,Invasive Non-typhoidal Salmonella (iNTS),Number,1990,9083.740782212097,15709.692101208522,6487.34184795993
Incidence,Southern Sub-Saharan Africa,Both,All ages,Invasive Non-typhoidal Salmonella (iNTS),Rate,1990,17.32938605244,29.969956839789997,12.37614040655
Incidence,Southern Sub-Saharan Africa,Both,All ages,Invasive Non-typhoidal Salmonella (iNTS),Number,1991,9333.802095733136,15309.57303855156,6707.196745186446
Incidence,Southern Sub-Saharan Africa,Both,All ages,Invasive Non-typhoidal Salmonella (iNTS),Rate,1991,17.40228627861,28.54373492042,12.505145994050002
Incidence,Southern Sub-Saharan Africa,Both,All ages,Invasive Non-typhoidal Salmonella (iNTS),Number,1992,9556.376454322415,15131.901616385408,6848.149529698674
Incidence,Southern Sub-Saharan Africa,Both,All ages,Invasive Non-typhoidal Salmonella (iNTS),Rate,1992,17.42650483788,27.59373890143,12.48792484058
Incidence,Southern Sub-Saharan Africa,Both,All ages,Invasive Non-typhoidal Salmonella (iNTS),Number,1993,9746.45854106644,15065.174470901344,6957.552640243364
Incidence,Southern Sub-Saharan Africa,Both,All ages,Invasive Non-typhoidal Salmonella (iNTS),Rate,1993,17.39574853702,26.88873970561,12.41803221681
Incidence,Southern Sub-Saharan Africa,Both,All ages,Invasive Non-typhoidal Salmonella (iNTS),Number,1994,9900.23754242238,14924.674505644987,7040.648842707321
Incidence,Southern Sub-Saharan Africa,Both,All ages,Invasive Non-typhoidal Salmonella (iNTS),Rate,1994,17.30589316728,26.08875003699,12.307251838970002
Incidence,Southern Sub-Saharan Africa,Both,All ages,Invasive Non-typhoidal Salmonella (iNTS),Number,1995,10009.959655089857,14860.966622137084,7101.800139015291
Incidence,Southern Sub-Saharan Africa,Both,All ages,Invasive Non-typhoidal Salmonella (iNTS),Rate,1995,17.148900628809997,25.45956713437,12.16668888447
Incidence,Southern Sub-Saharan Africa,Both,All ages,Invasive Non-typhoidal Salmonella (iNTS),Number,1996,10064.785877852377,14690.213056459044,7159.698705809962
Incidence,Southern Sub-Saharan Africa,Both,All ages,Invasive Non-typhoidal Salmonella (iNTS),Rate,1996,16.91086990912,24.68252031886,12.02973762898
Incidence,Southern Sub-Saharan Africa,Both,All ages,Invasive Non-typhoidal Salmonella (iNTS),Number,1997,10070.921009306549,14441.502532756122,7210.929531372616
Incidence,Southern Sub-Saharan Africa,Both,All ages,Invasive Non-typhoidal Salmonella (iNTS),Rate,1997,16.61020722256,23.81871027015,11.8931559162
Incidence,Southern Sub-Saharan Africa,Both,All ages,Invasive Non-typhoidal Salmonella (iNTS),Number,1998,10037.882514115689,14263.878515896931,7201.518526684845
Incidence,Southern Sub-Saharan Africa,Both,All ages,Invasive Non-typhoidal Salmonella (iNTS),Rate,1998,16.26991866282,23.1196313509,11.67259334956
Incidence,Southern Sub-Saharan Africa,Both,All ages,Invasive Non-typhoidal Salmonella (iNTS),Number,1999,9976.872896601964,14187.233043190392,7156.296522861051
Incidence,Southern Sub-Saharan Africa,Both,All ages,Invasive Non-typhoidal Salmonella (iNTS),Rate,1999,15.90903028982,22.62283207895,11.41136499633
Incidence,Southern Sub-Saharan Africa,Both,All ages,Invasive Non-typhoidal Salmonella (iNTS),Number,2000,9898.810086526652,14078.934248533697,7141.89219623337
Incidence,Southern Sub-Saharan Africa,Both,All ages,Invasive Non-typhoidal Salmonella (iNTS),Rate,2000,15.54834425162,22.11418488472,11.217974433730001
Incidence,Southern Sub-Saharan Africa,Both,All ages,Invasive Non-typhoidal Salmonella (iNTS),Number,2001,9737.883755721938,13710.228462244428,7069.502569766179
Incidence,Southern Sub-Saharan Africa,Both,All ages,Invasive Non-typhoidal Salmonella (iNTS),Rate,2001,15.0873000349,21.24181552643,10.95306835069
Incidence,Southern Sub-Saharan Africa,Both,All ages,Invasive Non-typhoidal Salmonella (iNTS),Number,2002,9474.534248807911,13050.717226076118,6976.611043906669
Incidence,Southern Sub-Saharan Africa,Both,All ages,Invasive Non-typhoidal Salmonella (iNTS),Rate,2002,14.49932293971,19.97212302858,10.676634216930001
Incidence,Southern Sub-Saharan Africa,Both,All ages,Invasive Non-typhoidal Salmonella (iNTS),Number,2003,9177.656562335678,12312.54299226763,6872.044514511874
Incidence,Southern Sub-Saharan Africa,Both,All ages,Invasive Non-typhoidal Salmonella (iNTS),Rate,2003,13.89033340667,18.63496700764,10.40080208316
Incidence,Southern Sub-Saharan Africa,Both,All ages,Invasive Non-typhoidal Salmonella (iNTS),Number,2004,8914.858742476486,11720.00745735578,6749.566378484968
Incidence,Southern Sub-Saharan Africa,Both,All ages,Invasive Non-typhoidal Salmonella (iNTS),Rate,2004,13.35614746126,17.558791717210003,10.11212925013
Incidence,Southern Sub-Saharan Africa,Both,All ages,Invasive Non-typhoidal Salmonella (iNTS),Number,2005,8754.84381689178,11416.39221490619,6662.355262341194
Incidence,Southern Sub-Saharan Africa,Both,All ages,Invasive Non-typhoidal Salmonella (iNTS),Rate,2005,12.98982081561,16.938838925509998,9.8851336332
Incidence,Southern Sub-Saharan Africa,Both,All ages,Invasive Non-typhoidal Salmonella (iNTS),Number,2006,8633.41332550932,11222.076457533998,6621.553286464365
Incidence,Southern Sub-Saharan Africa,Both,All ages,Invasive Non-typhoidal Salmonella (iNTS),Rate,2006,12.68856666955,16.49313660004,9.73172685745
Incidence,Southern Sub-Saharan Africa,Both,All ages,Invasive Non-typhoidal Salmonella (iNTS),Number,2007,8465.784598849203,11003.39214563528,6544.948737213441
Incidence,Southern Sub-Saharan Africa,Both,All ages,Invasive Non-typhoidal Salmonella (iNTS),Rate,2007,12.32364331656,16.01763882506,9.5274823994
Incidence,Southern Sub-Saharan Africa,Both,All ages,Invasive Non-typhoidal Salmonella (iNTS),Number,2008,8284.562594992482,10776.32213728295,6462.628656566152
Incidence,Southern Sub-Saharan Africa,Both,All ages,Invasive Non-typhoidal Salmonella (iNTS),Rate,2008,11.94134567122,15.532961001879999,9.31521511823
Incidence,Southern Sub-Saharan Africa,Both,All ages,Invasive Non-typhoidal Salmonella (iNTS),Number,2009,8123.264174030125,10578.081417598576,6378.951469614878
Incidence,Southern Sub-Saharan Africa,Both,All ages,Invasive Non-typhoidal Salmonella (iNTS),Rate,2009,11.5890803022,15.09125301916,9.10055111363
Incidence,Southern Sub-Saharan Africa,Both,All ages,Invasive Non-typhoidal Salmonella (iNTS),Number,2010,8015.680569181335,10438.94717965693,6317.745785939843
Incidence,Southern Sub-Saharan Africa,Both,All ages,Invasive Non-typhoidal Salmonella (iNTS),Rate,2010,11.31180208339,14.731538193930001,8.915660913249999
Incidence,Southern Sub-Saharan Africa,Both,All ages,Invasive Non-typhoidal Salmonella (iNTS),Number,2011,7925.299963816427,10189.116614031287,6289.382722216491
Incidence,Southern Sub-Saharan Africa,Both,All ages,Invasive Non-typhoidal Salmonella (iNTS),Rate,2011,11.055455277130001,14.21338290717,8.773420529660001
Incidence,Southern Sub-Saharan Africa,Both,All ages,Invasive Non-typhoidal Salmonella (iNTS),Number,2012,7812.254110670438,9883.92611885775,6218.521013516835
Incidence,Southern Sub-Saharan Africa,Both,All ages,Invasive Non-typhoidal Salmonella (iNTS),Rate,2012,10.7662296266,13.62124384339,8.56987294844
Incidence,Southern Sub-Saharan Africa,Both,All ages,Invasive Non-typhoidal Salmonella (iNTS),Number,2013,7702.854908234111,9597.606354331634,6166.678414130169
Incidence,Southern Sub-Saharan Africa,Both,All ages,Invasive Non-typhoidal Salmonella (iNTS),Rate,2013,10.48443397236,13.06339939067,8.39352855947
Incidence,Southern Sub-Saharan Africa,Both,All ages,Invasive Non-typhoidal Salmonella (iNTS),Number,2014,7626.146898771117,9387.471299739282,6107.181076216822
Incidence,Southern Sub-Saharan Africa,Both,All ages,Invasive Non-typhoidal Salmonella (iNTS),Rate,2014,10.25209292553,12.61990220989,8.21009465692
Incidence,Southern Sub-Saharan Africa,Both,All ages,Invasive Non-typhoidal Salmonella (iNTS),Number,2015,7613.223915561744,9366.729089158724,6106.246791446672
Incidence,Southern Sub-Saharan Africa,Both,All ages,Invasive Non-typhoidal Salmonella (iNTS),Rate,2015,10.11096949239,12.439764430200002,8.10958349657
Incidence,Southern Sub-Saharan Africa,Both,All ages,Invasive Non-typhoidal Salmonella (iNTS),Number,2016,7803.245147040979,9686.63781241478,6228.583900667789
Incidence,Southern Sub-Saharan Africa,Both,All ages,Invasive Non-typhoidal Salmonella (iNTS),Rate,2016,10.240593355109999,12.712264826490001,8.174085742920001
Incidence,Southern Sub-Saharan Africa,Both,All ages,Invasive Non-typhoidal Salmonella (iNTS),Number,2017,8204.520142492682,10384.879575055462,6510.4055261472495
Incidence,Southern Sub-Saharan Africa,Both,All ages,Invasive Non-typhoidal Salmonella (iNTS),Rate,2017,10.641366860309999,13.469320745030002,8.44407867979
Incidence,Southern Sub-Saharan Africa,Both,All ages,Invasive Non-typhoidal Salmonella (iNTS),Number,2018,8652.510969928046,11360.067327204457,6744.521519946606
Incidence,Southern Sub-Saharan Africa,Both,All ages,Invasive Non-typhoidal Salmonella (iNTS),Rate,2018,11.09320593698,14.56450812447,8.6470119977
Incidence,Southern Sub-Saharan Africa,Both,All ages,Invasive Non-typhoidal Salmonella (iNTS),Number,2019,8983.551135490246,12153.21124759227,6895.534904266719
Incidence,Southern Sub-Saharan Africa,Both,All ages,Invasive Non-typhoidal Salmonella (iNTS),Rate,2019,11.38809682432,15.40615112294,8.74120021815
Incidence,Southern Sub-Saharan Africa,Both,All ages,Invasive Non-typhoidal Salmonella (iNTS),Number,2020,9092.258001751135,12392.008217789977,7050.957661032215
Incidence,Southern Sub-Saharan Africa,Both,All ages,Invasive Non-typhoidal Salmonella (iNTS),Rate,2020,11.41138682534,15.55279219846,8.84941951094
Incidence,Southern Sub-Saharan Africa,Both,All ages,Invasive Non-typhoidal Salmonella (iNTS),Number,2021,9116.554316183934,12781.17956802138,6924.185475378941
Incidence,Southern Sub-Saharan Africa,Both,All ages,Invasive Non-typhoidal Salmonella (iNTS),Rate,2021,11.352579714740001,15.916030866699998,8.62248661529
Incidence,Southern Sub-Saharan Africa,Both,Age-standardized,Invasive Non-typhoidal Salmonella (iNTS),Rate,1990,15.17881742723,24.07296172217,11.32000249135
Incidence,Southern Sub-Saharan Africa,Both,Age-standardized,Invasive Non-typhoidal Salmonella (iNTS),Rate,1991,15.306307117909999,23.31661923872,11.44431522847
Incidence,Southern Sub-Saharan Africa,Both,Age-standardized,Invasive Non-typhoidal Salmonella (iNTS),Rate,1992,15.40448824798,22.75203364484,11.56581689097
Incidence,Southern Sub-Saharan Africa,Both,Age-standardized,Invasive Non-typhoidal Salmonella (iNTS),Rate,1993,15.466427480910001,22.28809367314,11.59702365366
Incidence,Southern Sub-Saharan Africa,Both,Age-standardized,Invasive Non-typhoidal Salmonella (iNTS),Rate,1994,15.485204858500001,21.97613172693,11.542387990489999
Incidence,Southern Sub-Saharan Africa,Both,Age-standardized,Invasive Non-typhoidal Salmonella (iNTS),Rate,1995,15.45297260738,21.7059782428,11.45217691651
Incidence,Southern Sub-Saharan Africa,Both,Age-standardized,Invasive Non-typhoidal Salmonella (iNTS),Rate,1996,15.368962319040001,21.32017524062,11.403808696579999
Incidence,Southern Sub-Saharan Africa,Both,Age-standardized,Invasive Non-typhoidal Salmonella (iNTS),Rate,1997,15.24301255572,20.95881865946,11.31130539492
Incidence,Southern Sub-Saharan Africa,Both,Age-standardized,Invasive Non-typhoidal Salmonella (iNTS),Rate,1998,15.08119410125,20.60608389751,11.24453736908
Incidence,Southern Sub-Saharan Africa,Both,Age-standardized,Invasive Non-typhoidal Salmonella (iNTS),Rate,1999,14.88875139206,20.31829091504,11.14663684584
Incidence,Southern Sub-Saharan Africa,Both,Age-standardized,Invasive Non-typhoidal Salmonella (iNTS),Rate,2000,14.67277201391,20.20568894862,11.01668996964
Incidence,Southern Sub-Saharan Africa,Both,Age-standardized,Invasive Non-typhoidal Salmonella (iNTS),Rate,2001,14.3444282419,19.58771712722,10.849487208260001
Incidence,Southern Sub-Saharan Africa,Both,Age-standardized,Invasive Non-typhoidal Salmonella (iNTS),Rate,2002,13.874684694429998,18.500107392769998,10.60671046646
Incidence,Southern Sub-Saharan Africa,Both,Age-standardized,Invasive Non-typhoidal Salmonella (iNTS),Rate,2003,13.356626578740002,17.48927877538,10.26301024184
Incidence,Southern Sub-Saharan Africa,Both,Age-standardized,Invasive Non-typhoidal Salmonella (iNTS),Rate,2004,12.88079120396,16.71820543627,9.961245302950001
Incidence,Southern Sub-Saharan Africa,Both,Age-standardized,Invasive Non-typhoidal Salmonella (iNTS),Rate,2005,12.53673640053,16.16931598039,9.75589561896
Incidence,Southern Sub-Saharan Africa,Both,Age-standardized,Invasive Non-typhoidal Salmonella (iNTS),Rate,2006,12.23710586241,15.641330531520001,9.57015280502
Incidence,Southern Sub-Saharan Africa,Both,Age-standardized,Invasive Non-typhoidal Salmonella (iNTS),Rate,2007,11.868962270920001,15.206313389379998,9.38039277149
Incidence,Southern Sub-Saharan Africa,Both,Age-standardized,Invasive Non-typhoidal Salmonella (iNTS),Rate,2008,11.48104778233,14.797765138259999,9.09778113586
Incidence,Southern Sub-Saharan Africa,Both,Age-standardized,Invasive Non-typhoidal Salmonella (iNTS),Rate,2009,11.12130448568,14.338571626600002,8.80272819933
Incidence,Southern Sub-Saharan Africa,Both,Age-standardized,Invasive Non-typhoidal Salmonella (iNTS),Rate,2010,10.835190637370001,13.899371278179999,8.59799484361
Incidence,Southern Sub-Saharan Africa,Both,Age-standardized,Invasive Non-typhoidal Salmonella (iNTS),Rate,2011,10.57818125947,13.407713221620002,8.43900955608
Incidence,Southern Sub-Saharan Africa,Both,Age-standardized,Invasive Non-typhoidal Salmonella (iNTS),Rate,2012,10.30239107309,12.8690743648,8.2665125596
Incidence,Southern Sub-Saharan Africa,Both,Age-standardized,Invasive Non-typhoidal Salmonella (iNTS),Rate,2013,10.04564418261,12.36618876368,8.073731064430001
Incidence,Southern Sub-Saharan Africa,Both,Age-standardized,Invasive Non-typhoidal Salmonella (iNTS),Rate,2014,9.84541355253,12.03613464638,7.93794998167
Incidence,Southern Sub-Saharan Africa,Both,Age-standardized,Invasive Non-typhoidal Salmonella (iNTS),Rate,2015,9.738774115550001,11.95933072057,7.86956488892
Incidence,Southern Sub-Saharan Africa,Both,Age-standardized,Invasive Non-typhoidal Salmonella (iNTS),Rate,2016,9.89149924005,12.238847549780001,7.927643435499999
Incidence,Southern Sub-Saharan Africa,Both,Age-standardized,Invasive Non-typhoidal Salmonella (iNTS),Rate,2017,10.30845091087,13.02319084122,8.21396882973
Incidence,Southern Sub-Saharan Africa,Both,Age-standardized,Invasive Non-typhoidal Salmonella (iNTS),Rate,2018,10.7893553488,14.074194415750002,8.432759089680001
Incidence,Southern Sub-Saharan Africa,Both,Age-standardized,Invasive Non-typhoidal Salmonella (iNTS),Rate,2019,11.1375572722,15.11237112167,8.549023422280001
Incidence,Southern Sub-Saharan Africa,Both,Age-standardized,Invasive Non-typhoidal Salmonella (iNTS),Rate,2020,11.227838842399999,15.267916489800001,8.69323148692
Incidence,Southern Sub-Saharan Africa,Both,Age-standardized,Invasive Non-typhoidal Salmonella (iNTS),Rate,2021,11.2402218516,15.79638010432,8.49364552756
Incidence,Low-middle SDI,Both,All ages,Invasive Non-typhoidal Salmonella (iNTS),Number,1990,109559.80709952892,130461.25870071635,89658.0839683241
Incidence,Low-middle SDI,Both,All ages,Invasive Non-typhoidal Salmonella (iNTS),Rate,1990,9.433342098259999,11.23300338394,7.719759648529999
Incidence,Low-middle SDI,Both,All ages,Invasive Non-typhoidal Salmonella (iNTS),Number,1991,111386.42618273456,132195.52258043637,91316.45937695271
Incidence,Low-middle SDI,Both,All ages,Invasive Non-typhoidal Salmonella (iNTS),Rate,1991,9.41104290247,11.16920415848,7.715330730590001
Incidence,Low-middle SDI,Both,All ages,Invasive Non-typhoidal Salmonella (iNTS),Number,1992,113547.05546785989,134605.40001062644,93195.87482577728
Incidence,Low-middle SDI,Both,All ages,Invasive Non-typhoidal Salmonella (iNTS),Rate,1992,9.41658441787,11.16297650413,7.7288382255100005
Incidence,Low-middle SDI,Both,All ages,Invasive Non-typhoidal Salmonella (iNTS),Number,1993,116188.70048814274,137534.2496884203,95400.88372876312
Incidence,Low-middle SDI,Both,All ages,Invasive Non-typhoidal Salmonella (iNTS),Rate,1993,9.45999041245,11.197927836089999,7.767463114929999
Incidence,Low-middle SDI,Both,All ages,Invasive Non-typhoidal Salmonella (iNTS),Number,1994,119452.58752524384,141429.84296462813,98082.59720741188
Incidence,Low-middle SDI,Both,All ages,Invasive Non-typhoidal Salmonella (iNTS),Rate,1994,9.54983383824,11.30684171906,7.84137476767
Incidence,Low-middle SDI,Both,All ages,Invasive Non-typhoidal Salmonella (iNTS),Number,1995,123488.83311149036,146295.55486457358,101435.4505047144
Incidence,Low-middle SDI,Both,All ages,Invasive Non-typhoidal Salmonella (iNTS),Rate,1995,9.69567074315,11.486330345939999,7.96415922797
Incidence,Low-middle SDI,Both,All ages,Invasive Non-typhoidal Salmonella (iNTS),Number,1996,128086.43057436647,151504.64161899855,105302.87734530593
Incidence,Low-middle SDI,Both,All ages,Invasive Non-typhoidal Salmonella (iNTS),Rate,1996,9.87877222987,11.6849211865,8.121571783830001
Incidence,Low-middle SDI,Both,All ages,Invasive Non-typhoidal Salmonella (iNTS),Number,1997,133030.7219528524,156953.5486459741,109378.28174915152
Incidence,Low-middle SDI,Both,All ages,Invasive Non-typhoidal Salmonella (iNTS),Rate,1997,10.079640911370001,11.89225606606,8.28751274405
Incidence,Low-middle SDI,Both,All ages,Invasive Non-typhoidal Salmonella (iNTS),Number,1998,138419.90455097958,163344.32743595442,113674.97181409452
Incidence,Low-middle SDI,Both,All ages,Invasive Non-typhoidal Salmonella (iNTS),Rate,1998,10.30474529324,12.160257549539999,8.46259527891
Incidence,Low-middle SDI,Both,All ages,Invasive Non-typhoidal Salmonella (iNTS),Number,1999,144351.59242838668,170213.99482656532,118639.11815603632
Incidence,Low-middle SDI,Both,All ages,Invasive Non-typhoidal Salmonella (iNTS),Rate,1999,10.56005502686,12.45202163324,8.67905642737
Incidence,Low-middle SDI,Both,All ages,Invasive Non-typhoidal Salmonella (iNTS),Number,2000,150940.81543054568,177850.14911407518,124265.13897325456
Incidence,Low-middle SDI,Both,All ages,Invasive Non-typhoidal Salmonella (iNTS),Rate,2000,10.85234154485,12.787068603569999,8.93441397153
Incidence,Low-middle SDI,Both,All ages,Invasive Non-typhoidal Salmonella (iNTS),Number,2001,160166.2358433687,188373.264909342,132050.57290878936
Incidence,Low-middle SDI,Both,All ages,Invasive Non-typhoidal Salmonella (iNTS),Rate,2001,11.31949936969,13.31298723592,9.33246866256
Incidence,Low-middle SDI,Both,All ages,Invasive Non-typhoidal Salmonella (iNTS),Number,2002,172644.18993553048,202241.97592836048,142403.16381637612
Incidence,Low-middle SDI,Both,All ages,Invasive Non-typhoidal Salmonella (iNTS),Rate,2002,11.99562633667,14.052133313799999,9.89442588795
Incidence,Low-middle SDI,Both,All ages,Invasive Non-typhoidal Salmonella (iNTS),Number,2003,186212.87330272573,217461.4814876158,153696.28977538884
Incidence,Low-middle SDI,Both,All ages,Invasive Non-typhoidal Salmonella (iNTS),Rate,2003,12.721787488799999,14.856646081540001,10.50030270013
Incidence,Low-middle SDI,Both,All ages,Invasive Non-typhoidal Salmonella (iNTS),Number,2004,198368.5712984677,231572.46843716476,164067.17962693033
Incidence,Low-middle SDI,Both,All ages,Invasive Non-typhoidal Salmonella (iNTS),Rate,2004,13.32721053124,15.55798390793,11.02270299091
Incidence,Low-middle SDI,Both,All ages,Invasive Non-typhoidal Salmonella (iNTS),Number,2005,206222.3444855809,240597.47554860823,170686.91665298986
Incidence,Low-middle SDI,Both,All ages,Invasive Non-typhoidal Salmonella (iNTS),Rate,2005,13.626171606109999,15.89751342417,11.27816300912
Incidence,Low-middle SDI,Both,All ages,Invasive Non-typhoidal Salmonella (iNTS),Number,2006,206660.67483403752,241183.3910167728,170917.8237693221
Incidence,Low-middle SDI,Both,All ages,Invasive Non-typhoidal Salmonella (iNTS),Rate,2006,13.43046472506,15.674027136140001,11.10760818361
Incidence,Low-middle SDI,Both,All ages,Invasive Non-typhoidal Salmonella (iNTS),Number,2007,200502.4628898077,234445.27972070355,165512.8777395024
Incidence,Low-middle SDI,Both,All ages,Invasive Non-typhoidal Salmonella (iNTS),Rate,2007,12.81670796964,14.986432793559999,10.580070631689999
Incidence,Low-middle SDI,Both,All ages,Invasive Non-typhoidal Salmonella (iNTS),Number,2008,190766.8370568269,223746.3908118437,157061.42857984515
Incidence,Low-middle SDI,Both,All ages,Invasive Non-typhoidal Salmonella (iNTS),Rate,2008,11.99622952666,14.07012403912,9.8766901842
Incidence,Low-middle SDI,Both,All ages,Invasive Non-typhoidal Salmonella (iNTS),Number,2009,180947.16183514788,211978.3919499841,148748.57943523023
Incidence,Low-middle SDI,Both,All ages,Invasive Non-typhoidal Salmonella (iNTS),Rate,2009,11.19464728225,13.11445454724,9.20261950298
Incidence,Low-middle SDI,Both,All ages,Invasive Non-typhoidal Salmonella (iNTS),Number,2010,175034.8216043566,205679.1654010907,143713.87043478162
Incidence,Low-middle SDI,Both,All ages,Invasive Non-typhoidal Salmonella (iNTS),Rate,2010,10.65413345705,12.51941332263,8.74766941348
Incidence,Low-middle SDI,Both,All ages,Invasive Non-typhoidal Salmonella (iNTS),Number,2011,171123.49965633036,201654.78534933832,140381.1603853248
Incidence,Low-middle SDI,Both,All ages,Invasive Non-typhoidal Salmonella (iNTS),Rate,2011,10.24948781467,12.07816734323,8.40816717557
Incidence,Low-middle SDI,Both,All ages,Invasive Non-typhoidal Salmonella (iNTS),Number,2012,165313.53223433698,195114.56635589805,135629.14784795188
Incidence,Low-middle SDI,Both,All ages,Invasive Non-typhoidal Salmonella (iNTS),Rate,2012,9.74544675286,11.50225629703,7.99551386159
Incidence,Low-middle SDI,Both,All ages,Invasive Non-typhoidal Salmonella (iNTS),Number,2013,159125.87862132431,188057.45646939412,130558.23288718358
Incidence,Low-middle SDI,Both,All ages,Invasive Non-typhoidal Salmonella (iNTS),Rate,2013,9.23507027116,10.91415073749,7.57711106225
Incidence,Low-middle SDI,Both,All ages,Invasive Non-typhoidal Salmonella (iNTS),Number,2014,154260.864329715,182817.33363313516,126393.68032406754
Incidence,Low-middle SDI,Both,All ages,Invasive Non-typhoidal Salmonella (iNTS),Rate,2014,8.8163557791,10.44842230659,7.2236834586
Incidence,Low-middle SDI,Both,All ages,Invasive Non-typhoidal Salmonella (iNTS),Number,2015,152598.11589637425,181455.99055311,124941.88576977629
Incidence,Low-middle SDI,Both,All ages,Invasive Non-typhoidal Salmonella (iNTS),Rate,2015,8.5908307024,10.21544522762,7.033865274030001
Incidence,Low-middle SDI,Both,All ages,Invasive Non-typhoidal Salmonella (iNTS),Number,2016,153562.52516949837,182236.17078909965,125597.3146147778
Incidence,Low-middle SDI,Both,All ages,Invasive Non-typhoidal Salmonella (iNTS),Rate,2016,8.51805847559,10.10857536652,6.96683822492
Incidence,Low-middle SDI,Both,All ages,Invasive Non-typhoidal Salmonella (iNTS),Number,2017,154916.1503120738,183334.8925257938,126715.65075404228
Incidence,Low-middle SDI,Both,All ages,Invasive Non-typhoidal Salmonella (iNTS),Rate,2017,8.470156099999999,10.02397203352,6.9282727465
Incidence,Low-middle SDI,Both,All ages,Invasive Non-typhoidal Salmonella (iNTS),Number,2018,156123.96439277576,184478.15996427,127751.60827910408
Incidence,Low-middle SDI,Both,All ages,Invasive Non-typhoidal Salmonella (iNTS),Rate,2018,8.42154762505,9.951013068129999,6.89110257662
Incidence,Low-middle SDI,Both,All ages,Invasive Non-typhoidal Salmonella (iNTS),Number,2019,156623.70821851323,185222.10861112457,128246.2579423466
Incidence,Low-middle SDI,Both,All ages,Invasive Non-typhoidal Salmonella (iNTS),Rate,2019,8.343311532829999,9.866742222420001,6.83165080883
Incidence,Low-middle SDI,Both,All ages,Invasive Non-typhoidal Salmonella (iNTS),Number,2020,150022.7864096906,177980.64405409104,122586.64963961754
Incidence,Low-middle SDI,Both,All ages,Invasive Non-typhoidal Salmonella (iNTS),Rate,2020,7.89734647253,9.369075492710001,6.45308135037
Incidence,Low-middle SDI,Both,All ages,Invasive Non-typhoidal Salmonella (iNTS),Number,2021,146356.99772369044,173961.27325590132,119542.54727433206
Incidence,Low-middle SDI,Both,All ages,Invasive Non-typhoidal Salmonella (iNTS),Rate,2021,7.6183467204,9.05523696303,6.222569382680001
Incidence,Low-middle SDI,Both,Age-standardized,Invasive Non-typhoidal Salmonella (iNTS),Rate,1990,7.779219798230001,9.10441804481,6.47659150145
Incidence,Low-middle SDI,Both,Age-standardized,Invasive Non-typhoidal Salmonella (iNTS),Rate,1991,7.8271720682399994,9.144442742879999,6.52533989872
Incidence,Low-middle SDI,Both,Age-standardized,Invasive Non-typhoidal Salmonella (iNTS),Rate,1992,7.893792437029999,9.19790803861,6.5897874739399995
Incidence,Low-middle SDI,Both,Age-standardized,Invasive Non-typhoidal Salmonella (iNTS),Rate,1993,7.9850676847,9.29024932309,6.67370322854
Incidence,Low-middle SDI,Both,Age-standardized,Invasive Non-typhoidal Salmonella (iNTS),Rate,1994,8.1075076902,9.433766187029999,6.77427518711
Incidence,Low-middle SDI,Both,Age-standardized,Invasive Non-typhoidal Salmonella (iNTS),Rate,1995,8.2688069407,9.61805658305,6.90351096474
Incidence,Low-middle SDI,Both,Age-standardized,Invasive Non-typhoidal Salmonella (iNTS),Rate,1996,8.45726355855,9.83613234075,7.0665119797100004
Incidence,Low-middle SDI,Both,Age-standardized,Invasive Non-typhoidal Salmonella (iNTS),Rate,1997,8.66074018987,10.08453907112,7.230897698290001
Incidence,Low-middle SDI,Both,Age-standardized,Invasive Non-typhoidal Salmonella (iNTS),Rate,1998,8.886926441469999,10.36126749102,7.404391337500001
Incidence,Low-middle SDI,Both,Age-standardized,Invasive Non-typhoidal Salmonella (iNTS),Rate,1999,9.14211265991,10.66587539331,7.61198216928
Incidence,Low-middle SDI,Both,Age-standardized,Invasive Non-typhoidal Salmonella (iNTS),Rate,2000,9.43225011997,11.0062297641,7.8643298254100005
Incidence,Low-middle SDI,Both,Age-standardized,Invasive Non-typhoidal Salmonella (iNTS),Rate,2001,9.87122595233,11.49196104838,8.24693369509
Incidence,Low-middle SDI,Both,Age-standardized,Invasive Non-typhoidal Salmonella (iNTS),Rate,2002,10.487752284439999,12.15447313778,8.78414733583
Incidence,Low-middle SDI,Both,Age-standardized,Invasive Non-typhoidal Salmonella (iNTS),Rate,2003,11.14938506817,12.882663601820001,9.35558112814
Incidence,Low-middle SDI,Both,Age-standardized,Invasive Non-typhoidal Salmonella (iNTS),Rate,2004,11.71167273857,13.499744733570001,9.81944903556
Incidence,Low-middle SDI,Both,Age-standardized,Invasive Non-typhoidal Salmonella (iNTS),Rate,2005,12.01604606349,13.81894746808,10.05720532127
Incidence,Low-middle SDI,Both,Age-standardized,Invasive Non-typhoidal Salmonella (iNTS),Rate,2006,11.889504177980001,13.70345803327,9.93407956101
Incidence,Low-middle SDI,Both,Age-standardized,Invasive Non-typhoidal Salmonella (iNTS),Rate,2007,11.38908218504,13.16638183282,9.48641632284
Incidence,Low-middle SDI,Both,Age-standardized,Invasive Non-typhoidal Salmonella (iNTS),Rate,2008,10.70060696716,12.42116191019,8.897207524859999
Incidence,Low-middle SDI,Both,Age-standardized,Invasive Non-typhoidal Salmonella (iNTS),Rate,2009,10.02553656922,11.6835510412,8.31969214449
Incidence,Low-middle SDI,Both,Age-standardized,Invasive Non-typhoidal Salmonella (iNTS),Rate,2010,9.58425062062,11.18989864928,7.938658160809999
Incidence,Low-middle SDI,Both,Age-standardized,Invasive Non-typhoidal Salmonella (iNTS),Rate,2011,9.268343297509999,10.85150710498,7.6785395329299995
Incidence,Low-middle SDI,Both,Age-standardized,Invasive Non-typhoidal Salmonella (iNTS),Rate,2012,8.864423464209999,10.39440323771,7.347991027829999
Incidence,Low-middle SDI,Both,Age-standardized,Invasive Non-typhoidal Salmonella (iNTS),Rate,2013,8.45470139098,9.95122311212,6.994547493440001
Incidence,Low-middle SDI,Both,Age-standardized,Invasive Non-typhoidal Salmonella (iNTS),Rate,2014,8.127275106119999,9.58377716585,6.7211758525
Incidence,Low-middle SDI,Both,Age-standardized,Invasive Non-typhoidal Salmonella (iNTS),Rate,2015,7.9765866138399995,9.4179224892,6.595289607840001
Incidence,Low-middle SDI,Both,Age-standardized,Invasive Non-typhoidal Salmonella (iNTS),Rate,2016,7.96973688319,9.398749434419999,6.57946250399
Incidence,Low-middle SDI,Both,Age-standardized,Invasive Non-typhoidal Salmonella (iNTS),Rate,2017,7.98989818933,9.41841026511,6.584838361899999
Incidence,Low-middle SDI,Both,Age-standardized,Invasive Non-typhoidal Salmonella (iNTS),Rate,2018,8.01436241168,9.44522959739,6.594239474869999
Incidence,Low-middle SDI,Both,Age-standardized,Invasive Non-typhoidal Salmonella (iNTS),Rate,2019,8.01606080046,9.4565982779,6.58823037591
Incidence,Low-middle SDI,Both,Age-standardized,Invasive Non-typhoidal Salmonella (iNTS),Rate,2020,7.665090827079999,9.06579589606,6.2897828550099995
Incidence,Low-middle SDI,Both,Age-standardized,Invasive Non-typhoidal Salmonella (iNTS),Rate,2021,7.468745317130001,8.838643467279999,6.13185267476
Incidence,Western Sub-Saharan Africa,Both,All ages,Invasive Non-typhoidal Salmonella (iNTS),Number,1990,134270.7808239871,163958.25324785805,106887.79199008064
Incidence,Western Sub-Saharan Africa,Both,All ages,Invasive Non-typhoidal Salmonella (iNTS),Rate,1990,69.51316911732,84.88263579207,55.336753950390005
Incidence,Western Sub-Saharan Africa,Both,All ages,Invasive Non-typhoidal Salmonella (iNTS),Number,1991,141839.8137358274,173072.5357318717,112937.57655963323
Incidence,Western Sub-Saharan Africa,Both,All ages,Invasive Non-typhoidal Salmonella (iNTS),Rate,1991,71.49819818818,87.24189728375,56.92924306
Incidence,Western Sub-Saharan Africa,Both,All ages,Invasive Non-typhoidal Salmonella (iNTS),Number,1992,150306.70053403758,183327.63432773677,119741.18296435034
Incidence,Western Sub-Saharan Africa,Both,All ages,Invasive Non-typhoidal Salmonella (iNTS),Rate,1992,73.64956942215001,89.8296701574,58.672610975359994
Incidence,Western Sub-Saharan Africa,Both,All ages,Invasive Non-typhoidal Salmonella (iNTS),Number,1993,159590.24259403368,194576.66663776973,127223.75541206828
Incidence,Western Sub-Saharan Africa,Both,All ages,Invasive Non-typhoidal Salmonella (iNTS),Rate,1993,75.95045838757,92.60081808545,60.5469506423
Incidence,Western Sub-Saharan Africa,Both,All ages,Invasive Non-typhoidal Salmonella (iNTS),Number,1994,169538.75263350716,206513.74592689128,135251.2177968772
Incidence,Western Sub-Saharan Africa,Both,All ages,Invasive Non-typhoidal Salmonella (iNTS),Rate,1994,78.36862560751001,95.46017170678999,62.51934667348
Incidence,Western Sub-Saharan Africa,Both,All ages,Invasive Non-typhoidal Salmonella (iNTS),Number,1995,180116.0722212005,218982.1470757376,143808.72029215592
Incidence,Western Sub-Saharan Africa,Both,All ages,Invasive Non-typhoidal Salmonella (iNTS),Rate,1995,80.84352311435,98.28822075915001,64.54728586745
Incidence,Western Sub-Saharan Africa,Both,All ages,Invasive Non-typhoidal Salmonella (iNTS),Number,1996,191586.95304449007,232710.46292898429,153429.3644148327
Incidence,Western Sub-Saharan Africa,Both,All ages,Invasive Non-typhoidal Salmonella (iNTS),Rate,1996,83.44391080796001,101.35487205235,66.82472890823
Incidence,Western Sub-Saharan Africa,Both,All ages,Invasive Non-typhoidal Salmonella (iNTS),Number,1997,204356.95438908332,248386.98338876732,163992.17645782046
Incidence,Western Sub-Saharan Africa,Both,All ages,Invasive Non-typhoidal Salmonella (iNTS),Rate,1997,86.3392745596,104.94163029561,69.28545980315
Incidence,Western Sub-Saharan Africa,Both,All ages,Invasive Non-typhoidal Salmonella (iNTS),Number,1998,218666.2675721226,265191.1200453631,175660.88382043623
Incidence,Western Sub-Saharan Africa,Both,All ages,Invasive Non-typhoidal Salmonella (iNTS),Rate,1998,89.59937562331,108.66311955992,71.97774803815
Incidence,Western Sub-Saharan Africa,Both,All ages,Invasive Non-typhoidal Salmonella (iNTS),Number,1999,234670.7739540369,283244.1571464231,188746.7031058398
Incidence,Western Sub-Saharan Africa,Both,All ages,Invasive Non-typhoidal Salmonella (iNTS),Rate,1999,93.25024012899,112.55166216059,75.00156534883
Incidence,Western Sub-Saharan Africa,Both,All ages,Invasive Non-typhoidal Salmonella (iNTS),Number,2000,252655.13904824745,304060.4855926068,203505.0094731317
Incidence,Western Sub-Saharan Africa,Both,All ages,Invasive Non-typhoidal Salmonella (iNTS),Rate,2000,97.36818550206,117.17876737656,78.42671867915
Incidence,Western Sub-Saharan Africa,Both,All ages,Invasive Non-typhoidal Salmonella (iNTS),Number,2001,279566.77560699044,332597.85755503445,226116.44377534595
Incidence,Western Sub-Saharan Africa,Both,All ages,Invasive Non-typhoidal Salmonella (iNTS),Rate,2001,104.48849280361,124.30893753444,84.5113528133
Incidence,Western Sub-Saharan Africa,Both,All ages,Invasive Non-typhoidal Salmonella (iNTS),Number,2002,317761.0599092982,375630.2774663607,258013.7587785325
Incidence,Western Sub-Saharan Africa,Both,All ages,Invasive Non-typhoidal Salmonella (iNTS),Rate,2002,115.16369203929001,136.13678657516,93.50993814771
Incidence,Western Sub-Saharan Africa,Both,All ages,Invasive Non-typhoidal Salmonella (iNTS),Number,2003,360147.01510575024,424724.6637540344,293676.7482500847
Incidence,Western Sub-Saharan Africa,Both,All ages,Invasive Non-typhoidal Salmonella (iNTS),Rate,2003,126.54477021311001,149.23540311118,103.18912851
Incidence,Western Sub-Saharan Africa,Both,All ages,Invasive Non-typhoidal Salmonella (iNTS),Number,2004,398668.8684831467,469273.8144850615,326093.0787959135
Incidence,Western Sub-Saharan Africa,Both,All ages,Invasive Non-typhoidal Salmonella (iNTS),Rate,2004,135.80168823179,159.85240205114,111.07963054571
Incidence,Western Sub-Saharan Africa,Both,All ages,Invasive Non-typhoidal Salmonella (iNTS),Number,2005,424270.6778582516,498820.5885022209,347635.6977729588
Incidence,Western Sub-Saharan Africa,Both,All ages,Invasive Non-typhoidal Salmonella (iNTS),Rate,2005,140.09958017678,164.71690993465998,114.79373393964
Incidence,Western Sub-Saharan Africa,Both,All ages,Invasive Non-typhoidal Salmonella (iNTS),Number,2006,433600.90947242966,509880.6959577624,355477.5665593521
Incidence,Western Sub-Saharan Africa,Both,All ages,Invasive Non-typhoidal Salmonella (iNTS),Rate,2006,138.78347298797,163.1984902445,113.77838509713
Incidence,Western Sub-Saharan Africa,Both,All ages,Invasive Non-typhoidal Salmonella (iNTS),Number,2007,432047.7366342054,508696.73142330657,353718.43796853814
Incidence,Western Sub-Saharan Africa,Both,All ages,Invasive Non-typhoidal Salmonella (iNTS),Rate,2007,134.03385577535,157.8126178004,109.73381429815
Incidence,Western Sub-Saharan Africa,Both,All ages,Invasive Non-typhoidal Salmonella (iNTS),Number,2008,423357.24789139273,499132.704262328,345714.6385459681
Incidence,Western Sub-Saharan Africa,Both,All ages,Invasive Non-typhoidal Salmonella (iNTS),Rate,2008,127.29763905144,150.08226537379,103.95158578626999
Incidence,Western Sub-Saharan Africa,Both,All ages,Invasive Non-typhoidal Salmonella (iNTS),Number,2009,411844.547096126,485999.3431219962,335220.949161284
Incidence,Western Sub-Saharan Africa,Both,All ages,Invasive Non-typhoidal Salmonella (iNTS),Rate,2009,120.03638070459,141.64956798507,97.7036354066
Incidence,Western Sub-Saharan Africa,Both,All ages,Invasive Non-typhoidal Salmonella (iNTS),Number,2010,402488.31321556895,475398.7173753446,326423.23372628854
Incidence,Western Sub-Saharan Africa,Both,All ages,Invasive Non-typhoidal Salmonella (iNTS),Rate,2010,113.72602881037999,134.32739896647,92.23328197172
Incidence,Western Sub-Saharan Africa,Both,All ages,Invasive Non-typhoidal Salmonella (iNTS),Number,2011,387384.6691229485,459868.843721732,313434.503689541
Incidence,Western Sub-Saharan Africa,Both,All ages,Invasive Non-typhoidal Salmonella (iNTS),Rate,2011,106.12139308057,125.97793929375999,85.86324865762
Incidence,Western Sub-Saharan Africa,Both,All ages,Invasive Non-typhoidal Salmonella (iNTS),Number,2012,359894.2207013054,432876.0328253963,290038.0296217444
Incidence,Western Sub-Saharan Africa,Both,All ages,Invasive Non-typhoidal Salmonella (iNTS),Rate,2012,95.60670922162,114.99449176678,77.04925493725
Incidence,Western Sub-Saharan Africa,Both,All ages,Invasive Non-typhoidal Salmonella (iNTS),Number,2013,328379.6355660521,399675.52475808456,262992.9035145953
Incidence,Western Sub-Saharan Africa,Both,All ages,Invasive Non-typhoidal Salmonella (iNTS),Rate,2013,84.63131433929,103.00597633351,67.77958398054001
Incidence,Western Sub-Saharan Africa,Both,All ages,Invasive Non-typhoidal Salmonella (iNTS),Number,2014,302399.6238006976,370227.9799217623,240871.3522428145
Incidence,Western Sub-Saharan Africa,Both,All ages,Invasive Non-typhoidal Salmonella (iNTS),Rate,2014,75.62740970642,92.59066784018,60.23974571679
Incidence,Western Sub-Saharan Africa,Both,All ages,Invasive Non-typhoidal Salmonella (iNTS),Number,2015,292413.4156272748,358178.1503569366,232122.76957080525
Incidence,Western Sub-Saharan Africa,Both,All ages,Invasive Non-typhoidal Salmonella (iNTS),Rate,2015,70.97286197863001,86.93489104976,56.339471468860005
Incidence,Western Sub-Saharan Africa,Both,All ages,Invasive Non-typhoidal Salmonella (iNTS),Number,2016,295101.3695736626,361598.41535286617,234141.88896525413
Incidence,Western Sub-Saharan Africa,Both,All ages,Invasive Non-typhoidal Salmonella (iNTS),Rate,2016,69.52793159948,85.19509728286,55.16545471838
Incidence,Western Sub-Saharan Africa,Both,All ages,Invasive Non-typhoidal Salmonella (iNTS),Number,2017,299140.1910125798,366676.1287327651,237540.12303476373
Incidence,Western Sub-Saharan Africa,Both,All ages,Invasive Non-typhoidal Salmonella (iNTS),Rate,2017,68.4327084258,83.88254523517,54.3407889259
Incidence,Western Sub-Saharan Africa,Both,All ages,Invasive Non-typhoidal Salmonella (iNTS),Number,2018,303467.3203687996,372141.81556516833,241277.80427369813
Incidence,Western Sub-Saharan Africa,Both,All ages,Invasive Non-typhoidal Salmonella (iNTS),Rate,2018,67.42454519943,82.68268436179001,53.60724245398
Incidence,Western Sub-Saharan Africa,Both,All ages,Invasive Non-typhoidal Salmonella (iNTS),Number,2019,306879.0449955027,376483.58132465614,244256.7901458887
Incidence,Western Sub-Saharan Africa,Both,All ages,Invasive Non-typhoidal Salmonella (iNTS),Rate,2019,66.2402628292,81.26449747714001,52.72316321669
Incidence,Western Sub-Saharan Africa,Both,All ages,Invasive Non-typhoidal Salmonella (iNTS),Number,2020,304931.4535596975,373865.1733460234,242168.34529671437
Incidence,Western Sub-Saharan Africa,Both,All ages,Invasive Non-typhoidal Salmonella (iNTS),Rate,2020,63.98703514733,78.4521363998,50.81677944724999
Incidence,Western Sub-Saharan Africa,Both,All ages,Invasive Non-typhoidal Salmonella (iNTS),Number,2021,305958.8898651305,375593.3073129069,242564.8405502229
Incidence,Western Sub-Saharan Africa,Both,All ages,Invasive Non-typhoidal Salmonella (iNTS),Rate,2021,62.4625156999,76.67861151265001,49.52041160756001
Incidence,Western Sub-Saharan Africa,Both,Age-standardized,Invasive Non-typhoidal Salmonella (iNTS),Rate,1990,50.475100032629996,59.456963295170006,41.207917639769995
Incidence,Western Sub-Saharan Africa,Both,Age-standardized,Invasive Non-typhoidal Salmonella (iNTS),Rate,1991,51.996701451199996,61.19151765736,42.4228644963
Incidence,Western Sub-Saharan Africa,Both,Age-standardized,Invasive Non-typhoidal Salmonella (iNTS),Rate,1992,53.65349688216,63.01371185683001,43.73304014933
Incidence,Western Sub-Saharan Africa,Both,Age-standardized,Invasive Non-typhoidal Salmonella (iNTS),Rate,1993,55.42628932145,65.10647110198,45.1305260353
Incidence,Western Sub-Saharan Africa,Both,Age-standardized,Invasive Non-typhoidal Salmonella (iNTS),Rate,1994,57.30574192149,67.41399177401999,46.61935654216
Incidence,Western Sub-Saharan Africa,Both,Age-standardized,Invasive Non-typhoidal Salmonella (iNTS),Rate,1995,59.24397912665,69.74268315594,48.22215179579
Incidence,Western Sub-Saharan Africa,Both,Age-standardized,Invasive Non-typhoidal Salmonella (iNTS),Rate,1996,61.280862272389996,72.00410621825,50.006775312639995
Incidence,Western Sub-Saharan Africa,Both,Age-standardized,Invasive Non-typhoidal Salmonella (iNTS),Rate,1997,63.53907597648,74.47876671165,51.98445735004
Incidence,Western Sub-Saharan Africa,Both,Age-standardized,Invasive Non-typhoidal Salmonella (iNTS),Rate,1998,66.06362820304001,77.26881467767,54.19493765463
Incidence,Western Sub-Saharan Africa,Both,Age-standardized,Invasive Non-typhoidal Salmonella (iNTS),Rate,1999,68.88181374976,80.50207444818,56.62952013115
Incidence,Western Sub-Saharan Africa,Both,Age-standardized,Invasive Non-typhoidal Salmonella (iNTS),Rate,2000,72.053698983,84.28475596341,59.32947908505
Incidence,Western Sub-Saharan Africa,Both,Age-standardized,Invasive Non-typhoidal Salmonella (iNTS),Rate,2001,77.45368185732,89.84180393273,64.00993970724001
Incidence,Western Sub-Saharan Africa,Both,Age-standardized,Invasive Non-typhoidal Salmonella (iNTS),Rate,2002,85.48471337274,98.56250930904,71.02642131223
Incidence,Western Sub-Saharan Africa,Both,Age-standardized,Invasive Non-typhoidal Salmonella (iNTS),Rate,2003,94.00075108649,108.03902513466001,78.45791198213
Incidence,Western Sub-Saharan Africa,Both,Age-standardized,Invasive Non-typhoidal Salmonella (iNTS),Rate,2004,100.87564560172001,115.69298063354,84.38852355945001
Incidence,Western Sub-Saharan Africa,Both,Age-standardized,Invasive Non-typhoidal Salmonella (iNTS),Rate,2005,103.98595304032001,119.15331443099001,87.11878358438
Incidence,Western Sub-Saharan Africa,Both,Age-standardized,Invasive Non-typhoidal Salmonella (iNTS),Rate,2006,102.75385948668,117.71160011487001,85.96852631691
Incidence,Western Sub-Saharan Africa,Both,Age-standardized,Invasive Non-typhoidal Salmonella (iNTS),Rate,2007,98.81788399484,113.31762615035,82.50620995792
Incidence,Western Sub-Saharan Africa,Both,Age-standardized,Invasive Non-typhoidal Salmonella (iNTS),Rate,2008,93.36676091992,107.12089334705,77.72768704249
Incidence,Western Sub-Saharan Africa,Both,Age-standardized,Invasive Non-typhoidal Salmonella (iNTS),Rate,2009,87.59437373716999,100.86237727719,72.69725193782
Incidence,Western Sub-Saharan Africa,Both,Age-standardized,Invasive Non-typhoidal Salmonella (iNTS),Rate,2010,82.70524098777,95.53796626399,68.43696179788
Incidence,Western Sub-Saharan Africa,Both,Age-standardized,Invasive Non-typhoidal Salmonella (iNTS),Rate,2011,77.09990358291,89.53432137214,63.58658808783999
Incidence,Western Sub-Saharan Africa,Both,Age-standardized,Invasive Non-typhoidal Salmonella (iNTS),Rate,2012,69.51702897881,81.08945992515001,57.16730304685
Incidence,Western Sub-Saharan Africa,Both,Age-standardized,Invasive Non-typhoidal Salmonella (iNTS),Rate,2013,61.675242261730006,72.13581171717,50.521831671950004
Incidence,Western Sub-Saharan Africa,Both,Age-standardized,Invasive Non-typhoidal Salmonella (iNTS),Rate,2014,55.294052908640005,64.98360373408,45.16016522206
Incidence,Western Sub-Saharan Africa,Both,Age-standardized,Invasive Non-typhoidal Salmonella (iNTS),Rate,2015,52.09389501924,61.62941551166,42.48559865397
Incidence,Western Sub-Saharan Africa,Both,Age-standardized,Invasive Non-typhoidal Salmonella (iNTS),Rate,2016,51.27472080636,60.73109086221999,41.72444747673
Incidence,Western Sub-Saharan Africa,Both,Age-standardized,Invasive Non-typhoidal Salmonella (iNTS),Rate,2017,50.748202738139994,60.206471803949995,41.19356292181
Incidence,Western Sub-Saharan Africa,Both,Age-standardized,Invasive Non-typhoidal Salmonella (iNTS),Rate,2018,50.304020590099995,59.779950435159996,40.789101981019996
Incidence,Western Sub-Saharan Africa,Both,Age-standardized,Invasive Non-typhoidal Salmonella (iNTS),Rate,2019,49.73110729104,59.18676871813,40.33723638811
Incidence,Western Sub-Saharan Africa,Both,Age-standardized,Invasive Non-typhoidal Salmonella (iNTS),Rate,2020,48.42892722821,57.55606423072,39.120583653690005
Incidence,Western Sub-Saharan Africa,Both,Age-standardized,Invasive Non-typhoidal Salmonella (iNTS),Rate,2021,47.54407432141,56.663862266200006,38.52706968626
Incidence,High SDI,Both,All ages,Invasive Non-typhoidal Salmonella (iNTS),Number,1990,6177.070199914203,7675.75769289701,4851.744045133944
Incidence,High SDI,Both,All ages,Invasive Non-typhoidal Salmonella (iNTS),Rate,1990,0.70231196496,0.8727076580600001,0.55162686897
Incidence,High SDI,Both,All ages,Invasive Non-typhoidal Salmonella (iNTS),Number,1991,6131.869551296101,7609.555936421603,4837.938212770863
Incidence,High SDI,Both,All ages,Invasive Non-typhoidal Salmonella (iNTS),Rate,1991,0.6915711264900001,0.85822914643,0.54563756644
Incidence,High SDI,Both,All ages,Invasive Non-typhoidal Salmonella (iNTS),Number,1992,6085.357778262312,7551.560521838264,4816.04650275136
Incidence,High SDI,Both,All ages,Invasive Non-typhoidal Salmonella (iNTS),Rate,1992,0.68100641495,0.8450877246,0.53895903619
Incidence,High SDI,Both,All ages,Invasive Non-typhoidal Salmonella (iNTS),Number,1993,6043.786501881668,7492.325086693453,4797.807403735562
Incidence,High SDI,Both,All ages,Invasive Non-typhoidal Salmonella (iNTS),Rate,1993,0.67142614256,0.83234954283,0.53300580966
Incidence,High SDI,Both,All ages,Invasive Non-typhoidal Salmonella (iNTS),Number,1994,6008.194595115211,7434.580537239732,4781.922765686235
Incidence,High SDI,Both,All ages,Invasive Non-typhoidal Salmonella (iNTS),Rate,1994,0.6628666909900001,0.82023571667,0.5275756752
Incidence,High SDI,Both,All ages,Invasive Non-typhoidal Salmonella (iNTS),Number,1995,5986.40070319595,7399.588205839594,4774.55527014191
Incidence,High SDI,Both,All ages,Invasive Non-typhoidal Salmonella (iNTS),Rate,1995,0.65607140528,0.81094775866,0.52326086091
Incidence,High SDI,Both,All ages,Invasive Non-typhoidal Salmonella (iNTS),Number,1996,5955.996944797858,7375.043856726142,4740.644579734172
Incidence,High SDI,Both,All ages,Invasive Non-typhoidal Salmonella (iNTS),Rate,1996,0.6484451531400001,0.80294054671,0.51612652407
Incidence,High SDI,Both,All ages,Invasive Non-typhoidal Salmonella (iNTS),Number,1997,5901.983884859954,7304.3868460737085,4695.496111857692
Incidence,High SDI,Both,All ages,Invasive Non-typhoidal Salmonella (iNTS),Rate,1997,0.6382991901199999,0.7899689831700001,0.5078176125
Incidence,High SDI,Both,All ages,Invasive Non-typhoidal Salmonella (iNTS),Number,1998,5835.132314776279,7240.442787910706,4638.850459283763
Incidence,High SDI,Both,All ages,Invasive Non-typhoidal Salmonella (iNTS),Rate,1998,0.62681365493,0.77777300708,0.49830829092
Incidence,High SDI,Both,All ages,Invasive Non-typhoidal Salmonella (iNTS),Number,1999,5776.491277327087,7190.26991660101,4578.331954007927
Incidence,High SDI,Both,All ages,Invasive Non-typhoidal Salmonella (iNTS),Rate,1999,0.61632971227,0.7671745314,0.48849065642
Incidence,High SDI,Both,All ages,Invasive Non-typhoidal Salmonella (iNTS),Number,2000,5731.39762280828,7153.651579379488,4534.273519567978
Incidence,High SDI,Both,All ages,Invasive Non-typhoidal Salmonella (iNTS),Rate,2000,0.60725555461,0.75794682959,0.48041733659
Incidence,High SDI,Both,All ages,Invasive Non-typhoidal Salmonella (iNTS),Number,2001,5657.6730246236775,7040.359996829548,4467.39182250278
Incidence,High SDI,Both,All ages,Invasive Non-typhoidal Salmonella (iNTS),Rate,2001,0.59512225453,0.74056505135,0.46991833598
Incidence,High SDI,Both,All ages,Invasive Non-typhoidal Salmonella (iNTS),Number,2002,5531.823873848047,6859.128582405583,4364.040244539164
Incidence,High SDI,Both,All ages,Invasive Non-typhoidal Salmonella (iNTS),Rate,2002,0.57762320951,0.71621800631,0.45568532006
Incidence,High SDI,Both,All ages,Invasive Non-typhoidal Salmonella (iNTS),Number,2003,5396.295559524045,6706.818658639606,4270.8424859821125
Incidence,High SDI,Both,All ages,Invasive Non-typhoidal Salmonella (iNTS),Rate,2003,0.55929312967,0.6951208577,0.44264678129
Incidence,High SDI,Both,All ages,Invasive Non-typhoidal Salmonella (iNTS),Number,2004,5298.575225525078,6591.486333610319,4196.055597009996
Incidence,High SDI,Both,All ages,Invasive Non-typhoidal Salmonella (iNTS),Rate,2004,0.54490987962,0.6778739324599999,0.43152584476
Incidence,High SDI,Both,All ages,Invasive Non-typhoidal Salmonella (iNTS),Number,2005,5281.803152338379,6568.384427491688,4192.401278360143
Incidence,High SDI,Both,All ages,Invasive Non-typhoidal Salmonella (iNTS),Rate,2005,0.5388205103,0.67007045643,0.42768572229
Incidence,High SDI,Both,All ages,Invasive Non-typhoidal Salmonella (iNTS),Number,2006,5330.889102076032,6627.359912382426,4239.90915707597
Incidence,High SDI,Both,All ages,Invasive Non-typhoidal Salmonella (iNTS),Rate,2006,0.53912351116,0.67023820554,0.42879052031000003
Incidence,High SDI,Both,All ages,Invasive Non-typhoidal Salmonella (iNTS),Number,2007,5399.317926157657,6714.975222594584,4301.074487056421
Incidence,High SDI,Both,All ages,Invasive Non-typhoidal Salmonella (iNTS),Rate,2007,0.54091696493,0.67272275252,0.43089223293
Incidence,High SDI,Both,All ages,Invasive Non-typhoidal Salmonella (iNTS),Number,2008,5479.7386449366495,6814.661575234381,4360.243336963069
Incidence,High SDI,Both,All ages,Invasive Non-typhoidal Salmonella (iNTS),Rate,2008,0.5435837623299999,0.67600657953,0.43253111715
Incidence,High SDI,Both,All ages,Invasive Non-typhoidal Salmonella (iNTS),Number,2009,5559.924807448276,6915.860559488913,4420.738013402301
Incidence,High SDI,Both,All ages,Invasive Non-typhoidal Salmonella (iNTS),Rate,2009,0.54642577348,0.67968625231,0.43446724048
Incidence,High SDI,Both,All ages,Invasive Non-typhoidal Salmonella (iNTS),Number,2010,5630.326824637217,6994.248698035177,4464.178304763185
Incidence,High SDI,Both,All ages,Invasive Non-typhoidal Salmonella (iNTS),Rate,2010,0.5488656132399999,0.68182589046,0.43518503261999997
Incidence,High SDI,Both,All ages,Invasive Non-typhoidal Salmonella (iNTS),Number,2011,5726.9475916381225,7125.905588305208,4544.4255691247
Incidence,High SDI,Both,All ages,Invasive Non-typhoidal Salmonella (iNTS),Rate,2011,0.55397728743,0.68930085095,0.43958994026
Incidence,High SDI,Both,All ages,Invasive Non-typhoidal Salmonella (iNTS),Number,2012,5865.998549665275,7306.475738897167,4659.512621466174
Incidence,High SDI,Both,All ages,Invasive Non-typhoidal Salmonella (iNTS),Rate,2012,0.56315312356,0.70144317284,0.44732692393
Incidence,High SDI,Both,All ages,Invasive Non-typhoidal Salmonella (iNTS),Number,2013,6024.06826051414,7503.576176185272,4784.088470936684
Incidence,High SDI,Both,All ages,Invasive Non-typhoidal Salmonella (iNTS),Rate,2013,0.57411102628,0.71511238469,0.45593738701000003
Incidence,High SDI,Both,All ages,Invasive Non-typhoidal Salmonella (iNTS),Number,2014,6179.637183043894,7711.205515377127,4893.770615347363
Incidence,High SDI,Both,All ages,Invasive Non-typhoidal Salmonella (iNTS),Rate,2014,0.5847751421199999,0.72970648075,0.46309440543
Incidence,High SDI,Both,All ages,Invasive Non-typhoidal Salmonella (iNTS),Number,2015,6310.65904369668,7885.40906579673,4982.097578817199
Incidence,High SDI,Both,All ages,Invasive Non-typhoidal Salmonella (iNTS),Rate,2015,0.59314032989,0.7411514553799999,0.46826852489000004
Incidence,High SDI,Both,All ages,Invasive Non-typhoidal Salmonella (iNTS),Number,2016,6451.645617690785,8065.009144411511,5076.554413788495
Incidence,High SDI,Both,All ages,Invasive Non-typhoidal Salmonella (iNTS),Rate,2016,0.60257187123,0.75325706643,0.47414087408999994
Incidence,High SDI,Both,All ages,Invasive Non-typhoidal Salmonella (iNTS),Number,2017,6621.550516059469,8270.87742016922,5184.1721332065945
Incidence,High SDI,Both,All ages,Invasive Non-typhoidal Salmonella (iNTS),Rate,2017,0.614900217,0.76806245125,0.48142025979999997
Incidence,High SDI,Both,All ages,Invasive Non-typhoidal Salmonella (iNTS),Number,2018,6772.924354510173,8471.061230256306,5285.07695795132
Incidence,High SDI,Both,All ages,Invasive Non-typhoidal Salmonella (iNTS),Rate,2018,0.62577136406,0.7826674658699999,0.48830455561
Incidence,High SDI,Both,All ages,Invasive Non-typhoidal Salmonella (iNTS),Number,2019,6858.762568365334,8603.522080492578,5347.414314415168
Incidence,High SDI,Both,All ages,Invasive Non-typhoidal Salmonella (iNTS),Rate,2019,0.63090805509,0.79140097483,0.49188563260999996
Incidence,High SDI,Both,All ages,Invasive Non-typhoidal Salmonella (iNTS),Number,2020,6782.134235115409,8559.257029601522,5311.160451643371
Incidence,High SDI,Both,All ages,Invasive Non-typhoidal Salmonella (iNTS),Rate,2020,0.62161968232,0.78450270242,0.48679689286999994
Incidence,High SDI,Both,All ages,Invasive Non-typhoidal Salmonella (iNTS),Number,2021,7950.334974966994,10042.693827365774,6055.034426915767
Incidence,High SDI,Both,All ages,Invasive Non-typhoidal Salmonella (iNTS),Rate,2021,0.7266899529299999,0.9179392727100001,0.5534524893
Incidence,High SDI,Both,Age-standardized,Invasive Non-typhoidal Salmonella (iNTS),Rate,1990,0.76091127061,0.9414953498799999,0.6009408224699999
Incidence,High SDI,Both,Age-standardized,Invasive Non-typhoidal Salmonella (iNTS),Rate,1991,0.74839635778,0.9224773109900001,0.59379973813
Incidence,High SDI,Both,Age-standardized,Invasive Non-typhoidal Salmonella (iNTS),Rate,1992,0.73634387985,0.90594847824,0.58560575829
Incidence,High SDI,Both,Age-standardized,Invasive Non-typhoidal Salmonella (iNTS),Rate,1993,0.72562819446,0.8929753388900001,0.5769159617899999
Incidence,High SDI,Both,Age-standardized,Invasive Non-typhoidal Salmonella (iNTS),Rate,1994,0.71646434103,0.8804538622999999,0.56896469151
Incidence,High SDI,Both,Age-standardized,Invasive Non-typhoidal Salmonella (iNTS),Rate,1995,0.70962925328,0.8728258306700001,0.5650110259700001
Incidence,High SDI,Both,Age-standardized,Invasive Non-typhoidal Salmonella (iNTS),Rate,1996,0.70218490002,0.8628673358800001,0.55489755735
Incidence,High SDI,Both,Age-standardized,Invasive Non-typhoidal Salmonella (iNTS),Rate,1997,0.69208393947,0.85137178548,0.54588131861
Incidence,High SDI,Both,Age-standardized,Invasive Non-typhoidal Salmonella (iNTS),Rate,1998,0.68067552406,0.83712574824,0.53546165653
Incidence,High SDI,Both,Age-standardized,Invasive Non-typhoidal Salmonella (iNTS),Rate,1999,0.67018383329,0.82576455349,0.5265897818399999
Incidence,High SDI,Both,Age-standardized,Invasive Non-typhoidal Salmonella (iNTS),Rate,2000,0.66143045226,0.81640215953,0.52006519393
Incidence,High SDI,Both,Age-standardized,Invasive Non-typhoidal Salmonella (iNTS),Rate,2001,0.6497788144500001,0.8021298687999999,0.51096987262
Incidence,High SDI,Both,Age-standardized,Invasive Non-typhoidal Salmonella (iNTS),Rate,2002,0.63279432463,0.77990912384,0.49895477954000006
Incidence,High SDI,Both,Age-standardized,Invasive Non-typhoidal Salmonella (iNTS),Rate,2003,0.61508595026,0.75759085118,0.48499068037
Incidence,High SDI,Both,Age-standardized,Invasive Non-typhoidal Salmonella (iNTS),Rate,2004,0.60143454459,0.7407202562699999,0.47353304593
Incidence,High SDI,Both,Age-standardized,Invasive Non-typhoidal Salmonella (iNTS),Rate,2005,0.59638750453,0.73252193547,0.4700721778
Incidence,High SDI,Both,Age-standardized,Invasive Non-typhoidal Salmonella (iNTS),Rate,2006,0.59816504805,0.7360579565800001,0.47123325606
Incidence,High SDI,Both,Age-standardized,Invasive Non-typhoidal Salmonella (iNTS),Rate,2007,0.60178905325,0.7416416166700001,0.47451251255000004
Incidence,High SDI,Both,Age-standardized,Invasive Non-typhoidal Salmonella (iNTS),Rate,2008,0.60655269546,0.74711522675,0.47865336005
Incidence,High SDI,Both,Age-standardized,Invasive Non-typhoidal Salmonella (iNTS),Rate,2009,0.61152089653,0.7520211224200001,0.48290157497999997
Incidence,High SDI,Both,Age-standardized,Invasive Non-typhoidal Salmonella (iNTS),Rate,2010,0.61577746375,0.7580244700200001,0.4865661164
Incidence,High SDI,Both,Age-standardized,Invasive Non-typhoidal Salmonella (iNTS),Rate,2011,0.62306554631,0.76774812047,0.49117188529
Incidence,High SDI,Both,Age-standardized,Invasive Non-typhoidal Salmonella (iNTS),Rate,2012,0.63523766355,0.7843052161,0.49940349925
Incidence,High SDI,Both,Age-standardized,Invasive Non-typhoidal Salmonella (iNTS),Rate,2013,0.6496173015,0.80334237746,0.50917371671
Incidence,High SDI,Both,Age-standardized,Invasive Non-typhoidal Salmonella (iNTS),Rate,2014,0.66379086755,0.8211134045599999,0.5186869136400001
Incidence,High SDI,Both,Age-standardized,Invasive Non-typhoidal Salmonella (iNTS),Rate,2015,0.6754745189,0.83437075743,0.52564818769
Incidence,High SDI,Both,Age-standardized,Invasive Non-typhoidal Salmonella (iNTS),Rate,2016,0.6902752680700001,0.85095290693,0.53847428336
Incidence,High SDI,Both,Age-standardized,Invasive Non-typhoidal Salmonella (iNTS),Rate,2017,0.71073748483,0.87458935645,0.5557147774100001
Incidence,High SDI,Both,Age-standardized,Invasive Non-typhoidal Salmonella (iNTS),Rate,2018,0.72989182333,0.89699135157,0.56867062841
Incidence,High SDI,Both,Age-standardized,Invasive Non-typhoidal Salmonella (iNTS),Rate,2019,0.74060295097,0.9101790425899999,0.57455284934
Incidence,High SDI,Both,Age-standardized,Invasive Non-typhoidal Salmonella (iNTS),Rate,2020,0.7330442949,0.90910980107,0.56760275065
Incidence,High SDI,Both,Age-standardized,Invasive Non-typhoidal Salmonella (iNTS),Rate,2021,0.89307882806,1.12541950545,0.67334318782
Incidence,Low SDI,Both,All ages,Invasive Non-typhoidal Salmonella (iNTS),Number,1990,177428.25842958794,212903.5153607652,142891.91541972727
Incidence,Low SDI,Both,All ages,Invasive Non-typhoidal Salmonella (iNTS),Rate,1990,35.393587196060004,42.47023107798,28.504238912010003
Incidence,Low SDI,Both,All ages,Invasive Non-typhoidal Salmonella (iNTS),Number,1991,184536.37997404308,221374.6731723218,149414.60179845337
Incidence,Low SDI,Both,All ages,Invasive Non-typhoidal Salmonella (iNTS),Rate,1991,35.94986206989,43.12639582196,29.10772567792
Incidence,Low SDI,Both,All ages,Invasive Non-typhoidal Salmonella (iNTS),Number,1992,192623.54828607308,231032.13272437223,156746.44875189415
Incidence,Low SDI,Both,All ages,Invasive Non-typhoidal Salmonella (iNTS),Rate,1992,36.59519237289,43.892169034350005,29.77915471334
Incidence,Low SDI,Both,All ages,Invasive Non-typhoidal Salmonella (iNTS),Number,1993,201536.22613291035,241326.057100269,164660.78451225755
Incidence,Low SDI,Both,All ages,Invasive Non-typhoidal Salmonella (iNTS),Rate,1993,37.289987057910004,44.65224797883,30.46697182549
Incidence,Low SDI,Both,All ages,Invasive Non-typhoidal Salmonella (iNTS),Number,1994,210857.51710537975,251764.5911036091,172475.8338730827
Incidence,Low SDI,Both,All ages,Invasive Non-typhoidal Salmonella (iNTS),Rate,1994,38.04947948261,45.43120764747,31.123460962130004
Incidence,Low SDI,Both,All ages,Invasive Non-typhoidal Salmonella (iNTS),Number,1995,221004.56315613963,262664.4371960083,180813.55046196215
Incidence,Low SDI,Both,All ages,Invasive Non-typhoidal Salmonella (iNTS),Rate,1995,38.90155209015,46.23458511394,31.82707022629
Incidence,Low SDI,Both,All ages,Invasive Non-typhoidal Salmonella (iNTS),Number,1996,233645.43987194417,276819.13147791463,191632.04747766585
Incidence,Low SDI,Both,All ages,Invasive Non-typhoidal Salmonella (iNTS),Rate,1996,40.03218090069,47.42944503505,32.83371931076
Incidence,Low SDI,Both,All ages,Invasive Non-typhoidal Salmonella (iNTS),Number,1997,249234.5333016393,294293.9972068159,204894.59070227423
Incidence,Low SDI,Both,All ages,Invasive Non-typhoidal Salmonella (iNTS),Rate,1997,41.539659633579994,49.04967347114,34.14956766137
Incidence,Low SDI,Both,All ages,Invasive Non-typhoidal Salmonella (iNTS),Number,1998,266654.78977690445,314343.43475153984,220066.72802147875
Incidence,Low SDI,Both,All ages,Invasive Non-typhoidal Salmonella (iNTS),Rate,1998,43.249540783449994,50.98430526102,35.69328320188
Incidence,Low SDI,Both,All ages,Invasive Non-typhoidal Salmonella (iNTS),Number,1999,284761.38228674204,335470.5644305075,235569.94171723997
Incidence,Low SDI,Both,All ages,Invasive Non-typhoidal Salmonella (iNTS),Rate,1999,44.96691772808,52.974448816759995,37.1990545324
Incidence,Low SDI,Both,All ages,Invasive Non-typhoidal Salmonella (iNTS),Number,2000,302423.49155937886,356037.0418928934,250591.5365813662
Incidence,Low SDI,Both,All ages,Invasive Non-typhoidal Salmonella (iNTS),Rate,2000,46.51910553413,54.76599929614,38.54625867879
Incidence,Low SDI,Both,All ages,Invasive Non-typhoidal Salmonella (iNTS),Number,2001,323840.1266588293,379412.8361621276,268872.16494968726
Incidence,Low SDI,Both,All ages,Invasive Non-typhoidal Salmonella (iNTS),Rate,2001,48.54019230634,56.86995067849001,40.301079199579995
Incidence,Low SDI,Both,All ages,Invasive Non-typhoidal Salmonella (iNTS),Number,2002,351437.4785394588,410499.7778078764,292032.2173598036
Incidence,Low SDI,Both,All ages,Invasive Non-typhoidal Salmonella (iNTS),Rate,2002,51.28358157363,59.902258941350006,42.61485742312
Incidence,Low SDI,Both,All ages,Invasive Non-typhoidal Salmonella (iNTS),Number,2003,380912.5684380241,445520.372647529,316795.36579381634
Incidence,Low SDI,Both,All ages,Invasive Non-typhoidal Salmonella (iNTS),Rate,2003,54.05555712278,63.224093790770006,44.95664205075
Incidence,Low SDI,Both,All ages,Invasive Non-typhoidal Salmonella (iNTS),Number,2004,407301.2892923228,475478.6893538541,339164.20418928855
Incidence,Low SDI,Both,All ages,Invasive Non-typhoidal Salmonella (iNTS),Rate,2004,56.217162219710005,65.62724772579,46.81264112656
Incidence,Low SDI,Both,All ages,Invasive Non-typhoidal Salmonella (iNTS),Number,2005,425130.8206251562,497296.19578188215,354222.1364678254
Incidence,Low SDI,Both,All ages,Invasive Non-typhoidal Salmonella (iNTS),Rate,2005,57.09943291975,66.79198353705999,47.57566880282
Incidence,Low SDI,Both,All ages,Invasive Non-typhoidal Salmonella (iNTS),Number,2006,432096.14630542736,504125.4459520501,359484.48449609976
Incidence,Low SDI,Both,All ages,Invasive Non-typhoidal Salmonella (iNTS),Rate,2006,56.4729055741,65.8867915166,46.98290767433
Incidence,Low SDI,Both,All ages,Invasive Non-typhoidal Salmonella (iNTS),Number,2007,431198.8821658198,503580.5843812124,357698.3021460871
Incidence,Low SDI,Both,All ages,Invasive Non-typhoidal Salmonella (iNTS),Rate,2007,54.84720749723,64.05394342491,45.49815366096
Incidence,Low SDI,Both,All ages,Invasive Non-typhoidal Salmonella (iNTS),Number,2008,424797.7607805308,497564.3952884035,351043.077022764
Incidence,Low SDI,Both,All ages,Invasive Non-typhoidal Salmonella (iNTS),Rate,2008,52.59750904151,61.60731104569,43.46536898815
Incidence,Low SDI,Both,All ages,Invasive Non-typhoidal Salmonella (iNTS),Number,2009,415614.0033538434,486770.18876814574,341799.87818529166
Incidence,Low SDI,Both,All ages,Invasive Non-typhoidal Salmonella (iNTS),Rate,2009,50.08516785521,58.660118318020004,41.189912114740004
Incidence,Low SDI,Both,All ages,Invasive Non-typhoidal Salmonella (iNTS),Number,2010,406749.3836268181,477824.2098785754,333198.1212867693
Incidence,Low SDI,Both,All ages,Invasive Non-typhoidal Salmonella (iNTS),Rate,2010,47.7170974721,56.05511726657001,39.08855887917
Incidence,Low SDI,Both,All ages,Invasive Non-typhoidal Salmonella (iNTS),Number,2011,388612.6689652623,458733.7279318678,317365.40286053816
Incidence,Low SDI,Both,All ages,Invasive Non-typhoidal Salmonella (iNTS),Rate,2011,44.40152512092,52.41331220316,36.26106154785
Incidence,Low SDI,Both,All ages,Invasive Non-typhoidal Salmonella (iNTS),Number,2012,355433.89597374696,423004.2357161866,289250.83663835574
Incidence,Low SDI,Both,All ages,Invasive Non-typhoidal Salmonella (iNTS),Rate,2012,39.56011111407,47.08075047489,32.193877305659996
Incidence,Low SDI,Both,All ages,Invasive Non-typhoidal Salmonella (iNTS),Number,2013,317370.82923946844,379572.1806630003,257160.99686474176
Incidence,Low SDI,Both,All ages,Invasive Non-typhoidal Salmonella (iNTS),Rate,2013,34.41897018438,41.16472708083,27.88919417982
Incidence,Low SDI,Both,All ages,Invasive Non-typhoidal Salmonella (iNTS),Number,2014,285903.43911998766,344619.466345286,230747.3165110121
Incidence,Low SDI,Both,All ages,Invasive Non-typhoidal Salmonella (iNTS),Rate,2014,30.225629798270003,36.43307140023,24.394540294
Incidence,Low SDI,Both,All ages,Invasive Non-typhoidal Salmonella (iNTS),Number,2015,273586.77552323934,331293.2790628288,219927.93025136384
Incidence,Low SDI,Both,All ages,Invasive Non-typhoidal Salmonella (iNTS),Rate,2015,28.21344606356,34.16438913095,22.67991494161
Incidence,Low SDI,Both,All ages,Invasive Non-typhoidal Salmonella (iNTS),Number,2016,276372.51096409064,335040.78053597244,221955.4285600714
Incidence,Low SDI,Both,All ages,Invasive Non-typhoidal Salmonella (iNTS),Rate,2016,27.81979406233,33.72537118283,22.34214355117
Incidence,Low SDI,Both,All ages,Invasive Non-typhoidal Salmonella (iNTS),Number,2017,280746.6046390399,340444.5511808678,225788.04306666093
Incidence,Low SDI,Both,All ages,Invasive Non-typhoidal Salmonella (iNTS),Rate,2017,27.599701139500002,33.46850046235,22.196822353469997
Incidence,Low SDI,Both,All ages,Invasive Non-typhoidal Salmonella (iNTS),Number,2018,285700.07636242773,346534.8198162961,230140.22654183
Incidence,Low SDI,Both,All ages,Invasive Non-typhoidal Salmonella (iNTS),Rate,2018,27.42981714599,33.27050823124,22.09556403468
Incidence,Low SDI,Both,All ages,Invasive Non-typhoidal Salmonella (iNTS),Number,2019,290109.65479894937,352044.83617311006,233883.0641023596
Incidence,Low SDI,Both,All ages,Invasive Non-typhoidal Salmonella (iNTS),Rate,2019,27.19269050007,32.99802717299,21.92243405257
Incidence,Low SDI,Both,All ages,Invasive Non-typhoidal Salmonella (iNTS),Number,2020,291713.3519794289,354320.2226095301,234297.14575936296
Incidence,Low SDI,Both,All ages,Invasive Non-typhoidal Salmonella (iNTS),Rate,2020,26.70583940247,32.43738724283,21.44948767223
Incidence,Low SDI,Both,All ages,Invasive Non-typhoidal Salmonella (iNTS),Number,2021,290609.06173963187,354803.2468195112,231960.71798695545
Incidence,Low SDI,Both,All ages,Invasive Non-typhoidal Salmonella (iNTS),Rate,2021,26.00801768425,31.753067376750003,20.75929229234
Incidence,Low SDI,Both,Age-standardized,Invasive Non-typhoidal Salmonella (iNTS),Rate,1990,27.168508800660003,31.571692344880002,22.61308947549
Incidence,Low SDI,Both,Age-standardized,Invasive Non-typhoidal Salmonella (iNTS),Rate,1991,27.6717749045,32.071478498729995,23.10186847353
Incidence,Low SDI,Both,Age-standardized,Invasive Non-typhoidal Salmonella (iNTS),Rate,1992,28.2398995842,32.66126777539,23.6383974744
Incidence,Low SDI,Both,Age-standardized,Invasive Non-typhoidal Salmonella (iNTS),Rate,1993,28.836587809210002,33.34386167684,24.190547936879998
Incidence,Low SDI,Both,Age-standardized,Invasive Non-typhoidal Salmonella (iNTS),Rate,1994,29.471745163599998,34.081653924019996,24.74358026309
Incidence,Low SDI,Both,Age-standardized,Invasive Non-typhoidal Salmonella (iNTS),Rate,1995,30.167465993569998,34.827566984730005,25.33924918054
Incidence,Low SDI,Both,Age-standardized,Invasive Non-typhoidal Salmonella (iNTS),Rate,1996,31.055365804610002,35.85086534792,26.13471019317
Incidence,Low SDI,Both,Age-standardized,Invasive Non-typhoidal Salmonella (iNTS),Rate,1997,32.21507281489,37.14478915668,27.124941574799998
Incidence,Low SDI,Both,Age-standardized,Invasive Non-typhoidal Salmonella (iNTS),Rate,1998,33.53130047623,38.59788574215,28.28848297239
Incidence,Low SDI,Both,Age-standardized,Invasive Non-typhoidal Salmonella (iNTS),Rate,1999,34.866255232069996,40.066237042329995,29.44942018952
Incidence,Low SDI,Both,Age-standardized,Invasive Non-typhoidal Salmonella (iNTS),Rate,2000,36.098536292569996,41.38441328477,30.504355519109996
Incidence,Low SDI,Both,Age-standardized,Invasive Non-typhoidal Salmonella (iNTS),Rate,2001,37.67521470102,43.06666014156,31.8563527331
Incidence,Low SDI,Both,Age-standardized,Invasive Non-typhoidal Salmonella (iNTS),Rate,2002,39.75909398826,45.43115107167,33.620846311870004
Incidence,Low SDI,Both,Age-standardized,Invasive Non-typhoidal Salmonella (iNTS),Rate,2003,41.835558612629995,47.75119792493,35.37118155751
Incidence,Low SDI,Both,Age-standardized,Invasive Non-typhoidal Salmonella (iNTS),Rate,2004,43.441014149459996,49.55627632507,36.72339661919
Incidence,Low SDI,Both,Age-standardized,Invasive Non-typhoidal Salmonella (iNTS),Rate,2005,44.08604805598,50.40459400651,37.28541463962
Incidence,Low SDI,Both,Age-standardized,Invasive Non-typhoidal Salmonella (iNTS),Rate,2006,43.54507424602,49.745028562209995,36.784086650249996
Incidence,Low SDI,Both,Age-standardized,Invasive Non-typhoidal Salmonella (iNTS),Rate,2007,42.18252630694,48.17548849708,35.53370174604
Incidence,Low SDI,Both,Age-standardized,Invasive Non-typhoidal Salmonella (iNTS),Rate,2008,40.324255682840004,46.083660216119995,33.84174055448
Incidence,Low SDI,Both,Age-standardized,Invasive Non-typhoidal Salmonella (iNTS),Rate,2009,38.28088312292,43.84623265508,32.00512243509
Incidence,Low SDI,Both,Age-standardized,Invasive Non-typhoidal Salmonella (iNTS),Rate,2010,36.40543206743,41.89266975217,30.315302462000002
Incidence,Low SDI,Both,Age-standardized,Invasive Non-typhoidal Salmonella (iNTS),Rate,2011,33.88311996824,39.042681929610005,28.136814175180003
Incidence,Low SDI,Both,Age-standardized,Invasive Non-typhoidal Salmonella (iNTS),Rate,2012,30.23266673065,35.10145992237,25.057482973790002
Incidence,Low SDI,Both,Age-standardized,Invasive Non-typhoidal Salmonella (iNTS),Rate,2013,26.366534304010003,30.686770828030003,21.80655428136
Incidence,Low SDI,Both,Age-standardized,Invasive Non-typhoidal Salmonella (iNTS),Rate,2014,23.23157531637,27.15490541114,19.16394481173
Incidence,Low SDI,Both,Age-standardized,Invasive Non-typhoidal Salmonella (iNTS),Rate,2015,21.78769138769,25.51327298724,17.93380908135
Incidence,Low SDI,Both,Age-standardized,Invasive Non-typhoidal Salmonella (iNTS),Rate,2016,21.61618554799,25.39908310784,17.81026450892
Incidence,Low SDI,Both,Age-standardized,Invasive Non-typhoidal Salmonella (iNTS),Rate,2017,21.586713104530002,25.45890137076,17.7601680205
Incidence,Low SDI,Both,Age-standardized,Invasive Non-typhoidal Salmonella (iNTS),Rate,2018,21.59563400536,25.51875536408,17.75229431106
Incidence,Low SDI,Both,Age-standardized,Invasive Non-typhoidal Salmonella (iNTS),Rate,2019,21.54615299765,25.50931051776,17.71863846854
Incidence,Low SDI,Both,Age-standardized,Invasive Non-typhoidal Salmonella (iNTS),Rate,2020,21.33768483498,25.317689183120002,17.31343210155
Incidence,Low SDI,Both,Age-standardized,Invasive Non-typhoidal Salmonella (iNTS),Rate,2021,20.909960395939997,24.825333825279998,17.08282483708
