measure_id,measure_name,location_id,location_name,sex_id,sex_name,age_id,age_name,cause_id,cause_name,metric_id,metric_name,year,val,upper,lower
1,Deaths,44635,High SDI,1,Male,1,<5 years,959,Invasive Non-typhoidal Salmonella (iNTS),1,Number,2021,5.006935231283791,7.510532516271648,3.2530274722907557
1,Deaths,44635,High SDI,2,Female,1,<5 years,959,Invasive Non-typhoidal Salmonella (iNTS),1,Number,2021,3.331159154951626,5.084223619639553,2.1480964950239643
1,Deaths,44635,High SDI,3,Both,1,<5 years,959,Invasive Non-typhoidal Salmonella (iNTS),1,Number,2021,8.338094386235413,12.322686221237406,5.441468961137416
1,Deaths,44635,High SDI,1,Male,1,<5 years,959,Invasive Non-typhoidal Salmonella (iNTS),3,Rate,2021,0.018129378020211216,0.02719453654399775,0.011778735300350559
1,Deaths,44635,High SDI,2,Female,1,<5 years,959,Invasive Non-typhoidal Salmonella (iNTS),3,Rate,2021,0.012700579392371588,0.019384419274539485,0.008189962955379469
1,Deaths,44635,High SDI,3,Both,1,<5 years,959,Invasive Non-typhoidal Salmonella (iNTS),3,Rate,2021,0.015485018485253597,0.022884968085614774,0.0101055761121205
1,Deaths,44635,High SDI,1,Male,6,5-9 years,959,Invasive Non-typhoidal Salmonella (iNTS),1,Number,2021,2.8317527135583735,5.509362823264877,1.1862305303776877
1,Deaths,44635,High SDI,2,Female,6,5-9 years,959,Invasive Non-typhoidal Salmonella (iNTS),1,Number,2021,2.3915303432271466,4.705254539887422,1.023691726352839
1,Deaths,44635,High SDI,3,Both,6,5-9 years,959,Invasive Non-typhoidal Salmonella (iNTS),1,Number,2021,5.223283056785522,10.127678991387285,2.2676592773128825
1,Deaths,44635,High SDI,1,Male,6,5-9 years,959,Invasive Non-typhoidal Salmonella (iNTS),3,Rate,2021,0.009399480455097349,0.018287312987949784,0.003937473294238966
1,Deaths,44635,High SDI,2,Female,6,5-9 years,959,Invasive Non-typhoidal Salmonella (iNTS),3,Rate,2021,0.008368024397115412,0.016463803144259884,0.0035819229162220726
1,Deaths,44635,High SDI,3,Both,6,5-9 years,959,Invasive Non-typhoidal Salmonella (iNTS),3,Rate,2021,0.008897345360363462,0.017251498091456048,0.0038627329843199418
1,Deaths,44635,High SDI,1,Male,7,10-14 years,959,Invasive Non-typhoidal Salmonella (iNTS),1,Number,2021,2.4196607783826813,4.982784009554879,0.9072644133385637
1,Deaths,44635,High SDI,2,Female,7,10-14 years,959,Invasive Non-typhoidal Salmonella (iNTS),1,Number,2021,2.1220979241779463,4.3197118076767875,0.8234499340411514
1,Deaths,44635,High SDI,3,Both,7,10-14 years,959,Invasive Non-typhoidal Salmonella (iNTS),1,Number,2021,4.541758702560626,9.393119258415226,1.7631932456260808
1,Deaths,44635,High SDI,1,Male,7,10-14 years,959,Invasive Non-typhoidal Salmonella (iNTS),3,Rate,2021,0.007852550594224203,0.0161706813966188,0.0029443547507688925
1,Deaths,44635,High SDI,2,Female,7,10-14 years,959,Invasive Non-typhoidal Salmonella (iNTS),3,Rate,2021,0.007274798020315764,0.014808473515186682,0.0028228819611669335
1,Deaths,44635,High SDI,3,Both,7,10-14 years,959,Invasive Non-typhoidal Salmonella (iNTS),3,Rate,2021,0.0075715875118508415,0.015659313744308935,0.002939427837070121
1,Deaths,44635,High SDI,1,Male,8,15-19 years,959,Invasive Non-typhoidal Salmonella (iNTS),1,Number,2021,2.191111391729371,5.007143209726767,0.8082802604370918
1,Deaths,44635,High SDI,2,Female,8,15-19 years,959,Invasive Non-typhoidal Salmonella (iNTS),1,Number,2021,1.7237015856094013,3.7970739179499367,0.6164588836589016
1,Deaths,44635,High SDI,3,Both,8,15-19 years,959,Invasive Non-typhoidal Salmonella (iNTS),1,Number,2021,3.9148129773387716,8.804885158349038,1.4223956678991079
1,Deaths,44635,High SDI,1,Male,8,15-19 years,959,Invasive Non-typhoidal Salmonella (iNTS),3,Rate,2021,0.00704663862478782,0.016103028296364525,0.0025994383144319197
1,Deaths,44635,High SDI,2,Female,8,15-19 years,959,Invasive Non-typhoidal Salmonella (iNTS),3,Rate,2021,0.0059250316170932965,0.013052017358526576,0.002119008537678929
1,Deaths,44635,High SDI,3,Both,8,15-19 years,959,Invasive Non-typhoidal Salmonella (iNTS),3,Rate,2021,0.006504494616578523,0.014629390584835972,0.002363322339547293
1,Deaths,44635,High SDI,1,Male,9,20-24 years,959,Invasive Non-typhoidal Salmonella (iNTS),1,Number,2021,2.8099545151443523,6.135275533937362,1.1701017267327962
1,Deaths,44635,High SDI,2,Female,9,20-24 years,959,Invasive Non-typhoidal Salmonella (iNTS),1,Number,2021,2.1984640777256286,5.00213459827467,0.7714849283975741
1,Deaths,44635,High SDI,3,Both,9,20-24 years,959,Invasive Non-typhoidal Salmonella (iNTS),1,Number,2021,5.008418592869981,11.137092569857982,1.9782961388499354
1,Deaths,44635,High SDI,1,Male,9,20-24 years,959,Invasive Non-typhoidal Salmonella (iNTS),3,Rate,2021,0.008293680954495146,0.018108484522491395,0.00345359697230798
1,Deaths,44635,High SDI,2,Female,9,20-24 years,959,Invasive Non-typhoidal Salmonella (iNTS),3,Rate,2021,0.006974016378989132,0.015867882023510353,0.002447321555671748
1,Deaths,44635,High SDI,3,Both,9,20-24 years,959,Invasive Non-typhoidal Salmonella (iNTS),3,Rate,2021,0.007657627538711977,0.01702807087361655,0.003024718224261669
1,Deaths,44635,High SDI,1,Male,10,25-29 years,959,Invasive Non-typhoidal Salmonella (iNTS),1,Number,2021,2.8566556183399907,6.376115289611433,1.1972665086975938
1,Deaths,44635,High SDI,2,Female,10,25-29 years,959,Invasive Non-typhoidal Salmonella (iNTS),1,Number,2021,2.191378251628091,4.756299436769078,0.9138113022226028
1,Deaths,44635,High SDI,3,Both,10,25-29 years,959,Invasive Non-typhoidal Salmonella (iNTS),1,Number,2021,5.048033869968083,10.927730990797876,2.0878290554263352
1,Deaths,44635,High SDI,1,Male,10,25-29 years,959,Invasive Non-typhoidal Salmonella (iNTS),3,Rate,2021,0.007757598656789338,0.017315123002109304,0.0032513240308219334
1,Deaths,44635,High SDI,2,Female,10,25-29 years,959,Invasive Non-typhoidal Salmonella (iNTS),3,Rate,2021,0.006340948951161334,0.013762777787259272,0.0026441947272602528
1,Deaths,44635,High SDI,3,Both,10,25-29 years,959,Invasive Non-typhoidal Salmonella (iNTS),3,Rate,2021,0.007071747246628862,0.015308564390944633,0.00292482177308297
1,Deaths,44635,High SDI,1,Male,11,30-34 years,959,Invasive Non-typhoidal Salmonella (iNTS),1,Number,2021,3.193252807354795,6.207526242968856,1.6126845693587997
1,Deaths,44635,High SDI,2,Female,11,30-34 years,959,Invasive Non-typhoidal Salmonella (iNTS),1,Number,2021,2.1226762862477173,4.504375878877001,0.9294017401027668
1,Deaths,44635,High SDI,3,Both,11,30-34 years,959,Invasive Non-typhoidal Salmonella (iNTS),1,Number,2021,5.315929093602511,10.730851451088215,2.571074072020106
1,Deaths,44635,High SDI,1,Male,11,30-34 years,959,Invasive Non-typhoidal Salmonella (iNTS),3,Rate,2021,0.007948422434581551,0.015451341885373417,0.004014182084635293
1,Deaths,44635,High SDI,2,Female,11,30-34 years,959,Invasive Non-typhoidal Salmonella (iNTS),3,Rate,2021,0.005670570633377555,0.012033102619526483,0.002482827102833009
1,Deaths,44635,High SDI,3,Both,11,30-34 years,959,Invasive Non-typhoidal Salmonella (iNTS),3,Rate,2021,0.006849728673828487,0.013827013036643236,0.0033129034423817565
1,Deaths,44635,High SDI,1,Male,12,35-39 years,959,Invasive Non-typhoidal Salmonella (iNTS),1,Number,2021,3.0752706649812973,5.528995596210384,1.5316640251741918
1,Deaths,44635,High SDI,2,Female,12,35-39 years,959,Invasive Non-typhoidal Salmonella (iNTS),1,Number,2021,2.3554642075239887,4.371807756150345,1.0942892000971558
1,Deaths,44635,High SDI,3,Both,12,35-39 years,959,Invasive Non-typhoidal Salmonella (iNTS),1,Number,2021,5.430734872505285,9.768237178004343,2.6898642542401134
1,Deaths,44635,High SDI,1,Male,12,35-39 years,959,Invasive Non-typhoidal Salmonella (iNTS),3,Rate,2021,0.007550954569630832,0.013575778886092769,0.003760815463083332
1,Deaths,44635,High SDI,2,Female,12,35-39 years,959,Invasive Non-typhoidal Salmonella (iNTS),3,Rate,2021,0.0062096535886675625,0.01152529154772444,0.002884848276071398
1,Deaths,44635,High SDI,3,Both,12,35-39 years,959,Invasive Non-typhoidal Salmonella (iNTS),3,Rate,2021,0.006904131049835964,0.012418427926626084,0.003419643152083363
1,Deaths,44635,High SDI,1,Male,13,40-44 years,959,Invasive Non-typhoidal Salmonella (iNTS),1,Number,2021,3.5524312365696495,5.683750130222359,2.1123596787872994
1,Deaths,44635,High SDI,2,Female,13,40-44 years,959,Invasive Non-typhoidal Salmonella (iNTS),1,Number,2021,2.5425304647711564,4.32877599013442,1.3512382810640835
1,Deaths,44635,High SDI,3,Both,13,40-44 years,959,Invasive Non-typhoidal Salmonella (iNTS),1,Number,2021,6.094961701340811,10.051820630702002,3.4606551449393197
1,Deaths,44635,High SDI,1,Male,13,40-44 years,959,Invasive Non-typhoidal Salmonella (iNTS),3,Rate,2021,0.009128555244859997,0.014605329028639112,0.005428054968755629
1,Deaths,44635,High SDI,2,Female,13,40-44 years,959,Invasive Non-typhoidal Salmonella (iNTS),3,Rate,2021,0.006925695414964499,0.011791317525070743,0.0036806893358236896
1,Deaths,44635,High SDI,3,Both,13,40-44 years,959,Invasive Non-typhoidal Salmonella (iNTS),3,Rate,2021,0.008059224803976719,0.013291286495575106,0.00457594307376356
1,Deaths,44635,High SDI,1,Male,14,45-49 years,959,Invasive Non-typhoidal Salmonella (iNTS),1,Number,2021,3.61330040341865,5.542113107551911,2.2491907045209403
1,Deaths,44635,High SDI,2,Female,14,45-49 years,959,Invasive Non-typhoidal Salmonella (iNTS),1,Number,2021,2.9247433384309978,4.611004146255455,1.6776244472716166
1,Deaths,44635,High SDI,3,Both,14,45-49 years,959,Invasive Non-typhoidal Salmonella (iNTS),1,Number,2021,6.538043741849652,10.07825774639177,3.934458698924297
1,Deaths,44635,High SDI,1,Male,14,45-49 years,959,Invasive Non-typhoidal Salmonella (iNTS),3,Rate,2021,0.009645969572767612,0.014795076089910231,0.006004379010013631
1,Deaths,44635,High SDI,2,Female,14,45-49 years,959,Invasive Non-typhoidal Salmonella (iNTS),3,Rate,2021,0.008145543962481705,0.012841857434457173,0.004672260812846504
1,Deaths,44635,High SDI,3,Both,14,45-49 years,959,Invasive Non-typhoidal Salmonella (iNTS),3,Rate,2021,0.008911638545915142,0.013737104515456167,0.0053628386690367305
1,Deaths,44635,High SDI,1,Male,15,50-54 years,959,Invasive Non-typhoidal Salmonella (iNTS),1,Number,2021,5.1869716786416245,7.3227455688539855,3.584350131972015
1,Deaths,44635,High SDI,2,Female,15,50-54 years,959,Invasive Non-typhoidal Salmonella (iNTS),1,Number,2021,3.653580623080512,5.607596122966927,2.222788026425988
1,Deaths,44635,High SDI,3,Both,15,50-54 years,959,Invasive Non-typhoidal Salmonella (iNTS),1,Number,2021,8.84055230172213,12.953522997313591,5.84808615292769
1,Deaths,44635,High SDI,1,Male,15,50-54 years,959,Invasive Non-typhoidal Salmonella (iNTS),3,Rate,2021,0.013848113989810455,0.019550177182078993,0.009569454448985838
1,Deaths,44635,High SDI,2,Female,15,50-54 years,959,Invasive Non-typhoidal Salmonella (iNTS),3,Rate,2021,0.009925823132209865,0.015234372265338398,0.006038733803031782
1,Deaths,44635,High SDI,3,Both,15,50-54 years,959,Invasive Non-typhoidal Salmonella (iNTS),3,Rate,2021,0.011904062515917774,0.01744229798079035,0.007874619230448203
1,Deaths,44635,High SDI,1,Male,16,55-59 years,959,Invasive Non-typhoidal Salmonella (iNTS),1,Number,2021,7.066262175863872,10.059899684669412,4.6279262285124965
1,Deaths,44635,High SDI,2,Female,16,55-59 years,959,Invasive Non-typhoidal Salmonella (iNTS),1,Number,2021,5.398360618737769,7.904589522707719,3.370556202333036
1,Deaths,44635,High SDI,3,Both,16,55-59 years,959,Invasive Non-typhoidal Salmonella (iNTS),1,Number,2021,12.46462279460164,17.920780893669836,8.059980769531666
1,Deaths,44635,High SDI,1,Male,16,55-59 years,959,Invasive Non-typhoidal Salmonella (iNTS),3,Rate,2021,0.019505786906935253,0.027769456421324723,0.012774977857843987
1,Deaths,44635,High SDI,2,Female,16,55-59 years,959,Invasive Non-typhoidal Salmonella (iNTS),3,Rate,2021,0.014785902970421474,0.021650367946536728,0.009231824341461128
1,Deaths,44635,High SDI,3,Both,16,55-59 years,959,Invasive Non-typhoidal Salmonella (iNTS),3,Rate,2021,0.017136640471366222,0.024637887900944185,0.011081040712552425
1,Deaths,44635,High SDI,1,Male,17,60-64 years,959,Invasive Non-typhoidal Salmonella (iNTS),1,Number,2021,9.72107903891567,14.206000275403529,6.514166428340526
1,Deaths,44635,High SDI,2,Female,17,60-64 years,959,Invasive Non-typhoidal Salmonella (iNTS),1,Number,2021,7.463983230951884,11.325253380426505,4.672495231477233
1,Deaths,44635,High SDI,3,Both,17,60-64 years,959,Invasive Non-typhoidal Salmonella (iNTS),1,Number,2021,17.185062269867558,25.269713536396882,11.233101600316513
1,Deaths,44635,High SDI,1,Male,17,60-64 years,959,Invasive Non-typhoidal Salmonella (iNTS),3,Rate,2021,0.02916326949174379,0.042618048137749845,0.019542520979744567
1,Deaths,44635,High SDI,2,Female,17,60-64 years,959,Invasive Non-typhoidal Salmonella (iNTS),3,Rate,2021,0.02142552864100991,0.03250938984733993,0.01341250071300477
1,Deaths,44635,High SDI,3,Both,17,60-64 years,959,Invasive Non-typhoidal Salmonella (iNTS),3,Rate,2021,0.025209066636961878,0.037068582146073066,0.016478032045229497
1,Deaths,44635,High SDI,1,Male,18,65-69 years,959,Invasive Non-typhoidal Salmonella (iNTS),1,Number,2021,11.561334211303754,17.536231263646027,7.909297748072671
1,Deaths,44635,High SDI,2,Female,18,65-69 years,959,Invasive Non-typhoidal Salmonella (iNTS),1,Number,2021,9.2413159032462,13.971149036569894,5.978321532648767
1,Deaths,44635,High SDI,3,Both,18,65-69 years,959,Invasive Non-typhoidal Salmonella (iNTS),1,Number,2021,20.80265011454997,31.523500375607878,13.957173492698347
1,Deaths,44635,High SDI,1,Male,18,65-69 years,959,Invasive Non-typhoidal Salmonella (iNTS),3,Rate,2021,0.039793019161210544,0.060358049852707686,0.027223054976912003
1,Deaths,44635,High SDI,2,Female,18,65-69 years,959,Invasive Non-typhoidal Salmonella (iNTS),3,Rate,2021,0.029270936654303976,0.04425220636528889,0.0189357308757029
1,Deaths,44635,High SDI,3,Both,18,65-69 years,959,Invasive Non-typhoidal Salmonella (iNTS),3,Rate,2021,0.03431346949897705,0.05199725336354402,0.023022020958698243
1,Deaths,44635,High SDI,1,Male,19,70-74 years,959,Invasive Non-typhoidal Salmonella (iNTS),1,Number,2021,11.999097003038067,16.590365215647118,9.022969187515056
1,Deaths,44635,High SDI,2,Female,19,70-74 years,959,Invasive Non-typhoidal Salmonella (iNTS),1,Number,2021,8.98126052791658,13.245247510401882,6.07496606483548
1,Deaths,44635,High SDI,3,Both,19,70-74 years,959,Invasive Non-typhoidal Salmonella (iNTS),1,Number,2021,20.98035753095461,29.97988507207623,15.269229661720757
1,Deaths,44635,High SDI,1,Male,19,70-74 years,959,Invasive Non-typhoidal Salmonella (iNTS),3,Rate,2021,0.04794359091876269,0.06628846178095468,0.036052174883601164
1,Deaths,44635,High SDI,2,Female,19,70-74 years,959,Invasive Non-typhoidal Salmonella (iNTS),3,Rate,2021,0.03169895981155017,0.04674851232977882,0.021441322690415508
1,Deaths,44635,High SDI,3,Both,19,70-74 years,959,Invasive Non-typhoidal Salmonella (iNTS),3,Rate,2021,0.039318133345995765,0.05618365260088515,0.02861522293146797
1,Deaths,44635,High SDI,1,Male,20,75-79 years,959,Invasive Non-typhoidal Salmonella (iNTS),1,Number,2021,11.071499993797632,14.63776698654963,8.784943974098432
1,Deaths,44635,High SDI,2,Female,20,75-79 years,959,Invasive Non-typhoidal Salmonella (iNTS),1,Number,2021,8.801340674081732,13.15513854023321,6.183287113137838
1,Deaths,44635,High SDI,3,Both,20,75-79 years,959,Invasive Non-typhoidal Salmonella (iNTS),1,Number,2021,19.872840667879366,26.931604304520025,15.175054164640763
1,Deaths,44635,High SDI,1,Male,20,75-79 years,959,Invasive Non-typhoidal Salmonella (iNTS),3,Rate,2021,0.06779396458338971,0.08963123851528547,0.05379272736130919
1,Deaths,44635,High SDI,2,Female,20,75-79 years,959,Invasive Non-typhoidal Salmonella (iNTS),3,Rate,2021,0.0442677908044995,0.06616593340355052,0.031099859730983684
1,Deaths,44635,High SDI,3,Both,20,75-79 years,959,Invasive Non-typhoidal Salmonella (iNTS),3,Rate,2021,0.05487742792705074,0.07436969877033978,0.04190482654828375
1,Deaths,44635,High SDI,1,Male,30,80-84 years,959,Invasive Non-typhoidal Salmonella (iNTS),1,Number,2021,10.884854138877614,14.465479446608889,8.351286382513944
1,Deaths,44635,High SDI,2,Female,30,80-84 years,959,Invasive Non-typhoidal Salmonella (iNTS),1,Number,2021,9.565501959645198,14.42342376221928,6.542018965337694
1,Deaths,44635,High SDI,3,Both,30,80-84 years,959,Invasive Non-typhoidal Salmonella (iNTS),1,Number,2021,20.45035609852279,28.050591701525057,15.169812447297947
1,Deaths,44635,High SDI,1,Male,30,80-84 years,959,Invasive Non-typhoidal Salmonella (iNTS),3,Rate,2021,0.09603587176138689,0.12762733532088996,0.07368248190015954
1,Deaths,44635,High SDI,2,Female,30,80-84 years,959,Invasive Non-typhoidal Salmonella (iNTS),3,Rate,2021,0.061167731227529984,0.09223228553924442,0.04183371238073767
1,Deaths,44635,High SDI,3,Both,30,80-84 years,959,Invasive Non-typhoidal Salmonella (iNTS),3,Rate,2021,0.07581983051736475,0.1039977542921639,0.056242179998881404
1,Deaths,44635,High SDI,1,Male,31,85-89 years,959,Invasive Non-typhoidal Salmonella (iNTS),1,Number,2021,9.820379024372222,12.648297931595058,7.502974936247839
1,Deaths,44635,High SDI,2,Female,31,85-89 years,959,Invasive Non-typhoidal Salmonella (iNTS),1,Number,2021,9.385469590648107,13.42452487906248,6.290507496705367
1,Deaths,44635,High SDI,3,Both,31,85-89 years,959,Invasive Non-typhoidal Salmonella (iNTS),1,Number,2021,19.205848615020315,25.462331938878346,14.0966858721608
1,Deaths,44635,High SDI,1,Male,31,85-89 years,959,Invasive Non-typhoidal Salmonella (iNTS),3,Rate,2021,0.15906364581616797,0.20486830267706674,0.12152795170787249
1,Deaths,44635,High SDI,2,Female,31,85-89 years,959,Invasive Non-typhoidal Salmonella (iNTS),3,Rate,2021,0.09090756477744653,0.13002981398670127,0.060929792826729195
1,Deaths,44635,High SDI,3,Both,31,85-89 years,959,Invasive Non-typhoidal Salmonella (iNTS),3,Rate,2021,0.11641278712620101,0.15433533228097765,0.0854445187252688
1,Deaths,44635,High SDI,1,Male,32,90-94 years,959,Invasive Non-typhoidal Salmonella (iNTS),1,Number,2021,6.5209962647426085,8.71791531300381,4.965649944700869
1,Deaths,44635,High SDI,2,Female,32,90-94 years,959,Invasive Non-typhoidal Salmonella (iNTS),1,Number,2021,7.631069563080774,10.951936692451955,5.101561975614126
1,Deaths,44635,High SDI,3,Both,32,90-94 years,959,Invasive Non-typhoidal Salmonella (iNTS),1,Number,2021,14.152065827823385,19.157766729958134,10.359010933379327
1,Deaths,44635,High SDI,1,Male,32,90-94 years,959,Invasive Non-typhoidal Salmonella (iNTS),3,Rate,2021,0.27022357563925276,0.36126170792908274,0.20577157675812432
1,Deaths,44635,High SDI,2,Female,32,90-94 years,959,Invasive Non-typhoidal Salmonella (iNTS),3,Rate,2021,0.14525867123910285,0.20847192628631878,0.09710907595533295
1,Deaths,44635,High SDI,3,Both,32,90-94 years,959,Invasive Non-typhoidal Salmonella (iNTS),3,Rate,2021,0.18459327865345093,0.2498854241766116,0.1351183505690022
1,Deaths,44635,High SDI,1,Male,235,95+ years,959,Invasive Non-typhoidal Salmonella (iNTS),1,Number,2021,2.5918179617734944,3.9241791373729655,1.760758902537778
1,Deaths,44635,High SDI,2,Female,235,95+ years,959,Invasive Non-typhoidal Salmonella (iNTS),1,Number,2021,3.9618089165803836,5.959937677054703,2.518234462242463
1,Deaths,44635,High SDI,3,Both,235,95+ years,959,Invasive Non-typhoidal Salmonella (iNTS),1,Number,2021,6.553626878353873,9.792749054386025,4.370630118298714
1,Deaths,44635,High SDI,1,Male,235,95+ years,959,Invasive Non-typhoidal Salmonella (iNTS),3,Rate,2021,0.3654656490956616,0.553338504771501,0.24828012796724763
1,Deaths,44635,High SDI,2,Female,235,95+ years,959,Invasive Non-typhoidal Salmonella (iNTS),3,Rate,2021,0.1922211501979536,0.289167423142764,0.12218103775135726
1,Deaths,44635,High SDI,3,Both,235,95+ years,959,Invasive Non-typhoidal Salmonella (iNTS),3,Rate,2021,0.2365716316794141,0.35349687515396705,0.15777021147911724
1,Deaths,44639,Middle SDI,1,Male,1,<5 years,959,Invasive Non-typhoidal Salmonella (iNTS),1,Number,2021,676.0909638321071,1175.2458252860292,334.65887228470933
1,Deaths,44639,Middle SDI,2,Female,1,<5 years,959,Invasive Non-typhoidal Salmonella (iNTS),1,Number,2021,452.05887182734455,804.7135949547177,226.99723940098963
1,Deaths,44639,Middle SDI,3,Both,1,<5 years,959,Invasive Non-typhoidal Salmonella (iNTS),1,Number,2021,1128.1498356594516,1966.3482487291358,562.8631273608441
1,Deaths,44639,Middle SDI,1,Male,1,<5 years,959,Invasive Non-typhoidal Salmonella (iNTS),3,Rate,2021,0.7346510151040406,1.277040494150982,0.3636455645613226
1,Deaths,44639,Middle SDI,2,Female,1,<5 years,959,Invasive Non-typhoidal Salmonella (iNTS),3,Rate,2021,0.5344222227083856,0.9513292512564775,0.268355244835627
1,Deaths,44639,Middle SDI,3,Both,1,<5 years,959,Invasive Non-typhoidal Salmonella (iNTS),3,Rate,2021,0.6387542352262651,1.1133390548882998,0.31869100636289016
1,Deaths,44639,Middle SDI,1,Male,6,5-9 years,959,Invasive Non-typhoidal Salmonella (iNTS),1,Number,2021,295.5530734012759,550.2287106236353,131.99229054111424
1,Deaths,44639,Middle SDI,2,Female,6,5-9 years,959,Invasive Non-typhoidal Salmonella (iNTS),1,Number,2021,221.23665981030973,425.8059736037672,96.74083842494714
1,Deaths,44639,Middle SDI,3,Both,6,5-9 years,959,Invasive Non-typhoidal Salmonella (iNTS),1,Number,2021,516.7897332115858,979.5152694810498,229.2172078963864
1,Deaths,44639,Middle SDI,1,Male,6,5-9 years,959,Invasive Non-typhoidal Salmonella (iNTS),3,Rate,2021,0.2883662503384035,0.536849061608801,0.12878269699209258
1,Deaths,44639,Middle SDI,2,Female,6,5-9 years,959,Invasive Non-typhoidal Salmonella (iNTS),3,Rate,2021,0.2339178720653652,0.45021303134623036,0.1022859913252424
1,Deaths,44639,Middle SDI,3,Both,6,5-9 years,959,Invasive Non-typhoidal Salmonella (iNTS),3,Rate,2021,0.2622352612535155,0.4970366593738126,0.11631197474254049
1,Deaths,44639,Middle SDI,1,Male,7,10-14 years,959,Invasive Non-typhoidal Salmonella (iNTS),1,Number,2021,157.77885917867687,306.22184694984526,65.40353243303684
1,Deaths,44639,Middle SDI,2,Female,7,10-14 years,959,Invasive Non-typhoidal Salmonella (iNTS),1,Number,2021,136.01091678329394,270.7039121081684,57.37111330407093
1,Deaths,44639,Middle SDI,3,Both,7,10-14 years,959,Invasive Non-typhoidal Salmonella (iNTS),1,Number,2021,293.7897759619707,580.849545344579,123.82751606991076
1,Deaths,44639,Middle SDI,1,Male,7,10-14 years,959,Invasive Non-typhoidal Salmonella (iNTS),3,Rate,2021,0.15699597943723598,0.3047024109391428,0.06507900796361785
1,Deaths,44639,Middle SDI,2,Female,7,10-14 years,959,Invasive Non-typhoidal Salmonella (iNTS),3,Rate,2021,0.14676268301634254,0.29210326188239355,0.061906343367683546
1,Deaths,44639,Middle SDI,3,Both,7,10-14 years,959,Invasive Non-typhoidal Salmonella (iNTS),3,Rate,2021,0.1520865851798736,0.3006892379610045,0.06410197226474078
1,Deaths,44639,Middle SDI,1,Male,8,15-19 years,959,Invasive Non-typhoidal Salmonella (iNTS),1,Number,2021,92.59934351817842,189.6828512708191,36.18579187631932
1,Deaths,44639,Middle SDI,2,Female,8,15-19 years,959,Invasive Non-typhoidal Salmonella (iNTS),1,Number,2021,96.02094632128971,219.11813077987122,37.19692589974355
1,Deaths,44639,Middle SDI,3,Both,8,15-19 years,959,Invasive Non-typhoidal Salmonella (iNTS),1,Number,2021,188.62028983946811,415.7694491908537,72.90423391741184
1,Deaths,44639,Middle SDI,1,Male,8,15-19 years,959,Invasive Non-typhoidal Salmonella (iNTS),3,Rate,2021,0.09799680125208814,0.20073914102065668,0.03829499994194826
1,Deaths,44639,Middle SDI,2,Female,8,15-19 years,959,Invasive Non-typhoidal Salmonella (iNTS),3,Rate,2021,0.10931588183740898,0.24945694257811601,0.04234716394864007
1,Deaths,44639,Middle SDI,3,Both,8,15-19 years,959,Invasive Non-typhoidal Salmonella (iNTS),3,Rate,2021,0.10344979629741345,0.22803095500535928,0.039984712961654616
1,Deaths,44639,Middle SDI,1,Male,9,20-24 years,959,Invasive Non-typhoidal Salmonella (iNTS),1,Number,2021,74.36610731018256,161.46908884074466,28.89451765680215
1,Deaths,44639,Middle SDI,2,Female,9,20-24 years,959,Invasive Non-typhoidal Salmonella (iNTS),1,Number,2021,78.8721206599234,173.44505202590696,31.58516774434088
1,Deaths,44639,Middle SDI,3,Both,9,20-24 years,959,Invasive Non-typhoidal Salmonella (iNTS),1,Number,2021,153.23822797010607,326.9508135974677,61.23162758301807
1,Deaths,44639,Middle SDI,1,Male,9,20-24 years,959,Invasive Non-typhoidal Salmonella (iNTS),3,Rate,2021,0.08210488632458657,0.17827208742965425,0.031901375148227815
1,Deaths,44639,Middle SDI,2,Female,9,20-24 years,959,Invasive Non-typhoidal Salmonella (iNTS),3,Rate,2021,0.09100539226235672,0.20012692524955697,0.03644406358287044
1,Deaths,44639,Middle SDI,3,Both,9,20-24 years,959,Invasive Non-typhoidal Salmonella (iNTS),3,Rate,2021,0.086457041116129,0.18446571921767793,0.03454689742683031
1,Deaths,44639,Middle SDI,1,Male,10,25-29 years,959,Invasive Non-typhoidal Salmonella (iNTS),1,Number,2021,70.92842821131653,151.11383628444787,27.80153229797926
1,Deaths,44639,Middle SDI,2,Female,10,25-29 years,959,Invasive Non-typhoidal Salmonella (iNTS),1,Number,2021,64.94842861616347,141.6343650583111,25.29404085095993
1,Deaths,44639,Middle SDI,3,Both,10,25-29 years,959,Invasive Non-typhoidal Salmonella (iNTS),1,Number,2021,135.8768568274799,293.9747895625073,53.458576139941464
1,Deaths,44639,Middle SDI,1,Male,10,25-29 years,959,Invasive Non-typhoidal Salmonella (iNTS),3,Rate,2021,0.07609893826331328,0.16212966772479376,0.029828196441435927
1,Deaths,44639,Middle SDI,2,Female,10,25-29 years,959,Invasive Non-typhoidal Salmonella (iNTS),3,Rate,2021,0.07168812266191445,0.1563317535432365,0.02791880175970604
1,Deaths,44639,Middle SDI,3,Both,10,25-29 years,959,Invasive Non-typhoidal Salmonella (iNTS),3,Rate,2021,0.073924810457843,0.1599391618646679,0.029084534340597854
1,Deaths,44639,Middle SDI,1,Male,11,30-34 years,959,Invasive Non-typhoidal Salmonella (iNTS),1,Number,2021,64.73799052843783,135.70968678056985,27.473408050929873
1,Deaths,44639,Middle SDI,2,Female,11,30-34 years,959,Invasive Non-typhoidal Salmonella (iNTS),1,Number,2021,51.980496681771605,110.31879756642849,21.414339789376818
1,Deaths,44639,Middle SDI,3,Both,11,30-34 years,959,Invasive Non-typhoidal Salmonella (iNTS),1,Number,2021,116.71848721020937,244.49576864786417,48.96886377375106
1,Deaths,44639,Middle SDI,1,Male,11,30-34 years,959,Invasive Non-typhoidal Salmonella (iNTS),3,Rate,2021,0.06426591267309349,0.13472007407616124,0.027273068382586498
1,Deaths,44639,Middle SDI,2,Female,11,30-34 years,959,Invasive Non-typhoidal Salmonella (iNTS),3,Rate,2021,0.05263677240430263,0.11171161897452123,0.02168470487272407
1,Deaths,44639,Middle SDI,3,Both,11,30-34 years,959,Invasive Non-typhoidal Salmonella (iNTS),3,Rate,2021,0.05850909453752627,0.12256178420201257,0.024547301360868176
1,Deaths,44639,Middle SDI,1,Male,12,35-39 years,959,Invasive Non-typhoidal Salmonella (iNTS),1,Number,2021,55.29322905024509,100.70851521079906,25.69994058321302
1,Deaths,44639,Middle SDI,2,Female,12,35-39 years,959,Invasive Non-typhoidal Salmonella (iNTS),1,Number,2021,41.74752283048876,77.21300628418766,18.571383110277512
1,Deaths,44639,Middle SDI,3,Both,12,35-39 years,959,Invasive Non-typhoidal Salmonella (iNTS),1,Number,2021,97.04075188073374,176.0355397566864,44.26269918020956
1,Deaths,44639,Middle SDI,1,Male,12,35-39 years,959,Invasive Non-typhoidal Salmonella (iNTS),3,Rate,2021,0.05946902352225984,0.10831411300867633,0.027640823249352277
1,Deaths,44639,Middle SDI,2,Female,12,35-39 years,959,Invasive Non-typhoidal Salmonella (iNTS),3,Rate,2021,0.04555219646490012,0.08424983791695088,0.020263891955919076
1,Deaths,44639,Middle SDI,3,Both,12,35-39 years,959,Invasive Non-typhoidal Salmonella (iNTS),3,Rate,2021,0.05256075710410639,0.09534717185840791,0.023974267875030902
1,Deaths,44639,Middle SDI,1,Male,13,40-44 years,959,Invasive Non-typhoidal Salmonella (iNTS),1,Number,2021,47.38485342081504,83.75270351048773,23.02388322551055
1,Deaths,44639,Middle SDI,2,Female,13,40-44 years,959,Invasive Non-typhoidal Salmonella (iNTS),1,Number,2021,37.67027612638708,65.97353795505843,18.08446032530599
1,Deaths,44639,Middle SDI,3,Both,13,40-44 years,959,Invasive Non-typhoidal Salmonella (iNTS),1,Number,2021,85.05512954720216,151.18299974838015,41.526551534415155
1,Deaths,44639,Middle SDI,1,Male,13,40-44 years,959,Invasive Non-typhoidal Salmonella (iNTS),3,Rate,2021,0.05704392188787912,0.10082510194813189,0.02771713958061419
1,Deaths,44639,Middle SDI,2,Female,13,40-44 years,959,Invasive Non-typhoidal Salmonella (iNTS),3,Rate,2021,0.046023100616996236,0.08060219057534371,0.02209442092654654
1,Deaths,44639,Middle SDI,3,Both,13,40-44 years,959,Invasive Non-typhoidal Salmonella (iNTS),3,Rate,2021,0.05157415862391159,0.09167155528150302,0.02518010339107662
1,Deaths,44639,Middle SDI,1,Male,14,45-49 years,959,Invasive Non-typhoidal Salmonella (iNTS),1,Number,2021,44.43314519792397,77.34715419131415,22.424351585061526
1,Deaths,44639,Middle SDI,2,Female,14,45-49 years,959,Invasive Non-typhoidal Salmonella (iNTS),1,Number,2021,39.26307532128113,68.30170752681877,19.05435025697676
1,Deaths,44639,Middle SDI,3,Both,14,45-49 years,959,Invasive Non-typhoidal Salmonella (iNTS),1,Number,2021,83.69622051920527,145.57179500847317,41.09531901266643
1,Deaths,44639,Middle SDI,1,Male,14,45-49 years,959,Invasive Non-typhoidal Salmonella (iNTS),3,Rate,2021,0.054489315335126666,0.09485246781949835,0.0274994614777181
1,Deaths,44639,Middle SDI,2,Female,14,45-49 years,959,Invasive Non-typhoidal Salmonella (iNTS),3,Rate,2021,0.04840654621820152,0.0842076107162955,0.0234916719799637
1,Deaths,44639,Middle SDI,3,Both,14,45-49 years,959,Invasive Non-typhoidal Salmonella (iNTS),3,Rate,2021,0.05145603849548604,0.0894968475439604,0.025265206767787318
1,Deaths,44639,Middle SDI,1,Male,15,50-54 years,959,Invasive Non-typhoidal Salmonella (iNTS),1,Number,2021,48.85939344232406,87.57118993182867,25.602371530753416
1,Deaths,44639,Middle SDI,2,Female,15,50-54 years,959,Invasive Non-typhoidal Salmonella (iNTS),1,Number,2021,47.27867896091533,82.08747823676835,24.189899712340377
1,Deaths,44639,Middle SDI,3,Both,15,50-54 years,959,Invasive Non-typhoidal Salmonella (iNTS),1,Number,2021,96.1380724032394,170.57364607206236,50.652796305442855
1,Deaths,44639,Middle SDI,1,Male,15,50-54 years,959,Invasive Non-typhoidal Salmonella (iNTS),3,Rate,2021,0.06276651539697338,0.11249706666284706,0.03288971748658755
1,Deaths,44639,Middle SDI,2,Female,15,50-54 years,959,Invasive Non-typhoidal Salmonella (iNTS),3,Rate,2021,0.059909052837793506,0.10401693065648573,0.0306521673586852
1,Deaths,44639,Middle SDI,3,Both,15,50-54 years,959,Invasive Non-typhoidal Salmonella (iNTS),3,Rate,2021,0.061327992538631325,0.10881161887371162,0.032312217586924895
1,Deaths,44639,Middle SDI,1,Male,16,55-59 years,959,Invasive Non-typhoidal Salmonella (iNTS),1,Number,2021,57.08573072235752,97.47503007372147,28.35112898710164
1,Deaths,44639,Middle SDI,2,Female,16,55-59 years,959,Invasive Non-typhoidal Salmonella (iNTS),1,Number,2021,63.94586412818122,109.69597280827703,31.516068953531438
1,Deaths,44639,Middle SDI,3,Both,16,55-59 years,959,Invasive Non-typhoidal Salmonella (iNTS),1,Number,2021,121.03159485053875,204.64928741023095,60.757403765801556
1,Deaths,44639,Middle SDI,1,Male,16,55-59 years,959,Invasive Non-typhoidal Salmonella (iNTS),3,Rate,2021,0.08453536036587798,0.14434582319762845,0.041983747521085434
1,Deaths,44639,Middle SDI,2,Female,16,55-59 years,959,Invasive Non-typhoidal Salmonella (iNTS),3,Rate,2021,0.0908106059448372,0.15578111104198697,0.04475650392232583
1,Deaths,44639,Middle SDI,3,Both,16,55-59 years,959,Invasive Non-typhoidal Salmonella (iNTS),3,Rate,2021,0.08773866987910289,0.14835511579644342,0.044044481098526114
1,Deaths,44639,Middle SDI,1,Male,17,60-64 years,959,Invasive Non-typhoidal Salmonella (iNTS),1,Number,2021,65.41286916656782,114.96225718244551,31.760473342407423
1,Deaths,44639,Middle SDI,2,Female,17,60-64 years,959,Invasive Non-typhoidal Salmonella (iNTS),1,Number,2021,73.75186624441218,132.84663884111234,35.03379041817564
1,Deaths,44639,Middle SDI,3,Both,17,60-64 years,959,Invasive Non-typhoidal Salmonella (iNTS),1,Number,2021,139.16473541098,249.23175857102953,67.74506900292924
1,Deaths,44639,Middle SDI,1,Male,17,60-64 years,959,Invasive Non-typhoidal Salmonella (iNTS),3,Rate,2021,0.13183195142861573,0.23169292064544075,0.06400950198903795
1,Deaths,44639,Middle SDI,2,Female,17,60-64 years,959,Invasive Non-typhoidal Salmonella (iNTS),3,Rate,2021,0.14138395134316178,0.2546699314668184,0.06716054755055302
1,Deaths,44639,Middle SDI,3,Both,17,60-64 years,959,Invasive Non-typhoidal Salmonella (iNTS),3,Rate,2021,0.1367274125546039,0.24486672845110702,0.06655858591437962
1,Deaths,44639,Middle SDI,1,Male,18,65-69 years,959,Invasive Non-typhoidal Salmonella (iNTS),1,Number,2021,71.55582363284395,130.03709845989377,33.148322038886135
1,Deaths,44639,Middle SDI,2,Female,18,65-69 years,959,Invasive Non-typhoidal Salmonella (iNTS),1,Number,2021,81.8555027822765,142.2411026180278,38.6060630520304
1,Deaths,44639,Middle SDI,3,Both,18,65-69 years,959,Invasive Non-typhoidal Salmonella (iNTS),1,Number,2021,153.4113264151205,272.1871285692434,71.25402834920648
1,Deaths,44639,Middle SDI,1,Male,18,65-69 years,959,Invasive Non-typhoidal Salmonella (iNTS),3,Rate,2021,0.166464703765859,0.3025132822838801,0.07711497581037857
1,Deaths,44639,Middle SDI,2,Female,18,65-69 years,959,Invasive Non-typhoidal Salmonella (iNTS),3,Rate,2021,0.1773648317198755,0.30820859162761827,0.08365177225535132
1,Deaths,44639,Middle SDI,3,Both,18,65-69 years,959,Invasive Non-typhoidal Salmonella (iNTS),3,Rate,2021,0.1721083056461623,0.30535988842170275,0.07993810089655047
1,Deaths,44639,Middle SDI,1,Male,19,70-74 years,959,Invasive Non-typhoidal Salmonella (iNTS),1,Number,2021,59.99134229829187,107.11748723571044,27.906012177278217
1,Deaths,44639,Middle SDI,2,Female,19,70-74 years,959,Invasive Non-typhoidal Salmonella (iNTS),1,Number,2021,67.93052185898175,121.77347964368835,33.12886946174921
1,Deaths,44639,Middle SDI,3,Both,19,70-74 years,959,Invasive Non-typhoidal Salmonella (iNTS),1,Number,2021,127.92186415727359,226.99489730894544,62.12379369723857
1,Deaths,44639,Middle SDI,1,Male,19,70-74 years,959,Invasive Non-typhoidal Salmonella (iNTS),3,Rate,2021,0.2048742781905006,0.36581308299249726,0.09530081980109296
1,Deaths,44639,Middle SDI,2,Female,19,70-74 years,959,Invasive Non-typhoidal Salmonella (iNTS),3,Rate,2021,0.21001157507896218,0.37647054023677523,0.10242002955152288
1,Deaths,44639,Middle SDI,3,Both,19,70-74 years,959,Invasive Non-typhoidal Salmonella (iNTS),3,Rate,2021,0.20757063598046332,0.36833011705340063,0.10080431091436456
1,Deaths,44639,Middle SDI,1,Male,20,75-79 years,959,Invasive Non-typhoidal Salmonella (iNTS),1,Number,2021,44.415525257237626,79.55955618149879,21.386198218196164
1,Deaths,44639,Middle SDI,2,Female,20,75-79 years,959,Invasive Non-typhoidal Salmonella (iNTS),1,Number,2021,50.94350591569865,93.26384893461127,24.43836416596889
1,Deaths,44639,Middle SDI,3,Both,20,75-79 years,959,Invasive Non-typhoidal Salmonella (iNTS),1,Number,2021,95.35903117293626,173.3087921521464,45.673645627742026
1,Deaths,44639,Middle SDI,1,Male,20,75-79 years,959,Invasive Non-typhoidal Salmonella (iNTS),3,Rate,2021,0.246541977330497,0.4416196855248766,0.11871064376159451
1,Deaths,44639,Middle SDI,2,Female,20,75-79 years,959,Invasive Non-typhoidal Salmonella (iNTS),3,Rate,2021,0.24068573028389023,0.44063079653487347,0.11546055616908969
1,Deaths,44639,Middle SDI,3,Both,20,75-79 years,959,Invasive Non-typhoidal Salmonella (iNTS),3,Rate,2021,0.24337840271135322,0.44232430312058607,0.11656975518894579
1,Deaths,44639,Middle SDI,1,Male,30,80-84 years,959,Invasive Non-typhoidal Salmonella (iNTS),1,Number,2021,28.774224987104322,55.509854485263,11.801070777937142
1,Deaths,44639,Middle SDI,2,Female,30,80-84 years,959,Invasive Non-typhoidal Salmonella (iNTS),1,Number,2021,36.782972924239736,72.11865475913332,15.330528185923948
1,Deaths,44639,Middle SDI,3,Both,30,80-84 years,959,Invasive Non-typhoidal Salmonella (iNTS),1,Number,2021,65.55719791134405,126.42842565727837,27.3878126891531
1,Deaths,44639,Middle SDI,1,Male,30,80-84 years,959,Invasive Non-typhoidal Salmonella (iNTS),3,Rate,2021,0.2806624945596821,0.5414406205366475,0.115107112858664
1,Deaths,44639,Middle SDI,2,Female,30,80-84 years,959,Invasive Non-typhoidal Salmonella (iNTS),3,Rate,2021,0.271092522531829,0.5315184305663255,0.11298683133164196
1,Deaths,44639,Middle SDI,3,Both,30,80-84 years,959,Invasive Non-typhoidal Salmonella (iNTS),3,Rate,2021,0.2752113719559413,0.5307508799632277,0.11497497979165283
1,Deaths,44639,Middle SDI,1,Male,31,85-89 years,959,Invasive Non-typhoidal Salmonella (iNTS),1,Number,2021,15.103878128345304,30.19206564841632,5.5929969308175025
1,Deaths,44639,Middle SDI,2,Female,31,85-89 years,959,Invasive Non-typhoidal Salmonella (iNTS),1,Number,2021,20.66015406305456,42.0084609931229,7.97472878972085
1,Deaths,44639,Middle SDI,3,Both,31,85-89 years,959,Invasive Non-typhoidal Salmonella (iNTS),1,Number,2021,35.76403219139988,71.90307365392562,13.305292108328272
1,Deaths,44639,Middle SDI,1,Male,31,85-89 years,959,Invasive Non-typhoidal Salmonella (iNTS),3,Rate,2021,0.3422634775173585,0.6841713958792013,0.12674086502942591
1,Deaths,44639,Middle SDI,2,Female,31,85-89 years,959,Invasive Non-typhoidal Salmonella (iNTS),3,Rate,2021,0.2928451205030868,0.5954443894336318,0.11303693119991953
1,Deaths,44639,Middle SDI,3,Both,31,85-89 years,959,Invasive Non-typhoidal Salmonella (iNTS),3,Rate,2021,0.31186167100377515,0.6269934156197579,0.11602189059360045
1,Deaths,44639,Middle SDI,1,Male,32,90-94 years,959,Invasive Non-typhoidal Salmonella (iNTS),1,Number,2021,5.573066715664325,12.627200478808769,1.4792799159587813
1,Deaths,44639,Middle SDI,2,Female,32,90-94 years,959,Invasive Non-typhoidal Salmonella (iNTS),1,Number,2021,8.850016643449344,20.923515637482396,2.224587151444131
1,Deaths,44639,Middle SDI,3,Both,32,90-94 years,959,Invasive Non-typhoidal Salmonella (iNTS),1,Number,2021,14.423083359113663,33.77914199101775,3.6763388775029333
1,Deaths,44639,Middle SDI,1,Male,32,90-94 years,959,Invasive Non-typhoidal Salmonella (iNTS),3,Rate,2021,0.425544814689728,0.964180039815689,0.11295394974217127
1,Deaths,44639,Middle SDI,2,Female,32,90-94 years,959,Invasive Non-typhoidal Salmonella (iNTS),3,Rate,2021,0.34763961248126474,0.8219016032409452,0.08738453795239634
1,Deaths,44639,Middle SDI,3,Both,32,90-94 years,959,Invasive Non-typhoidal Salmonella (iNTS),3,Rate,2021,0.37410319928480396,0.8761569751276795,0.09535618019290636
1,Deaths,44639,Middle SDI,1,Male,235,95+ years,959,Invasive Non-typhoidal Salmonella (iNTS),1,Number,2021,1.5360708539973473,4.2602683073215895,0.20585420126289886
1,Deaths,44639,Middle SDI,2,Female,235,95+ years,959,Invasive Non-typhoidal Salmonella (iNTS),1,Number,2021,2.979006407183239,8.508808726225098,0.22576824701552048
1,Deaths,44639,Middle SDI,3,Both,235,95+ years,959,Invasive Non-typhoidal Salmonella (iNTS),1,Number,2021,4.515077261180587,12.852132215768224,0.43185487029373887
1,Deaths,44639,Middle SDI,1,Male,235,95+ years,959,Invasive Non-typhoidal Salmonella (iNTS),3,Rate,2021,0.46054417461668,1.2773120107937463,0.06171912771164479
1,Deaths,44639,Middle SDI,2,Female,235,95+ years,959,Invasive Non-typhoidal Salmonella (iNTS),3,Rate,2021,0.4214564184283628,1.2037879617176146,0.031940675438822
1,Deaths,44639,Middle SDI,3,Both,235,95+ years,959,Invasive Non-typhoidal Salmonella (iNTS),3,Rate,2021,0.43398762400761526,1.2353423875396856,0.04150973687344842
1,Deaths,44634,High-middle SDI,1,Male,1,<5 years,959,Invasive Non-typhoidal Salmonella (iNTS),1,Number,2021,15.184031081685609,25.524729125758196,7.992134096336722
1,Deaths,44634,High-middle SDI,2,Female,1,<5 years,959,Invasive Non-typhoidal Salmonella (iNTS),1,Number,2021,11.70977616692905,19.575388602112795,6.321832987037723
1,Deaths,44634,High-middle SDI,3,Both,1,<5 years,959,Invasive Non-typhoidal Salmonella (iNTS),1,Number,2021,26.893807248614653,43.87786488294158,14.295880005108161
1,Deaths,44634,High-middle SDI,1,Male,1,<5 years,959,Invasive Non-typhoidal Salmonella (iNTS),3,Rate,2021,0.04134313667202053,0.06949882801776879,0.02176101263678945
1,Deaths,44634,High-middle SDI,2,Female,1,<5 years,959,Invasive Non-typhoidal Salmonella (iNTS),3,Rate,2021,0.03514550707464825,0.058753211743497645,0.018974233392964005
1,Deaths,44634,High-middle SDI,3,Both,1,<5 years,959,Invasive Non-typhoidal Salmonella (iNTS),3,Rate,2021,0.03839513132823417,0.06264253956344681,0.020409612710267307
1,Deaths,44634,High-middle SDI,1,Male,6,5-9 years,959,Invasive Non-typhoidal Salmonella (iNTS),1,Number,2021,14.147324769228145,28.70813568788822,5.702544930215469
1,Deaths,44634,High-middle SDI,2,Female,6,5-9 years,959,Invasive Non-typhoidal Salmonella (iNTS),1,Number,2021,11.21001885320834,22.7020417340281,4.541830506736069
1,Deaths,44634,High-middle SDI,3,Both,6,5-9 years,959,Invasive Non-typhoidal Salmonella (iNTS),1,Number,2021,25.357343622436463,50.74385559784339,10.287892068119968
1,Deaths,44634,High-middle SDI,1,Male,6,5-9 years,959,Invasive Non-typhoidal Salmonella (iNTS),3,Rate,2021,0.032786287607116556,0.06653082534547507,0.013215592433504973
1,Deaths,44634,High-middle SDI,2,Female,6,5-9 years,959,Invasive Non-typhoidal Salmonella (iNTS),3,Rate,2021,0.028553316937781365,0.057824933325684884,0.011568609083953758
1,Deaths,44634,High-middle SDI,3,Both,6,5-9 years,959,Invasive Non-typhoidal Salmonella (iNTS),3,Rate,2021,0.030769711119230374,0.0615748163952024,0.012483778729952653
1,Deaths,44634,High-middle SDI,1,Male,7,10-14 years,959,Invasive Non-typhoidal Salmonella (iNTS),1,Number,2021,12.093391500415402,27.29052381616813,4.648944453563301
1,Deaths,44634,High-middle SDI,2,Female,7,10-14 years,959,Invasive Non-typhoidal Salmonella (iNTS),1,Number,2021,10.718845501152853,23.146168586041387,4.06765366070496
1,Deaths,44634,High-middle SDI,3,Both,7,10-14 years,959,Invasive Non-typhoidal Salmonella (iNTS),1,Number,2021,22.812237001568235,50.218290274714604,8.745971365014507
1,Deaths,44634,High-middle SDI,1,Male,7,10-14 years,959,Invasive Non-typhoidal Salmonella (iNTS),3,Rate,2021,0.029463229698744143,0.06648812880714143,0.011326261808966745
1,Deaths,44634,High-middle SDI,2,Female,7,10-14 years,959,Invasive Non-typhoidal Salmonella (iNTS),3,Rate,2021,0.028667876979166083,0.06190512900781208,0.01087906292952935
1,Deaths,44634,High-middle SDI,3,Both,7,10-14 years,959,Invasive Non-typhoidal Salmonella (iNTS),3,Rate,2021,0.029084089488348654,0.0640249901051467,0.011150533541499237
1,Deaths,44634,High-middle SDI,1,Male,8,15-19 years,959,Invasive Non-typhoidal Salmonella (iNTS),1,Number,2021,9.527773537744885,21.666338426247055,3.511969041466928
1,Deaths,44634,High-middle SDI,2,Female,8,15-19 years,959,Invasive Non-typhoidal Salmonella (iNTS),1,Number,2021,8.913505599501429,19.282200745914764,3.188524958516289
1,Deaths,44634,High-middle SDI,3,Both,8,15-19 years,959,Invasive Non-typhoidal Salmonella (iNTS),1,Number,2021,18.441279137246305,40.85374750684294,6.72758245380143
1,Deaths,44634,High-middle SDI,1,Male,8,15-19 years,959,Invasive Non-typhoidal Salmonella (iNTS),3,Rate,2021,0.025048027113425048,0.05695969055092897,0.009232786172307978
1,Deaths,44634,High-middle SDI,2,Female,8,15-19 years,959,Invasive Non-typhoidal Salmonella (iNTS),3,Rate,2021,0.025885698044266443,0.05599740983677592,0.009259790478773748
1,Deaths,44634,High-middle SDI,3,Both,8,15-19 years,959,Invasive Non-typhoidal Salmonella (iNTS),3,Rate,2021,0.025446034540362417,0.05637167912407618,0.009282994645789504
1,Deaths,44634,High-middle SDI,1,Male,9,20-24 years,959,Invasive Non-typhoidal Salmonella (iNTS),1,Number,2021,9.000792690181932,20.547482649030343,3.217401671309646
1,Deaths,44634,High-middle SDI,2,Female,9,20-24 years,959,Invasive Non-typhoidal Salmonella (iNTS),1,Number,2021,7.890068021850793,18.236783036557238,2.8020927527599966
1,Deaths,44634,High-middle SDI,3,Both,9,20-24 years,959,Invasive Non-typhoidal Salmonella (iNTS),1,Number,2021,16.890860712032723,39.095113021138545,6.157222770068305
1,Deaths,44634,High-middle SDI,1,Male,9,20-24 years,959,Invasive Non-typhoidal Salmonella (iNTS),3,Rate,2021,0.02285811110356458,0.05218169748564747,0.008170805327825372
1,Deaths,44634,High-middle SDI,2,Female,9,20-24 years,959,Invasive Non-typhoidal Salmonella (iNTS),3,Rate,2021,0.022165749693074704,0.051233014325827934,0.007871983663822373
1,Deaths,44634,High-middle SDI,3,Both,9,20-24 years,959,Invasive Non-typhoidal Salmonella (iNTS),3,Rate,2021,0.02252938907275386,0.052145892806342235,0.008212634616995437
1,Deaths,44634,High-middle SDI,1,Male,10,25-29 years,959,Invasive Non-typhoidal Salmonella (iNTS),1,Number,2021,9.012107335330027,21.778605719339318,3.1349282731867256
1,Deaths,44634,High-middle SDI,2,Female,10,25-29 years,959,Invasive Non-typhoidal Salmonella (iNTS),1,Number,2021,7.478712631654112,18.14487991906343,2.533964634492837
1,Deaths,44634,High-middle SDI,3,Both,10,25-29 years,959,Invasive Non-typhoidal Salmonella (iNTS),1,Number,2021,16.490819966984134,40.21251817591535,5.608857821477467
1,Deaths,44634,High-middle SDI,1,Male,10,25-29 years,959,Invasive Non-typhoidal Salmonella (iNTS),3,Rate,2021,0.020306619572823228,0.04907285773610238,0.0070638079932898576
1,Deaths,44634,High-middle SDI,2,Female,10,25-29 years,959,Invasive Non-typhoidal Salmonella (iNTS),3,Rate,2021,0.01855341960540224,0.04501437445304838,0.006286337160490287
1,Deaths,44634,High-middle SDI,3,Both,10,25-29 years,959,Invasive Non-typhoidal Salmonella (iNTS),3,Rate,2021,0.019472158321836637,0.047482449144968596,0.006622870647010928
1,Deaths,44634,High-middle SDI,1,Male,11,30-34 years,959,Invasive Non-typhoidal Salmonella (iNTS),1,Number,2021,9.509155620637976,21.604703061222693,3.3605043137515223
1,Deaths,44634,High-middle SDI,2,Female,11,30-34 years,959,Invasive Non-typhoidal Salmonella (iNTS),1,Number,2021,8.038888442319205,18.73327987943552,2.7706928479187933
1,Deaths,44634,High-middle SDI,3,Both,11,30-34 years,959,Invasive Non-typhoidal Salmonella (iNTS),1,Number,2021,17.548044062957175,40.652419006372874,6.145321410548887
1,Deaths,44634,High-middle SDI,1,Male,11,30-34 years,959,Invasive Non-typhoidal Salmonella (iNTS),3,Rate,2021,0.01722440357677202,0.03913366649244674,0.006087047560344394
1,Deaths,44634,High-middle SDI,2,Female,11,30-34 years,959,Invasive Non-typhoidal Salmonella (iNTS),3,Rate,2021,0.015612294529389809,0.03638183127900985,0.005380951993868266
1,Deaths,44634,High-middle SDI,3,Both,11,30-34 years,959,Invasive Non-typhoidal Salmonella (iNTS),3,Rate,2021,0.016446426990761098,0.03810037396689042,0.0057595353391380315
1,Deaths,44634,High-middle SDI,1,Male,12,35-39 years,959,Invasive Non-typhoidal Salmonella (iNTS),1,Number,2021,7.692124985970343,16.893402618088544,2.6491880434826944
1,Deaths,44634,High-middle SDI,2,Female,12,35-39 years,959,Invasive Non-typhoidal Salmonella (iNTS),1,Number,2021,6.766445355494152,15.04406958445583,2.5185232288930575
1,Deaths,44634,High-middle SDI,3,Both,12,35-39 years,959,Invasive Non-typhoidal Salmonella (iNTS),1,Number,2021,14.458570341464496,32.34261365660329,5.068754091798451
1,Deaths,44634,High-middle SDI,1,Male,12,35-39 years,959,Invasive Non-typhoidal Salmonella (iNTS),3,Rate,2021,0.014825586579936946,0.03255987176508559,0.005105970947796801
1,Deaths,44634,High-middle SDI,2,Female,12,35-39 years,959,Invasive Non-typhoidal Salmonella (iNTS),3,Rate,2021,0.013655538607913045,0.03036082643656618,0.005082696952418292
1,Deaths,44634,High-middle SDI,3,Both,12,35-39 years,959,Invasive Non-typhoidal Salmonella (iNTS),3,Rate,2021,0.01425401924453373,0.03188504994561218,0.004997044428597772
1,Deaths,44634,High-middle SDI,1,Male,13,40-44 years,959,Invasive Non-typhoidal Salmonella (iNTS),1,Number,2021,6.97519923148267,14.019809007205259,2.7730461610425174
1,Deaths,44634,High-middle SDI,2,Female,13,40-44 years,959,Invasive Non-typhoidal Salmonella (iNTS),1,Number,2021,6.312168138821737,12.913590717316042,2.5285158823429024
1,Deaths,44634,High-middle SDI,3,Both,13,40-44 years,959,Invasive Non-typhoidal Salmonella (iNTS),1,Number,2021,13.287367370304398,26.59045156064685,5.263932344152499
1,Deaths,44634,High-middle SDI,1,Male,13,40-44 years,959,Invasive Non-typhoidal Salmonella (iNTS),3,Rate,2021,0.014878032990486392,0.029904118005412195,0.0059148808369395385
1,Deaths,44634,High-middle SDI,2,Female,13,40-44 years,959,Invasive Non-typhoidal Salmonella (iNTS),3,Rate,2021,0.013867012134073157,0.028369478637636933,0.005554820412022595
1,Deaths,44634,High-middle SDI,3,Both,13,40-44 years,959,Invasive Non-typhoidal Salmonella (iNTS),3,Rate,2021,0.014379980481826173,0.028776970169395247,0.005696782685164234
1,Deaths,44634,High-middle SDI,1,Male,14,45-49 years,959,Invasive Non-typhoidal Salmonella (iNTS),1,Number,2021,7.933841378405457,16.51181725708997,3.0758961425748166
1,Deaths,44634,High-middle SDI,2,Female,14,45-49 years,959,Invasive Non-typhoidal Salmonella (iNTS),1,Number,2021,7.621085097720524,17.159175534638866,3.0149338522673963
1,Deaths,44634,High-middle SDI,3,Both,14,45-49 years,959,Invasive Non-typhoidal Salmonella (iNTS),1,Number,2021,15.554926476125981,33.14887975376531,6.200604654024603
1,Deaths,44634,High-middle SDI,1,Male,14,45-49 years,959,Invasive Non-typhoidal Salmonella (iNTS),3,Rate,2021,0.016298335966738145,0.03391990490381141,0.0063187535948133365
1,Deaths,44634,High-middle SDI,2,Female,14,45-49 years,959,Invasive Non-typhoidal Salmonella (iNTS),3,Rate,2021,0.015802197195376805,0.03557927408389009,0.006251416780373761
1,Deaths,44634,High-middle SDI,3,Both,14,45-49 years,959,Invasive Non-typhoidal Salmonella (iNTS),3,Rate,2021,0.016051420659374083,0.03420695135598057,0.006398520352827125
1,Deaths,44634,High-middle SDI,1,Male,15,50-54 years,959,Invasive Non-typhoidal Salmonella (iNTS),1,Number,2021,10.475602144374225,21.698413694081935,3.988675250405105
1,Deaths,44634,High-middle SDI,2,Female,15,50-54 years,959,Invasive Non-typhoidal Salmonella (iNTS),1,Number,2021,9.95682598487618,21.414753078384667,3.948076100851291
1,Deaths,44634,High-middle SDI,3,Both,15,50-54 years,959,Invasive Non-typhoidal Salmonella (iNTS),1,Number,2021,20.432428129250425,42.43880023339526,8.148912243773164
1,Deaths,44634,High-middle SDI,1,Male,15,50-54 years,959,Invasive Non-typhoidal Salmonella (iNTS),3,Rate,2021,0.02163685390260026,0.04481703300169353,0.00823841746455407
1,Deaths,44634,High-middle SDI,2,Female,15,50-54 years,959,Invasive Non-typhoidal Salmonella (iNTS),3,Rate,2021,0.02054129311297667,0.04417941225379253,0.00814502418171295
1,Deaths,44634,High-middle SDI,3,Both,15,50-54 years,959,Invasive Non-typhoidal Salmonella (iNTS),3,Rate,2021,0.02108875297464585,0.04380200772032514,0.008410669365085577
1,Deaths,44634,High-middle SDI,1,Male,16,55-59 years,959,Invasive Non-typhoidal Salmonella (iNTS),1,Number,2021,13.906524487216098,27.032912754002357,5.464528362394824
1,Deaths,44634,High-middle SDI,2,Female,16,55-59 years,959,Invasive Non-typhoidal Salmonella (iNTS),1,Number,2021,14.13390836851643,28.07394763277227,5.233923337348425
1,Deaths,44634,High-middle SDI,3,Both,16,55-59 years,959,Invasive Non-typhoidal Salmonella (iNTS),1,Number,2021,28.04043285573252,53.801404202863345,10.752547025445159
1,Deaths,44634,High-middle SDI,1,Male,16,55-59 years,959,Invasive Non-typhoidal Salmonella (iNTS),3,Rate,2021,0.03156070031540389,0.06135089028648606,0.012401685422487083
1,Deaths,44634,High-middle SDI,2,Female,16,55-59 years,959,Invasive Non-typhoidal Salmonella (iNTS),3,Rate,2021,0.030809912670266233,0.06119721823031256,0.011409209451631649
1,Deaths,44634,High-middle SDI,3,Both,16,55-59 years,959,Invasive Non-typhoidal Salmonella (iNTS),3,Rate,2021,0.03117774429728944,0.05982098891633407,0.01195559866813444
1,Deaths,44634,High-middle SDI,1,Male,17,60-64 years,959,Invasive Non-typhoidal Salmonella (iNTS),1,Number,2021,15.619372748997865,29.79044544823316,6.511363867191115
1,Deaths,44634,High-middle SDI,2,Female,17,60-64 years,959,Invasive Non-typhoidal Salmonella (iNTS),1,Number,2021,15.876669453257042,31.08504373877384,6.627504233895803
1,Deaths,44634,High-middle SDI,3,Both,17,60-64 years,959,Invasive Non-typhoidal Salmonella (iNTS),1,Number,2021,31.496042202254905,60.22198495622466,13.064778860328586
1,Deaths,44634,High-middle SDI,1,Male,17,60-64 years,959,Invasive Non-typhoidal Salmonella (iNTS),3,Rate,2021,0.04469279455164444,0.08524146772188895,0.01863141703856477
1,Deaths,44634,High-middle SDI,2,Female,17,60-64 years,959,Invasive Non-typhoidal Salmonella (iNTS),3,Rate,2021,0.04179653860179337,0.08183373939926426,0.017447408435447904
1,Deaths,44634,High-middle SDI,3,Both,17,60-64 years,959,Invasive Non-typhoidal Salmonella (iNTS),3,Rate,2021,0.04318435980757661,0.08257062427005134,0.017913174851869402
1,Deaths,44634,High-middle SDI,1,Male,18,65-69 years,959,Invasive Non-typhoidal Salmonella (iNTS),1,Number,2021,18.757804636510574,38.38963369748221,7.210097624209125
1,Deaths,44634,High-middle SDI,2,Female,18,65-69 years,959,Invasive Non-typhoidal Salmonella (iNTS),1,Number,2021,20.56171747556612,40.84094626322365,7.95360233171559
1,Deaths,44634,High-middle SDI,3,Both,18,65-69 years,959,Invasive Non-typhoidal Salmonella (iNTS),1,Number,2021,39.319522112076754,78.83560106410098,15.267192685274553
1,Deaths,44634,High-middle SDI,1,Male,18,65-69 years,959,Invasive Non-typhoidal Salmonella (iNTS),3,Rate,2021,0.060626434538915294,0.12407777239577336,0.023303500601689755
1,Deaths,44634,High-middle SDI,2,Female,18,65-69 years,959,Invasive Non-typhoidal Salmonella (iNTS),3,Rate,2021,0.05797851075435384,0.11516047941783643,0.022427018505297786
1,Deaths,44634,High-middle SDI,3,Both,18,65-69 years,959,Invasive Non-typhoidal Salmonella (iNTS),3,Rate,2021,0.059212265708238614,0.11872053134751842,0.022991252724856876
1,Deaths,44634,High-middle SDI,1,Male,19,70-74 years,959,Invasive Non-typhoidal Salmonella (iNTS),1,Number,2021,15.77500423468283,31.729131395623632,6.414613371838719
1,Deaths,44634,High-middle SDI,2,Female,19,70-74 years,959,Invasive Non-typhoidal Salmonella (iNTS),1,Number,2021,17.374358915419613,35.78336371263798,6.94310653454694
1,Deaths,44634,High-middle SDI,3,Both,19,70-74 years,959,Invasive Non-typhoidal Salmonella (iNTS),1,Number,2021,33.14936315010242,65.87506089658062,13.693125858888655
1,Deaths,44634,High-middle SDI,1,Male,19,70-74 years,959,Invasive Non-typhoidal Salmonella (iNTS),3,Rate,2021,0.07181723187576966,0.14444993819059235,0.029203147527904084
1,Deaths,44634,High-middle SDI,2,Female,19,70-74 years,959,Invasive Non-typhoidal Salmonella (iNTS),3,Rate,2021,0.06462936591550196,0.13310742101794096,0.02582705784978942
1,Deaths,44634,High-middle SDI,3,Both,19,70-74 years,959,Invasive Non-typhoidal Salmonella (iNTS),3,Rate,2021,0.0678614975707239,0.1348556913374906,0.028031791229320143
1,Deaths,44634,High-middle SDI,1,Male,20,75-79 years,959,Invasive Non-typhoidal Salmonella (iNTS),1,Number,2021,10.926723430015274,22.285292818516698,4.846239767439609
1,Deaths,44634,High-middle SDI,2,Female,20,75-79 years,959,Invasive Non-typhoidal Salmonella (iNTS),1,Number,2021,12.58593546568561,26.176428618443854,5.1794774529430345
1,Deaths,44634,High-middle SDI,3,Both,20,75-79 years,959,Invasive Non-typhoidal Salmonella (iNTS),1,Number,2021,23.512658895700895,48.81516824171143,10.209512844552519
1,Deaths,44634,High-middle SDI,1,Male,20,75-79 years,959,Invasive Non-typhoidal Salmonella (iNTS),3,Rate,2021,0.08428281125697078,0.17189664774252839,0.037381262026192526
1,Deaths,44634,High-middle SDI,2,Female,20,75-79 years,959,Invasive Non-typhoidal Salmonella (iNTS),3,Rate,2021,0.0744568889260918,0.15485662098292605,0.030641169141571493
1,Deaths,44634,High-middle SDI,3,Both,20,75-79 years,959,Invasive Non-typhoidal Salmonella (iNTS),3,Rate,2021,0.07872187845904931,0.16343629014176195,0.034182098793680823
1,Deaths,44634,High-middle SDI,1,Male,30,80-84 years,959,Invasive Non-typhoidal Salmonella (iNTS),1,Number,2021,7.856959423347049,15.974233054835933,3.939221837961036
1,Deaths,44634,High-middle SDI,2,Female,30,80-84 years,959,Invasive Non-typhoidal Salmonella (iNTS),1,Number,2021,10.202298715591526,21.205234504678582,4.315036949708063
1,Deaths,44634,High-middle SDI,3,Both,30,80-84 years,959,Invasive Non-typhoidal Salmonella (iNTS),1,Number,2021,18.059258138938578,37.260470562513355,8.287629326081255
1,Deaths,44634,High-middle SDI,1,Male,30,80-84 years,959,Invasive Non-typhoidal Salmonella (iNTS),3,Rate,2021,0.09338645156116367,0.18986695247137747,0.046820904823091807
1,Deaths,44634,High-middle SDI,2,Female,30,80-84 years,959,Invasive Non-typhoidal Salmonella (iNTS),3,Rate,2021,0.07602959151138533,0.15802569227168245,0.0321565272482631
1,Deaths,44634,High-middle SDI,3,Both,30,80-84 years,959,Invasive Non-typhoidal Salmonella (iNTS),3,Rate,2021,0.08271832051226695,0.17066722911404258,0.03796051718223817
1,Deaths,44634,High-middle SDI,1,Male,31,85-89 years,959,Invasive Non-typhoidal Salmonella (iNTS),1,Number,2021,5.659821200278465,10.726799420647557,3.0609268902339086
1,Deaths,44634,High-middle SDI,2,Female,31,85-89 years,959,Invasive Non-typhoidal Salmonella (iNTS),1,Number,2021,6.589680719348428,13.731414691497971,2.8290357851398387
1,Deaths,44634,High-middle SDI,3,Both,31,85-89 years,959,Invasive Non-typhoidal Salmonella (iNTS),1,Number,2021,12.249501919626908,24.169477915920073,6.040220671025765
1,Deaths,44634,High-middle SDI,1,Male,31,85-89 years,959,Invasive Non-typhoidal Salmonella (iNTS),3,Rate,2021,0.14402032169847467,0.27295510735933926,0.07788862224222026
1,Deaths,44634,High-middle SDI,2,Female,31,85-89 years,959,Invasive Non-typhoidal Salmonella (iNTS),3,Rate,2021,0.08848376846869792,0.1843803015740526,0.037987234596508025
1,Deaths,44634,High-middle SDI,3,Both,31,85-89 years,959,Invasive Non-typhoidal Salmonella (iNTS),3,Rate,2021,0.10766701456876421,0.21243766056506336,0.05309052819069153
1,Deaths,44634,High-middle SDI,1,Male,32,90-94 years,959,Invasive Non-typhoidal Salmonella (iNTS),1,Number,2021,2.3937208394840304,4.417267053672793,1.351863235685012
1,Deaths,44634,High-middle SDI,2,Female,32,90-94 years,959,Invasive Non-typhoidal Salmonella (iNTS),1,Number,2021,3.2851156560359387,7.231852666351033,1.4594128209115718
1,Deaths,44634,High-middle SDI,3,Both,32,90-94 years,959,Invasive Non-typhoidal Salmonella (iNTS),1,Number,2021,5.678836495519962,11.564848167470942,2.8898888162206458
1,Deaths,44634,High-middle SDI,1,Male,32,90-94 years,959,Invasive Non-typhoidal Salmonella (iNTS),3,Rate,2021,0.1878913193808147,0.34672636887385944,0.1061123597979891
1,Deaths,44634,High-middle SDI,2,Female,32,90-94 years,959,Invasive Non-typhoidal Salmonella (iNTS),3,Rate,2021,0.10604720130875833,0.23345227865408827,0.04711147533799323
1,Deaths,44634,High-middle SDI,3,Both,32,90-94 years,959,Invasive Non-typhoidal Salmonella (iNTS),3,Rate,2021,0.1298976253624461,0.2645341727688115,0.06610327574754038
1,Deaths,44634,High-middle SDI,1,Male,235,95+ years,959,Invasive Non-typhoidal Salmonella (iNTS),1,Number,2021,0.6863162659862878,1.2149418353222485,0.41165189840697675
1,Deaths,44634,High-middle SDI,2,Female,235,95+ years,959,Invasive Non-typhoidal Salmonella (iNTS),1,Number,2021,1.1861794984280287,3.08466336476129,0.4381415806821096
1,Deaths,44634,High-middle SDI,3,Both,235,95+ years,959,Invasive Non-typhoidal Salmonella (iNTS),1,Number,2021,1.8724957644143159,4.276752689021229,0.8706775278845935
1,Deaths,44634,High-middle SDI,1,Male,235,95+ years,959,Invasive Non-typhoidal Salmonella (iNTS),3,Rate,2021,0.24816746951479987,0.43931501528132755,0.1488506320068249
1,Deaths,44634,High-middle SDI,2,Female,235,95+ years,959,Invasive Non-typhoidal Salmonella (iNTS),3,Rate,2021,0.14337730713544833,0.37285311982289365,0.052959573205843366
1,Deaths,44634,High-middle SDI,3,Both,235,95+ years,959,Invasive Non-typhoidal Salmonella (iNTS),3,Rate,2021,0.1696305659483058,0.387433708981726,0.07887522344261833
1,Deaths,44637,Low SDI,1,Male,1,<5 years,959,Invasive Non-typhoidal Salmonella (iNTS),1,Number,2021,15292.181846092652,25765.015623720057,8112.266637617595
1,Deaths,44637,Low SDI,2,Female,1,<5 years,959,Invasive Non-typhoidal Salmonella (iNTS),1,Number,2021,11089.659630785485,18785.64931104682,5989.0615701758115
1,Deaths,44637,Low SDI,3,Both,1,<5 years,959,Invasive Non-typhoidal Salmonella (iNTS),1,Number,2021,26381.841476878108,44775.27609510376,14227.765306291509
1,Deaths,44637,Low SDI,1,Male,1,<5 years,959,Invasive Non-typhoidal Salmonella (iNTS),3,Rate,2021,18.074734395402235,30.453196200457164,9.58836785328222
1,Deaths,44637,Low SDI,2,Female,1,<5 years,959,Invasive Non-typhoidal Salmonella (iNTS),3,Rate,2021,13.696012824687433,23.200756601215367,7.396643973207377
1,Deaths,44637,Low SDI,3,Both,1,<5 years,959,Invasive Non-typhoidal Salmonella (iNTS),3,Rate,2021,15.933442364443485,27.042247283558556,8.592928536899478
1,Deaths,44637,Low SDI,1,Male,6,5-9 years,959,Invasive Non-typhoidal Salmonella (iNTS),1,Number,2021,3746.2611048297995,6340.862556827343,1837.123446268595
1,Deaths,44637,Low SDI,2,Female,6,5-9 years,959,Invasive Non-typhoidal Salmonella (iNTS),1,Number,2021,2977.594825993251,5208.482546638294,1429.4258152322186
1,Deaths,44637,Low SDI,3,Both,6,5-9 years,959,Invasive Non-typhoidal Salmonella (iNTS),1,Number,2021,6723.855930823058,11433.290087202071,3257.846790223572
1,Deaths,44637,Low SDI,1,Male,6,5-9 years,959,Invasive Non-typhoidal Salmonella (iNTS),3,Rate,2021,4.793950874863133,8.114165764500372,2.3508984841223506
1,Deaths,44637,Low SDI,2,Female,6,5-9 years,959,Invasive Non-typhoidal Salmonella (iNTS),3,Rate,2021,3.951771966297173,6.912537305302253,1.897089830766977
1,Deaths,44637,Low SDI,3,Both,6,5-9 years,959,Invasive Non-typhoidal Salmonella (iNTS),3,Rate,2021,4.3805352679748735,7.448691788053449,2.122459628680086
1,Deaths,44637,Low SDI,1,Male,7,10-14 years,959,Invasive Non-typhoidal Salmonella (iNTS),1,Number,2021,1255.5261911053137,2269.1247522001913,571.2784568532575
1,Deaths,44637,Low SDI,2,Female,7,10-14 years,959,Invasive Non-typhoidal Salmonella (iNTS),1,Number,2021,1207.3549042847912,2301.8143795002657,564.5368103767025
1,Deaths,44637,Low SDI,3,Both,7,10-14 years,959,Invasive Non-typhoidal Salmonella (iNTS),1,Number,2021,2462.881095390106,4525.072640127963,1163.5128787361907
1,Deaths,44637,Low SDI,1,Male,7,10-14 years,959,Invasive Non-typhoidal Salmonella (iNTS),3,Rate,2021,1.7528743126507502,3.167986871568243,0.797577413743366
1,Deaths,44637,Low SDI,2,Female,7,10-14 years,959,Invasive Non-typhoidal Salmonella (iNTS),3,Rate,2021,1.7364604128796395,3.3105506372768283,0.8119367547632461
1,Deaths,44637,Low SDI,3,Both,7,10-14 years,959,Invasive Non-typhoidal Salmonella (iNTS),3,Rate,2021,1.7447892873791437,3.2057163790350054,0.8242723574217143
1,Deaths,44637,Low SDI,1,Male,8,15-19 years,959,Invasive Non-typhoidal Salmonella (iNTS),1,Number,2021,607.3520710871002,1182.0890929571522,270.3869757187996
1,Deaths,44637,Low SDI,2,Female,8,15-19 years,959,Invasive Non-typhoidal Salmonella (iNTS),1,Number,2021,678.7503883675296,1349.2610092560667,286.60131469259693
1,Deaths,44637,Low SDI,3,Both,8,15-19 years,959,Invasive Non-typhoidal Salmonella (iNTS),1,Number,2021,1286.1024594546302,2497.8740223373215,558.4992778508571
1,Deaths,44637,Low SDI,1,Male,8,15-19 years,959,Invasive Non-typhoidal Salmonella (iNTS),3,Rate,2021,0.9745362637101435,1.8967395401501268,0.43385365032384154
1,Deaths,44637,Low SDI,2,Female,8,15-19 years,959,Invasive Non-typhoidal Salmonella (iNTS),3,Rate,2021,1.1008279122261584,2.1882921989036914,0.4648229044157653
1,Deaths,44637,Low SDI,3,Both,8,15-19 years,959,Invasive Non-typhoidal Salmonella (iNTS),3,Rate,2021,1.037343904582571,2.0147340302774497,0.4504740795208718
1,Deaths,44637,Low SDI,1,Male,9,20-24 years,959,Invasive Non-typhoidal Salmonella (iNTS),1,Number,2021,501.2325351033975,993.2210998067734,220.41448010100126
1,Deaths,44637,Low SDI,2,Female,9,20-24 years,959,Invasive Non-typhoidal Salmonella (iNTS),1,Number,2021,497.42775178137305,986.1271464280086,216.3659827298248
1,Deaths,44637,Low SDI,3,Both,9,20-24 years,959,Invasive Non-typhoidal Salmonella (iNTS),1,Number,2021,998.6602868847706,2005.0746766124034,444.3659293244208
1,Deaths,44637,Low SDI,1,Male,9,20-24 years,959,Invasive Non-typhoidal Salmonella (iNTS),3,Rate,2021,0.9723695791837684,1.9268062530225132,0.427594619765869
1,Deaths,44637,Low SDI,2,Female,9,20-24 years,959,Invasive Non-typhoidal Salmonella (iNTS),3,Rate,2021,0.9433075088836204,1.8700628153701488,0.41031015146443284
1,Deaths,44637,Low SDI,3,Both,9,20-24 years,959,Invasive Non-typhoidal Salmonella (iNTS),3,Rate,2021,0.9576734508240778,1.9227827619953564,0.4261283426942452
1,Deaths,44637,Low SDI,1,Male,10,25-29 years,959,Invasive Non-typhoidal Salmonella (iNTS),1,Number,2021,521.4183955503149,997.4728253786394,222.75354187637575
1,Deaths,44637,Low SDI,2,Female,10,25-29 years,959,Invasive Non-typhoidal Salmonella (iNTS),1,Number,2021,389.84276697736743,766.7848878300692,178.1420044530418
1,Deaths,44637,Low SDI,3,Both,10,25-29 years,959,Invasive Non-typhoidal Salmonella (iNTS),1,Number,2021,911.2611625276819,1773.322930280101,401.16750783483485
1,Deaths,44637,Low SDI,1,Male,10,25-29 years,959,Invasive Non-typhoidal Salmonella (iNTS),3,Rate,2021,1.2388718977772282,2.3699605972931277,0.5292546360389302
1,Deaths,44637,Low SDI,2,Female,10,25-29 years,959,Invasive Non-typhoidal Salmonella (iNTS),3,Rate,2021,0.8850200484769296,1.7407530832504643,0.4044175210411468
1,Deaths,44637,Low SDI,3,Both,10,25-29 years,959,Invasive Non-typhoidal Salmonella (iNTS),3,Rate,2021,1.0579183399634409,2.0587191990243934,0.46573088088016285
1,Deaths,44637,Low SDI,1,Male,11,30-34 years,959,Invasive Non-typhoidal Salmonella (iNTS),1,Number,2021,508.44765806243953,965.3830554917457,233.41458338861378
1,Deaths,44637,Low SDI,2,Female,11,30-34 years,959,Invasive Non-typhoidal Salmonella (iNTS),1,Number,2021,300.34320257856456,581.5943545928003,136.82467345608208
1,Deaths,44637,Low SDI,3,Both,11,30-34 years,959,Invasive Non-typhoidal Salmonella (iNTS),1,Number,2021,808.7908606410036,1543.5607649549886,367.5832811675216
1,Deaths,44637,Low SDI,1,Male,11,30-34 years,959,Invasive Non-typhoidal Salmonella (iNTS),3,Rate,2021,1.441184434089101,2.73635842440486,0.6616088380679529
1,Deaths,44637,Low SDI,2,Female,11,30-34 years,959,Invasive Non-typhoidal Salmonella (iNTS),3,Rate,2021,0.8091492647900524,1.5668629767031574,0.368616912191204
1,Deaths,44637,Low SDI,3,Both,11,30-34 years,959,Invasive Non-typhoidal Salmonella (iNTS),3,Rate,2021,1.1171416139050678,2.13204185165459,0.507724060633613
1,Deaths,44637,Low SDI,1,Male,12,35-39 years,959,Invasive Non-typhoidal Salmonella (iNTS),1,Number,2021,487.2385745464485,917.3897869818156,236.12782193467237
1,Deaths,44637,Low SDI,2,Female,12,35-39 years,959,Invasive Non-typhoidal Salmonella (iNTS),1,Number,2021,259.0413881819063,482.9813777764989,123.72254826742616
1,Deaths,44637,Low SDI,3,Both,12,35-39 years,959,Invasive Non-typhoidal Salmonella (iNTS),1,Number,2021,746.2799627283548,1388.2388125127018,363.95226161129466
1,Deaths,44637,Low SDI,1,Male,12,35-39 years,959,Invasive Non-typhoidal Salmonella (iNTS),3,Rate,2021,1.6027347194456691,3.017684846133736,0.7767247467917912
1,Deaths,44637,Low SDI,2,Female,12,35-39 years,959,Invasive Non-typhoidal Salmonella (iNTS),3,Rate,2021,0.8129142335339677,1.5156745386596353,0.38826158708297553
1,Deaths,44637,Low SDI,3,Both,12,35-39 years,959,Invasive Non-typhoidal Salmonella (iNTS),3,Rate,2021,1.1985309931599915,2.229521527847497,0.5845099525077146
1,Deaths,44637,Low SDI,1,Male,13,40-44 years,959,Invasive Non-typhoidal Salmonella (iNTS),1,Number,2021,411.6872410062993,756.6344688322422,200.8618754495901
1,Deaths,44637,Low SDI,2,Female,13,40-44 years,959,Invasive Non-typhoidal Salmonella (iNTS),1,Number,2021,222.71235563819127,410.8652107256212,109.39248297400773
1,Deaths,44637,Low SDI,3,Both,13,40-44 years,959,Invasive Non-typhoidal Salmonella (iNTS),1,Number,2021,634.3995966444918,1156.9922722215774,312.90581175600045
1,Deaths,44637,Low SDI,1,Male,13,40-44 years,959,Invasive Non-typhoidal Salmonella (iNTS),3,Rate,2021,1.6144398951913979,2.9671574702530807,0.7876839329684769
1,Deaths,44637,Low SDI,2,Female,13,40-44 years,959,Invasive Non-typhoidal Salmonella (iNTS),3,Rate,2021,0.8526525129875857,1.5729942482108987,0.4188082661263207
1,Deaths,44637,Low SDI,3,Both,13,40-44 years,959,Invasive Non-typhoidal Salmonella (iNTS),3,Rate,2021,1.228974102726479,2.241353158381347,0.6061686376768447
1,Deaths,44637,Low SDI,1,Male,14,45-49 years,959,Invasive Non-typhoidal Salmonella (iNTS),1,Number,2021,343.91963266724866,614.319770155765,169.88459841866316
1,Deaths,44637,Low SDI,2,Female,14,45-49 years,959,Invasive Non-typhoidal Salmonella (iNTS),1,Number,2021,210.3661621969501,379.88714603273735,104.68504735662263
1,Deaths,44637,Low SDI,3,Both,14,45-49 years,959,Invasive Non-typhoidal Salmonella (iNTS),1,Number,2021,554.285794864199,987.57614454008,274.37078299598915
1,Deaths,44637,Low SDI,1,Male,14,45-49 years,959,Invasive Non-typhoidal Salmonella (iNTS),3,Rate,2021,1.6432075395528882,2.93514758139157,0.8116886227473756
1,Deaths,44637,Low SDI,2,Female,14,45-49 years,959,Invasive Non-typhoidal Salmonella (iNTS),3,Rate,2021,1.0129618310876962,1.8292446609912987,0.504082767639158
1,Deaths,44637,Low SDI,3,Both,14,45-49 years,959,Invasive Non-typhoidal Salmonella (iNTS),3,Rate,2021,1.3293115720127895,2.3684467640065408,0.6580075842429569
1,Deaths,44637,Low SDI,1,Male,15,50-54 years,959,Invasive Non-typhoidal Salmonella (iNTS),1,Number,2021,313.54915461529123,554.2368022859882,153.4890801381721
1,Deaths,44637,Low SDI,2,Female,15,50-54 years,959,Invasive Non-typhoidal Salmonella (iNTS),1,Number,2021,222.91435764529413,392.6617082996422,107.96537187520472
1,Deaths,44637,Low SDI,3,Both,15,50-54 years,959,Invasive Non-typhoidal Salmonella (iNTS),1,Number,2021,536.4635122605852,953.8045975750312,267.2308769999979
1,Deaths,44637,Low SDI,1,Male,15,50-54 years,959,Invasive Non-typhoidal Salmonella (iNTS),3,Rate,2021,1.9068403585544336,3.3705755134048,0.9334395207155465
1,Deaths,44637,Low SDI,2,Female,15,50-54 years,959,Invasive Non-typhoidal Salmonella (iNTS),3,Rate,2021,1.3695594889094336,2.4124671654792182,0.663326494925052
1,Deaths,44637,Low SDI,3,Both,15,50-54 years,959,Invasive Non-typhoidal Salmonella (iNTS),3,Rate,2021,1.6395713248684163,2.915073685294843,0.8167267167945024
1,Deaths,44637,Low SDI,1,Male,16,55-59 years,959,Invasive Non-typhoidal Salmonella (iNTS),1,Number,2021,315.1900340176008,538.0094494738416,158.73414139804873
1,Deaths,44637,Low SDI,2,Female,16,55-59 years,959,Invasive Non-typhoidal Salmonella (iNTS),1,Number,2021,244.45511904824573,419.91618348098376,122.78323060439374
1,Deaths,44637,Low SDI,3,Both,16,55-59 years,959,Invasive Non-typhoidal Salmonella (iNTS),1,Number,2021,559.645153065847,963.0832148139818,284.3899568701445
1,Deaths,44637,Low SDI,1,Male,16,55-59 years,959,Invasive Non-typhoidal Salmonella (iNTS),3,Rate,2021,2.502274548533852,4.271224363058147,1.2601807136501362
1,Deaths,44637,Low SDI,2,Female,16,55-59 years,959,Invasive Non-typhoidal Salmonella (iNTS),3,Rate,2021,1.919560321519704,3.2973514619466817,0.9641435144979797
1,Deaths,44637,Low SDI,3,Both,16,55-59 years,959,Invasive Non-typhoidal Salmonella (iNTS),3,Rate,2021,2.2093208187736093,3.801980210216519,1.1226911354835105
1,Deaths,44637,Low SDI,1,Male,17,60-64 years,959,Invasive Non-typhoidal Salmonella (iNTS),1,Number,2021,301.10045616842797,519.2180481887923,145.47357248317581
1,Deaths,44637,Low SDI,2,Female,17,60-64 years,959,Invasive Non-typhoidal Salmonella (iNTS),1,Number,2021,232.7001186802677,408.4655624259194,116.63525416433934
1,Deaths,44637,Low SDI,3,Both,17,60-64 years,959,Invasive Non-typhoidal Salmonella (iNTS),1,Number,2021,533.800574848696,922.6624195197875,263.17130692118894
1,Deaths,44637,Low SDI,1,Male,17,60-64 years,959,Invasive Non-typhoidal Salmonella (iNTS),3,Rate,2021,3.0909957311095657,5.3301173664408354,1.4933826313541898
1,Deaths,44637,Low SDI,2,Female,17,60-64 years,959,Invasive Non-typhoidal Salmonella (iNTS),3,Rate,2021,2.3327121680642353,4.0946802825457285,1.1692150315928922
1,Deaths,44637,Low SDI,3,Both,17,60-64 years,959,Invasive Non-typhoidal Salmonella (iNTS),3,Rate,2021,2.707348383770756,4.679591457841634,1.3347614184377248
1,Deaths,44637,Low SDI,1,Male,18,65-69 years,959,Invasive Non-typhoidal Salmonella (iNTS),1,Number,2021,250.8993369352781,425.1743832627454,130.69198163836546
1,Deaths,44637,Low SDI,2,Female,18,65-69 years,959,Invasive Non-typhoidal Salmonella (iNTS),1,Number,2021,199.82852142505863,336.1188265706043,103.63441835992055
1,Deaths,44637,Low SDI,3,Both,18,65-69 years,959,Invasive Non-typhoidal Salmonella (iNTS),1,Number,2021,450.7278583603366,755.9180835504462,234.4934116132378
1,Deaths,44637,Low SDI,1,Male,18,65-69 years,959,Invasive Non-typhoidal Salmonella (iNTS),3,Rate,2021,3.3933258795006545,5.750334997490953,1.7675633939642097
1,Deaths,44637,Low SDI,2,Female,18,65-69 years,959,Invasive Non-typhoidal Salmonella (iNTS),3,Rate,2021,2.601132297267093,4.375198941959836,1.3489907786040147
1,Deaths,44637,Low SDI,3,Both,18,65-69 years,959,Invasive Non-typhoidal Salmonella (iNTS),3,Rate,2021,2.9896504097913557,5.013958570203516,1.5553805053745502
1,Deaths,44637,Low SDI,1,Male,19,70-74 years,959,Invasive Non-typhoidal Salmonella (iNTS),1,Number,2021,177.72484862696092,291.19989158514005,95.0319233352931
1,Deaths,44637,Low SDI,2,Female,19,70-74 years,959,Invasive Non-typhoidal Salmonella (iNTS),1,Number,2021,142.1037596128496,243.27009035044574,73.09299598287328
1,Deaths,44637,Low SDI,3,Both,19,70-74 years,959,Invasive Non-typhoidal Salmonella (iNTS),1,Number,2021,319.8286082398107,526.9193336349509,168.17710831800397
1,Deaths,44637,Low SDI,1,Male,19,70-74 years,959,Invasive Non-typhoidal Salmonella (iNTS),3,Rate,2021,3.5108256917030176,5.752442996556594,1.8772868316112599
1,Deaths,44637,Low SDI,2,Female,19,70-74 years,959,Invasive Non-typhoidal Salmonella (iNTS),3,Rate,2021,2.6770366768638993,4.582869278240052,1.3769701209954752
1,Deaths,44637,Low SDI,3,Both,19,70-74 years,959,Invasive Non-typhoidal Salmonella (iNTS),3,Rate,2021,3.0840397765229732,5.0809719396042805,1.621696365462207
1,Deaths,44637,Low SDI,1,Male,20,75-79 years,959,Invasive Non-typhoidal Salmonella (iNTS),1,Number,2021,121.56808640909294,200.22105651767453,62.695168387097965
1,Deaths,44637,Low SDI,2,Female,20,75-79 years,959,Invasive Non-typhoidal Salmonella (iNTS),1,Number,2021,99.10444954115727,156.63049718005152,51.556726147981564
1,Deaths,44637,Low SDI,3,Both,20,75-79 years,959,Invasive Non-typhoidal Salmonella (iNTS),1,Number,2021,220.67253595025022,359.66122777627686,115.05674494992667
1,Deaths,44637,Low SDI,1,Male,20,75-79 years,959,Invasive Non-typhoidal Salmonella (iNTS),3,Rate,2021,3.926911925515238,6.4675728458263135,2.0251894365021936
1,Deaths,44637,Low SDI,2,Female,20,75-79 years,959,Invasive Non-typhoidal Salmonella (iNTS),3,Rate,2021,2.980528740283254,4.710602809575399,1.5505489889750699
1,Deaths,44637,Low SDI,3,Both,20,75-79 years,959,Invasive Non-typhoidal Salmonella (iNTS),3,Rate,2021,3.436822164095641,5.601474935993082,1.7919292469714274
1,Deaths,44637,Low SDI,1,Male,30,80-84 years,959,Invasive Non-typhoidal Salmonella (iNTS),1,Number,2021,65.45376564500472,109.11338833133564,31.30230704007571
1,Deaths,44637,Low SDI,2,Female,30,80-84 years,959,Invasive Non-typhoidal Salmonella (iNTS),1,Number,2021,57.978136797888546,96.693924573342,27.144449929543462
1,Deaths,44637,Low SDI,3,Both,30,80-84 years,959,Invasive Non-typhoidal Salmonella (iNTS),1,Number,2021,123.43190244289326,202.8756734502572,59.170567396381216
1,Deaths,44637,Low SDI,1,Male,30,80-84 years,959,Invasive Non-typhoidal Salmonella (iNTS),3,Rate,2021,4.203500184408596,7.007360744678865,2.010262543625167
1,Deaths,44637,Low SDI,2,Female,30,80-84 years,959,Invasive Non-typhoidal Salmonella (iNTS),3,Rate,2021,3.1926642036394486,5.324614565847251,1.4947550646486603
1,Deaths,44637,Low SDI,3,Both,30,80-84 years,959,Invasive Non-typhoidal Salmonella (iNTS),3,Rate,2021,3.659296059626796,6.014507900776519,1.7541868822740962
1,Deaths,44637,Low SDI,1,Male,31,85-89 years,959,Invasive Non-typhoidal Salmonella (iNTS),1,Number,2021,29.72414878049948,48.60824846281838,13.21238203811499
1,Deaths,44637,Low SDI,2,Female,31,85-89 years,959,Invasive Non-typhoidal Salmonella (iNTS),1,Number,2021,27.500104856932374,44.26063353091315,12.294007770902942
1,Deaths,44637,Low SDI,3,Both,31,85-89 years,959,Invasive Non-typhoidal Salmonella (iNTS),1,Number,2021,57.224253637431836,92.29904660799674,25.499181722454388
1,Deaths,44637,Low SDI,1,Male,31,85-89 years,959,Invasive Non-typhoidal Salmonella (iNTS),3,Rate,2021,5.031436919361786,8.227967694125685,2.2364733560645025
1,Deaths,44637,Low SDI,2,Female,31,85-89 years,959,Invasive Non-typhoidal Salmonella (iNTS),3,Rate,2021,3.695280664287285,5.947448714351321,1.6519867629145824
1,Deaths,44637,Low SDI,3,Both,31,85-89 years,959,Invasive Non-typhoidal Salmonella (iNTS),3,Rate,2021,4.286576918066319,6.913973317260765,1.910102742337085
1,Deaths,44637,Low SDI,1,Male,32,90-94 years,959,Invasive Non-typhoidal Salmonella (iNTS),1,Number,2021,8.74066473195883,15.388237867645083,2.6208077134751457
1,Deaths,44637,Low SDI,2,Female,32,90-94 years,959,Invasive Non-typhoidal Salmonella (iNTS),1,Number,2021,8.492428701742778,15.636951695558139,2.5369832930916605
1,Deaths,44637,Low SDI,3,Both,32,90-94 years,959,Invasive Non-typhoidal Salmonella (iNTS),1,Number,2021,17.233093433701626,30.826386529052048,5.19160737151409
1,Deaths,44637,Low SDI,1,Male,32,90-94 years,959,Invasive Non-typhoidal Salmonella (iNTS),3,Rate,2021,5.656874748928605,9.959120603917748,1.6961617257721273
1,Deaths,44637,Low SDI,2,Female,32,90-94 years,959,Invasive Non-typhoidal Salmonella (iNTS),3,Rate,2021,4.163993231236713,7.667083622864859,1.2439293435606242
1,Deaths,44637,Low SDI,3,Both,32,90-94 years,959,Invasive Non-typhoidal Salmonella (iNTS),3,Rate,2021,4.807493450482031,8.599596579139112,1.4482958925539327
1,Deaths,44637,Low SDI,1,Male,235,95+ years,959,Invasive Non-typhoidal Salmonella (iNTS),1,Number,2021,1.450665464961905,3.2189168506268127,0.0780350598884919
1,Deaths,44637,Low SDI,2,Female,235,95+ years,959,Invasive Non-typhoidal Salmonella (iNTS),1,Number,2021,2.129173261944355,4.950078330240511,0.11606964741691697
1,Deaths,44637,Low SDI,3,Both,235,95+ years,959,Invasive Non-typhoidal Salmonella (iNTS),1,Number,2021,3.57983872690626,8.014113534090308,0.1983758156094195
1,Deaths,44637,Low SDI,1,Male,235,95+ years,959,Invasive Non-typhoidal Salmonella (iNTS),3,Rate,2021,5.260630425876332,11.672940682583983,0.28298296212990937
1,Deaths,44637,Low SDI,2,Female,235,95+ years,959,Invasive Non-typhoidal Salmonella (iNTS),3,Rate,2021,4.3896869556746925,10.205507773463962,0.23929918073013873
1,Deaths,44637,Low SDI,3,Both,235,95+ years,959,Invasive Non-typhoidal Salmonella (iNTS),3,Rate,2021,4.705368837778415,10.53381533707125,0.2607467688199803
1,Deaths,44636,Low-middle SDI,1,Male,1,<5 years,959,Invasive Non-typhoidal Salmonella (iNTS),1,Number,2021,3139.1531908161287,5075.550902832812,1751.4350417574115
1,Deaths,44636,Low-middle SDI,2,Female,1,<5 years,959,Invasive Non-typhoidal Salmonella (iNTS),1,Number,2021,2210.41772528983,3652.1752973514062,1229.0552167752828
1,Deaths,44636,Low-middle SDI,3,Both,1,<5 years,959,Invasive Non-typhoidal Salmonella (iNTS),1,Number,2021,5349.570916105956,8744.816026046245,2987.920595421024
1,Deaths,44636,Low-middle SDI,1,Male,1,<5 years,959,Invasive Non-typhoidal Salmonella (iNTS),3,Rate,2021,3.179269913413742,5.140413767185752,1.7738174581120754
1,Deaths,44636,Low-middle SDI,2,Female,1,<5 years,959,Invasive Non-typhoidal Salmonella (iNTS),3,Rate,2021,2.3808973968035696,3.9338513072202765,1.3238467700780077
1,Deaths,44636,Low-middle SDI,3,Both,1,<5 years,959,Invasive Non-typhoidal Salmonella (iNTS),3,Rate,2021,2.7923741982522103,4.5646275229432405,1.5596376808391457
1,Deaths,44636,Low-middle SDI,1,Male,6,5-9 years,959,Invasive Non-typhoidal Salmonella (iNTS),1,Number,2021,1125.369942820915,1968.5084839175033,552.1724741086208
1,Deaths,44636,Low-middle SDI,2,Female,6,5-9 years,959,Invasive Non-typhoidal Salmonella (iNTS),1,Number,2021,908.8733502339293,1621.269494411117,442.8987888484961
1,Deaths,44636,Low-middle SDI,3,Both,6,5-9 years,959,Invasive Non-typhoidal Salmonella (iNTS),1,Number,2021,2034.2432930548455,3573.6580218570934,986.2450457971476
1,Deaths,44636,Low-middle SDI,1,Male,6,5-9 years,959,Invasive Non-typhoidal Salmonella (iNTS),3,Rate,2021,1.1219704357149018,1.962562031711264,0.5505044766101526
1,Deaths,44636,Low-middle SDI,2,Female,6,5-9 years,959,Invasive Non-typhoidal Salmonella (iNTS),3,Rate,2021,0.9611038718914312,1.7144395179558636,0.4683509981987636
1,Deaths,44636,Low-middle SDI,3,Both,6,5-9 years,959,Invasive Non-typhoidal Salmonella (iNTS),3,Rate,2021,1.043905313650503,1.8338812328510352,0.5061078226897069
1,Deaths,44636,Low-middle SDI,1,Male,7,10-14 years,959,Invasive Non-typhoidal Salmonella (iNTS),1,Number,2021,585.2671701853557,1096.4097074476556,263.48139583387285
1,Deaths,44636,Low-middle SDI,2,Female,7,10-14 years,959,Invasive Non-typhoidal Salmonella (iNTS),1,Number,2021,592.1558069670979,1095.5535881724163,274.2219723211755
1,Deaths,44636,Low-middle SDI,3,Both,7,10-14 years,959,Invasive Non-typhoidal Salmonella (iNTS),1,Number,2021,1177.4229771524538,2187.3758473193807,531.4678367318982
1,Deaths,44636,Low-middle SDI,1,Male,7,10-14 years,959,Invasive Non-typhoidal Salmonella (iNTS),3,Rate,2021,0.5883728539143648,1.1022277371650404,0.2648795434246198
1,Deaths,44636,Low-middle SDI,2,Female,7,10-14 years,959,Invasive Non-typhoidal Salmonella (iNTS),3,Rate,2021,0.6304716751660691,1.1664421725541554,0.2919657026453531
1,Deaths,44636,Low-middle SDI,3,Both,7,10-14 years,959,Invasive Non-typhoidal Salmonella (iNTS),3,Rate,2021,0.6088182488133317,1.1310415701944738,0.2748097531120528
1,Deaths,44636,Low-middle SDI,1,Male,8,15-19 years,959,Invasive Non-typhoidal Salmonella (iNTS),1,Number,2021,357.52186022123476,666.7062139422527,154.43704686344122
1,Deaths,44636,Low-middle SDI,2,Female,8,15-19 years,959,Invasive Non-typhoidal Salmonella (iNTS),1,Number,2021,440.4818571153996,858.3682638421783,189.18941645307004
1,Deaths,44636,Low-middle SDI,3,Both,8,15-19 years,959,Invasive Non-typhoidal Salmonella (iNTS),1,Number,2021,798.0037173366346,1530.5176338439246,341.8734616772634
1,Deaths,44636,Low-middle SDI,1,Male,8,15-19 years,959,Invasive Non-typhoidal Salmonella (iNTS),3,Rate,2021,0.379755415801349,0.7081673141225888,0.16404117194530976
1,Deaths,44636,Low-middle SDI,2,Female,8,15-19 years,959,Invasive Non-typhoidal Salmonella (iNTS),3,Rate,2021,0.4872523787142899,0.9495101140122171,0.20927761655839588
1,Deaths,44636,Low-middle SDI,3,Both,8,15-19 years,959,Invasive Non-typhoidal Salmonella (iNTS),3,Rate,2021,0.43241343465541615,0.8293399798436626,0.18525061296054157
1,Deaths,44636,Low-middle SDI,1,Male,9,20-24 years,959,Invasive Non-typhoidal Salmonella (iNTS),1,Number,2021,296.46098234482935,607.8955577568859,125.69881612267926
1,Deaths,44636,Low-middle SDI,2,Female,9,20-24 years,959,Invasive Non-typhoidal Salmonella (iNTS),1,Number,2021,348.1615380757969,692.2184727527159,145.47085895336335
1,Deaths,44636,Low-middle SDI,3,Both,9,20-24 years,959,Invasive Non-typhoidal Salmonella (iNTS),1,Number,2021,644.6225204206261,1288.8762729066964,272.16303363093834
1,Deaths,44636,Low-middle SDI,1,Male,9,20-24 years,959,Invasive Non-typhoidal Salmonella (iNTS),3,Rate,2021,0.33767417894763013,0.6924035390016585,0.14317312245678437
1,Deaths,44636,Low-middle SDI,2,Female,9,20-24 years,959,Invasive Non-typhoidal Salmonella (iNTS),3,Rate,2021,0.40014420681522417,0.7955709675839603,0.16719055698205945
1,Deaths,44636,Low-middle SDI,3,Both,9,20-24 years,959,Invasive Non-typhoidal Salmonella (iNTS),3,Rate,2021,0.36876875199184833,0.7373265431706736,0.15569611527829758
1,Deaths,44636,Low-middle SDI,1,Male,10,25-29 years,959,Invasive Non-typhoidal Salmonella (iNTS),1,Number,2021,265.9389059962414,527.197757978091,115.49994531946489
1,Deaths,44636,Low-middle SDI,2,Female,10,25-29 years,959,Invasive Non-typhoidal Salmonella (iNTS),1,Number,2021,256.9504660222987,504.59553558193386,114.29857532317803
1,Deaths,44636,Low-middle SDI,3,Both,10,25-29 years,959,Invasive Non-typhoidal Salmonella (iNTS),1,Number,2021,522.8893720185401,1040.7831221660265,229.9700772530685
1,Deaths,44636,Low-middle SDI,1,Male,10,25-29 years,959,Invasive Non-typhoidal Salmonella (iNTS),3,Rate,2021,0.3298319410965595,0.653859423856266,0.14324933397223208
1,Deaths,44636,Low-middle SDI,2,Female,10,25-29 years,959,Invasive Non-typhoidal Salmonella (iNTS),3,Rate,2021,0.31625864697177153,0.6210640666333325,0.14068047177377915
1,Deaths,44636,Low-middle SDI,3,Both,10,25-29 years,959,Invasive Non-typhoidal Salmonella (iNTS),3,Rate,2021,0.32301937054319646,0.6429526530558971,0.1420659771899561
1,Deaths,44636,Low-middle SDI,1,Male,11,30-34 years,959,Invasive Non-typhoidal Salmonella (iNTS),1,Number,2021,233.87879974969735,451.19724813869726,105.91510535412439
1,Deaths,44636,Low-middle SDI,2,Female,11,30-34 years,959,Invasive Non-typhoidal Salmonella (iNTS),1,Number,2021,180.49540695332848,345.11047592530093,82.99969627806732
1,Deaths,44636,Low-middle SDI,3,Both,11,30-34 years,959,Invasive Non-typhoidal Salmonella (iNTS),1,Number,2021,414.374206703026,796.1743654172936,186.3358214127858
1,Deaths,44636,Low-middle SDI,1,Male,11,30-34 years,959,Invasive Non-typhoidal Salmonella (iNTS),3,Rate,2021,0.31638973417406413,0.6103767316723476,0.14328127245339517
1,Deaths,44636,Low-middle SDI,2,Female,11,30-34 years,959,Invasive Non-typhoidal Salmonella (iNTS),3,Rate,2021,0.24421636895014603,0.46694610538719605,0.11230138645154455
1,Deaths,44636,Low-middle SDI,3,Both,11,30-34 years,959,Invasive Non-typhoidal Salmonella (iNTS),3,Rate,2021,0.2803062542710894,0.5385775719305976,0.1260481354578561
1,Deaths,44636,Low-middle SDI,1,Male,12,35-39 years,959,Invasive Non-typhoidal Salmonella (iNTS),1,Number,2021,195.41071703314867,348.48576579309963,96.76416826531191
1,Deaths,44636,Low-middle SDI,2,Female,12,35-39 years,959,Invasive Non-typhoidal Salmonella (iNTS),1,Number,2021,140.1267299721714,243.60399275508308,69.56423129743563
1,Deaths,44636,Low-middle SDI,3,Both,12,35-39 years,959,Invasive Non-typhoidal Salmonella (iNTS),1,Number,2021,335.5374470053203,593.4998380937224,165.22368357486795
1,Deaths,44636,Low-middle SDI,1,Male,12,35-39 years,959,Invasive Non-typhoidal Salmonella (iNTS),3,Rate,2021,0.29230930041444064,0.5212898859896785,0.14474675064019307
1,Deaths,44636,Low-middle SDI,2,Female,12,35-39 years,959,Invasive Non-typhoidal Salmonella (iNTS),3,Rate,2021,0.21044202974276716,0.3658439663795974,0.10447141694261305
1,Deaths,44636,Low-middle SDI,3,Both,12,35-39 years,959,Invasive Non-typhoidal Salmonella (iNTS),3,Rate,2021,0.251456592610172,0.4447773216781078,0.12382100674914782
1,Deaths,44636,Low-middle SDI,1,Male,13,40-44 years,959,Invasive Non-typhoidal Salmonella (iNTS),1,Number,2021,161.70652385008572,273.5501231069712,86.1670909799099
1,Deaths,44636,Low-middle SDI,2,Female,13,40-44 years,959,Invasive Non-typhoidal Salmonella (iNTS),1,Number,2021,110.56399954496354,186.19925168192472,56.68018390395107
1,Deaths,44636,Low-middle SDI,3,Both,13,40-44 years,959,Invasive Non-typhoidal Salmonella (iNTS),1,Number,2021,272.2705233950495,461.3852503095237,145.10819902461947
1,Deaths,44636,Low-middle SDI,1,Male,13,40-44 years,959,Invasive Non-typhoidal Salmonella (iNTS),3,Rate,2021,0.28081165924529167,0.475033796581001,0.14963356588408713
1,Deaths,44636,Low-middle SDI,2,Female,13,40-44 years,959,Invasive Non-typhoidal Salmonella (iNTS),3,Rate,2021,0.19167928330027326,0.32280434192256335,0.09826360363907377
1,Deaths,44636,Low-middle SDI,3,Both,13,40-44 years,959,Invasive Non-typhoidal Salmonella (iNTS),3,Rate,2021,0.23620821304633974,0.40027463914418143,0.12588857568046685
1,Deaths,44636,Low-middle SDI,1,Male,14,45-49 years,959,Invasive Non-typhoidal Salmonella (iNTS),1,Number,2021,128.83768527809463,213.06043856001534,70.8898084531504
1,Deaths,44636,Low-middle SDI,2,Female,14,45-49 years,959,Invasive Non-typhoidal Salmonella (iNTS),1,Number,2021,96.90295277163823,160.81079512175165,51.94455754141221
1,Deaths,44636,Low-middle SDI,3,Both,14,45-49 years,959,Invasive Non-typhoidal Salmonella (iNTS),1,Number,2021,225.74063804973298,369.7378280758262,122.93731728281558
1,Deaths,44636,Low-middle SDI,1,Male,14,45-49 years,959,Invasive Non-typhoidal Salmonella (iNTS),3,Rate,2021,0.26264261256409077,0.4343352653120629,0.1445127212283824
1,Deaths,44636,Low-middle SDI,2,Female,14,45-49 years,959,Invasive Non-typhoidal Salmonella (iNTS),3,Rate,2021,0.19601279088344864,0.32528392432254843,0.10507210981374906
1,Deaths,44636,Low-middle SDI,3,Both,14,45-49 years,959,Invasive Non-typhoidal Salmonella (iNTS),3,Rate,2021,0.22919825835338398,0.3754010220511226,0.1248203214595815
1,Deaths,44636,Low-middle SDI,1,Male,15,50-54 years,959,Invasive Non-typhoidal Salmonella (iNTS),1,Number,2021,119.27190297145175,202.64670027870082,63.25383453760852
1,Deaths,44636,Low-middle SDI,2,Female,15,50-54 years,959,Invasive Non-typhoidal Salmonella (iNTS),1,Number,2021,105.97366714110791,174.12570498983874,55.674291352685906
1,Deaths,44636,Low-middle SDI,3,Both,15,50-54 years,959,Invasive Non-typhoidal Salmonella (iNTS),1,Number,2021,225.24557011255973,371.70290259378424,118.95501750382485
1,Deaths,44636,Low-middle SDI,1,Male,15,50-54 years,959,Invasive Non-typhoidal Salmonella (iNTS),3,Rate,2021,0.28639623275086673,0.48659617305766756,0.15188539351932523
1,Deaths,44636,Low-middle SDI,2,Female,15,50-54 years,959,Invasive Non-typhoidal Salmonella (iNTS),3,Rate,2021,0.2505817141265399,0.4117316953064141,0.13164552795328116
1,Deaths,44636,Low-middle SDI,3,Both,15,50-54 years,959,Invasive Non-typhoidal Salmonella (iNTS),3,Rate,2021,0.2683513045666149,0.4428364951745507,0.14171969782111143
1,Deaths,44636,Low-middle SDI,1,Male,16,55-59 years,959,Invasive Non-typhoidal Salmonella (iNTS),1,Number,2021,132.7469592920923,222.7980710685029,67.45664575393519
1,Deaths,44636,Low-middle SDI,2,Female,16,55-59 years,959,Invasive Non-typhoidal Salmonella (iNTS),1,Number,2021,134.68686365277696,232.45773073954314,65.7245479706764
1,Deaths,44636,Low-middle SDI,3,Both,16,55-59 years,959,Invasive Non-typhoidal Salmonella (iNTS),1,Number,2021,267.43382294486935,457.61097652455624,132.25237797139775
1,Deaths,44636,Low-middle SDI,1,Male,16,55-59 years,959,Invasive Non-typhoidal Salmonella (iNTS),3,Rate,2021,0.3886621304167336,0.6523175627977001,0.19750240449427117
1,Deaths,44636,Low-middle SDI,2,Female,16,55-59 years,959,Invasive Non-typhoidal Salmonella (iNTS),3,Rate,2021,0.3814732187283014,0.6583893659599809,0.18615144924951713
1,Deaths,44636,Low-middle SDI,3,Both,16,55-59 years,959,Invasive Non-typhoidal Salmonella (iNTS),3,Rate,2021,0.3850080524045503,0.6587944220764613,0.19039562725442907
1,Deaths,44636,Low-middle SDI,1,Male,17,60-64 years,959,Invasive Non-typhoidal Salmonella (iNTS),1,Number,2021,140.3302675964799,243.5317247197321,70.46383170653762
1,Deaths,44636,Low-middle SDI,2,Female,17,60-64 years,959,Invasive Non-typhoidal Salmonella (iNTS),1,Number,2021,148.72776083201092,262.2152015108007,72.50766745583589
1,Deaths,44636,Low-middle SDI,3,Both,17,60-64 years,959,Invasive Non-typhoidal Salmonella (iNTS),1,Number,2021,289.0580284284908,506.8090826694544,146.04643273915448
1,Deaths,44636,Low-middle SDI,1,Male,17,60-64 years,959,Invasive Non-typhoidal Salmonella (iNTS),3,Rate,2021,0.5054892209965895,0.8772352816322946,0.25382056207712933
1,Deaths,44636,Low-middle SDI,2,Female,17,60-64 years,959,Invasive Non-typhoidal Salmonella (iNTS),3,Rate,2021,0.5058007054532945,0.8917543918014453,0.24658765212876904
1,Deaths,44636,Low-middle SDI,3,Both,17,60-64 years,959,Invasive Non-typhoidal Salmonella (iNTS),3,Rate,2021,0.5056494397996455,0.8865615327497457,0.25547914133635397
1,Deaths,44636,Low-middle SDI,1,Male,18,65-69 years,959,Invasive Non-typhoidal Salmonella (iNTS),1,Number,2021,138.3071805702063,234.96984809603438,69.64134784387329
1,Deaths,44636,Low-middle SDI,2,Female,18,65-69 years,959,Invasive Non-typhoidal Salmonella (iNTS),1,Number,2021,151.57616567248482,261.53436649398526,76.19570468434084
1,Deaths,44636,Low-middle SDI,3,Both,18,65-69 years,959,Invasive Non-typhoidal Salmonella (iNTS),1,Number,2021,289.8833462426913,495.61740338084127,145.24820784075868
1,Deaths,44636,Low-middle SDI,1,Male,18,65-69 years,959,Invasive Non-typhoidal Salmonella (iNTS),3,Rate,2021,0.647865459433245,1.1006575939303738,0.32621750823355733
1,Deaths,44636,Low-middle SDI,2,Female,18,65-69 years,959,Invasive Non-typhoidal Salmonella (iNTS),3,Rate,2021,0.6586813050421259,1.136509800675707,0.3311119922938953
1,Deaths,44636,Low-middle SDI,3,Both,18,65-69 years,959,Invasive Non-typhoidal Salmonella (iNTS),3,Rate,2021,0.6534762310120829,1.117256982793896,0.3274291284797524
1,Deaths,44636,Low-middle SDI,1,Male,19,70-74 years,959,Invasive Non-typhoidal Salmonella (iNTS),1,Number,2021,114.85942696160703,198.1074854089804,57.631723724009056
1,Deaths,44636,Low-middle SDI,2,Female,19,70-74 years,959,Invasive Non-typhoidal Salmonella (iNTS),1,Number,2021,121.59561307001785,204.0059081809619,59.60546022746168
1,Deaths,44636,Low-middle SDI,3,Both,19,70-74 years,959,Invasive Non-typhoidal Salmonella (iNTS),1,Number,2021,236.45504003162475,396.8034001752154,117.8745308103799
1,Deaths,44636,Low-middle SDI,1,Male,19,70-74 years,959,Invasive Non-typhoidal Salmonella (iNTS),3,Rate,2021,0.7672103286628563,1.323270653631244,0.38495450368634937
1,Deaths,44636,Low-middle SDI,2,Female,19,70-74 years,959,Invasive Non-typhoidal Salmonella (iNTS),3,Rate,2021,0.738022725161726,1.2382107586242397,0.361774434791981
1,Deaths,44636,Low-middle SDI,3,Both,19,70-74 years,959,Invasive Non-typhoidal Salmonella (iNTS),3,Rate,2021,0.7519181762564122,1.261819959313139,0.37483659566811117
1,Deaths,44636,Low-middle SDI,1,Male,20,75-79 years,959,Invasive Non-typhoidal Salmonella (iNTS),1,Number,2021,79.514965539391,135.1867488611346,39.327424086857185
1,Deaths,44636,Low-middle SDI,2,Female,20,75-79 years,959,Invasive Non-typhoidal Salmonella (iNTS),1,Number,2021,83.21746653965941,140.06837029838192,41.212862445265905
1,Deaths,44636,Low-middle SDI,3,Both,20,75-79 years,959,Invasive Non-typhoidal Salmonella (iNTS),1,Number,2021,162.73243207905023,274.2808153167604,79.78390743073693
1,Deaths,44636,Low-middle SDI,1,Male,20,75-79 years,959,Invasive Non-typhoidal Salmonella (iNTS),3,Rate,2021,0.852440667908185,1.4492703569673757,0.42160988724948123
1,Deaths,44636,Low-middle SDI,2,Female,20,75-79 years,959,Invasive Non-typhoidal Salmonella (iNTS),3,Rate,2021,0.774036616998611,1.3028280240014143,0.3833361666779394
1,Deaths,44636,Low-middle SDI,3,Both,20,75-79 years,959,Invasive Non-typhoidal Salmonella (iNTS),3,Rate,2021,0.8104600356449813,1.3660069877796268,0.39734961024118626
1,Deaths,44636,Low-middle SDI,1,Male,30,80-84 years,959,Invasive Non-typhoidal Salmonella (iNTS),1,Number,2021,46.02933616720752,83.14301532363348,19.62738355830705
1,Deaths,44636,Low-middle SDI,2,Female,30,80-84 years,959,Invasive Non-typhoidal Salmonella (iNTS),1,Number,2021,51.9611327354572,93.04029236567435,22.536392996953158
1,Deaths,44636,Low-middle SDI,3,Both,30,80-84 years,959,Invasive Non-typhoidal Salmonella (iNTS),1,Number,2021,97.99046890266467,177.12015092849813,42.106587437869216
1,Deaths,44636,Low-middle SDI,1,Male,30,80-84 years,959,Invasive Non-typhoidal Salmonella (iNTS),3,Rate,2021,0.9093615645880058,1.64258424724205,0.3877611477279274
1,Deaths,44636,Low-middle SDI,2,Female,30,80-84 years,959,Invasive Non-typhoidal Salmonella (iNTS),3,Rate,2021,0.8069972947380187,1.4449889809561096,0.35000792369723893
1,Deaths,44636,Low-middle SDI,3,Both,30,80-84 years,959,Invasive Non-typhoidal Salmonella (iNTS),3,Rate,2021,0.8520507537095733,1.54010241797788,0.3661269301426812
1,Deaths,44636,Low-middle SDI,1,Male,31,85-89 years,959,Invasive Non-typhoidal Salmonella (iNTS),1,Number,2021,20.748032001822704,38.17495501820446,8.086443654414776
1,Deaths,44636,Low-middle SDI,2,Female,31,85-89 years,959,Invasive Non-typhoidal Salmonella (iNTS),1,Number,2021,24.284209054995195,44.4482690702444,9.636165042171664
1,Deaths,44636,Low-middle SDI,3,Both,31,85-89 years,959,Invasive Non-typhoidal Salmonella (iNTS),1,Number,2021,45.03224105681791,82.80900518128922,17.834687150961763
1,Deaths,44636,Low-middle SDI,1,Male,31,85-89 years,959,Invasive Non-typhoidal Salmonella (iNTS),3,Rate,2021,0.9748252845827304,1.7936116247692726,0.37993337083654916
1,Deaths,44636,Low-middle SDI,2,Female,31,85-89 years,959,Invasive Non-typhoidal Salmonella (iNTS),3,Rate,2021,0.846533602007505,1.5494411711668645,0.3359111875628673
1,Deaths,44636,Low-middle SDI,3,Both,31,85-89 years,959,Invasive Non-typhoidal Salmonella (iNTS),3,Rate,2021,0.901176660535749,1.6571580938511463,0.3569043740933297
1,Deaths,44636,Low-middle SDI,1,Male,32,90-94 years,959,Invasive Non-typhoidal Salmonella (iNTS),1,Number,2021,7.044422237731123,14.329354348724104,1.7946374011265243
1,Deaths,44636,Low-middle SDI,2,Female,32,90-94 years,959,Invasive Non-typhoidal Salmonella (iNTS),1,Number,2021,8.60013890766799,18.537241070046157,2.1784755389821826
1,Deaths,44636,Low-middle SDI,3,Both,32,90-94 years,959,Invasive Non-typhoidal Salmonella (iNTS),1,Number,2021,15.644561145399111,32.767753781894626,3.901631394445018
1,Deaths,44636,Low-middle SDI,1,Male,32,90-94 years,959,Invasive Non-typhoidal Salmonella (iNTS),3,Rate,2021,1.049884170587252,2.1356133686708825,0.2674685496980425
1,Deaths,44636,Low-middle SDI,2,Female,32,90-94 years,959,Invasive Non-typhoidal Salmonella (iNTS),3,Rate,2021,0.9078970477944924,1.9569342568111288,0.22997669360560927
1,Deaths,44636,Low-middle SDI,3,Both,32,90-94 years,959,Invasive Non-typhoidal Salmonella (iNTS),3,Rate,2021,0.9667695548903027,2.0249124564158003,0.2411047782994499
1,Deaths,44636,Low-middle SDI,1,Male,235,95+ years,959,Invasive Non-typhoidal Salmonella (iNTS),1,Number,2021,1.5329619137660497,4.11582043273771,0.059657862214099404
1,Deaths,44636,Low-middle SDI,2,Female,235,95+ years,959,Invasive Non-typhoidal Salmonella (iNTS),1,Number,2021,2.658974578257642,7.052262273978583,0.10916502742622065
1,Deaths,44636,Low-middle SDI,3,Both,235,95+ years,959,Invasive Non-typhoidal Salmonella (iNTS),1,Number,2021,4.1919364920236895,11.020855037532176,0.16925608017411375
1,Deaths,44636,Low-middle SDI,1,Male,235,95+ years,959,Invasive Non-typhoidal Salmonella (iNTS),3,Rate,2021,0.938594210738416,2.5200138346007592,0.03652701583539105
1,Deaths,44636,Low-middle SDI,2,Female,235,95+ years,959,Invasive Non-typhoidal Salmonella (iNTS),3,Rate,2021,0.916380689128497,2.430469631183214,0.037622293902156385
1,Deaths,44636,Low-middle SDI,3,Both,235,95+ years,959,Invasive Non-typhoidal Salmonella (iNTS),3,Rate,2021,0.9243810067168763,2.430253677234662,0.037323348309785245
1,Deaths,1,Global,1,Male,1,<5 years,959,Invasive Non-typhoidal Salmonella (iNTS),1,Number,2021,19129.412242847666,32150.730479089623,10215.892899754497
1,Deaths,1,Global,2,Female,1,<5 years,959,Invasive Non-typhoidal Salmonella (iNTS),1,Number,2021,13768.570593394188,23449.987690804115,7429.827695364029
1,Deaths,1,Global,3,Both,1,<5 years,959,Invasive Non-typhoidal Salmonella (iNTS),1,Number,2021,32897.98283624184,55743.333408278435,17814.910636661214
1,Deaths,1,Global,1,Male,1,<5 years,959,Invasive Non-typhoidal Salmonella (iNTS),3,Rate,2021,5.626641354322417,9.456674747179294,3.0048578979513176
1,Deaths,1,Global,2,Female,1,<5 years,959,Invasive Non-typhoidal Salmonella (iNTS),3,Rate,2021,4.327120400621163,7.3697497821507225,2.335010651660127
1,Deaths,1,Global,3,Both,1,<5 years,959,Invasive Non-typhoidal Salmonella (iNTS),3,Rate,2021,4.998389230860356,8.469421325530325,2.7067269722364333
1,Deaths,1,Global,1,Male,6,5-9 years,959,Invasive Non-typhoidal Salmonella (iNTS),1,Number,2021,5184.803596344457,8980.029176183043,2509.9169786713446
1,Deaths,1,Global,2,Female,6,5-9 years,959,Invasive Non-typhoidal Salmonella (iNTS),1,Number,2021,4121.8488930647645,7269.882369733068,1960.3157056770688
1,Deaths,1,Global,3,Both,6,5-9 years,959,Invasive Non-typhoidal Salmonella (iNTS),1,Number,2021,9306.65248940923,16220.667535881514,4465.097994002767
1,Deaths,1,Global,1,Male,6,5-9 years,959,Invasive Non-typhoidal Salmonella (iNTS),3,Rate,2021,1.4626652089782304,2.5333218525139625,0.7080631260005086
1,Deaths,1,Global,2,Female,6,5-9 years,959,Invasive Non-typhoidal Salmonella (iNTS),3,Rate,2021,1.2393663166763365,2.1859237368954028,0.5894319075489669
1,Deaths,1,Global,3,Both,6,5-9 years,959,Invasive Non-typhoidal Salmonella (iNTS),3,Rate,2021,1.3545745048261222,2.3609028832192522,0.6498908077968165
1,Deaths,1,Global,1,Male,7,10-14 years,959,Invasive Non-typhoidal Salmonella (iNTS),1,Number,2021,2013.4465731371276,3749.7724325676822,901.113595075221
1,Deaths,1,Global,2,Female,7,10-14 years,959,Invasive Non-typhoidal Salmonella (iNTS),1,Number,2021,1948.7137642715186,3642.022111626564,901.9819909823951
1,Deaths,1,Global,3,Both,7,10-14 years,959,Invasive Non-typhoidal Salmonella (iNTS),1,Number,2021,3962.160337408648,7368.534838460666,1805.8382829401462
1,Deaths,1,Global,1,Male,7,10-14 years,959,Invasive Non-typhoidal Salmonella (iNTS),3,Rate,2021,0.5857982597032564,1.0909701774996088,0.2621727255307993
1,Deaths,1,Global,2,Female,7,10-14 years,959,Invasive Non-typhoidal Salmonella (iNTS),3,Rate,2021,0.6034550872751838,1.1278191859292133,0.2793153263801168
1,Deaths,1,Global,3,Both,7,10-14 years,959,Invasive Non-typhoidal Salmonella (iNTS),3,Rate,2021,0.5943514284497946,1.1053311410626743,0.27088822046933275
1,Deaths,1,Global,1,Male,8,15-19 years,959,Invasive Non-typhoidal Salmonella (iNTS),1,Number,2021,1069.447992840197,2050.7829422012655,466.62447578236606
1,Deaths,1,Global,2,Female,8,15-19 years,959,Invasive Non-typhoidal Salmonella (iNTS),1,Number,2021,1226.1831195549116,2480.9127613285946,517.948002365577
1,Deaths,1,Global,3,Both,8,15-19 years,959,Invasive Non-typhoidal Salmonella (iNTS),1,Number,2021,2295.6311123951086,4463.853915629644,981.5586527992674
1,Deaths,1,Global,1,Male,8,15-19 years,959,Invasive Non-typhoidal Salmonella (iNTS),3,Rate,2021,0.3338583057231798,0.64020964373498,0.1456699698691623
1,Deaths,1,Global,2,Female,8,15-19 years,959,Invasive Non-typhoidal Salmonella (iNTS),3,Rate,2021,0.40381467305295443,0.8170304741696813,0.1705740357195643
1,Deaths,1,Global,3,Both,8,15-19 years,959,Invasive Non-typhoidal Salmonella (iNTS),3,Rate,2021,0.36790146893188297,0.7153842809457569,0.1573061404586406
1,Deaths,1,Global,1,Male,9,20-24 years,959,Invasive Non-typhoidal Salmonella (iNTS),1,Number,2021,884.0829056735219,1794.0708534415592,385.84569191416
1,Deaths,1,Global,2,Female,9,20-24 years,959,Invasive Non-typhoidal Salmonella (iNTS),1,Number,2021,934.7785919275082,1872.874411586965,407.94680773889405
1,Deaths,1,Global,3,Both,9,20-24 years,959,Invasive Non-typhoidal Salmonella (iNTS),1,Number,2021,1818.8614976010313,3683.7827515337085,783.9070379250686
1,Deaths,1,Global,1,Male,9,20-24 years,959,Invasive Non-typhoidal Salmonella (iNTS),3,Rate,2021,0.2913859973382563,0.5913100700972209,0.1271713671145177
1,Deaths,1,Global,2,Female,9,20-24 years,959,Invasive Non-typhoidal Salmonella (iNTS),3,Rate,2021,0.3182202971991309,0.6375698555985645,0.13887454796373294
1,Deaths,1,Global,3,Both,9,20-24 years,959,Invasive Non-typhoidal Salmonella (iNTS),3,Rate,2021,0.30458623632284215,0.6168856315890716,0.13127293893652925
1,Deaths,1,Global,1,Male,10,25-29 years,959,Invasive Non-typhoidal Salmonella (iNTS),1,Number,2021,870.3538874407808,1689.7524702406365,376.1974078378078
1,Deaths,1,Global,2,Female,10,25-29 years,959,Invasive Non-typhoidal Salmonella (iNTS),1,Number,2021,721.5863357832666,1367.730079260259,323.49696712177627
1,Deaths,1,Global,3,Both,10,25-29 years,959,Invasive Non-typhoidal Salmonella (iNTS),1,Number,2021,1591.9402232240475,3069.112260597719,698.4505429586999
1,Deaths,1,Global,1,Male,10,25-29 years,959,Invasive Non-typhoidal Salmonella (iNTS),3,Rate,2021,0.2926976553081084,0.5682591796594573,0.12651416946144958
1,Deaths,1,Global,2,Female,10,25-29 years,959,Invasive Non-typhoidal Salmonella (iNTS),3,Rate,2021,0.247978660371136,0.47003089718447494,0.11117220568472377
1,Deaths,1,Global,3,Both,10,25-29 years,959,Invasive Non-typhoidal Salmonella (iNTS),3,Rate,2021,0.27058019414921713,0.5216533756879632,0.11871481149879429
1,Deaths,1,Global,1,Male,11,30-34 years,959,Invasive Non-typhoidal Salmonella (iNTS),1,Number,2021,819.9347457283405,1564.2563689714277,368.32537044273084
1,Deaths,1,Global,2,Female,11,30-34 years,959,Invasive Non-typhoidal Salmonella (iNTS),1,Number,2021,543.1090443806394,1023.2244276293654,246.54090440684195
1,Deaths,1,Global,3,Both,11,30-34 years,959,Invasive Non-typhoidal Salmonella (iNTS),1,Number,2021,1363.0437901089817,2612.6008947865325,621.4059113742542
1,Deaths,1,Global,1,Male,11,30-34 years,959,Invasive Non-typhoidal Salmonella (iNTS),3,Rate,2021,0.26834777221707523,0.5119489251757232,0.12054531549524439
1,Deaths,1,Global,2,Female,11,30-34 years,959,Invasive Non-typhoidal Salmonella (iNTS),3,Rate,2021,0.18168382538404695,0.34229466469318165,0.08247421966128189
1,Deaths,1,Global,3,Both,11,30-34 years,959,Invasive Non-typhoidal Salmonella (iNTS),3,Rate,2021,0.22549023888406858,0.4322062168135075,0.10280004825710688
1,Deaths,1,Global,1,Male,12,35-39 years,959,Invasive Non-typhoidal Salmonella (iNTS),1,Number,2021,748.8489750475653,1371.9396103036622,367.99937008704836
1,Deaths,1,Global,2,Female,12,35-39 years,959,Invasive Non-typhoidal Salmonella (iNTS),1,Number,2021,450.1412978714881,813.8230533780323,222.16307590502785
1,Deaths,1,Global,3,Both,12,35-39 years,959,Invasive Non-typhoidal Salmonella (iNTS),1,Number,2021,1198.9902729190542,2172.313733442393,598.1109580687967
1,Deaths,1,Global,1,Male,12,35-39 years,959,Invasive Non-typhoidal Salmonella (iNTS),3,Rate,2021,0.2645517044299669,0.48467578159903923,0.13000600098237294
1,Deaths,1,Global,2,Female,12,35-39 years,959,Invasive Non-typhoidal Salmonella (iNTS),3,Rate,2021,0.16203630950956632,0.2929499798990464,0.07997152249563567
1,Deaths,1,Global,3,Both,12,35-39 years,959,Invasive Non-typhoidal Salmonella (iNTS),3,Rate,2021,0.21377477802192485,0.38731413978033036,0.10664059599278342
1,Deaths,1,Global,1,Male,13,40-44 years,959,Invasive Non-typhoidal Salmonella (iNTS),1,Number,2021,631.4209262568944,1097.2612713950002,322.8032875245425
1,Deaths,1,Global,2,Female,13,40-44 years,959,Invasive Non-typhoidal Salmonella (iNTS),1,Number,2021,379.8905238099972,657.6200805230853,191.09906770435313
1,Deaths,1,Global,3,Both,13,40-44 years,959,Invasive Non-typhoidal Salmonella (iNTS),1,Number,2021,1011.3114500668916,1751.7743094282964,516.9738241107691
1,Deaths,1,Global,1,Male,13,40-44 years,959,Invasive Non-typhoidal Salmonella (iNTS),3,Rate,2021,0.2504039432272431,0.4351432423005578,0.128014788109789
1,Deaths,1,Global,2,Female,13,40-44 years,959,Invasive Non-typhoidal Salmonella (iNTS),3,Rate,2021,0.15312617933899614,0.2650733410698807,0.07702816542864674
1,Deaths,1,Global,3,Both,13,40-44 years,959,Invasive Non-typhoidal Salmonella (iNTS),3,Rate,2021,0.20216088788872688,0.3501792150689699,0.1033429289172498
1,Deaths,1,Global,1,Male,14,45-49 years,959,Invasive Non-typhoidal Salmonella (iNTS),1,Number,2021,528.8354677226182,908.8475596838001,272.7241228309551
1,Deaths,1,Global,2,Female,14,45-49 years,959,Invasive Non-typhoidal Salmonella (iNTS),1,Number,2021,357.16140104601317,605.5915112999887,186.95900605181555
1,Deaths,1,Global,3,Both,14,45-49 years,959,Invasive Non-typhoidal Salmonella (iNTS),1,Number,2021,885.9968687686311,1510.5084028956064,459.1043776371017
1,Deaths,1,Global,1,Male,14,45-49 years,959,Invasive Non-typhoidal Salmonella (iNTS),3,Rate,2021,0.22232864342465014,0.3820901912923278,0.11465642521917128
1,Deaths,1,Global,2,Female,14,45-49 years,959,Invasive Non-typhoidal Salmonella (iNTS),3,Rate,2021,0.15156912914187884,0.2569957943793269,0.07934007888174409
1,Deaths,1,Global,3,Both,14,45-49 years,959,Invasive Non-typhoidal Salmonella (iNTS),3,Rate,2021,0.1871147229192488,0.31900604983832787,0.09695879459706498
1,Deaths,1,Global,1,Male,15,50-54 years,959,Invasive Non-typhoidal Salmonella (iNTS),1,Number,2021,497.44153187358586,851.3109491567859,254.66809265615598
1,Deaths,1,Global,2,Female,15,50-54 years,959,Invasive Non-typhoidal Salmonella (iNTS),1,Number,2021,389.86901510548813,653.7018733040687,202.37968507774767
1,Deaths,1,Global,3,Both,15,50-54 years,959,Invasive Non-typhoidal Salmonella (iNTS),1,Number,2021,887.3105469790745,1492.5059287726679,457.56110535824735
1,Deaths,1,Global,1,Male,15,50-54 years,959,Invasive Non-typhoidal Salmonella (iNTS),3,Rate,2021,0.22409253070952403,0.38350723209366433,0.11472547770456068
1,Deaths,1,Global,2,Female,15,50-54 years,959,Invasive Non-typhoidal Salmonella (iNTS),3,Rate,2021,0.17487419321203532,0.2932153704605488,0.09077660131801193
1,Deaths,1,Global,3,Both,15,50-54 years,959,Invasive Non-typhoidal Salmonella (iNTS),3,Rate,2021,0.19943014436184506,0.3354526482857892,0.10284051914702713
1,Deaths,1,Global,1,Male,16,55-59 years,959,Invasive Non-typhoidal Salmonella (iNTS),1,Number,2021,526.1122920071763,878.1047344974646,273.8124707421686
1,Deaths,1,Global,2,Female,16,55-59 years,959,Invasive Non-typhoidal Salmonella (iNTS),1,Number,2021,462.73583389823784,792.4502654336453,233.2357705801104
1,Deaths,1,Global,3,Both,16,55-59 years,959,Invasive Non-typhoidal Salmonella (iNTS),1,Number,2021,988.8481259054131,1679.4129181062312,511.22509876489767
1,Deaths,1,Global,1,Male,16,55-59 years,959,Invasive Non-typhoidal Salmonella (iNTS),3,Rate,2021,0.27018292288978346,0.450947273755479,0.14061533021126116
1,Deaths,1,Global,2,Female,16,55-59 years,959,Invasive Non-typhoidal Salmonella (iNTS),3,Rate,2021,0.23021279678526885,0.39424695161781553,0.11603566251457105
1,Deaths,1,Global,3,Both,16,55-59 years,959,Invasive Non-typhoidal Salmonella (iNTS),3,Rate,2021,0.2498807554542939,0.4243856641906868,0.1291859796665962
1,Deaths,1,Global,1,Male,17,60-64 years,959,Invasive Non-typhoidal Salmonella (iNTS),1,Number,2021,532.3247460125356,893.376806009756,261.49725849085416
1,Deaths,1,Global,2,Female,17,60-64 years,959,Invasive Non-typhoidal Salmonella (iNTS),1,Number,2021,478.65837789694285,819.5400314065062,237.4506525086761
1,Deaths,1,Global,3,Both,17,60-64 years,959,Invasive Non-typhoidal Salmonella (iNTS),1,Number,2021,1010.9831239094777,1702.2736821958147,508.5020938671786
1,Deaths,1,Global,1,Male,17,60-64 years,959,Invasive Non-typhoidal Salmonella (iNTS),3,Rate,2021,0.3422497660295569,0.5743824707068408,0.16812552150967977
1,Deaths,1,Global,2,Female,17,60-64 years,959,Invasive Non-typhoidal Salmonella (iNTS),3,Rate,2021,0.29095839972314147,0.4981675179169851,0.14433730831305996
1,Deaths,1,Global,3,Both,17,60-64 years,959,Invasive Non-typhoidal Salmonella (iNTS),3,Rate,2021,0.3158849882743283,0.5318809873509512,0.15888314469340972
1,Deaths,1,Global,1,Male,18,65-69 years,959,Invasive Non-typhoidal Salmonella (iNTS),1,Number,2021,491.2256372258056,836.2115042107998,253.67653954117634
1,Deaths,1,Global,2,Female,18,65-69 years,959,Invasive Non-typhoidal Salmonella (iNTS),1,Number,2021,463.2143434139364,771.6315303437107,235.19281758845148
1,Deaths,1,Global,3,Both,18,65-69 years,959,Invasive Non-typhoidal Salmonella (iNTS),1,Number,2021,954.4399806397424,1589.0868996981694,481.8354856113228
1,Deaths,1,Global,1,Male,18,65-69 years,959,Invasive Non-typhoidal Salmonella (iNTS),3,Rate,2021,0.37261137641248027,0.6342949063399743,0.19242229517133821
1,Deaths,1,Global,2,Female,18,65-69 years,959,Invasive Non-typhoidal Salmonella (iNTS),3,Rate,2021,0.3216566980882829,0.5358220308160243,0.16331822663785214
1,Deaths,1,Global,3,Both,18,65-69 years,959,Invasive Non-typhoidal Salmonella (iNTS),3,Rate,2021,0.346009466338477,0.5760855803226961,0.17467797097892512
1,Deaths,1,Global,1,Male,19,70-74 years,959,Invasive Non-typhoidal Salmonella (iNTS),1,Number,2021,380.47454864462946,638.1601860989952,197.67764274593918
1,Deaths,1,Global,2,Female,19,70-74 years,959,Invasive Non-typhoidal Salmonella (iNTS),1,Number,2021,358.11303919588175,586.1933615664208,185.5568579421441
1,Deaths,1,Global,3,Both,19,70-74 years,959,Invasive Non-typhoidal Salmonella (iNTS),1,Number,2021,738.5875878405126,1224.6071750650892,382.16915082855127
1,Deaths,1,Global,1,Male,19,70-74 years,959,Invasive Non-typhoidal Salmonella (iNTS),3,Rate,2021,0.39471830480583586,0.6620508723879074,0.20507806453979
1,Deaths,1,Global,2,Female,19,70-74 years,959,Invasive Non-typhoidal Salmonella (iNTS),3,Rate,2021,0.3271998274685037,0.5355916869109101,0.16953912664167925
1,Deaths,1,Global,3,Both,19,70-74 years,959,Invasive Non-typhoidal Salmonella (iNTS),3,Rate,2021,0.35881771532921697,0.5949338385409028,0.18566391288885148
1,Deaths,1,Global,1,Male,20,75-79 years,959,Invasive Non-typhoidal Salmonella (iNTS),1,Number,2021,267.58872379858275,441.29596594633216,139.24268278608125
1,Deaths,1,Global,2,Female,20,75-79 years,959,Invasive Non-typhoidal Salmonella (iNTS),1,Number,2021,254.74931545186985,426.680608451992,131.380621047927
1,Deaths,1,Global,3,Both,20,75-79 years,959,Invasive Non-typhoidal Salmonella (iNTS),1,Number,2021,522.3380392504528,864.457149506291,272.48523881679534
1,Deaths,1,Global,1,Male,20,75-79 years,959,Invasive Non-typhoidal Salmonella (iNTS),3,Rate,2021,0.44757215245201704,0.7381169973950827,0.23289900397548038
1,Deaths,1,Global,2,Female,20,75-79 years,959,Invasive Non-typhoidal Salmonella (iNTS),3,Rate,2021,0.3533391233804105,0.5918090570191581,0.18222586148232078
1,Deaths,1,Global,3,Both,20,75-79 years,959,Invasive Non-typhoidal Salmonella (iNTS),3,Rate,2021,0.39605747238502853,0.6554657863132672,0.20660914357850352
1,Deaths,1,Global,1,Male,30,80-84 years,959,Invasive Non-typhoidal Salmonella (iNTS),1,Number,2021,159.0568753830931,270.1031647691623,75.97732957634585
1,Deaths,1,Global,2,Female,30,80-84 years,959,Invasive Non-typhoidal Salmonella (iNTS),1,Number,2021,166.56126051882543,296.61201858383515,79.35365103233785
1,Deaths,1,Global,3,Both,30,80-84 years,959,Invasive Non-typhoidal Salmonella (iNTS),1,Number,2021,325.6181359019187,570.8197529187274,156.6572371271399
1,Deaths,1,Global,1,Male,30,80-84 years,959,Invasive Non-typhoidal Salmonella (iNTS),3,Rate,2021,0.43396669581476677,0.7369425412241196,0.20729459568260217
1,Deaths,1,Global,2,Female,30,80-84 years,959,Invasive Non-typhoidal Salmonella (iNTS),3,Rate,2021,0.32703191328805237,0.5823778929118962,0.15580559514656636
1,Deaths,1,Global,3,Both,30,80-84 years,959,Invasive Non-typhoidal Salmonella (iNTS),3,Rate,2021,0.37178210873017836,0.6517467795739983,0.17886705789789062
1,Deaths,1,Global,1,Male,31,85-89 years,959,Invasive Non-typhoidal Salmonella (iNTS),1,Number,2021,81.09063091057668,139.22134208908508,38.76481530587491
1,Deaths,1,Global,2,Female,31,85-89 years,959,Invasive Non-typhoidal Salmonella (iNTS),1,Number,2021,88.46934042146427,159.75896807925352,40.87100792042404
1,Deaths,1,Global,3,Both,31,85-89 years,959,Invasive Non-typhoidal Salmonella (iNTS),1,Number,2021,169.559971332041,295.99335070562205,80.46031880051338
1,Deaths,1,Global,1,Male,31,85-89 years,959,Invasive Non-typhoidal Salmonella (iNTS),3,Rate,2021,0.47001814948501,0.8069558325386817,0.22468892584259167
1,Deaths,1,Global,2,Female,31,85-89 years,959,Invasive Non-typhoidal Salmonella (iNTS),3,Rate,2021,0.3107553184582083,0.5611655830767129,0.14356253840610608
1,Deaths,1,Global,3,Both,31,85-89 years,959,Invasive Non-typhoidal Salmonella (iNTS),3,Rate,2021,0.3708515511565256,0.6473791684373497,0.1759780554296453
1,Deaths,1,Global,1,Male,32,90-94 years,959,Invasive Non-typhoidal Salmonella (iNTS),1,Number,2021,30.28690081638435,55.81101985585261,12.930411585203933
1,Deaths,1,Global,2,Female,32,90-94 years,959,Invasive Non-typhoidal Salmonella (iNTS),1,Number,2021,36.88354631634795,71.60451416920219,14.779375129473005
1,Deaths,1,Global,3,Both,32,90-94 years,959,Invasive Non-typhoidal Salmonella (iNTS),1,Number,2021,67.17044713273235,125.91979267449756,27.633419861473417
1,Deaths,1,Global,1,Male,32,90-94 years,959,Invasive Non-typhoidal Salmonella (iNTS),3,Rate,2021,0.519634655736601,0.9575539030859048,0.22184805283791711
1,Deaths,1,Global,2,Female,32,90-94 years,959,Invasive Non-typhoidal Salmonella (iNTS),3,Rate,2021,0.3058115404275178,0.5936925530922192,0.12253982944413909
1,Deaths,1,Global,3,Both,32,90-94 years,959,Invasive Non-typhoidal Salmonella (iNTS),3,Rate,2021,0.3754767979409135,0.7038803903951436,0.15446834804061862
1,Deaths,1,Global,1,Male,235,95+ years,959,Invasive Non-typhoidal Salmonella (iNTS),1,Number,2021,7.802613852595827,16.504202705717088,2.885131724485896
1,Deaths,1,Global,2,Female,235,95+ years,959,Invasive Non-typhoidal Salmonella (iNTS),1,Number,2021,12.924428916779567,28.82312967688189,4.132769008362166
1,Deaths,1,Global,3,Both,235,95+ years,959,Invasive Non-typhoidal Salmonella (iNTS),1,Number,2021,20.72704276937538,45.203830671476865,7.076201245530885
1,Deaths,1,Global,1,Male,235,95+ years,959,Invasive Non-typhoidal Salmonella (iNTS),3,Rate,2021,0.5160315958669065,1.0915175634263525,0.19081030487974054
1,Deaths,1,Global,2,Female,235,95+ years,959,Invasive Non-typhoidal Salmonella (iNTS),3,Rate,2021,0.32817555527639636,0.7318734659319278,0.10493877701532395
1,Deaths,1,Global,3,Both,235,95+ years,959,Invasive Non-typhoidal Salmonella (iNTS),3,Rate,2021,0.38029117258443224,0.8293811115574835,0.12983120163588366
6,Incidence,1,Global,1,Male,16,55-59 years,959,Invasive Non-typhoidal Salmonella (iNTS),1,Number,2021,3334.6032991050643,4591.512170357404,2183.4513986875736
6,Incidence,1,Global,2,Female,16,55-59 years,959,Invasive Non-typhoidal Salmonella (iNTS),1,Number,2021,2955.039210245733,4103.029378768772,1898.371240578976
6,Incidence,1,Global,3,Both,16,55-59 years,959,Invasive Non-typhoidal Salmonella (iNTS),1,Number,2021,6289.642509350799,8691.176970153912,4088.873883744287
6,Incidence,1,Global,1,Male,16,55-59 years,959,Invasive Non-typhoidal Salmonella (iNTS),3,Rate,2021,1.71247256473,2.35795323074,1.12130298008
6,Incidence,1,Global,2,Female,16,55-59 years,959,Invasive Non-typhoidal Salmonella (iNTS),3,Rate,2021,1.47014298735,2.04127236186,0.9444467460999999
6,Incidence,1,Global,3,Both,16,55-59 years,959,Invasive Non-typhoidal Salmonella (iNTS),3,Rate,2021,1.58938524592,2.19625017249,1.03325360918
6,Incidence,1,Global,1,Male,17,60-64 years,959,Invasive Non-typhoidal Salmonella (iNTS),1,Number,2021,2424.1200296006928,3461.745073783606,1557.0022272997376
6,Incidence,1,Global,2,Female,17,60-64 years,959,Invasive Non-typhoidal Salmonella (iNTS),1,Number,2021,2179.22594992786,3149.007452770776,1381.7646083467998
6,Incidence,1,Global,3,Both,17,60-64 years,959,Invasive Non-typhoidal Salmonella (iNTS),1,Number,2021,4603.345979528554,6602.5560575731215,2953.291482608044
6,Incidence,1,Global,1,Male,17,60-64 years,959,Invasive Non-typhoidal Salmonella (iNTS),3,Rate,2021,1.55854958683,2.2256741780900002,1.00104992675
6,Incidence,1,Global,2,Female,17,60-64 years,959,Invasive Non-typhoidal Salmonella (iNTS),3,Rate,2021,1.32466937654,1.9141630262500002,0.8399226625999999
6,Incidence,1,Global,3,Both,17,60-64 years,959,Invasive Non-typhoidal Salmonella (iNTS),3,Rate,2021,1.43833052835,2.06299026512,0.92276559647
6,Incidence,1,Global,1,Male,18,65-69 years,959,Invasive Non-typhoidal Salmonella (iNTS),1,Number,2021,1744.1818440661605,2573.397930369073,1149.0732390379171
6,Incidence,1,Global,2,Female,18,65-69 years,959,Invasive Non-typhoidal Salmonella (iNTS),1,Number,2021,1594.4385127425455,2355.1055719065907,1026.9032023331204
6,Incidence,1,Global,3,Both,18,65-69 years,959,Invasive Non-typhoidal Salmonella (iNTS),1,Number,2021,3338.620356808712,4926.978080342551,2189.255908493596
6,Incidence,1,Global,1,Male,18,65-69 years,959,Invasive Non-typhoidal Salmonella (iNTS),3,Rate,2021,1.32302133354,1.95200997714,0.8716111879099999
6,Incidence,1,Global,2,Female,18,65-69 years,959,Invasive Non-typhoidal Salmonella (iNTS),3,Rate,2021,1.1071803682399999,1.63538865469,0.71308304247
6,Incidence,1,Global,3,Both,18,65-69 years,959,Invasive Non-typhoidal Salmonella (iNTS),3,Rate,2021,1.21033723586,1.7861584707499998,0.79366254971
6,Incidence,1,Global,1,Male,19,70-74 years,959,Invasive Non-typhoidal Salmonella (iNTS),1,Number,2021,1181.3189477571975,1743.7283718621852,793.1062896811854
6,Incidence,1,Global,2,Female,19,70-74 years,959,Invasive Non-typhoidal Salmonella (iNTS),1,Number,2021,1098.1703089770992,1642.2717819659788,722.4081496228333
6,Incidence,1,Global,3,Both,19,70-74 years,959,Invasive Non-typhoidal Salmonella (iNTS),1,Number,2021,2279.489256734298,3383.7770061757737,1513.4018601661396
6,Incidence,1,Global,1,Male,19,70-74 years,959,Invasive Non-typhoidal Salmonella (iNTS),3,Rate,2021,1.22554376937,1.80900801232,0.8227976649400001
6,Incidence,1,Global,2,Female,19,70-74 years,959,Invasive Non-typhoidal Salmonella (iNTS),3,Rate,2021,1.00337350585,1.50050678111,0.66004807434
6,Incidence,1,Global,3,Both,19,70-74 years,959,Invasive Non-typhoidal Salmonella (iNTS),3,Rate,2021,1.1074125001300001,1.6438932288199999,0.73523493595
6,Incidence,1,Global,1,Male,20,75-79 years,959,Invasive Non-typhoidal Salmonella (iNTS),1,Number,2021,733.9110771391038,1034.6441321679536,492.6821864551503
6,Incidence,1,Global,2,Female,20,75-79 years,959,Invasive Non-typhoidal Salmonella (iNTS),1,Number,2021,706.7329450703794,1006.1392301464894,470.1648117314993
6,Incidence,1,Global,3,Both,20,75-79 years,959,Invasive Non-typhoidal Salmonella (iNTS),1,Number,2021,1440.644022209483,2046.454329335752,960.0156436723424
6,Incidence,1,Global,1,Male,20,75-79 years,959,Invasive Non-typhoidal Salmonella (iNTS),3,Rate,2021,1.22754858964,1.7305583534400002,0.82406621451
6,Incidence,1,Global,2,Female,20,75-79 years,959,Invasive Non-typhoidal Salmonella (iNTS),3,Rate,2021,0.9802436518100001,1.3955223116,0.65212195812
6,Incidence,1,Global,3,Both,20,75-79 years,959,Invasive Non-typhoidal Salmonella (iNTS),3,Rate,2021,1.0923535855500002,1.55170305075,0.72792203652
6,Incidence,1,Global,1,Male,30,80-84 years,959,Invasive Non-typhoidal Salmonella (iNTS),1,Number,2021,429.3173419284801,600.0408312251564,283.59720285346475
6,Incidence,1,Global,2,Female,30,80-84 years,959,Invasive Non-typhoidal Salmonella (iNTS),1,Number,2021,453.2967899396797,663.2298171176889,288.32086745075776
6,Incidence,1,Global,3,Both,30,80-84 years,959,Invasive Non-typhoidal Salmonella (iNTS),1,Number,2021,882.6141318681596,1261.8243016185495,570.6314864968091
6,Incidence,1,Global,1,Male,30,80-84 years,959,Invasive Non-typhoidal Salmonella (iNTS),3,Rate,2021,1.17133841517,1.6371360009,0.77375932834
6,Incidence,1,Global,2,Female,30,80-84 years,959,Invasive Non-typhoidal Salmonella (iNTS),3,Rate,2021,0.89001797921,1.30220746028,0.56609877128
6,Incidence,1,Global,3,Both,30,80-84 years,959,Invasive Non-typhoidal Salmonella (iNTS),3,Rate,2021,1.00774529107,1.4407173556300001,0.65153182199
6,Incidence,1,Global,1,Male,31,85-89 years,959,Invasive Non-typhoidal Salmonella (iNTS),1,Number,2021,207.2791802318036,274.89274097613907,153.4783522639625
6,Incidence,1,Global,2,Female,31,85-89 years,959,Invasive Non-typhoidal Salmonella (iNTS),1,Number,2021,241.61080712571723,325.5357434800053,169.10932674640202
6,Incidence,1,Global,3,Both,31,85-89 years,959,Invasive Non-typhoidal Salmonella (iNTS),1,Number,2021,448.88998735752085,599.7314293138361,323.1393788200656
6,Incidence,1,Global,1,Male,31,85-89 years,959,Invasive Non-typhoidal Salmonella (iNTS),3,Rate,2021,1.20143320659,1.59333545651,0.8895924264899999
6,Incidence,1,Global,2,Female,31,85-89 years,959,Invasive Non-typhoidal Salmonella (iNTS),3,Rate,2021,0.84867642229,1.14346917421,0.59400943239
6,Incidence,1,Global,3,Both,31,85-89 years,959,Invasive Non-typhoidal Salmonella (iNTS),3,Rate,2021,0.9817856584999999,1.31169714816,0.70675135726
6,Incidence,1,Global,1,Male,32,90-94 years,959,Invasive Non-typhoidal Salmonella (iNTS),1,Number,2021,76.37748441411459,103.93717387455092,52.57916399184522
6,Incidence,1,Global,2,Female,32,90-94 years,959,Invasive Non-typhoidal Salmonella (iNTS),1,Number,2021,99.18224404675534,139.9600158224168,66.36639272186311
6,Incidence,1,Global,3,Both,32,90-94 years,959,Invasive Non-typhoidal Salmonella (iNTS),1,Number,2021,175.55972846086985,243.29879221104704,119.56174772147725
6,Incidence,1,Global,1,Male,32,90-94 years,959,Invasive Non-typhoidal Salmonella (iNTS),3,Rate,2021,1.3104142962699998,1.7832579798100001,0.90210470677
6,Incidence,1,Global,2,Female,32,90-94 years,959,Invasive Non-typhoidal Salmonella (iNTS),3,Rate,2021,0.8223470317899999,1.1604466574299999,0.55026185977
6,Incidence,1,Global,3,Both,32,90-94 years,959,Invasive Non-typhoidal Salmonella (iNTS),3,Rate,2021,0.98136319622,1.36001851025,0.66833948719
6,Incidence,1,Global,1,Male,1,<5 years,959,Invasive Non-typhoidal Salmonella (iNTS),1,Number,2021,136186.53033633396,176466.58861402608,101104.60476395916
6,Incidence,1,Global,2,Female,1,<5 years,959,Invasive Non-typhoidal Salmonella (iNTS),1,Number,2021,103941.6096249687,134934.12012268804,77812.686708625
6,Incidence,1,Global,3,Both,1,<5 years,959,Invasive Non-typhoidal Salmonella (iNTS),1,Number,2021,240128.13996130283,311566.6169879866,178617.44110132637
6,Incidence,1,Global,1,Male,1,<5 years,959,Invasive Non-typhoidal Salmonella (iNTS),3,Rate,2021,40.0573082834,51.90510782803,29.73846467708
6,Incidence,1,Global,2,Female,1,<5 years,959,Invasive Non-typhoidal Salmonella (iNTS),3,Rate,2021,32.6662710868,42.40644880034,24.454598376790003
6,Incidence,1,Global,3,Both,1,<5 years,959,Invasive Non-typhoidal Salmonella (iNTS),3,Rate,2021,36.48411863984,47.33819793147,27.13842664727
6,Incidence,1,Global,1,Male,6,5-9 years,959,Invasive Non-typhoidal Salmonella (iNTS),1,Number,2021,43560.96146923202,62891.567330426886,26147.8798300488
6,Incidence,1,Global,2,Female,6,5-9 years,959,Invasive Non-typhoidal Salmonella (iNTS),1,Number,2021,34636.975662404366,50100.259193302525,20739.73724485605
6,Incidence,1,Global,3,Both,6,5-9 years,959,Invasive Non-typhoidal Salmonella (iNTS),1,Number,2021,78197.93713163628,112997.1805674239,46733.90466438786
6,Incidence,1,Global,1,Male,6,5-9 years,959,Invasive Non-typhoidal Salmonella (iNTS),3,Rate,2021,12.28881704518,17.742100691559997,7.37647885889
6,Incidence,1,Global,2,Female,6,5-9 years,959,Invasive Non-typhoidal Salmonella (iNTS),3,Rate,2021,10.41471971952,15.064252793300001,6.23606843066
6,Incidence,1,Global,3,Both,6,5-9 years,959,Invasive Non-typhoidal Salmonella (iNTS),3,Rate,2021,11.38163610267,16.44663321081,6.8020758099
6,Incidence,1,Global,1,Male,7,10-14 years,959,Invasive Non-typhoidal Salmonella (iNTS),1,Number,2021,20998.868994006287,32829.47213739943,12525.795267549098
6,Incidence,1,Global,2,Female,7,10-14 years,959,Invasive Non-typhoidal Salmonella (iNTS),1,Number,2021,17150.910884195095,26833.57803221249,10147.332584013246
6,Incidence,1,Global,3,Both,7,10-14 years,959,Invasive Non-typhoidal Salmonella (iNTS),1,Number,2021,38149.77987820138,59820.912779261416,22714.760170531204
6,Incidence,1,Global,1,Male,7,10-14 years,959,Invasive Non-typhoidal Salmonella (iNTS),3,Rate,2021,6.10947470697,9.55150630846,3.644292909
6,Incidence,1,Global,2,Female,7,10-14 years,959,Invasive Non-typhoidal Salmonella (iNTS),3,Rate,2021,5.3110952538200005,8.30951136602,3.1423083176000004
6,Incidence,1,Global,3,Both,7,10-14 years,959,Invasive Non-typhoidal Salmonella (iNTS),3,Rate,2021,5.72273059007,8.97355026899,3.40737098062
6,Incidence,1,Global,1,Male,8,15-19 years,959,Invasive Non-typhoidal Salmonella (iNTS),1,Number,2021,13048.644989507786,19685.84975828134,8380.081272926021
6,Incidence,1,Global,2,Female,8,15-19 years,959,Invasive Non-typhoidal Salmonella (iNTS),1,Number,2021,11087.91583704699,16815.030946914267,7080.853304958815
6,Incidence,1,Global,3,Both,8,15-19 years,959,Invasive Non-typhoidal Salmonella (iNTS),1,Number,2021,24136.560826554785,36501.17401967842,15450.8650206967
6,Incidence,1,Global,1,Male,8,15-19 years,959,Invasive Non-typhoidal Salmonella (iNTS),3,Rate,2021,4.07350197237,6.14549233906,2.6160783454
6,Incidence,1,Global,2,Female,8,15-19 years,959,Invasive Non-typhoidal Salmonella (iNTS),3,Rate,2021,3.65154521961,5.53763635783,2.33191308596
6,Incidence,1,Global,3,Both,8,15-19 years,959,Invasive Non-typhoidal Salmonella (iNTS),3,Rate,2021,3.86816337133,5.84973581647,2.47618003898
6,Incidence,1,Global,1,Male,9,20-24 years,959,Invasive Non-typhoidal Salmonella (iNTS),1,Number,2021,10714.070028823558,15657.873397758896,7312.0722458242335
6,Incidence,1,Global,2,Female,9,20-24 years,959,Invasive Non-typhoidal Salmonella (iNTS),1,Number,2021,9492.630294666098,13940.907398245232,6476.916143586859
6,Incidence,1,Global,3,Both,9,20-24 years,959,Invasive Non-typhoidal Salmonella (iNTS),1,Number,2021,20206.700323489647,29575.33250186365,13767.963378900262
6,Incidence,1,Global,1,Male,9,20-24 years,959,Invasive Non-typhoidal Salmonella (iNTS),3,Rate,2021,3.5312638225099997,5.16069819575,2.40999509241
6,Incidence,1,Global,2,Female,9,20-24 years,959,Invasive Non-typhoidal Salmonella (iNTS),3,Rate,2021,3.2315113543,4.745807974,2.20489236483
6,Incidence,1,Global,3,Both,9,20-24 years,959,Invasive Non-typhoidal Salmonella (iNTS),3,Rate,2021,3.38381059149,4.95268013899,2.30558080037
6,Incidence,1,Global,1,Male,10,25-29 years,959,Invasive Non-typhoidal Salmonella (iNTS),1,Number,2021,10164.503597278352,14264.415929301533,6951.023387762867
6,Incidence,1,Global,2,Female,10,25-29 years,959,Invasive Non-typhoidal Salmonella (iNTS),1,Number,2021,9215.965705508495,12956.192684066602,6279.002459628393
6,Incidence,1,Global,3,Both,10,25-29 years,959,Invasive Non-typhoidal Salmonella (iNTS),1,Number,2021,19380.46930278685,27143.533662057765,13266.843964233043
6,Incidence,1,Global,1,Male,10,25-29 years,959,Invasive Non-typhoidal Salmonella (iNTS),3,Rate,2021,3.4182950328899997,4.7970844470200005,2.33761034098
6,Incidence,1,Global,2,Female,10,25-29 years,959,Invasive Non-typhoidal Salmonella (iNTS),3,Rate,2021,3.16713706503,4.45249465792,2.15782719432
6,Incidence,1,Global,3,Both,10,25-29 years,959,Invasive Non-typhoidal Salmonella (iNTS),3,Rate,2021,3.29407541197,4.61355426606,2.25494975453
6,Incidence,1,Global,1,Male,11,30-34 years,959,Invasive Non-typhoidal Salmonella (iNTS),1,Number,2021,9791.841799039685,13552.443493220882,6671.405699538535
6,Incidence,1,Global,2,Female,11,30-34 years,959,Invasive Non-typhoidal Salmonella (iNTS),1,Number,2021,8820.383763501384,12202.655983850267,5934.777637509955
6,Incidence,1,Global,3,Both,11,30-34 years,959,Invasive Non-typhoidal Salmonella (iNTS),1,Number,2021,18612.22556254107,25713.90781659492,12628.951936512847
6,Incidence,1,Global,1,Male,11,30-34 years,959,Invasive Non-typhoidal Salmonella (iNTS),3,Rate,2021,3.20466835485,4.43543591542,2.18341382208
6,Incidence,1,Global,2,Female,11,30-34 years,959,Invasive Non-typhoidal Salmonella (iNTS),3,Rate,2021,2.95064330099,4.08209961136,1.9853344648600002
6,Incidence,1,Global,3,Both,11,30-34 years,959,Invasive Non-typhoidal Salmonella (iNTS),3,Rate,2021,3.07904648311,4.25388770213,2.08922516627
6,Incidence,1,Global,1,Male,12,35-39 years,959,Invasive Non-typhoidal Salmonella (iNTS),1,Number,2021,9327.421561624653,13336.958662208905,6082.875323673654
6,Incidence,1,Global,2,Female,12,35-39 years,959,Invasive Non-typhoidal Salmonella (iNTS),1,Number,2021,8270.025795369436,11881.90686489589,5387.647951936971
6,Incidence,1,Global,3,Both,12,35-39 years,959,Invasive Non-typhoidal Salmonella (iNTS),1,Number,2021,17597.447356994115,25216.75181769754,11463.75916016981
6,Incidence,1,Global,1,Male,12,35-39 years,959,Invasive Non-typhoidal Salmonella (iNTS),3,Rate,2021,3.2951707945,4.71165116541,2.1489446982400002
6,Incidence,1,Global,2,Female,12,35-39 years,959,Invasive Non-typhoidal Salmonella (iNTS),3,Rate,2021,2.97694183086,4.2771022064099995,1.93937902431
6,Incidence,1,Global,3,Both,12,35-39 years,959,Invasive Non-typhoidal Salmonella (iNTS),3,Rate,2021,3.13754872534,4.49603774444,2.04393865831
6,Incidence,1,Global,1,Male,13,40-44 years,959,Invasive Non-typhoidal Salmonella (iNTS),1,Number,2021,7871.896563002429,11141.095215178022,5131.700638838571
6,Incidence,1,Global,2,Female,13,40-44 years,959,Invasive Non-typhoidal Salmonella (iNTS),1,Number,2021,6765.773313455055,9660.66007213208,4442.066228397649
6,Incidence,1,Global,3,Both,13,40-44 years,959,Invasive Non-typhoidal Salmonella (iNTS),1,Number,2021,14637.669876457488,20769.36913450159,9570.822423027364
6,Incidence,1,Global,1,Male,13,40-44 years,959,Invasive Non-typhoidal Salmonella (iNTS),3,Rate,2021,3.12177480676,4.41824788781,2.03508946567
6,Incidence,1,Global,2,Female,13,40-44 years,959,Invasive Non-typhoidal Salmonella (iNTS),3,Rate,2021,2.7271462509099997,3.89401649692,1.7905069679099999
6,Incidence,1,Global,3,Both,13,40-44 years,959,Invasive Non-typhoidal Salmonella (iNTS),3,Rate,2021,2.92606628616,4.1517913248600005,1.9132048378700002
6,Incidence,1,Global,1,Male,14,45-49 years,959,Invasive Non-typhoidal Salmonella (iNTS),1,Number,2021,5985.635995688384,8546.1330643829,3885.736890376312
6,Incidence,1,Global,2,Female,14,45-49 years,959,Invasive Non-typhoidal Salmonella (iNTS),1,Number,2021,5066.769602402305,7209.351976161338,3302.5744327105867
6,Incidence,1,Global,3,Both,14,45-49 years,959,Invasive Non-typhoidal Salmonella (iNTS),1,Number,2021,11052.405598090678,15729.73117206074,7187.022452609681
6,Incidence,1,Global,1,Male,14,45-49 years,959,Invasive Non-typhoidal Salmonella (iNTS),3,Rate,2021,2.51643169224,3.5928947408,1.63360943861
6,Incidence,1,Global,2,Female,14,45-49 years,959,Invasive Non-typhoidal Salmonella (iNTS),3,Rate,2021,2.15019275305,3.0594437066899998,1.40151855499
6,Incidence,1,Global,3,Both,14,45-49 years,959,Invasive Non-typhoidal Salmonella (iNTS),3,Rate,2021,2.33417056423,3.32198046472,1.51783574213
6,Incidence,1,Global,1,Male,15,50-54 years,959,Invasive Non-typhoidal Salmonella (iNTS),1,Number,2021,4490.490610892277,6548.369766177319,3033.245011204908
6,Incidence,1,Global,2,Female,15,50-54 years,959,Invasive Non-typhoidal Salmonella (iNTS),1,Number,2021,3871.737140913366,5599.342965874195,2555.9810412824468
6,Incidence,1,Global,3,Both,15,50-54 years,959,Invasive Non-typhoidal Salmonella (iNTS),1,Number,2021,8362.227751805647,12140.23631493307,5596.924660189472
6,Incidence,1,Global,1,Male,15,50-54 years,959,Invasive Non-typhoidal Salmonella (iNTS),3,Rate,2021,2.02292197302,2.9499763467599998,1.36644712447
6,Incidence,1,Global,2,Female,15,50-54 years,959,Invasive Non-typhoidal Salmonella (iNTS),3,Rate,2021,1.73665226682,2.51156297561,1.14647511123
6,Incidence,1,Global,3,Both,15,50-54 years,959,Invasive Non-typhoidal Salmonella (iNTS),3,Rate,2021,1.87947758922,2.72861523975,1.25795359558
6,Incidence,44634,High-middle SDI,1,Male,16,55-59 years,959,Invasive Non-typhoidal Salmonella (iNTS),1,Number,2021,176.73848317522143,304.8697870161388,89.38334493011364
6,Incidence,44634,High-middle SDI,2,Female,16,55-59 years,959,Invasive Non-typhoidal Salmonella (iNTS),1,Number,2021,177.27784720672696,303.84837190854853,85.4710602535799
6,Incidence,44634,High-middle SDI,3,Both,16,55-59 years,959,Invasive Non-typhoidal Salmonella (iNTS),1,Number,2021,354.0163303819481,609.2800796452209,175.90026394284598
6,Incidence,44634,High-middle SDI,1,Male,16,55-59 years,959,Invasive Non-typhoidal Salmonella (iNTS),3,Rate,2021,0.40110599214,0.6918985395699999,0.20285449215999998
6,Incidence,44634,High-middle SDI,2,Female,16,55-59 years,959,Invasive Non-typhoidal Salmonella (iNTS),3,Rate,2021,0.38644052646000004,0.66234629229,0.18631477109
6,Incidence,44634,High-middle SDI,3,Both,16,55-59 years,959,Invasive Non-typhoidal Salmonella (iNTS),3,Rate,2021,0.39362554359999996,0.67744954674,0.19558091272
6,Incidence,44634,High-middle SDI,1,Male,17,60-64 years,959,Invasive Non-typhoidal Salmonella (iNTS),1,Number,2021,142.83620804461194,244.39180584887043,75.64745063935581
6,Incidence,44634,High-middle SDI,2,Female,17,60-64 years,959,Invasive Non-typhoidal Salmonella (iNTS),1,Number,2021,146.55857390511648,254.7200960105974,74.36865157434565
6,Incidence,44634,High-middle SDI,3,Both,17,60-64 years,959,Invasive Non-typhoidal Salmonella (iNTS),1,Number,2021,289.39478194972827,496.6264358274277,151.6792687102519
6,Incidence,44634,High-middle SDI,1,Male,17,60-64 years,959,Invasive Non-typhoidal Salmonella (iNTS),3,Rate,2021,0.40870714869999997,0.69929522423,0.21645529716000003
6,Incidence,44634,High-middle SDI,2,Female,17,60-64 years,959,Invasive Non-typhoidal Salmonella (iNTS),3,Rate,2021,0.38582658093000005,0.67057000569,0.1957811256
6,Incidence,44634,High-middle SDI,3,Both,17,60-64 years,959,Invasive Non-typhoidal Salmonella (iNTS),3,Rate,2021,0.3967904383,0.68092665602,0.20796810193999998
6,Incidence,44634,High-middle SDI,1,Male,18,65-69 years,959,Invasive Non-typhoidal Salmonella (iNTS),1,Number,2021,126.43796476384944,211.45214411238257,67.80962718912576
6,Incidence,44634,High-middle SDI,2,Female,18,65-69 years,959,Invasive Non-typhoidal Salmonella (iNTS),1,Number,2021,135.86826878141966,226.13609061302785,71.12786809951058
6,Incidence,44634,High-middle SDI,3,Both,18,65-69 years,959,Invasive Non-typhoidal Salmonella (iNTS),1,Number,2021,262.306233545269,436.3196394961873,137.57210565932195
6,Incidence,44634,High-middle SDI,1,Male,18,65-69 years,959,Invasive Non-typhoidal Salmonella (iNTS),3,Rate,2021,0.40865565786999997,0.68342696928,0.21916508906999999
6,Incidence,44634,High-middle SDI,2,Female,18,65-69 years,959,Invasive Non-typhoidal Salmonella (iNTS),3,Rate,2021,0.38311195997999997,0.63764292925,0.20056144972
6,Incidence,44634,High-middle SDI,3,Both,18,65-69 years,959,Invasive Non-typhoidal Salmonella (iNTS),3,Rate,2021,0.39501361062999996,0.6570648125899999,0.2071733235
6,Incidence,44634,High-middle SDI,1,Male,19,70-74 years,959,Invasive Non-typhoidal Salmonella (iNTS),1,Number,2021,90.53443206964842,148.97991515721066,47.27663842373147
6,Incidence,44634,High-middle SDI,2,Female,19,70-74 years,959,Invasive Non-typhoidal Salmonella (iNTS),1,Number,2021,101.29235134968695,168.04851448541123,55.17631952029048
6,Incidence,44634,High-middle SDI,3,Both,19,70-74 years,959,Invasive Non-typhoidal Salmonella (iNTS),1,Number,2021,191.8267834193356,315.54025549398256,101.30813418315
6,Incidence,44634,High-middle SDI,1,Male,19,70-74 years,959,Invasive Non-typhoidal Salmonella (iNTS),3,Rate,2021,0.41216675469,0.67824546685,0.21523146704
6,Incidence,44634,High-middle SDI,2,Female,19,70-74 years,959,Invasive Non-typhoidal Salmonella (iNTS),3,Rate,2021,0.37678860392,0.62510904645,0.20524558987
6,Incidence,44634,High-middle SDI,3,Both,19,70-74 years,959,Invasive Non-typhoidal Salmonella (iNTS),3,Rate,2021,0.39269691964,0.64595612847,0.20739227088
6,Incidence,44634,High-middle SDI,1,Male,20,75-79 years,959,Invasive Non-typhoidal Salmonella (iNTS),1,Number,2021,53.86203575280989,89.87758101127105,28.12557035478516
6,Incidence,44634,High-middle SDI,2,Female,20,75-79 years,959,Invasive Non-typhoidal Salmonella (iNTS),1,Number,2021,62.80396251031581,105.11804723004806,32.29948948542257
6,Incidence,44634,High-middle SDI,3,Both,20,75-79 years,959,Invasive Non-typhoidal Salmonella (iNTS),1,Number,2021,116.66599826312572,193.1365382285099,61.21693637037274
6,Incidence,44634,High-middle SDI,1,Male,20,75-79 years,959,Invasive Non-typhoidal Salmonella (iNTS),3,Rate,2021,0.41546249636,0.69326685581,0.21694537734999997
6,Incidence,44634,High-middle SDI,2,Female,20,75-79 years,959,Invasive Non-typhoidal Salmonella (iNTS),3,Rate,2021,0.3715407308,0.6218657952000001,0.19107991675000002
6,Incidence,44634,High-middle SDI,3,Both,20,75-79 years,959,Invasive Non-typhoidal Salmonella (iNTS),3,Rate,2021,0.39060518746000006,0.64663342227,0.20495819915
6,Incidence,44634,High-middle SDI,1,Male,30,80-84 years,959,Invasive Non-typhoidal Salmonella (iNTS),1,Number,2021,36.4112102357966,61.91239379717627,19.14401605471687
6,Incidence,44634,High-middle SDI,2,Female,30,80-84 years,959,Invasive Non-typhoidal Salmonella (iNTS),1,Number,2021,48.84532883647019,86.71863671721161,23.69826490497335
6,Incidence,44634,High-middle SDI,3,Both,30,80-84 years,959,Invasive Non-typhoidal Salmonella (iNTS),1,Number,2021,85.25653907226662,149.06135094933177,42.82844326388003
6,Incidence,44634,High-middle SDI,1,Male,30,80-84 years,959,Invasive Non-typhoidal Salmonella (iNTS),3,Rate,2021,0.43277730452,0.73587993177,0.22754244125
6,Incidence,44634,High-middle SDI,2,Female,30,80-84 years,959,Invasive Non-typhoidal Salmonella (iNTS),3,Rate,2021,0.36400526021,0.64624480324,0.17660425856
6,Incidence,44634,High-middle SDI,3,Both,30,80-84 years,959,Invasive Non-typhoidal Salmonella (iNTS),3,Rate,2021,0.39050760947999996,0.68275809056,0.19617067709
6,Incidence,44634,High-middle SDI,1,Male,31,85-89 years,959,Invasive Non-typhoidal Salmonella (iNTS),1,Number,2021,19.00333376283748,29.164382266436235,10.857707177193326
6,Incidence,44634,High-middle SDI,2,Female,31,85-89 years,959,Invasive Non-typhoidal Salmonella (iNTS),1,Number,2021,29.31895481211839,45.442991764857766,16.015869559872527
6,Incidence,44634,High-middle SDI,3,Both,31,85-89 years,959,Invasive Non-typhoidal Salmonella (iNTS),1,Number,2021,48.32228857495589,73.86986591600464,26.93679532172725
6,Incidence,44634,High-middle SDI,1,Male,31,85-89 years,959,Invasive Non-typhoidal Salmonella (iNTS),3,Rate,2021,0.48356054812000004,0.74211950652,0.27628619796000004
6,Incidence,44634,High-middle SDI,2,Female,31,85-89 years,959,Invasive Non-typhoidal Salmonella (iNTS),3,Rate,2021,0.39368396130999994,0.61019149988,0.21505510727000002
6,Incidence,44634,High-middle SDI,3,Both,31,85-89 years,959,Invasive Non-typhoidal Salmonella (iNTS),3,Rate,2021,0.42472882424999997,0.64927929168,0.23676100084
6,Incidence,44634,High-middle SDI,1,Male,32,90-94 years,959,Invasive Non-typhoidal Salmonella (iNTS),1,Number,2021,7.128429197593373,11.62617792244586,3.793025858592071
6,Incidence,44634,High-middle SDI,2,Female,32,90-94 years,959,Invasive Non-typhoidal Salmonella (iNTS),1,Number,2021,13.237127659631302,22.26356821309773,6.677832834806515
6,Incidence,44634,High-middle SDI,3,Both,32,90-94 years,959,Invasive Non-typhoidal Salmonella (iNTS),1,Number,2021,20.36555685722469,33.86489298613181,10.560345346123002
6,Incidence,44634,High-middle SDI,1,Male,32,90-94 years,959,Invasive Non-typhoidal Salmonella (iNTS),3,Rate,2021,0.55953473979,0.91257838975,0.2977275467
6,Incidence,44634,High-middle SDI,2,Female,32,90-94 years,959,Invasive Non-typhoidal Salmonella (iNTS),3,Rate,2021,0.42730926051,0.71869283987,0.21556789991
6,Incidence,44634,High-middle SDI,3,Both,32,90-94 years,959,Invasive Non-typhoidal Salmonella (iNTS),3,Rate,2021,0.46584145837,0.7746250813,0.2415571895
6,Incidence,44636,Low-middle SDI,1,Male,16,55-59 years,959,Invasive Non-typhoidal Salmonella (iNTS),1,Number,2021,952.8024628724572,1335.066391054636,605.6080793553924
6,Incidence,44636,Low-middle SDI,2,Female,16,55-59 years,959,Invasive Non-typhoidal Salmonella (iNTS),1,Number,2021,909.8798582999228,1272.6280795080556,572.0428756962589
6,Incidence,44636,Low-middle SDI,3,Both,16,55-59 years,959,Invasive Non-typhoidal Salmonella (iNTS),1,Number,2021,1862.68232117238,2606.085490182256,1178.4965209575653
6,Incidence,44636,Low-middle SDI,1,Male,16,55-59 years,959,Invasive Non-typhoidal Salmonella (iNTS),3,Rate,2021,2.78965512326,3.90886352925,1.77312480508
6,Incidence,44636,Low-middle SDI,2,Female,16,55-59 years,959,Invasive Non-typhoidal Salmonella (iNTS),3,Rate,2021,2.57705012047,3.6044608699599996,1.6201954008300001
6,Incidence,44636,Low-middle SDI,3,Both,16,55-59 years,959,Invasive Non-typhoidal Salmonella (iNTS),3,Rate,2021,2.6815893548,3.7518212465699996,1.69660907249
6,Incidence,44636,Low-middle SDI,1,Male,17,60-64 years,959,Invasive Non-typhoidal Salmonella (iNTS),1,Number,2021,696.5121278698829,1028.2497137544942,424.07257765498514
6,Incidence,44636,Low-middle SDI,2,Female,17,60-64 years,959,Invasive Non-typhoidal Salmonella (iNTS),1,Number,2021,689.292279678413,1018.3957624439536,421.2012514571571
6,Incidence,44636,Low-middle SDI,3,Both,17,60-64 years,959,Invasive Non-typhoidal Salmonella (iNTS),1,Number,2021,1385.804407548296,2047.020512220216,845.3792837449955
6,Incidence,44636,Low-middle SDI,1,Male,17,60-64 years,959,Invasive Non-typhoidal Salmonella (iNTS),3,Rate,2021,2.50893395247,3.7038990639600002,1.52756864643
6,Incidence,44636,Low-middle SDI,2,Female,17,60-64 years,959,Invasive Non-typhoidal Salmonella (iNTS),3,Rate,2021,2.3441791860100003,3.46341054416,1.4324419928899998
6,Incidence,44636,Low-middle SDI,3,Both,17,60-64 years,959,Invasive Non-typhoidal Salmonella (iNTS),3,Rate,2021,2.424188756,3.58085461556,1.47882265567
6,Incidence,44636,Low-middle SDI,1,Male,18,65-69 years,959,Invasive Non-typhoidal Salmonella (iNTS),1,Number,2021,491.77138375920185,752.1418453508209,305.9860381290666
6,Incidence,44636,Low-middle SDI,2,Female,18,65-69 years,959,Invasive Non-typhoidal Salmonella (iNTS),1,Number,2021,490.4473210680925,749.7970243438501,300.0483062636331
6,Incidence,44636,Low-middle SDI,3,Both,18,65-69 years,959,Invasive Non-typhoidal Salmonella (iNTS),1,Number,2021,982.2187048272948,1502.7205945140076,608.7033015365548
6,Incidence,44636,Low-middle SDI,1,Male,18,65-69 years,959,Invasive Non-typhoidal Salmonella (iNTS),3,Rate,2021,2.30358027806,3.52322070473,1.43331520717
6,Incidence,44636,Low-middle SDI,2,Female,18,65-69 years,959,Invasive Non-typhoidal Salmonella (iNTS),3,Rate,2021,2.13126173276,3.25827797741,1.3038739241700001
6,Incidence,44636,Low-middle SDI,3,Both,18,65-69 years,959,Invasive Non-typhoidal Salmonella (iNTS),3,Rate,2021,2.2141892094899998,3.38754262049,1.37218348156
6,Incidence,44636,Low-middle SDI,1,Male,19,70-74 years,959,Invasive Non-typhoidal Salmonella (iNTS),1,Number,2021,327.1796292273691,510.7360224246385,204.6246136061449
6,Incidence,44636,Low-middle SDI,2,Female,19,70-74 years,959,Invasive Non-typhoidal Salmonella (iNTS),1,Number,2021,324.77033891174034,506.6612829804958,198.6860104631598
6,Incidence,44636,Low-middle SDI,3,Both,19,70-74 years,959,Invasive Non-typhoidal Salmonella (iNTS),1,Number,2021,651.9499681391093,1018.7770981817424,404.0295326464704
6,Incidence,44636,Low-middle SDI,1,Male,19,70-74 years,959,Invasive Non-typhoidal Salmonella (iNTS),3,Rate,2021,2.18541566427,3.4114914377499996,1.36680219648
6,Incidence,44636,Low-middle SDI,2,Female,19,70-74 years,959,Invasive Non-typhoidal Salmonella (iNTS),3,Rate,2021,1.97118863521,3.07517295533,1.2059217202899999
6,Incidence,44636,Low-middle SDI,3,Both,19,70-74 years,959,Invasive Non-typhoidal Salmonella (iNTS),3,Rate,2021,2.07317649473,3.2396730371,1.28479879008
6,Incidence,44636,Low-middle SDI,1,Male,20,75-79 years,959,Invasive Non-typhoidal Salmonella (iNTS),1,Number,2021,200.9101060667457,289.9359794630506,126.8152211222777
6,Incidence,44636,Low-middle SDI,2,Female,20,75-79 years,959,Invasive Non-typhoidal Salmonella (iNTS),1,Number,2021,203.65408530835583,293.16981032662096,128.69668894348274
6,Incidence,44636,Low-middle SDI,3,Both,20,75-79 years,959,Invasive Non-typhoidal Salmonella (iNTS),1,Number,2021,404.5641913751023,580.7487243696949,255.43936383886745
6,Incidence,44636,Low-middle SDI,1,Male,20,75-79 years,959,Invasive Non-typhoidal Salmonella (iNTS),3,Rate,2021,2.15385800451,3.1082604174900004,1.35952334332
6,Incidence,44636,Low-middle SDI,2,Female,20,75-79 years,959,Invasive Non-typhoidal Salmonella (iNTS),3,Rate,2021,1.8942624161100001,2.7268814784599997,1.1970557849299999
6,Incidence,44636,Low-middle SDI,3,Both,20,75-79 years,959,Invasive Non-typhoidal Salmonella (iNTS),3,Rate,2021,2.01486025111,2.89231609115,1.27217047811
6,Incidence,44636,Low-middle SDI,1,Male,30,80-84 years,959,Invasive Non-typhoidal Salmonella (iNTS),1,Number,2021,108.64992848551204,156.29504922507587,65.44714370175733
6,Incidence,44636,Low-middle SDI,2,Female,30,80-84 years,959,Invasive Non-typhoidal Salmonella (iNTS),1,Number,2021,117.32363796831868,171.64546654479588,69.7681243032382
6,Incidence,44636,Low-middle SDI,3,Both,30,80-84 years,959,Invasive Non-typhoidal Salmonella (iNTS),1,Number,2021,225.97356645383093,327.3487072936856,135.0619035335297
6,Incidence,44636,Low-middle SDI,1,Male,30,80-84 years,959,Invasive Non-typhoidal Salmonella (iNTS),3,Rate,2021,2.14650214813,3.08778536333,1.29298230108
6,Incidence,44636,Low-middle SDI,2,Female,30,80-84 years,959,Invasive Non-typhoidal Salmonella (iNTS),3,Rate,2021,1.8221284538100002,2.66578921327,1.0835538913
6,Incidence,44636,Low-middle SDI,3,Both,30,80-84 years,959,Invasive Non-typhoidal Salmonella (iNTS),3,Rate,2021,1.9648946450800002,2.84637593736,1.1743958161599999
6,Incidence,44636,Low-middle SDI,1,Male,31,85-89 years,959,Invasive Non-typhoidal Salmonella (iNTS),1,Number,2021,47.519838256594,66.27933508743249,33.13589698746225
6,Incidence,44636,Low-middle SDI,2,Female,31,85-89 years,959,Invasive Non-typhoidal Salmonella (iNTS),1,Number,2021,52.66020145103128,74.80940558265478,35.30506194638467
6,Incidence,44636,Low-middle SDI,3,Both,31,85-89 years,959,Invasive Non-typhoidal Salmonella (iNTS),1,Number,2021,100.18003970762535,141.65366918943278,68.1210134724924
6,Incidence,44636,Low-middle SDI,1,Male,31,85-89 years,959,Invasive Non-typhoidal Salmonella (iNTS),3,Rate,2021,2.2326715058,3.11406747796,1.55685658321
6,Incidence,44636,Low-middle SDI,2,Female,31,85-89 years,959,Invasive Non-typhoidal Salmonella (iNTS),3,Rate,2021,1.83570442487,2.60781297956,1.23071421395
6,Incidence,44636,Low-middle SDI,3,Both,31,85-89 years,959,Invasive Non-typhoidal Salmonella (iNTS),3,Rate,2021,2.00478393963,2.8347463407799998,1.36322479168
6,Incidence,44636,Low-middle SDI,1,Male,32,90-94 years,959,Invasive Non-typhoidal Salmonella (iNTS),1,Number,2021,15.51178530937043,22.554145117181697,10.301114632854237
6,Incidence,44636,Low-middle SDI,2,Female,32,90-94 years,959,Invasive Non-typhoidal Salmonella (iNTS),1,Number,2021,17.49617331907773,25.85418752902163,11.584640037271967
6,Incidence,44636,Low-middle SDI,3,Both,32,90-94 years,959,Invasive Non-typhoidal Salmonella (iNTS),1,Number,2021,33.00795862844816,48.343727784627134,22.004249741877857
6,Incidence,44636,Low-middle SDI,1,Male,32,90-94 years,959,Invasive Non-typhoidal Salmonella (iNTS),3,Rate,2021,2.31184010615,3.3614168970200002,1.5352539679600001
6,Incidence,44636,Low-middle SDI,2,Female,32,90-94 years,959,Invasive Non-typhoidal Salmonella (iNTS),3,Rate,2021,1.84703110899,2.72936760472,1.22296402448
6,Incidence,44636,Low-middle SDI,3,Both,32,90-94 years,959,Invasive Non-typhoidal Salmonella (iNTS),3,Rate,2021,2.03975612831,2.98744360789,1.3597721617699998
6,Incidence,1,Global,1,Male,235,95+ years,959,Invasive Non-typhoidal Salmonella (iNTS),1,Number,2021,21.460221928310464,32.65244173766185,12.875930574929953
6,Incidence,1,Global,2,Female,235,95+ years,959,Invasive Non-typhoidal Salmonella (iNTS),1,Number,2021,34.05435209930244,54.96254147624956,19.28898660127019
6,Incidence,1,Global,3,Both,235,95+ years,959,Invasive Non-typhoidal Salmonella (iNTS),1,Number,2021,55.51457402761289,87.27657968964392,32.25031565035074
6,Incidence,1,Global,1,Male,235,95+ years,959,Invasive Non-typhoidal Salmonella (iNTS),3,Rate,2021,1.41928753345,2.15949320794,0.85155912216
6,Incidence,1,Global,2,Female,235,95+ years,959,Invasive Non-typhoidal Salmonella (iNTS),3,Rate,2021,0.86470404083,1.39560228808,0.48978364377999994
6,Incidence,1,Global,3,Both,235,95+ years,959,Invasive Non-typhoidal Salmonella (iNTS),3,Rate,2021,1.0185583485,1.60131443731,0.5917153976699999
6,Incidence,44634,High-middle SDI,1,Male,235,95+ years,959,Invasive Non-typhoidal Salmonella (iNTS),1,Number,2021,1.8136090149809336,3.3197935449513087,0.8369231792537251
6,Incidence,44634,High-middle SDI,2,Female,235,95+ years,959,Invasive Non-typhoidal Salmonella (iNTS),1,Number,2021,4.044257026947348,7.933544847299228,1.729100469122798
6,Incidence,44634,High-middle SDI,3,Both,235,95+ years,959,Invasive Non-typhoidal Salmonella (iNTS),1,Number,2021,5.857866041928281,11.2621880201788,2.592964479719613
6,Incidence,44634,High-middle SDI,1,Male,235,95+ years,959,Invasive Non-typhoidal Salmonella (iNTS),3,Rate,2021,0.65578914888,1.2004156162300001,0.30262594356
6,Incidence,44634,High-middle SDI,2,Female,235,95+ years,959,Invasive Non-typhoidal Salmonella (iNTS),3,Rate,2021,0.48884227274,0.9589529221800001,0.2090019001
6,Incidence,44634,High-middle SDI,3,Both,235,95+ years,959,Invasive Non-typhoidal Salmonella (iNTS),3,Rate,2021,0.53066775948,1.02024867772,0.23489827883
6,Incidence,44639,Middle SDI,1,Male,235,95+ years,959,Invasive Non-typhoidal Salmonella (iNTS),1,Number,2021,5.422596314383011,8.118434409399491,3.4522333402207432
6,Incidence,44639,Middle SDI,2,Female,235,95+ years,959,Invasive Non-typhoidal Salmonella (iNTS),1,Number,2021,7.670570433613166,12.42496109547958,4.432287249849582
6,Incidence,44639,Middle SDI,3,Both,235,95+ years,959,Invasive Non-typhoidal Salmonella (iNTS),1,Number,2021,13.093166747996184,20.56116093523724,7.944830548406665
6,Incidence,44639,Middle SDI,1,Male,235,95+ years,959,Invasive Non-typhoidal Salmonella (iNTS),3,Rate,2021,1.6258007483099999,2.43406589255,1.03504727671
6,Incidence,44639,Middle SDI,2,Female,235,95+ years,959,Invasive Non-typhoidal Salmonella (iNTS),3,Rate,2021,1.08519778086,1.75782757291,0.6270600510500001
6,Incidence,44639,Middle SDI,3,Both,235,95+ years,959,Invasive Non-typhoidal Salmonella (iNTS),3,Rate,2021,1.25851054124,1.97633149223,0.7636542928000001
6,Incidence,44636,Low-middle SDI,1,Male,235,95+ years,959,Invasive Non-typhoidal Salmonella (iNTS),1,Number,2021,3.3898821873471525,5.340302836441619,1.996515324868151
6,Incidence,44636,Low-middle SDI,2,Female,235,95+ years,959,Invasive Non-typhoidal Salmonella (iNTS),1,Number,2021,5.223029904997564,8.290580991784708,2.9554951110555385
6,Incidence,44636,Low-middle SDI,3,Both,235,95+ years,959,Invasive Non-typhoidal Salmonella (iNTS),1,Number,2021,8.612912092344702,13.685868046130436,4.943348420404728
6,Incidence,44636,Low-middle SDI,1,Male,235,95+ years,959,Invasive Non-typhoidal Salmonella (iNTS),3,Rate,2021,2.0755400167199998,3.2697337623700005,1.2224163619100001
6,Incidence,44636,Low-middle SDI,2,Female,235,95+ years,959,Invasive Non-typhoidal Salmonella (iNTS),3,Rate,2021,1.8000487040400002,2.85723992424,1.0185725989
6,Incidence,44636,Low-middle SDI,3,Both,235,95+ years,959,Invasive Non-typhoidal Salmonella (iNTS),3,Rate,2021,1.89926836102,3.01792656123,1.09007791461
6,Incidence,44635,High SDI,1,Male,235,95+ years,959,Invasive Non-typhoidal Salmonella (iNTS),1,Number,2021,8.022354060618401,13.897223170426482,4.1383011513447805
6,Incidence,44635,High SDI,2,Female,235,95+ years,959,Invasive Non-typhoidal Salmonella (iNTS),1,Number,2021,13.515486968538276,26.472162757130064,6.164812843223716
6,Incidence,44635,High SDI,3,Both,235,95+ years,959,Invasive Non-typhoidal Salmonella (iNTS),1,Number,2021,21.53784102915668,40.530275117813645,10.318015537976764
6,Incidence,44635,High SDI,1,Male,235,95+ years,959,Invasive Non-typhoidal Salmonella (iNTS),3,Rate,2021,1.13121171212,1.9596120412499998,0.58353130457
6,Incidence,44635,High SDI,2,Female,235,95+ years,959,Invasive Non-typhoidal Salmonella (iNTS),3,Rate,2021,0.65575157845,1.28439045914,0.29910766532
6,Incidence,44635,High SDI,3,Both,235,95+ years,959,Invasive Non-typhoidal Salmonella (iNTS),3,Rate,2021,0.77746907013,1.46305450326,0.37245784918999997
6,Incidence,44635,High SDI,1,Male,16,55-59 years,959,Invasive Non-typhoidal Salmonella (iNTS),1,Number,2021,196.86643931005665,331.5797676829463,112.49198444540946
6,Incidence,44635,High SDI,2,Female,16,55-59 years,959,Invasive Non-typhoidal Salmonella (iNTS),1,Number,2021,166.32379780872077,290.16511961433577,89.52718860280615
6,Incidence,44635,High SDI,3,Both,16,55-59 years,959,Invasive Non-typhoidal Salmonella (iNTS),1,Number,2021,363.19023711877753,629.2213889530645,203.81690006309103
6,Incidence,44635,High SDI,1,Male,16,55-59 years,959,Invasive Non-typhoidal Salmonella (iNTS),3,Rate,2021,0.54343225863,0.9152963943500001,0.31052409643
6,Incidence,44635,High SDI,2,Female,16,55-59 years,959,Invasive Non-typhoidal Salmonella (iNTS),3,Rate,2021,0.45555451177999995,0.7947511489200001,0.24521154057
6,Incidence,44635,High SDI,3,Both,16,55-59 years,959,Invasive Non-typhoidal Salmonella (iNTS),3,Rate,2021,0.49932201068000004,0.86506755135,0.28021200448
6,Incidence,44635,High SDI,1,Male,17,60-64 years,959,Invasive Non-typhoidal Salmonella (iNTS),1,Number,2021,189.778073435617,336.26526978069217,107.57454671912063
6,Incidence,44635,High SDI,2,Female,17,60-64 years,959,Invasive Non-typhoidal Salmonella (iNTS),1,Number,2021,163.21990801070658,293.0717431844635,89.28600696745119
6,Incidence,44635,High SDI,3,Both,17,60-64 years,959,Invasive Non-typhoidal Salmonella (iNTS),1,Number,2021,352.99798144632354,621.3826390676163,197.5745478226661
6,Incidence,44635,High SDI,1,Male,17,60-64 years,959,Invasive Non-typhoidal Salmonella (iNTS),3,Rate,2021,0.5693348523399999,1.0087969292399999,0.32272399842
6,Incidence,44635,High SDI,2,Female,17,60-64 years,959,Invasive Non-typhoidal Salmonella (iNTS),3,Rate,2021,0.46852634921999997,0.8412689087299999,0.2562974541
6,Incidence,44635,High SDI,3,Both,17,60-64 years,959,Invasive Non-typhoidal Salmonella (iNTS),3,Rate,2021,0.51781887649,0.91151699711,0.28982553939
6,Incidence,44635,High SDI,1,Male,18,65-69 years,959,Invasive Non-typhoidal Salmonella (iNTS),1,Number,2021,174.1380145636995,299.2782987923406,95.67182644389716
6,Incidence,44635,High SDI,2,Female,18,65-69 years,959,Invasive Non-typhoidal Salmonella (iNTS),1,Number,2021,151.90425919085723,274.71847163997074,78.6410817375652
6,Incidence,44635,High SDI,3,Both,18,65-69 years,959,Invasive Non-typhoidal Salmonella (iNTS),1,Number,2021,326.0422737545572,572.7419412309035,173.75588938935152
6,Incidence,44635,High SDI,1,Male,18,65-69 years,959,Invasive Non-typhoidal Salmonella (iNTS),3,Rate,2021,0.59936658033,1.0300876058700001,0.32929338027
6,Incidence,44635,High SDI,2,Female,18,65-69 years,959,Invasive Non-typhoidal Salmonella (iNTS),3,Rate,2021,0.48114142995,0.87014306894,0.24908769985
6,Incidence,44635,High SDI,3,Both,18,65-69 years,959,Invasive Non-typhoidal Salmonella (iNTS),3,Rate,2021,0.5377988647699999,0.9447240146299999,0.28660614768000003
6,Incidence,44635,High SDI,1,Male,19,70-74 years,959,Invasive Non-typhoidal Salmonella (iNTS),1,Number,2021,149.41143914865827,264.75625104113595,81.21052790695498
6,Incidence,44635,High SDI,2,Female,19,70-74 years,959,Invasive Non-typhoidal Salmonella (iNTS),1,Number,2021,131.7286127321679,242.95562760874077,66.6315246755875
6,Incidence,44635,High SDI,3,Both,19,70-74 years,959,Invasive Non-typhoidal Salmonella (iNTS),1,Number,2021,281.1400518808262,508.66934267089175,147.68904957287248
6,Incidence,44635,High SDI,1,Male,19,70-74 years,959,Invasive Non-typhoidal Salmonella (iNTS),3,Rate,2021,0.59698833298,1.05786005313,0.32448477809
6,Incidence,44635,High SDI,2,Female,19,70-74 years,959,Invasive Non-typhoidal Salmonella (iNTS),3,Rate,2021,0.46493028323,0.85750108814,0.23517300454
6,Incidence,44635,High SDI,3,Both,19,70-74 years,959,Invasive Non-typhoidal Salmonella (iNTS),3,Rate,2021,0.52686909803,0.9532692193,0.27677591939
6,Incidence,44635,High SDI,1,Male,20,75-79 years,959,Invasive Non-typhoidal Salmonella (iNTS),1,Number,2021,96.46922468934154,166.8597460935649,53.80177014698573
6,Incidence,44635,High SDI,2,Female,20,75-79 years,959,Invasive Non-typhoidal Salmonella (iNTS),1,Number,2021,87.47578830459476,161.6289421517431,45.07261647411509
6,Incidence,44635,High SDI,3,Both,20,75-79 years,959,Invasive Non-typhoidal Salmonella (iNTS),1,Number,2021,183.94501299393613,326.41071036845017,100.12809157163022
6,Incidence,44635,High SDI,1,Male,20,75-79 years,959,Invasive Non-typhoidal Salmonella (iNTS),3,Rate,2021,0.59070868497,1.02173000256,0.32944364376
6,Incidence,44635,High SDI,2,Female,20,75-79 years,959,Invasive Non-typhoidal Salmonella (iNTS),3,Rate,2021,0.43997386768,0.8129393536799999,0.22670013933
6,Incidence,44635,High SDI,3,Both,20,75-79 years,959,Invasive Non-typhoidal Salmonella (iNTS),3,Rate,2021,0.50795099512,0.9013598273300001,0.27649656234
6,Incidence,44635,High SDI,1,Male,30,80-84 years,959,Invasive Non-typhoidal Salmonella (iNTS),1,Number,2021,69.90610637988416,120.20410193079604,41.43349797164886
6,Incidence,44635,High SDI,2,Female,30,80-84 years,959,Invasive Non-typhoidal Salmonella (iNTS),1,Number,2021,71.0161427549586,131.5806136815146,38.13793029974152
6,Incidence,44635,High SDI,3,Both,30,80-84 years,959,Invasive Non-typhoidal Salmonella (iNTS),1,Number,2021,140.92224913484276,252.42793637512983,79.38341471345223
6,Incidence,44635,High SDI,1,Male,30,80-84 years,959,Invasive Non-typhoidal Salmonella (iNTS),3,Rate,2021,0.61677389352,1.06054758024,0.36556319883000005
6,Incidence,44635,High SDI,2,Female,30,80-84 years,959,Invasive Non-typhoidal Salmonella (iNTS),3,Rate,2021,0.45412110636999997,0.84140776369,0.24387749644
6,Incidence,44635,High SDI,3,Both,30,80-84 years,959,Invasive Non-typhoidal Salmonella (iNTS),3,Rate,2021,0.5224701708899999,0.93587824396,0.29431453518
6,Incidence,44635,High SDI,1,Male,31,85-89 years,959,Invasive Non-typhoidal Salmonella (iNTS),1,Number,2021,43.8778035128106,68.71672497551683,28.17343652931141
6,Incidence,44635,High SDI,2,Female,31,85-89 years,959,Invasive Non-typhoidal Salmonella (iNTS),1,Number,2021,51.67675005801741,84.27467079642203,31.578716543201637
6,Incidence,44635,High SDI,3,Both,31,85-89 years,959,Invasive Non-typhoidal Salmonella (iNTS),1,Number,2021,95.55455357082798,153.6399540707161,60.04138224324508
6,Incidence,44635,High SDI,1,Male,31,85-89 years,959,Invasive Non-typhoidal Salmonella (iNTS),3,Rate,2021,0.71070203908,1.1130255539,0.45633366272
6,Incidence,44635,High SDI,2,Female,31,85-89 years,959,Invasive Non-typhoidal Salmonella (iNTS),3,Rate,2021,0.50054048527,0.81628362018,0.30587113325
6,Incidence,44635,High SDI,3,Both,31,85-89 years,959,Invasive Non-typhoidal Salmonella (iNTS),3,Rate,2021,0.57918669082,0.9312608688,0.36393000851
6,Incidence,44635,High SDI,1,Male,32,90-94 years,959,Invasive Non-typhoidal Salmonella (iNTS),1,Number,2021,21.99484208054252,35.61298170259899,12.79457888316924
6,Incidence,44635,High SDI,2,Female,32,90-94 years,959,Invasive Non-typhoidal Salmonella (iNTS),1,Number,2021,30.01627361472152,53.07094112973806,16.386389018132835
6,Incidence,44635,High SDI,3,Both,32,90-94 years,959,Invasive Non-typhoidal Salmonella (iNTS),1,Number,2021,52.01111569526405,88.17037469186327,29.173408594099712
6,Incidence,44635,High SDI,1,Male,32,90-94 years,959,Invasive Non-typhoidal Salmonella (iNTS),3,Rate,2021,0.9114442995100001,1.47576641117,0.5301945767599999
6,Incidence,44635,High SDI,2,Female,32,90-94 years,959,Invasive Non-typhoidal Salmonella (iNTS),3,Rate,2021,0.57136473266,1.0102141418300001,0.31191762511
6,Incidence,44635,High SDI,3,Both,32,90-94 years,959,Invasive Non-typhoidal Salmonella (iNTS),3,Rate,2021,0.6784099572,1.15005531648,0.38052502069
6,Incidence,44639,Middle SDI,1,Male,16,55-59 years,959,Invasive Non-typhoidal Salmonella (iNTS),1,Number,2021,620.3749801026515,930.1754650281092,368.80013335165046
6,Incidence,44639,Middle SDI,2,Female,16,55-59 years,959,Invasive Non-typhoidal Salmonella (iNTS),1,Number,2021,626.8139526517994,945.7397585166416,367.0821651966909
6,Incidence,44639,Middle SDI,3,Both,16,55-59 years,959,Invasive Non-typhoidal Salmonella (iNTS),1,Number,2021,1247.188932754451,1881.521490099301,732.2252020037463
6,Incidence,44639,Middle SDI,1,Male,16,55-59 years,959,Invasive Non-typhoidal Salmonella (iNTS),3,Rate,2021,0.9186818114,1.37744962085,0.54613739338
6,Incidence,44639,Middle SDI,2,Female,16,55-59 years,959,Invasive Non-typhoidal Salmonella (iNTS),3,Rate,2021,0.8901491227199999,1.34306106748,0.52129960722
6,Incidence,44639,Middle SDI,3,Both,16,55-59 years,959,Invasive Non-typhoidal Salmonella (iNTS),3,Rate,2021,0.90411679845,1.36395949416,0.53080739253
6,Incidence,44639,Middle SDI,1,Male,17,60-64 years,959,Invasive Non-typhoidal Salmonella (iNTS),1,Number,2021,471.5888694774417,711.5257297852215,274.872198832222
6,Incidence,44639,Middle SDI,2,Female,17,60-64 years,959,Invasive Non-typhoidal Salmonella (iNTS),1,Number,2021,481.1464216639813,731.557372474507,277.76562344937474
6,Incidence,44639,Middle SDI,3,Both,17,60-64 years,959,Invasive Non-typhoidal Salmonella (iNTS),1,Number,2021,952.7352911414224,1444.0959341197797,553.2403705993356
6,Incidence,44639,Middle SDI,1,Male,17,60-64 years,959,Invasive Non-typhoidal Salmonella (iNTS),3,Rate,2021,0.9504319521100001,1.4339965001400001,0.55397261773
6,Incidence,44639,Middle SDI,2,Female,17,60-64 years,959,Invasive Non-typhoidal Salmonella (iNTS),3,Rate,2021,0.92236828346,1.40241158931,0.53248281556
6,Incidence,44639,Middle SDI,3,Both,17,60-64 years,959,Invasive Non-typhoidal Salmonella (iNTS),3,Rate,2021,0.93604914221,1.41880412426,0.54355095182
6,Incidence,44639,Middle SDI,1,Male,18,65-69 years,959,Invasive Non-typhoidal Salmonella (iNTS),1,Number,2021,369.73638828628526,568.14056012606,216.8814576350587
6,Incidence,44639,Middle SDI,2,Female,18,65-69 years,959,Invasive Non-typhoidal Salmonella (iNTS),1,Number,2021,377.6574956753832,589.1130341502951,221.85791047459628
6,Incidence,44639,Middle SDI,3,Both,18,65-69 years,959,Invasive Non-typhoidal Salmonella (iNTS),1,Number,2021,747.3938839616682,1161.3557049731355,439.2586816482756
6,Incidence,44639,Middle SDI,1,Male,18,65-69 years,959,Invasive Non-typhoidal Salmonella (iNTS),3,Rate,2021,0.8601404501100001,1.32170025076,0.5045446445099999
6,Incidence,44639,Middle SDI,2,Female,18,65-69 years,959,Invasive Non-typhoidal Salmonella (iNTS),3,Rate,2021,0.81830977627,1.2764924851,0.4807226102
6,Incidence,44639,Middle SDI,3,Both,18,65-69 years,959,Invasive Non-typhoidal Salmonella (iNTS),3,Rate,2021,0.8384823860499999,1.30289573336,0.49279325853
6,Incidence,44639,Middle SDI,1,Male,19,70-74 years,959,Invasive Non-typhoidal Salmonella (iNTS),1,Number,2021,257.12864858703665,402.9545339380246,157.41271741568875
6,Incidence,44639,Middle SDI,2,Female,19,70-74 years,959,Invasive Non-typhoidal Salmonella (iNTS),1,Number,2021,262.7742654930093,414.44227210812176,157.9269664127537
6,Incidence,44639,Middle SDI,3,Both,19,70-74 years,959,Invasive Non-typhoidal Salmonella (iNTS),1,Number,2021,519.9029140800452,816.4903588041511,317.0589123821119
6,Incidence,44639,Middle SDI,1,Male,19,70-74 years,959,Invasive Non-typhoidal Salmonella (iNTS),3,Rate,2021,0.8781108117099999,1.3761155547,0.53757451697
6,Incidence,44639,Middle SDI,2,Female,19,70-74 years,959,Invasive Non-typhoidal Salmonella (iNTS),3,Rate,2021,0.8123835335899999,1.28127492566,0.48824136861999995
6,Incidence,44639,Middle SDI,3,Both,19,70-74 years,959,Invasive Non-typhoidal Salmonella (iNTS),3,Rate,2021,0.84361324184,1.32486673928,0.51447124008
6,Incidence,44639,Middle SDI,1,Male,20,75-79 years,959,Invasive Non-typhoidal Salmonella (iNTS),1,Number,2021,166.47024624654438,249.28713907236107,106.83971635239406
6,Incidence,44639,Middle SDI,2,Female,20,75-79 years,959,Invasive Non-typhoidal Salmonella (iNTS),1,Number,2021,175.87066564610532,266.4320774588241,111.9005008492233
6,Incidence,44639,Middle SDI,3,Both,20,75-79 years,959,Invasive Non-typhoidal Salmonella (iNTS),1,Number,2021,342.3409118926495,519.3491464333842,219.5235844862363
6,Incidence,44639,Middle SDI,1,Male,20,75-79 years,959,Invasive Non-typhoidal Salmonella (iNTS),3,Rate,2021,0.9240440913099999,1.38374462159,0.59304657041
6,Incidence,44639,Middle SDI,2,Female,20,75-79 years,959,Invasive Non-typhoidal Salmonella (iNTS),3,Rate,2021,0.83091178818,1.25877475414,0.52868080596
6,Incidence,44639,Middle SDI,3,Both,20,75-79 years,959,Invasive Non-typhoidal Salmonella (iNTS),3,Rate,2021,0.8737335446300001,1.32549968423,0.5602751904300001
6,Incidence,44639,Middle SDI,1,Male,30,80-84 years,959,Invasive Non-typhoidal Salmonella (iNTS),1,Number,2021,101.21692262912887,152.10077298595695,64.06506569945785
6,Incidence,44639,Middle SDI,2,Female,30,80-84 years,959,Invasive Non-typhoidal Salmonella (iNTS),1,Number,2021,116.99780143681195,181.3500681531576,70.46259621511436
6,Incidence,44639,Middle SDI,3,Both,30,80-84 years,959,Invasive Non-typhoidal Salmonella (iNTS),1,Number,2021,218.21472406594063,333.35288968100906,135.1800479413615
6,Incidence,44639,Middle SDI,1,Male,30,80-84 years,959,Invasive Non-typhoidal Salmonella (iNTS),3,Rate,2021,0.98726530461,1.48358408923,0.6248877654
6,Incidence,44639,Middle SDI,2,Female,30,80-84 years,959,Invasive Non-typhoidal Salmonella (iNTS),3,Rate,2021,0.86228019653,1.33655992239,0.51931318851
6,Incidence,44639,Middle SDI,3,Both,30,80-84 years,959,Invasive Non-typhoidal Salmonella (iNTS),3,Rate,2021,0.91607291807,1.399426898,0.56749049136
6,Incidence,44639,Middle SDI,1,Male,31,85-89 years,959,Invasive Non-typhoidal Salmonella (iNTS),1,Number,2021,48.72491094682383,68.39019861250605,33.92082601553155
6,Incidence,44639,Middle SDI,2,Female,31,85-89 years,959,Invasive Non-typhoidal Salmonella (iNTS),1,Number,2021,63.87193403506683,92.02894301202076,42.61329834109091
6,Incidence,44639,Middle SDI,3,Both,31,85-89 years,959,Invasive Non-typhoidal Salmonella (iNTS),1,Number,2021,112.59684498189064,159.9313193449794,76.57248375641322
6,Incidence,44639,Middle SDI,1,Male,31,85-89 years,959,Invasive Non-typhoidal Salmonella (iNTS),3,Rate,2021,1.10413744872,1.54976536531,0.76866747558
6,Incidence,44639,Middle SDI,2,Female,31,85-89 years,959,Invasive Non-typhoidal Salmonella (iNTS),3,Rate,2021,0.9053458247299999,1.3044543048400001,0.60401759104
6,Incidence,44639,Middle SDI,3,Both,31,85-89 years,959,Invasive Non-typhoidal Salmonella (iNTS),3,Rate,2021,0.98184231682,1.39459802043,0.66771058166
6,Incidence,44639,Middle SDI,1,Male,32,90-94 years,959,Invasive Non-typhoidal Salmonella (iNTS),1,Number,2021,17.465470527229893,24.455870726178567,12.010746442287608
6,Incidence,44639,Middle SDI,2,Female,32,90-94 years,959,Invasive Non-typhoidal Salmonella (iNTS),1,Number,2021,24.91802356832096,37.73891773578954,15.9547440537322
6,Incidence,44639,Middle SDI,3,Both,32,90-94 years,959,Invasive Non-typhoidal Salmonella (iNTS),1,Number,2021,42.38349409555084,62.182651955141154,27.96424641180795
6,Incidence,44639,Middle SDI,1,Male,32,90-94 years,959,Invasive Non-typhoidal Salmonella (iNTS),3,Rate,2021,1.3336177006599998,1.86738639733,0.91710922008
6,Incidence,44639,Middle SDI,2,Female,32,90-94 years,959,Invasive Non-typhoidal Salmonella (iNTS),3,Rate,2021,0.9788108210500001,1.4824314197,0.6267221027400001
6,Incidence,44639,Middle SDI,3,Both,32,90-94 years,959,Invasive Non-typhoidal Salmonella (iNTS),3,Rate,2021,1.09933502728,1.6128818268099998,0.72533131701
6,Incidence,44637,Low SDI,1,Male,16,55-59 years,959,Invasive Non-typhoidal Salmonella (iNTS),1,Number,2021,1386.6626310183,1920.6887961741072,905.782719665303
6,Incidence,44637,Low SDI,2,Female,16,55-59 years,959,Invasive Non-typhoidal Salmonella (iNTS),1,Number,2021,1073.6315045525755,1473.7303513941397,700.4717650895927
6,Incidence,44637,Low SDI,3,Both,16,55-59 years,959,Invasive Non-typhoidal Salmonella (iNTS),1,Number,2021,2460.2941355708745,3379.116237461269,1611.4104142838758
6,Incidence,44637,Low SDI,1,Male,16,55-59 years,959,Invasive Non-typhoidal Salmonella (iNTS),3,Rate,2021,11.008630459439999,15.24823177008,7.19095403186
6,Incidence,44637,Low SDI,2,Female,16,55-59 years,959,Invasive Non-typhoidal Salmonella (iNTS),3,Rate,2021,8.43058817543,11.57232590656,5.50038719519
6,Incidence,44637,Low SDI,3,Both,16,55-59 years,959,Invasive Non-typhoidal Salmonella (iNTS),3,Rate,2021,9.71254557329,13.339795424970001,6.36139267242
6,Incidence,44637,Low SDI,1,Male,17,60-64 years,959,Invasive Non-typhoidal Salmonella (iNTS),1,Number,2021,922.4342091732076,1343.5996976713727,579.5837156526418
6,Incidence,44637,Low SDI,2,Female,17,60-64 years,959,Invasive Non-typhoidal Salmonella (iNTS),1,Number,2021,698.0488394089075,1019.2999380543506,427.948289144715
6,Incidence,44637,Low SDI,3,Both,17,60-64 years,959,Invasive Non-typhoidal Salmonella (iNTS),1,Number,2021,1620.4830485821144,2348.634162915853,1010.7920676384972
6,Incidence,44637,Low SDI,1,Male,17,60-64 years,959,Invasive Non-typhoidal Salmonella (iNTS),3,Rate,2021,9.46939848271,13.79294134147,5.94981094914
6,Incidence,44637,Low SDI,2,Female,17,60-64 years,959,Invasive Non-typhoidal Salmonella (iNTS),3,Rate,2021,6.99762007354,10.218015280309999,4.28998569941
6,Incidence,44637,Low SDI,3,Both,17,60-64 years,959,Invasive Non-typhoidal Salmonella (iNTS),3,Rate,2021,8.21882247645,11.9118847087,5.12657048267
6,Incidence,44637,Low SDI,1,Male,18,65-69 years,959,Invasive Non-typhoidal Salmonella (iNTS),1,Number,2021,581.3118308961015,865.3448729793763,384.00314513053
6,Incidence,44637,Low SDI,2,Female,18,65-69 years,959,Invasive Non-typhoidal Salmonella (iNTS),1,Number,2021,437.74864343572574,647.8046731504179,289.0599311441206
6,Incidence,44637,Low SDI,3,Both,18,65-69 years,959,Invasive Non-typhoidal Salmonella (iNTS),1,Number,2021,1019.0604743318275,1521.7827011451477,671.4742891996275
6,Incidence,44637,Low SDI,1,Male,18,65-69 years,959,Invasive Non-typhoidal Salmonella (iNTS),3,Rate,2021,7.86203942958,11.70348709582,5.19350838507
6,Incidence,44637,Low SDI,2,Female,18,65-69 years,959,Invasive Non-typhoidal Salmonella (iNTS),3,Rate,2021,5.69809617969,8.432358132040001,3.7626416758900003
6,Incidence,44637,Low SDI,3,Both,18,65-69 years,959,Invasive Non-typhoidal Salmonella (iNTS),3,Rate,2021,6.759366008060001,10.09389189441,4.45384802966
6,Incidence,44637,Low SDI,1,Male,19,70-74 years,959,Invasive Non-typhoidal Salmonella (iNTS),1,Number,2021,356.4919515789982,535.984626476899,232.10291815051465
6,Incidence,44637,Low SDI,2,Female,19,70-74 years,959,Invasive Non-typhoidal Salmonella (iNTS),1,Number,2021,276.9766644040165,415.0189800297604,176.16869375064638
6,Incidence,44637,Low SDI,3,Both,19,70-74 years,959,Invasive Non-typhoidal Salmonella (iNTS),1,Number,2021,633.4686159830154,950.8820751811091,406.1994595008821
6,Incidence,44637,Low SDI,1,Male,19,70-74 years,959,Invasive Non-typhoidal Salmonella (iNTS),3,Rate,2021,7.042240362889999,10.58798818246,4.58502507926
6,Incidence,44637,Low SDI,2,Female,19,70-74 years,959,Invasive Non-typhoidal Salmonella (iNTS),3,Rate,2021,5.21785413183,7.81837886739,3.31877253473
6,Incidence,44637,Low SDI,3,Both,19,70-74 years,959,Invasive Non-typhoidal Salmonella (iNTS),3,Rate,2021,6.108404184419999,9.1691551884,3.91689566858
6,Incidence,44637,Low SDI,1,Male,20,75-79 years,959,Invasive Non-typhoidal Salmonella (iNTS),1,Number,2021,215.84298109613525,305.8330009664128,141.78569880033027
6,Incidence,44637,Low SDI,2,Female,20,75-79 years,959,Invasive Non-typhoidal Salmonella (iNTS),1,Number,2021,176.49454493230698,249.2104272218833,116.6431564452745
6,Incidence,44637,Low SDI,3,Both,20,75-79 years,959,Invasive Non-typhoidal Salmonella (iNTS),1,Number,2021,392.3375260284423,552.7568781550023,258.1002462528793
6,Incidence,44637,Low SDI,1,Male,20,75-79 years,959,Invasive Non-typhoidal Salmonella (iNTS),3,Rate,2021,6.972194772009999,9.8790669014,4.57998450031
6,Incidence,44637,Low SDI,2,Female,20,75-79 years,959,Invasive Non-typhoidal Salmonella (iNTS),3,Rate,2021,5.30800651343,7.494909099969999,3.50799869988
6,Incidence,44637,Low SDI,3,Both,20,75-79 years,959,Invasive Non-typhoidal Salmonella (iNTS),3,Rate,2021,6.11038568735,8.60880617526,4.01973287279
6,Incidence,44637,Low SDI,1,Male,30,80-84 years,959,Invasive Non-typhoidal Salmonella (iNTS),1,Number,2021,112.90849664205383,155.9020973511291,72.00804209994837
6,Incidence,44637,Low SDI,2,Female,30,80-84 years,959,Invasive Non-typhoidal Salmonella (iNTS),1,Number,2021,98.79021775856926,138.97304665109226,62.30876768620702
6,Incidence,44637,Low SDI,3,Both,30,80-84 years,959,Invasive Non-typhoidal Salmonella (iNTS),1,Number,2021,211.698714400623,295.2125905015069,134.41970669830098
6,Incidence,44637,Low SDI,1,Male,30,80-84 years,959,Invasive Non-typhoidal Salmonella (iNTS),3,Rate,2021,7.25108604187,10.012174066790001,4.62442176188
6,Incidence,44637,Low SDI,2,Female,30,80-84 years,959,Invasive Non-typhoidal Salmonella (iNTS),3,Rate,2021,5.4400504970900005,7.65278596069,3.4311377210700003
6,Incidence,44637,Low SDI,3,Both,30,80-84 years,959,Invasive Non-typhoidal Salmonella (iNTS),3,Rate,2021,6.27607819455,8.75195348848,3.98504352053
6,Incidence,44637,Low SDI,1,Male,31,85-89 years,959,Invasive Non-typhoidal Salmonella (iNTS),1,Number,2021,48.02727492907158,64.1751568087758,35.62236595589826
6,Incidence,44637,Low SDI,2,Female,31,85-89 years,959,Invasive Non-typhoidal Salmonella (iNTS),1,Number,2021,43.86511292387664,58.89122447099464,31.996018704036373
6,Incidence,44637,Low SDI,3,Both,31,85-89 years,959,Invasive Non-typhoidal Salmonella (iNTS),1,Number,2021,91.8923878529482,123.43292378004004,67.66511694087833
6,Incidence,44637,Low SDI,1,Male,31,85-89 years,959,Invasive Non-typhoidal Salmonella (iNTS),3,Rate,2021,8.12962571271,10.86299411491,6.02983414425
6,Incidence,44637,Low SDI,2,Female,31,85-89 years,959,Invasive Non-typhoidal Salmonella (iNTS),3,Rate,2021,5.89430129331,7.913409938470001,4.2994115792
6,Incidence,44637,Low SDI,3,Both,31,85-89 years,959,Invasive Non-typhoidal Salmonella (iNTS),3,Rate,2021,6.88351116315,9.24616204446,5.0686852165
6,Incidence,44637,Low SDI,1,Male,32,90-94 years,959,Invasive Non-typhoidal Salmonella (iNTS),1,Number,2021,14.22435816703951,19.95011281998525,10.130008170699371
6,Incidence,44637,Low SDI,2,Female,32,90-94 years,959,Invasive Non-typhoidal Salmonella (iNTS),1,Number,2021,13.404220236464006,18.936082817894484,9.623943254735796
6,Incidence,44637,Low SDI,3,Both,32,90-94 years,959,Invasive Non-typhoidal Salmonella (iNTS),1,Number,2021,27.6285784035035,38.87196747642659,19.77773920375438
6,Incidence,44637,Low SDI,1,Male,32,90-94 years,959,Invasive Non-typhoidal Salmonella (iNTS),3,Rate,2021,9.205868775699999,12.91152251121,6.55604455548
6,Incidence,44637,Low SDI,2,Female,32,90-94 years,959,Invasive Non-typhoidal Salmonella (iNTS),3,Rate,2021,6.5723345223,9.28470799686,4.718795526929999
6,Incidence,44637,Low SDI,3,Both,32,90-94 years,959,Invasive Non-typhoidal Salmonella (iNTS),3,Rate,2021,7.70750824464,10.84406173327,5.51736994018
6,Incidence,44637,Low SDI,1,Male,235,95+ years,959,Invasive Non-typhoidal Salmonella (iNTS),1,Number,2021,2.7927347789302583,4.354999120762461,1.6299521514456476
6,Incidence,44637,Low SDI,2,Female,235,95+ years,959,Invasive Non-typhoidal Salmonella (iNTS),1,Number,2021,3.5490414663082697,5.601200775764365,2.036463926869001
6,Incidence,44637,Low SDI,3,Both,235,95+ years,959,Invasive Non-typhoidal Salmonella (iNTS),1,Number,2021,6.341776245238542,9.872113891690596,3.656720605664916
6,Incidence,44637,Low SDI,1,Male,235,95+ years,959,Invasive Non-typhoidal Salmonella (iNTS),3,Rate,2021,10.12745247218,15.792780232719998,5.91078790233
6,Incidence,44637,Low SDI,2,Female,235,95+ years,959,Invasive Non-typhoidal Salmonella (iNTS),3,Rate,2021,7.317009521139999,11.54791788012,4.1985494066
6,Incidence,44637,Low SDI,3,Both,235,95+ years,959,Invasive Non-typhoidal Salmonella (iNTS),3,Rate,2021,8.33568174349,12.97598596267,4.80642299806
6,Incidence,44639,Middle SDI,1,Male,11,30-34 years,959,Invasive Non-typhoidal Salmonella (iNTS),1,Number,2021,1425.6389888206568,2134.510818936053,914.2837533767153
6,Incidence,44639,Middle SDI,2,Female,11,30-34 years,959,Invasive Non-typhoidal Salmonella (iNTS),1,Number,2021,1338.385317212422,2000.1882281768465,855.4681352955545
6,Incidence,44639,Middle SDI,3,Both,11,30-34 years,959,Invasive Non-typhoidal Salmonella (iNTS),1,Number,2021,2764.024306033079,4141.683362123286,1791.1618790711327
6,Incidence,44639,Middle SDI,1,Male,11,30-34 years,959,Invasive Non-typhoidal Salmonella (iNTS),3,Rate,2021,1.4152430437099999,2.1189456881499997,0.90761667721
6,Incidence,44639,Middle SDI,2,Female,11,30-34 years,959,Invasive Non-typhoidal Salmonella (iNTS),3,Rate,2021,1.35528299706,2.0254414492599997,0.8662687817799999
6,Incidence,44639,Middle SDI,3,Both,11,30-34 years,959,Invasive Non-typhoidal Salmonella (iNTS),3,Rate,2021,1.38556079068,2.0761590487599997,0.8978805519099999
6,Incidence,44639,Middle SDI,1,Male,12,35-39 years,959,Invasive Non-typhoidal Salmonella (iNTS),1,Number,2021,1335.9340424999034,1945.0914751496784,837.5300607494019
6,Incidence,44639,Middle SDI,2,Female,12,35-39 years,959,Invasive Non-typhoidal Salmonella (iNTS),1,Number,2021,1233.25673012706,1816.045821046976,771.7908096550218
6,Incidence,44639,Middle SDI,3,Both,12,35-39 years,959,Invasive Non-typhoidal Salmonella (iNTS),1,Number,2021,2569.190772626961,3751.995681991096,1609.3208704044237
6,Incidence,44639,Middle SDI,1,Male,12,35-39 years,959,Invasive Non-typhoidal Salmonella (iNTS),3,Rate,2021,1.4368249849399999,2.0919865357,0.90078108548
6,Incidence,44639,Middle SDI,2,Female,12,35-39 years,959,Invasive Non-typhoidal Salmonella (iNTS),3,Rate,2021,1.34564997043,1.9815517286,0.8421282080400001
6,Incidence,44639,Middle SDI,3,Both,12,35-39 years,959,Invasive Non-typhoidal Salmonella (iNTS),3,Rate,2021,1.3915660126,2.03221564008,0.87166599323
6,Incidence,44639,Middle SDI,1,Male,13,40-44 years,959,Invasive Non-typhoidal Salmonella (iNTS),1,Number,2021,1140.32119475537,1622.949077340963,713.1774423977504
6,Incidence,44639,Middle SDI,2,Female,13,40-44 years,959,Invasive Non-typhoidal Salmonella (iNTS),1,Number,2021,1026.9028046707542,1474.136218610898,628.2600878826177
6,Incidence,44639,Middle SDI,3,Both,13,40-44 years,959,Invasive Non-typhoidal Salmonella (iNTS),1,Number,2021,2167.2239994261254,3089.285156288374,1340.4009234109603
6,Incidence,44639,Middle SDI,1,Male,13,40-44 years,959,Invasive Non-typhoidal Salmonella (iNTS),3,Rate,2021,1.3727676349,1.95377581046,0.8585536385400001
6,Incidence,44639,Middle SDI,2,Female,13,40-44 years,959,Invasive Non-typhoidal Salmonella (iNTS),3,Rate,2021,1.25460325655,1.8010040405499999,0.76756743543
6,Incidence,44639,Middle SDI,3,Both,13,40-44 years,959,Invasive Non-typhoidal Salmonella (iNTS),3,Rate,2021,1.3141212636400001,1.8732236789599999,0.8127675569
6,Incidence,44639,Middle SDI,1,Male,14,45-49 years,959,Invasive Non-typhoidal Salmonella (iNTS),1,Number,2021,937.793218554377,1392.4190138280603,584.6191357100718
6,Incidence,44639,Middle SDI,2,Female,14,45-49 years,959,Invasive Non-typhoidal Salmonella (iNTS),1,Number,2021,859.5152891763461,1299.5808880600848,537.04183871732
6,Incidence,44639,Middle SDI,3,Both,14,45-49 years,959,Invasive Non-typhoidal Salmonella (iNTS),1,Number,2021,1797.3085077307248,2688.7225055994195,1122.445386229239
6,Incidence,44639,Middle SDI,1,Male,14,45-49 years,959,Invasive Non-typhoidal Salmonella (iNTS),3,Rate,2021,1.15003586123,1.7075531877199999,0.71693093736
6,Incidence,44639,Middle SDI,2,Female,14,45-49 years,959,Invasive Non-typhoidal Salmonella (iNTS),3,Rate,2021,1.05967671229,1.60222350917,0.66210658167
6,Incidence,44639,Middle SDI,3,Both,14,45-49 years,959,Invasive Non-typhoidal Salmonella (iNTS),3,Rate,2021,1.1049767264099999,1.65301381464,0.69007408751
6,Incidence,44639,Middle SDI,1,Male,15,50-54 years,959,Invasive Non-typhoidal Salmonella (iNTS),1,Number,2021,770.8929333741506,1170.768676204418,491.3473735995987
6,Incidence,44639,Middle SDI,2,Female,15,50-54 years,959,Invasive Non-typhoidal Salmonella (iNTS),1,Number,2021,743.9413732443916,1129.4180164051058,466.0249499631192
6,Incidence,44639,Middle SDI,3,Both,15,50-54 years,959,Invasive Non-typhoidal Salmonella (iNTS),1,Number,2021,1514.8343066185423,2297.37300078591,960.1163019588756
6,Incidence,44639,Middle SDI,1,Male,15,50-54 years,959,Invasive Non-typhoidal Salmonella (iNTS),3,Rate,2021,0.9903164931699999,1.50401110133,0.63120231991
6,Incidence,44639,Middle SDI,2,Female,15,50-54 years,959,Invasive Non-typhoidal Salmonella (iNTS),3,Rate,2021,0.94268334094,1.43113904846,0.59052228118
6,Incidence,44639,Middle SDI,3,Both,15,50-54 years,959,Invasive Non-typhoidal Salmonella (iNTS),3,Rate,2021,0.966336694,1.46553046809,0.6124733306
6,Incidence,44636,Low-middle SDI,1,Male,1,<5 years,959,Invasive Non-typhoidal Salmonella (iNTS),1,Number,2021,32611.085561855627,42187.014124580906,24673.91477132447
6,Incidence,44636,Low-middle SDI,2,Female,1,<5 years,959,Invasive Non-typhoidal Salmonella (iNTS),1,Number,2021,24783.49274409981,32164.5707940218,18716.08789950263
6,Incidence,44636,Low-middle SDI,3,Both,1,<5 years,959,Invasive Non-typhoidal Salmonella (iNTS),1,Number,2021,57394.578305955394,74264.11261988823,43338.049709040766
6,Incidence,44636,Low-middle SDI,1,Male,1,<5 years,959,Invasive Non-typhoidal Salmonella (iNTS),3,Rate,2021,33.02783804049,42.72614192114,24.98923439228
6,Incidence,44636,Low-middle SDI,2,Female,1,<5 years,959,Invasive Non-typhoidal Salmonella (iNTS),3,Rate,2021,26.694933126440002,34.6452808429,20.15957637709
6,Incidence,44636,Low-middle SDI,3,Both,1,<5 years,959,Invasive Non-typhoidal Salmonella (iNTS),3,Rate,2021,29.95887746783,38.7644532969,22.62163708228
6,Incidence,44636,Low-middle SDI,1,Male,6,5-9 years,959,Invasive Non-typhoidal Salmonella (iNTS),1,Number,2021,13013.154509737,18920.91046135754,8113.430559519295
6,Incidence,44636,Low-middle SDI,2,Female,6,5-9 years,959,Invasive Non-typhoidal Salmonella (iNTS),1,Number,2021,10198.371751037655,14732.953324494814,6315.658487312344
6,Incidence,44636,Low-middle SDI,3,Both,6,5-9 years,959,Invasive Non-typhoidal Salmonella (iNTS),1,Number,2021,23211.52626077467,33624.220702730825,14434.896273219269
6,Incidence,44636,Low-middle SDI,1,Male,6,5-9 years,959,Invasive Non-typhoidal Salmonella (iNTS),3,Rate,2021,12.97384449305,18.86375435018,8.08892158359
6,Incidence,44636,Low-middle SDI,2,Female,6,5-9 years,959,Invasive Non-typhoidal Salmonella (iNTS),3,Rate,2021,10.78444491126,15.579616765,6.678602496309999
6,Incidence,44636,Low-middle SDI,3,Both,6,5-9 years,959,Invasive Non-typhoidal Salmonella (iNTS),3,Rate,2021,11.911375440819999,17.254820393790002,7.407503799100001
6,Incidence,44636,Low-middle SDI,1,Male,7,10-14 years,959,Invasive Non-typhoidal Salmonella (iNTS),1,Number,2021,7466.557280228565,11442.36608709374,4575.7126837057685
6,Incidence,44636,Low-middle SDI,2,Female,7,10-14 years,959,Invasive Non-typhoidal Salmonella (iNTS),1,Number,2021,5990.918909651771,9228.796189270077,3641.985183563019
6,Incidence,44636,Low-middle SDI,3,Both,7,10-14 years,959,Invasive Non-typhoidal Salmonella (iNTS),1,Number,2021,13457.476189880332,20656.604723757235,8137.291260300405
6,Incidence,44636,Low-middle SDI,1,Male,7,10-14 years,959,Invasive Non-typhoidal Salmonella (iNTS),3,Rate,2021,7.50617810066,11.50308428894,4.59999341762
6,Incidence,44636,Low-middle SDI,2,Female,7,10-14 years,959,Invasive Non-typhoidal Salmonella (iNTS),3,Rate,2021,6.37856563477,9.825952096990001,3.87764245929
6,Incidence,44636,Low-middle SDI,3,Both,7,10-14 years,959,Invasive Non-typhoidal Salmonella (iNTS),3,Rate,2021,6.95855036495,10.68105358769,4.20760551757
6,Incidence,44636,Low-middle SDI,1,Male,8,15-19 years,959,Invasive Non-typhoidal Salmonella (iNTS),1,Number,2021,5030.2985197301,7514.11347563169,3210.2306889181773
6,Incidence,44636,Low-middle SDI,2,Female,8,15-19 years,959,Invasive Non-typhoidal Salmonella (iNTS),1,Number,2021,4235.695324211733,6370.007411224409,2670.935517810435
6,Incidence,44636,Low-middle SDI,3,Both,8,15-19 years,959,Invasive Non-typhoidal Salmonella (iNTS),1,Number,2021,9265.99384394184,13873.103035161252,5900.87522395865
6,Incidence,44636,Low-middle SDI,1,Male,8,15-19 years,959,Invasive Non-typhoidal Salmonella (iNTS),3,Rate,2021,5.3431225290199995,7.98140087309,3.4098683905200002
6,Incidence,44636,Low-middle SDI,2,Female,8,15-19 years,959,Invasive Non-typhoidal Salmonella (iNTS),3,Rate,2021,4.68544297317,7.04637708321,2.95453640921
6,Incidence,44636,Low-middle SDI,3,Both,8,15-19 years,959,Invasive Non-typhoidal Salmonella (iNTS),3,Rate,2021,5.02095433456,7.517403744409999,3.19750104872
6,Incidence,44636,Low-middle SDI,1,Male,9,20-24 years,959,Invasive Non-typhoidal Salmonella (iNTS),1,Number,2021,4040.25143403418,5858.297331189904,2750.7507180378634
6,Incidence,44636,Low-middle SDI,2,Female,9,20-24 years,959,Invasive Non-typhoidal Salmonella (iNTS),1,Number,2021,3612.97394864936,5362.884036502761,2452.386832540825
6,Incidence,44636,Low-middle SDI,3,Both,9,20-24 years,959,Invasive Non-typhoidal Salmonella (iNTS),1,Number,2021,7653.225382683537,11196.498363803246,5214.8340527041455
6,Incidence,44636,Low-middle SDI,1,Male,9,20-24 years,959,Invasive Non-typhoidal Salmonella (iNTS),3,Rate,2021,4.6019161609,6.67270183649,3.1331525749399995
6,Incidence,44636,Low-middle SDI,2,Female,9,20-24 years,959,Invasive Non-typhoidal Salmonella (iNTS),3,Rate,2021,4.1524132818199995,6.16359575756,2.81854333863
6,Incidence,44636,Low-middle SDI,3,Both,9,20-24 years,959,Invasive Non-typhoidal Salmonella (iNTS),3,Rate,2021,4.37817526332,6.40517294618,2.98324644973
6,Incidence,44636,Low-middle SDI,1,Male,10,25-29 years,959,Invasive Non-typhoidal Salmonella (iNTS),1,Number,2021,3585.957263557607,5037.165495167073,2438.22214010062
6,Incidence,44636,Low-middle SDI,2,Female,10,25-29 years,959,Invasive Non-typhoidal Salmonella (iNTS),1,Number,2021,3319.7625017993983,4644.76555785177,2250.5367034121937
6,Incidence,44636,Low-middle SDI,3,Both,10,25-29 years,959,Invasive Non-typhoidal Salmonella (iNTS),1,Number,2021,6905.719765357017,9643.835474418229,4713.570208979214
6,Incidence,44636,Low-middle SDI,1,Male,10,25-29 years,959,Invasive Non-typhoidal Salmonella (iNTS),3,Rate,2021,4.44749985151,6.24736747965,3.0240161298799997
6,Incidence,44636,Low-middle SDI,2,Female,10,25-29 years,959,Invasive Non-typhoidal Salmonella (iNTS),3,Rate,2021,4.08601553965,5.71684999668,2.76999572641
6,Incidence,44636,Low-middle SDI,3,Both,10,25-29 years,959,Invasive Non-typhoidal Salmonella (iNTS),3,Rate,2021,4.2660673005100005,5.957561639750001,2.91184820995
6,Incidence,44635,High SDI,1,Male,1,<5 years,959,Invasive Non-typhoidal Salmonella (iNTS),1,Number,2021,658.7824251331982,932.7102299922412,466.9491565282466
6,Incidence,44635,High SDI,2,Female,1,<5 years,959,Invasive Non-typhoidal Salmonella (iNTS),1,Number,2021,553.3799648571294,817.7607534099614,379.4154260913066
6,Incidence,44635,High SDI,3,Both,1,<5 years,959,Invasive Non-typhoidal Salmonella (iNTS),1,Number,2021,1212.1623899903284,1755.1831387160214,854.845914651083
6,Incidence,44635,High SDI,1,Male,1,<5 years,959,Invasive Non-typhoidal Salmonella (iNTS),3,Rate,2021,2.3853545266,3.3772069263400004,1.69075440042
6,Incidence,44635,High SDI,2,Female,1,<5 years,959,Invasive Non-typhoidal Salmonella (iNTS),3,Rate,2021,2.1098500104299998,3.11784423666,1.44658226089
6,Incidence,44635,High SDI,3,Both,1,<5 years,959,Invasive Non-typhoidal Salmonella (iNTS),3,Rate,2021,2.2511566968,3.2596228933199995,1.58756955453
6,Incidence,44635,High SDI,1,Male,6,5-9 years,959,Invasive Non-typhoidal Salmonella (iNTS),1,Number,2021,484.5773769397181,713.8816611043908,320.131170051072
6,Incidence,44635,High SDI,2,Female,6,5-9 years,959,Invasive Non-typhoidal Salmonella (iNTS),1,Number,2021,439.9195865401616,655.2408907015713,289.5651950890747
6,Incidence,44635,High SDI,3,Both,6,5-9 years,959,Invasive Non-typhoidal Salmonella (iNTS),1,Number,2021,924.4969634798794,1373.886909016422,613.4647043634527
6,Incidence,44635,High SDI,1,Male,6,5-9 years,959,Invasive Non-typhoidal Salmonella (iNTS),3,Rate,2021,1.6084651607200002,2.36959840761,1.06261633
6,Incidence,44635,High SDI,2,Female,6,5-9 years,959,Invasive Non-typhoidal Salmonella (iNTS),3,Rate,2021,1.53928961987,2.29270424057,1.01319584923
6,Incidence,44635,High SDI,3,Both,6,5-9 years,959,Invasive Non-typhoidal Salmonella (iNTS),3,Rate,2021,1.57478901282,2.3402802763499997,1.04497636482
6,Incidence,44635,High SDI,1,Male,7,10-14 years,959,Invasive Non-typhoidal Salmonella (iNTS),1,Number,2021,342.32978197563176,531.5880231500817,201.37998473566583
6,Incidence,44635,High SDI,2,Female,7,10-14 years,959,Invasive Non-typhoidal Salmonella (iNTS),1,Number,2021,320.0005082466132,507.9862502954721,188.07231662697063
6,Incidence,44635,High SDI,3,Both,7,10-14 years,959,Invasive Non-typhoidal Salmonella (iNTS),1,Number,2021,662.3302902222447,1043.2010427896744,384.7506652317705
6,Incidence,44635,High SDI,1,Male,7,10-14 years,959,Invasive Non-typhoidal Salmonella (iNTS),3,Rate,2021,1.1109664449199999,1.7251682071999999,0.6535405842500001
6,Incidence,44635,High SDI,2,Female,7,10-14 years,959,Invasive Non-typhoidal Salmonella (iNTS),3,Rate,2021,1.0969988884,1.7414358338,0.64473373311
6,Incidence,44635,High SDI,3,Both,7,10-14 years,959,Invasive Non-typhoidal Salmonella (iNTS),3,Rate,2021,1.10417397369,1.7391254148900002,0.64141966204
6,Incidence,44635,High SDI,1,Male,8,15-19 years,959,Invasive Non-typhoidal Salmonella (iNTS),1,Number,2021,252.75610805450347,414.3850856370229,140.85774493361103
6,Incidence,44635,High SDI,2,Female,8,15-19 years,959,Invasive Non-typhoidal Salmonella (iNTS),1,Number,2021,232.36047130063943,384.20724875762335,125.7578996629418
6,Incidence,44635,High SDI,3,Both,8,15-19 years,959,Invasive Non-typhoidal Salmonella (iNTS),1,Number,2021,485.1165793551429,798.6729634728902,268.23461096462773
6,Incidence,44635,High SDI,1,Male,8,15-19 years,959,Invasive Non-typhoidal Salmonella (iNTS),3,Rate,2021,0.8128664569,1.33266704788,0.45300007558
6,Incidence,44635,High SDI,2,Female,8,15-19 years,959,Invasive Non-typhoidal Salmonella (iNTS),3,Rate,2021,0.7987131592300001,1.32066949141,0.43227872958
6,Incidence,44635,High SDI,3,Both,8,15-19 years,959,Invasive Non-typhoidal Salmonella (iNTS),3,Rate,2021,0.8060252679,1.3270018316,0.44567405725000003
6,Incidence,44635,High SDI,1,Male,9,20-24 years,959,Invasive Non-typhoidal Salmonella (iNTS),1,Number,2021,233.01310138644624,398.2177891382785,123.40742973642838
6,Incidence,44635,High SDI,2,Female,9,20-24 years,959,Invasive Non-typhoidal Salmonella (iNTS),1,Number,2021,207.93403463787573,365.4141977812201,112.83240463834426
6,Incidence,44635,High SDI,3,Both,9,20-24 years,959,Invasive Non-typhoidal Salmonella (iNTS),1,Number,2021,440.94713602432216,765.1097679681898,235.18632712013837
6,Incidence,44635,High SDI,1,Male,9,20-24 years,959,Invasive Non-typhoidal Salmonella (iNTS),3,Rate,2021,0.68774647799,1.1753540051,0.36424142958
6,Incidence,44635,High SDI,2,Female,9,20-24 years,959,Invasive Non-typhoidal Salmonella (iNTS),3,Rate,2021,0.65961294433,1.15917500143,0.35792944993
6,Incidence,44635,High SDI,3,Both,9,20-24 years,959,Invasive Non-typhoidal Salmonella (iNTS),3,Rate,2021,0.67418664581,1.1698154858,0.35958841337
6,Incidence,44635,High SDI,1,Male,10,25-29 years,959,Invasive Non-typhoidal Salmonella (iNTS),1,Number,2021,233.987042779718,374.6164925590212,136.35644635587926
6,Incidence,44635,High SDI,2,Female,10,25-29 years,959,Invasive Non-typhoidal Salmonella (iNTS),1,Number,2021,200.89930360661785,333.7015435040717,112.36085774294486
6,Incidence,44635,High SDI,3,Both,10,25-29 years,959,Invasive Non-typhoidal Salmonella (iNTS),1,Number,2021,434.8863463863359,708.5250550551141,246.11065365888936
6,Incidence,44635,High SDI,1,Male,10,25-29 years,959,Invasive Non-typhoidal Salmonella (iNTS),3,Rate,2021,0.63542050961,1.01731702654,0.37029265212
6,Incidence,44635,High SDI,2,Female,10,25-29 years,959,Invasive Non-typhoidal Salmonella (iNTS),3,Rate,2021,0.58132010188,0.9655952598399999,0.32512619057000003
6,Incidence,44635,High SDI,3,Both,10,25-29 years,959,Invasive Non-typhoidal Salmonella (iNTS),3,Rate,2021,0.6092285436,0.99256665789,0.34477429871
6,Incidence,44639,Middle SDI,1,Male,1,<5 years,959,Invasive Non-typhoidal Salmonella (iNTS),1,Number,2021,10923.514598139156,15226.485772401424,7900.52243508253
6,Incidence,44639,Middle SDI,2,Female,1,<5 years,959,Invasive Non-typhoidal Salmonella (iNTS),1,Number,2021,7975.637755359256,10739.624330718018,5875.5971121667735
6,Incidence,44639,Middle SDI,3,Both,1,<5 years,959,Invasive Non-typhoidal Salmonella (iNTS),1,Number,2021,18899.152353498423,25584.244523478614,13707.740807213591
6,Incidence,44639,Middle SDI,1,Male,1,<5 years,959,Invasive Non-typhoidal Salmonella (iNTS),3,Rate,2021,11.86966180192,16.5453375767,8.58483123911
6,Incidence,44639,Middle SDI,2,Female,1,<5 years,959,Invasive Non-typhoidal Salmonella (iNTS),3,Rate,2021,9.42876762822,12.696341701409999,6.946107828240001
6,Incidence,44639,Middle SDI,3,Both,1,<5 years,959,Invasive Non-typhoidal Salmonella (iNTS),3,Rate,2021,10.70062967382,14.48570396226,7.76127179141
6,Incidence,44639,Middle SDI,1,Male,6,5-9 years,959,Invasive Non-typhoidal Salmonella (iNTS),1,Number,2021,4812.523594669462,7053.261912271261,2998.0732179060005
6,Incidence,44639,Middle SDI,2,Female,6,5-9 years,959,Invasive Non-typhoidal Salmonella (iNTS),1,Number,2021,3829.470925764695,5663.980546054226,2414.723169714733
6,Incidence,44639,Middle SDI,3,Both,6,5-9 years,959,Invasive Non-typhoidal Salmonella (iNTS),1,Number,2021,8641.994520434153,12701.533287690829,5425.524792313508
6,Incidence,44639,Middle SDI,1,Male,6,5-9 years,959,Invasive Non-typhoidal Salmonella (iNTS),3,Rate,2021,4.69549975471,6.8817511078099995,2.925170502
6,Incidence,44639,Middle SDI,2,Female,6,5-9 years,959,Invasive Non-typhoidal Salmonella (iNTS),3,Rate,2021,4.04897493417,5.98863803986,2.5531343041000003
6,Incidence,44639,Middle SDI,3,Both,6,5-9 years,959,Invasive Non-typhoidal Salmonella (iNTS),3,Rate,2021,4.38521809776,6.445154936260001,2.75308083717
6,Incidence,44639,Middle SDI,1,Male,7,10-14 years,959,Invasive Non-typhoidal Salmonella (iNTS),1,Number,2021,2883.630073353726,4445.58458425139,1783.7559356794238
6,Incidence,44639,Middle SDI,2,Female,7,10-14 years,959,Invasive Non-typhoidal Salmonella (iNTS),1,Number,2021,2389.4868093146806,3703.10593918871,1453.894433329363
6,Incidence,44639,Middle SDI,3,Both,7,10-14 years,959,Invasive Non-typhoidal Salmonella (iNTS),1,Number,2021,5273.116882668405,8138.395498565383,3231.720001168004
6,Incidence,44639,Middle SDI,1,Male,7,10-14 years,959,Invasive Non-typhoidal Salmonella (iNTS),3,Rate,2021,2.86932184741,4.4235261277,1.77490515305
6,Incidence,44639,Middle SDI,2,Female,7,10-14 years,959,Invasive Non-typhoidal Salmonella (iNTS),3,Rate,2021,2.57837755572,3.9958392751300003,1.5688258921
6,Incidence,44639,Middle SDI,3,Both,7,10-14 years,959,Invasive Non-typhoidal Salmonella (iNTS),3,Rate,2021,2.72974216789,4.21301516081,1.6729692434899999
6,Incidence,44639,Middle SDI,1,Male,8,15-19 years,959,Invasive Non-typhoidal Salmonella (iNTS),1,Number,2021,1993.41116535194,2976.394133831999,1244.7019751859748
6,Incidence,44639,Middle SDI,2,Female,8,15-19 years,959,Invasive Non-typhoidal Salmonella (iNTS),1,Number,2021,1710.107537739525,2568.824943364932,1056.5297895486442
6,Incidence,44639,Middle SDI,3,Both,8,15-19 years,959,Invasive Non-typhoidal Salmonella (iNTS),1,Number,2021,3703.518703091463,5553.386930126706,2308.4971068690847
6,Incidence,44639,Middle SDI,1,Male,8,15-19 years,959,Invasive Non-typhoidal Salmonella (iNTS),3,Rate,2021,2.1096037008799997,3.14988306935,1.31725352952
6,Incidence,44639,Middle SDI,2,Female,8,15-19 years,959,Invasive Non-typhoidal Salmonella (iNTS),3,Rate,2021,1.94688680634,2.92450110865,1.20281553199
6,Incidence,44639,Middle SDI,3,Both,8,15-19 years,959,Invasive Non-typhoidal Salmonella (iNTS),3,Rate,2021,2.0312144348,3.04578445496,1.2661074567400001
6,Incidence,44639,Middle SDI,1,Male,9,20-24 years,959,Invasive Non-typhoidal Salmonella (iNTS),1,Number,2021,1621.067951453114,2396.167084258608,1055.339304598146
6,Incidence,44639,Middle SDI,2,Female,9,20-24 years,959,Invasive Non-typhoidal Salmonella (iNTS),1,Number,2021,1448.7602864790554,2190.3710816011007,910.6370328929656
6,Incidence,44639,Middle SDI,3,Both,9,20-24 years,959,Invasive Non-typhoidal Salmonella (iNTS),1,Number,2021,3069.828237932168,4577.062557607139,1959.5043844025008
6,Incidence,44639,Middle SDI,1,Male,9,20-24 years,959,Invasive Non-typhoidal Salmonella (iNTS),3,Rate,2021,1.78976155527,2.64552002496,1.1651613453
6,Incidence,44639,Middle SDI,2,Female,9,20-24 years,959,Invasive Non-typhoidal Salmonella (iNTS),3,Rate,2021,1.67162993796,2.52732623154,1.0507246374700001
6,Incidence,44639,Middle SDI,3,Both,9,20-24 years,959,Invasive Non-typhoidal Salmonella (iNTS),3,Rate,2021,1.73199775084,2.58237967755,1.1055527943199999
6,Incidence,44639,Middle SDI,1,Male,10,25-29 years,959,Invasive Non-typhoidal Salmonella (iNTS),1,Number,2021,1490.311897869797,2220.4888702367043,983.2600768582928
6,Incidence,44639,Middle SDI,2,Female,10,25-29 years,959,Invasive Non-typhoidal Salmonella (iNTS),1,Number,2021,1388.3841344084096,2090.3677699338405,913.8491544072313
6,Incidence,44639,Middle SDI,3,Both,10,25-29 years,959,Invasive Non-typhoidal Salmonella (iNTS),1,Number,2021,2878.6960322782056,4297.379414963768,1898.0935617736395
6,Incidence,44639,Middle SDI,1,Male,10,25-29 years,959,Invasive Non-typhoidal Salmonella (iNTS),3,Rate,2021,1.59895201359,2.38235711282,1.05493734702
6,Incidence,44639,Middle SDI,2,Female,10,25-29 years,959,Invasive Non-typhoidal Salmonella (iNTS),3,Rate,2021,1.53245666215,2.30728509207,1.00867921937
6,Incidence,44639,Middle SDI,3,Both,10,25-29 years,959,Invasive Non-typhoidal Salmonella (iNTS),3,Rate,2021,1.5661759001500002,2.33802110333,1.03267186231
6,Incidence,44634,High-middle SDI,1,Male,1,<5 years,959,Invasive Non-typhoidal Salmonella (iNTS),1,Number,2021,481.51043243720295,637.8882579678925,361.4683197414224
6,Incidence,44634,High-middle SDI,2,Female,1,<5 years,959,Invasive Non-typhoidal Salmonella (iNTS),1,Number,2021,413.6178120604623,552.9653480887686,293.166019139303
6,Incidence,44634,High-middle SDI,3,Both,1,<5 years,959,Invasive Non-typhoidal Salmonella (iNTS),1,Number,2021,895.1282444976647,1184.979663292395,649.222712791587
6,Incidence,44634,High-middle SDI,1,Male,1,<5 years,959,Invasive Non-typhoidal Salmonella (iNTS),3,Rate,2021,1.31105840802,1.73684453679,0.98420729418
6,Incidence,44634,High-middle SDI,2,Female,1,<5 years,959,Invasive Non-typhoidal Salmonella (iNTS),3,Rate,2021,1.2414249028100002,1.6596600375800001,0.8799031042800001
6,Incidence,44634,High-middle SDI,3,Both,1,<5 years,959,Invasive Non-typhoidal Salmonella (iNTS),3,Rate,2021,1.27793607597,1.69174447384,0.92686733003
6,Incidence,44634,High-middle SDI,1,Male,6,5-9 years,959,Invasive Non-typhoidal Salmonella (iNTS),1,Number,2021,472.4677703698106,695.6913295713825,292.7875571574273
6,Incidence,44634,High-middle SDI,2,Female,6,5-9 years,959,Invasive Non-typhoidal Salmonella (iNTS),1,Number,2021,409.5156035370201,599.4359201944071,252.53250711180632
6,Incidence,44634,High-middle SDI,3,Both,6,5-9 years,959,Invasive Non-typhoidal Salmonella (iNTS),1,Number,2021,881.983373906832,1298.1836931018947,543.3869990886299
6,Incidence,44634,High-middle SDI,1,Male,6,5-9 years,959,Invasive Non-typhoidal Salmonella (iNTS),3,Rate,2021,1.09493946432,1.61225789251,0.6785323171200001
6,Incidence,44634,High-middle SDI,2,Female,6,5-9 years,959,Invasive Non-typhoidal Salmonella (iNTS),3,Rate,2021,1.0430873464100001,1.52683809343,0.6432318096099999
6,Incidence,44634,High-middle SDI,3,Both,6,5-9 years,959,Invasive Non-typhoidal Salmonella (iNTS),3,Rate,2021,1.0702372468999999,1.57527293912,0.65936957896
6,Incidence,44634,High-middle SDI,1,Male,7,10-14 years,959,Invasive Non-typhoidal Salmonella (iNTS),1,Number,2021,382.6849135837346,583.818824147224,236.96789308512723
6,Incidence,44634,High-middle SDI,2,Female,7,10-14 years,959,Invasive Non-typhoidal Salmonella (iNTS),1,Number,2021,332.7113931772455,510.6279169408728,202.5307225261775
6,Incidence,44634,High-middle SDI,3,Both,7,10-14 years,959,Invasive Non-typhoidal Salmonella (iNTS),1,Number,2021,715.396306760981,1093.444338504929,442.7580424989527
6,Incidence,44634,High-middle SDI,1,Male,7,10-14 years,959,Invasive Non-typhoidal Salmonella (iNTS),3,Rate,2021,0.93233841894,1.42236262819,0.57732683714
6,Incidence,44634,High-middle SDI,2,Female,7,10-14 years,959,Invasive Non-typhoidal Salmonella (iNTS),3,Rate,2021,0.88984669927,1.3656898313699999,0.54167455229
6,Incidence,44634,High-middle SDI,3,Both,7,10-14 years,959,Invasive Non-typhoidal Salmonella (iNTS),3,Rate,2021,0.9120828528999999,1.39406902486,0.56448714472
6,Incidence,44634,High-middle SDI,1,Male,8,15-19 years,959,Invasive Non-typhoidal Salmonella (iNTS),1,Number,2021,295.4404226273422,469.2672605447952,181.7187014005889
6,Incidence,44634,High-middle SDI,2,Female,8,15-19 years,959,Invasive Non-typhoidal Salmonella (iNTS),1,Number,2021,256.4113375904372,406.6335412217616,155.39373620855565
6,Incidence,44634,High-middle SDI,3,Both,8,15-19 years,959,Invasive Non-typhoidal Salmonella (iNTS),1,Number,2021,551.8517602177793,872.2055983063401,337.32536723438886
6,Incidence,44634,High-middle SDI,1,Male,8,15-19 years,959,Invasive Non-typhoidal Salmonella (iNTS),3,Rate,2021,0.77669769197,1.23367951799,0.47772912965
6,Incidence,44634,High-middle SDI,2,Female,8,15-19 years,959,Invasive Non-typhoidal Salmonella (iNTS),3,Rate,2021,0.74464377521,1.18090384813,0.45127871280000004
6,Incidence,44634,High-middle SDI,3,Both,8,15-19 years,959,Invasive Non-typhoidal Salmonella (iNTS),3,Rate,2021,0.7614677293900001,1.20350511565,0.46545539938
6,Incidence,44634,High-middle SDI,1,Male,9,20-24 years,959,Invasive Non-typhoidal Salmonella (iNTS),1,Number,2021,262.2392388570389,420.4523520134112,150.2371380038697
6,Incidence,44634,High-middle SDI,2,Female,9,20-24 years,959,Invasive Non-typhoidal Salmonella (iNTS),1,Number,2021,228.40855196819552,362.4406833261189,130.03133071528342
6,Incidence,44634,High-middle SDI,3,Both,9,20-24 years,959,Invasive Non-typhoidal Salmonella (iNTS),1,Number,2021,490.6477908252344,778.6836947314655,279.0561357502489
6,Incidence,44634,High-middle SDI,1,Male,9,20-24 years,959,Invasive Non-typhoidal Salmonella (iNTS),3,Rate,2021,0.66597397183,1.06776668532,0.38153719462
6,Incidence,44634,High-middle SDI,2,Female,9,20-24 years,959,Invasive Non-typhoidal Salmonella (iNTS),3,Rate,2021,0.64167340214,1.01821295367,0.3653000102
6,Incidence,44634,High-middle SDI,3,Both,9,20-24 years,959,Invasive Non-typhoidal Salmonella (iNTS),3,Rate,2021,0.65443645328,1.0386248647899998,0.37221100586
6,Incidence,44634,High-middle SDI,1,Male,10,25-29 years,959,Invasive Non-typhoidal Salmonella (iNTS),1,Number,2021,254.84107953312812,415.8764673079335,145.0464319245311
6,Incidence,44634,High-middle SDI,2,Female,10,25-29 years,959,Invasive Non-typhoidal Salmonella (iNTS),1,Number,2021,224.6459973592566,364.3762375714671,129.3590483431081
6,Incidence,44634,High-middle SDI,3,Both,10,25-29 years,959,Invasive Non-typhoidal Salmonella (iNTS),1,Number,2021,479.4870768923852,774.3189590015202,273.2843985564439
6,Incidence,44634,High-middle SDI,1,Male,10,25-29 years,959,Invasive Non-typhoidal Salmonella (iNTS),3,Rate,2021,0.57422317124,0.93707774405,0.32682730064
6,Incidence,44634,High-middle SDI,2,Female,10,25-29 years,959,Invasive Non-typhoidal Salmonella (iNTS),3,Rate,2021,0.55730867824,0.9039557425000001,0.32091789348
6,Incidence,44634,High-middle SDI,3,Both,10,25-29 years,959,Invasive Non-typhoidal Salmonella (iNTS),3,Rate,2021,0.56617247009,0.91430634689,0.32269087202999996
6,Incidence,44637,Low SDI,1,Male,1,<5 years,959,Invasive Non-typhoidal Salmonella (iNTS),1,Number,2021,91495.27080816757,118454.13616221832,67330.59604752943
6,Incidence,44637,Low SDI,2,Female,1,<5 years,959,Invasive Non-typhoidal Salmonella (iNTS),1,Number,2021,70201.74212798451,92120.00794610578,52045.27609305206
6,Incidence,44637,Low SDI,3,Both,1,<5 years,959,Invasive Non-typhoidal Salmonella (iNTS),1,Number,2021,161697.0129361522,210471.73262237187,119689.8312669691
6,Incidence,44637,Low SDI,1,Male,1,<5 years,959,Invasive Non-typhoidal Salmonella (iNTS),3,Rate,2021,108.14367334478999,140.00795116858,79.58201468511
6,Incidence,44637,Low SDI,2,Female,1,<5 years,959,Invasive Non-typhoidal Salmonella (iNTS),3,Rate,2021,86.70094416884,113.77056214941,64.27724498018
6,Incidence,44637,Low SDI,3,Both,1,<5 years,959,Invasive Non-typhoidal Salmonella (iNTS),3,Rate,2021,97.65770287032,127.11543369791,72.28725977197
6,Incidence,44637,Low SDI,1,Male,6,5-9 years,959,Invasive Non-typhoidal Salmonella (iNTS),1,Number,2021,24770.52709349937,36458.55425625735,14300.13064481427
6,Incidence,44637,Low SDI,2,Female,6,5-9 years,959,Invasive Non-typhoidal Salmonella (iNTS),1,Number,2021,19753.01779020057,29367.480086898133,11364.817670364771
6,Incidence,44637,Low SDI,3,Both,6,5-9 years,959,Invasive Non-typhoidal Salmonella (iNTS),1,Number,2021,44523.54488369998,66019.54766879528,25522.23150804768
6,Incidence,44637,Low SDI,1,Male,6,5-9 years,959,Invasive Non-typhoidal Salmonella (iNTS),3,Rate,2021,31.697921396239998,46.65465464959,18.2993448393
6,Incidence,44637,Low SDI,2,Female,6,5-9 years,959,Invasive Non-typhoidal Salmonella (iNTS),3,Rate,2021,26.215595645060002,38.97561330879,15.08303530076
6,Incidence,44637,Low SDI,3,Both,6,5-9 years,959,Invasive Non-typhoidal Salmonella (iNTS),3,Rate,2021,29.00671290772,43.01117690716,16.62751795824
6,Incidence,44637,Low SDI,1,Male,7,10-14 years,959,Invasive Non-typhoidal Salmonella (iNTS),1,Number,2021,9918.754883062198,15846.824232392748,5561.159012049131
6,Incidence,44637,Low SDI,2,Female,7,10-14 years,959,Invasive Non-typhoidal Salmonella (iNTS),1,Number,2021,8113.493430533487,12884.83008005021,4581.522300409195
6,Incidence,44637,Low SDI,3,Both,7,10-14 years,959,Invasive Non-typhoidal Salmonella (iNTS),1,Number,2021,18032.248313595683,28729.18592546935,10161.30288730743
6,Incidence,44637,Low SDI,1,Male,7,10-14 years,959,Invasive Non-typhoidal Salmonella (iNTS),3,Rate,2021,13.847843853170001,22.12418293687,7.76408556814
6,Incidence,44637,Low SDI,2,Female,7,10-14 years,959,Invasive Non-typhoidal Salmonella (iNTS),3,Rate,2021,11.66911245589,18.5314171345,6.589306986
6,Incidence,44637,Low SDI,3,Both,7,10-14 years,959,Invasive Non-typhoidal Salmonella (iNTS),3,Rate,2021,12.774662058919999,20.35273888443,7.198614848590001
6,Incidence,44637,Low SDI,1,Male,8,15-19 years,959,Invasive Non-typhoidal Salmonella (iNTS),1,Number,2021,5473.21136432168,8545.373684898548,3314.2158170395905
6,Incidence,44637,Low SDI,2,Female,8,15-19 years,959,Invasive Non-typhoidal Salmonella (iNTS),1,Number,2021,4650.211794532464,7258.667139805875,2817.1451642815277
6,Incidence,44637,Low SDI,3,Both,8,15-19 years,959,Invasive Non-typhoidal Salmonella (iNTS),1,Number,2021,10123.423158854142,15801.101816513568,6146.323695590761
6,Incidence,44637,Low SDI,1,Male,8,15-19 years,959,Invasive Non-typhoidal Salmonella (iNTS),3,Rate,2021,8.78212688719,13.711612982530001,5.31787681844
6,Incidence,44637,Low SDI,2,Female,8,15-19 years,959,Invasive Non-typhoidal Salmonella (iNTS),3,Rate,2021,7.54192266983,11.77243288549,4.5689727516700005
6,Incidence,44637,Low SDI,3,Both,8,15-19 years,959,Invasive Non-typhoidal Salmonella (iNTS),3,Rate,2021,8.16534579352,12.744845120650002,4.95749881694
6,Incidence,44637,Low SDI,1,Male,9,20-24 years,959,Invasive Non-typhoidal Salmonella (iNTS),1,Number,2021,4554.436716653272,6717.438675550546,3040.137478320514
6,Incidence,44637,Low SDI,2,Female,9,20-24 years,959,Invasive Non-typhoidal Salmonella (iNTS),1,Number,2021,3991.7539170739306,5876.54440986402,2687.6705841187127
6,Incidence,44637,Low SDI,3,Both,9,20-24 years,959,Invasive Non-typhoidal Salmonella (iNTS),1,Number,2021,8546.190633727198,12587.832546293655,5726.322318261102
6,Incidence,44637,Low SDI,1,Male,9,20-24 years,959,Invasive Non-typhoidal Salmonella (iNTS),3,Rate,2021,8.83541151749,13.031542369430001,5.89773606744
6,Incidence,44637,Low SDI,2,Female,9,20-24 years,959,Invasive Non-typhoidal Salmonella (iNTS),3,Rate,2021,7.56984593261,11.14410775888,5.09682026048
6,Incidence,44637,Low SDI,3,Both,9,20-24 years,959,Invasive Non-typhoidal Salmonella (iNTS),3,Rate,2021,8.19543941327,12.07120498463,5.491303626550001
6,Incidence,44637,Low SDI,1,Male,10,25-29 years,959,Invasive Non-typhoidal Salmonella (iNTS),1,Number,2021,4596.483901799241,6504.790494095414,3031.901666670379
6,Incidence,44637,Low SDI,2,Female,10,25-29 years,959,Invasive Non-typhoidal Salmonella (iNTS),1,Number,2021,4079.54827060995,5739.643104749388,2714.912606440188
6,Incidence,44637,Low SDI,3,Both,10,25-29 years,959,Invasive Non-typhoidal Salmonella (iNTS),1,Number,2021,8676.032172409186,12261.117096375849,5779.840099824862
6,Incidence,44637,Low SDI,1,Male,10,25-29 years,959,Invasive Non-typhoidal Salmonella (iNTS),3,Rate,2021,10.92108522276,15.45515504023,7.20369247368
6,Incidence,44637,Low SDI,2,Female,10,25-29 years,959,Invasive Non-typhoidal Salmonella (iNTS),3,Rate,2021,9.26138000767,13.030123037009998,6.16338762725
6,Incidence,44637,Low SDI,3,Both,10,25-29 years,959,Invasive Non-typhoidal Salmonella (iNTS),3,Rate,2021,10.07234142168,14.23440521564,6.71003999194
6,Incidence,44636,Low-middle SDI,1,Male,11,30-34 years,959,Invasive Non-typhoidal Salmonella (iNTS),1,Number,2021,3273.014387842028,4596.038021399612,2192.1245977087647
6,Incidence,44636,Low-middle SDI,2,Female,11,30-34 years,959,Invasive Non-typhoidal Salmonella (iNTS),1,Number,2021,3006.2401034975323,4230.7866923144165,1989.088747343338
6,Incidence,44636,Low-middle SDI,3,Both,11,30-34 years,959,Invasive Non-typhoidal Salmonella (iNTS),1,Number,2021,6279.254491339563,8788.273032592067,4194.282913918823
6,Incidence,44636,Low-middle SDI,1,Male,11,30-34 years,959,Invasive Non-typhoidal Salmonella (iNTS),3,Rate,2021,4.42771278639,6.21749063789,2.96549203899
6,Incidence,44636,Low-middle SDI,2,Female,11,30-34 years,959,Invasive Non-typhoidal Salmonella (iNTS),3,Rate,2021,4.067544181100001,5.72439698738,2.6913041145800003
6,Incidence,44636,Low-middle SDI,3,Both,11,30-34 years,959,Invasive Non-typhoidal Salmonella (iNTS),3,Rate,2021,4.24764446631,5.94488714652,2.8372512428000003
6,Incidence,44636,Low-middle SDI,1,Male,12,35-39 years,959,Invasive Non-typhoidal Salmonella (iNTS),1,Number,2021,3035.6495121477933,4354.573229278545,1952.8384879858752
6,Incidence,44636,Low-middle SDI,2,Female,12,35-39 years,959,Invasive Non-typhoidal Salmonella (iNTS),1,Number,2021,2746.9053364806355,3955.252107640583,1770.0560993131696
6,Incidence,44636,Low-middle SDI,3,Both,12,35-39 years,959,Invasive Non-typhoidal Salmonella (iNTS),1,Number,2021,5782.5548486284215,8307.196279794689,3715.4809342003673
6,Incidence,44636,Low-middle SDI,1,Male,12,35-39 years,959,Invasive Non-typhoidal Salmonella (iNTS),3,Rate,2021,4.5409412476,6.513881498309999,2.92119521852
6,Incidence,44636,Low-middle SDI,2,Female,12,35-39 years,959,Invasive Non-typhoidal Salmonella (iNTS),3,Rate,2021,4.12529668419,5.93998933566,2.65826654466
6,Incidence,44636,Low-middle SDI,3,Both,12,35-39 years,959,Invasive Non-typhoidal Salmonella (iNTS),3,Rate,2021,4.33352983935,6.2255324683,2.78443489381
6,Incidence,44636,Low-middle SDI,1,Male,13,40-44 years,959,Invasive Non-typhoidal Salmonella (iNTS),1,Number,2021,2509.093017920079,3594.3737159118155,1627.997258541687
6,Incidence,44636,Low-middle SDI,2,Female,13,40-44 years,959,Invasive Non-typhoidal Salmonella (iNTS),1,Number,2021,2209.501494138421,3192.748756705046,1438.0146394979795
6,Incidence,44636,Low-middle SDI,3,Both,13,40-44 years,959,Invasive Non-typhoidal Salmonella (iNTS),1,Number,2021,4718.594512058498,6786.383167813032,3068.196842316973
6,Incidence,44636,Low-middle SDI,1,Male,13,40-44 years,959,Invasive Non-typhoidal Salmonella (iNTS),3,Rate,2021,4.35716850989,6.241814016409999,2.82710060505
6,Incidence,44636,Low-middle SDI,2,Female,13,40-44 years,959,Invasive Non-typhoidal Salmonella (iNTS),3,Rate,2021,3.8305023750099996,5.53510904057,2.49301415116
6,Incidence,44636,Low-middle SDI,3,Both,13,40-44 years,959,Invasive Non-typhoidal Salmonella (iNTS),3,Rate,2021,4.09361529072,5.8875247350599995,2.66181327439
6,Incidence,44636,Low-middle SDI,1,Male,14,45-49 years,959,Invasive Non-typhoidal Salmonella (iNTS),1,Number,2021,1859.494564814801,2659.84402210138,1186.0321347996694
6,Incidence,44636,Low-middle SDI,2,Female,14,45-49 years,959,Invasive Non-typhoidal Salmonella (iNTS),1,Number,2021,1624.3356020334586,2327.46770073572,1025.827205855977
6,Incidence,44636,Low-middle SDI,3,Both,14,45-49 years,959,Invasive Non-typhoidal Salmonella (iNTS),1,Number,2021,3483.830166848258,4974.725593934467,2213.5565768669776
6,Incidence,44636,Low-middle SDI,1,Male,14,45-49 years,959,Invasive Non-typhoidal Salmonella (iNTS),3,Rate,2021,3.79068057221,5.422236370279999,2.4177908645
6,Incidence,44636,Low-middle SDI,2,Female,14,45-49 years,959,Invasive Non-typhoidal Salmonella (iNTS),3,Rate,2021,3.28566411631,4.70794157106,2.07501678569
6,Incidence,44636,Low-middle SDI,3,Both,14,45-49 years,959,Invasive Non-typhoidal Salmonella (iNTS),3,Rate,2021,3.5371912365399996,5.05092238494,2.2474611419899997
6,Incidence,44636,Low-middle SDI,1,Male,15,50-54 years,959,Invasive Non-typhoidal Salmonella (iNTS),1,Number,2021,1335.4804698235148,1966.48308277553,865.8481640822129
6,Incidence,44636,Low-middle SDI,2,Female,15,50-54 years,959,Invasive Non-typhoidal Salmonella (iNTS),1,Number,2021,1213.7694164549182,1775.34914434522,798.4167683761568
6,Incidence,44636,Low-middle SDI,3,Both,15,50-54 years,959,Invasive Non-typhoidal Salmonella (iNTS),1,Number,2021,2549.249886278431,3730.69832671453,1662.0432714772955
6,Incidence,44636,Low-middle SDI,1,Male,15,50-54 years,959,Invasive Non-typhoidal Salmonella (iNTS),3,Rate,2021,3.20676174305,4.7219280706,2.07907852687
6,Incidence,44636,Low-middle SDI,2,Female,15,50-54 years,959,Invasive Non-typhoidal Salmonella (iNTS),3,Rate,2021,2.87003770969,4.19792995529,1.8879090231
6,Incidence,44636,Low-middle SDI,3,Both,15,50-54 years,959,Invasive Non-typhoidal Salmonella (iNTS),3,Rate,2021,3.03710537929,4.44465017633,1.9801121057500002
6,Incidence,44635,High SDI,1,Male,11,30-34 years,959,Invasive Non-typhoidal Salmonella (iNTS),1,Number,2021,238.64564563693668,394.0782814022013,137.97506994139337
6,Incidence,44635,High SDI,2,Female,11,30-34 years,959,Invasive Non-typhoidal Salmonella (iNTS),1,Number,2021,192.8894433222665,334.54901696117867,103.6864735792526
6,Incidence,44635,High SDI,3,Both,11,30-34 years,959,Invasive Non-typhoidal Salmonella (iNTS),1,Number,2021,431.5350889592034,723.699219028751,243.80873870338647
6,Incidence,44635,High SDI,1,Male,11,30-34 years,959,Invasive Non-typhoidal Salmonella (iNTS),3,Rate,2021,0.5940201162000001,0.98091220515,0.34343793225999997
6,Incidence,44635,High SDI,2,Female,11,30-34 years,959,Invasive Non-typhoidal Salmonella (iNTS),3,Rate,2021,0.51528969343,0.8937226289700001,0.27699064429
6,Incidence,44635,High SDI,3,Both,11,30-34 years,959,Invasive Non-typhoidal Salmonella (iNTS),3,Rate,2021,0.55604546648,0.9325074139499999,0.31415462453
6,Incidence,44635,High SDI,1,Male,12,35-39 years,959,Invasive Non-typhoidal Salmonella (iNTS),1,Number,2021,237.164437691041,382.9936638749077,135.41113551448467
6,Incidence,44635,High SDI,2,Female,12,35-39 years,959,Invasive Non-typhoidal Salmonella (iNTS),1,Number,2021,186.07082330381047,316.0838483856667,102.87085617101722
6,Incidence,44635,High SDI,3,Both,12,35-39 years,959,Invasive Non-typhoidal Salmonella (iNTS),1,Number,2021,423.23526099485167,693.3205397758177,239.0000549070268
6,Incidence,44635,High SDI,1,Male,12,35-39 years,959,Invasive Non-typhoidal Salmonella (iNTS),3,Rate,2021,0.58232854588,0.94039454455,0.33248563911
6,Incidence,44635,High SDI,2,Female,12,35-39 years,959,Invasive Non-typhoidal Salmonella (iNTS),3,Rate,2021,0.49053403231,0.83328424061,0.27119596178
6,Incidence,44635,High SDI,3,Both,12,35-39 years,959,Invasive Non-typhoidal Salmonella (iNTS),3,Rate,2021,0.53806193368,0.88142322881,0.30384243362
6,Incidence,44635,High SDI,1,Male,13,40-44 years,959,Invasive Non-typhoidal Salmonella (iNTS),1,Number,2021,221.5326699217282,359.140678258261,122.59049413333804
6,Incidence,44635,High SDI,2,Female,13,40-44 years,959,Invasive Non-typhoidal Salmonella (iNTS),1,Number,2021,175.3170403443274,293.44854378875857,90.2934811850249
6,Incidence,44635,High SDI,3,Both,13,40-44 years,959,Invasive Non-typhoidal Salmonella (iNTS),1,Number,2021,396.8497102660558,652.8295190649847,212.99433649350703
6,Incidence,44635,High SDI,1,Male,13,40-44 years,959,Invasive Non-typhoidal Salmonella (iNTS),3,Rate,2021,0.56926456313,0.92287093087,0.31501639966
6,Incidence,44635,High SDI,2,Female,13,40-44 years,959,Invasive Non-typhoidal Salmonella (iNTS),3,Rate,2021,0.47755275278,0.79933564707,0.24595384689000002
6,Incidence,44635,High SDI,3,Both,13,40-44 years,959,Invasive Non-typhoidal Salmonella (iNTS),3,Rate,2021,0.5247450575,0.8632211506199999,0.281637412
6,Incidence,44635,High SDI,1,Male,14,45-49 years,959,Invasive Non-typhoidal Salmonella (iNTS),1,Number,2021,199.87849112854693,317.2724210949531,112.82046536657926
6,Incidence,44635,High SDI,2,Female,14,45-49 years,959,Invasive Non-typhoidal Salmonella (iNTS),1,Number,2021,161.77565860758617,270.1882144872367,86.67907468506598
6,Incidence,44635,High SDI,3,Both,14,45-49 years,959,Invasive Non-typhoidal Salmonella (iNTS),1,Number,2021,361.6541497361334,580.0403555884218,202.7041883359693
6,Incidence,44635,High SDI,1,Male,14,45-49 years,959,Invasive Non-typhoidal Salmonella (iNTS),3,Rate,2021,0.53359024394,0.8469819219200001,0.3011824799
6,Incidence,44635,High SDI,2,Female,14,45-49 years,959,Invasive Non-typhoidal Salmonella (iNTS),3,Rate,2021,0.45055260813,0.7524865345699999,0.24140518732
6,Incidence,44635,High SDI,3,Both,14,45-49 years,959,Invasive Non-typhoidal Salmonella (iNTS),3,Rate,2021,0.49295036686000004,0.79062028263,0.27629464247999996
6,Incidence,44635,High SDI,1,Male,15,50-54 years,959,Invasive Non-typhoidal Salmonella (iNTS),1,Number,2021,197.06469319235472,312.6820735996296,112.0996012373055
6,Incidence,44635,High SDI,2,Female,15,50-54 years,959,Invasive Non-typhoidal Salmonella (iNTS),1,Number,2021,162.715049735633,270.87939428269965,85.41443852285042
6,Incidence,44635,High SDI,3,Both,15,50-54 years,959,Invasive Non-typhoidal Salmonella (iNTS),1,Number,2021,359.7797429279876,582.1474583191791,199.40505888434063
6,Incidence,44635,High SDI,1,Male,15,50-54 years,959,Invasive Non-typhoidal Salmonella (iNTS),3,Rate,2021,0.52612092446,0.8347948024499999,0.29928215389
6,Incidence,44635,High SDI,2,Female,15,50-54 years,959,Invasive Non-typhoidal Salmonella (iNTS),3,Rate,2021,0.44205423973,0.73590847861,0.23204869336999998
6,Incidence,44635,High SDI,3,Both,15,50-54 years,959,Invasive Non-typhoidal Salmonella (iNTS),3,Rate,2021,0.48445395781,0.7838785972600001,0.26850475015
6,Incidence,44634,High-middle SDI,1,Male,11,30-34 years,959,Invasive Non-typhoidal Salmonella (iNTS),1,Number,2021,270.1285393289781,460.0600651100413,140.46041155427275
6,Incidence,44634,High-middle SDI,2,Female,11,30-34 years,959,Invasive Non-typhoidal Salmonella (iNTS),1,Number,2021,244.913963270268,410.44469787286016,129.73731311526564
6,Incidence,44634,High-middle SDI,3,Both,11,30-34 years,959,Invasive Non-typhoidal Salmonella (iNTS),1,Number,2021,515.0425025992469,870.1991328095162,271.97214158157465
6,Incidence,44634,High-middle SDI,1,Male,11,30-34 years,959,Invasive Non-typhoidal Salmonella (iNTS),3,Rate,2021,0.48929717469999995,0.83332953494,0.25442288587
6,Incidence,44634,High-middle SDI,2,Female,11,30-34 years,959,Invasive Non-typhoidal Salmonella (iNTS),3,Rate,2021,0.47564647232,0.7971230795400001,0.25196234011
6,Incidence,44634,High-middle SDI,3,Both,11,30-34 years,959,Invasive Non-typhoidal Salmonella (iNTS),3,Rate,2021,0.48270957639000006,0.81557046779,0.25489849205000004
6,Incidence,44634,High-middle SDI,1,Male,12,35-39 years,959,Invasive Non-typhoidal Salmonella (iNTS),1,Number,2021,232.8528997135504,396.3197053987511,119.3954712219975
6,Incidence,44634,High-middle SDI,2,Female,12,35-39 years,959,Invasive Non-typhoidal Salmonella (iNTS),1,Number,2021,216.4103450190844,360.0460656557541,114.44164270828608
6,Incidence,44634,High-middle SDI,3,Both,12,35-39 years,959,Invasive Non-typhoidal Salmonella (iNTS),1,Number,2021,449.26324473263526,756.2120747023846,234.98205976384955
6,Incidence,44634,High-middle SDI,1,Male,12,35-39 years,959,Invasive Non-typhoidal Salmonella (iNTS),3,Rate,2021,0.44879416694,0.7638555167100001,0.23011949221999997
6,Incidence,44634,High-middle SDI,2,Female,12,35-39 years,959,Invasive Non-typhoidal Salmonella (iNTS),3,Rate,2021,0.43674332183000003,0.7266182895000001,0.23095764294
6,Incidence,44634,High-middle SDI,3,Both,12,35-39 years,959,Invasive Non-typhoidal Salmonella (iNTS),3,Rate,2021,0.44290734041999996,0.74551364424,0.23165767589000003
6,Incidence,44634,High-middle SDI,1,Male,13,40-44 years,959,Invasive Non-typhoidal Salmonella (iNTS),1,Number,2021,197.4526129425504,331.31460744838137,97.71633350299902
6,Incidence,44634,High-middle SDI,2,Female,13,40-44 years,959,Invasive Non-typhoidal Salmonella (iNTS),1,Number,2021,187.3710965407824,312.8467293447617,95.00309197537972
6,Incidence,44634,High-middle SDI,3,Both,13,40-44 years,959,Invasive Non-typhoidal Salmonella (iNTS),1,Number,2021,384.8237094833328,643.0739527238336,194.4607297498017
6,Incidence,44634,High-middle SDI,1,Male,13,40-44 years,959,Invasive Non-typhoidal Salmonella (iNTS),3,Rate,2021,0.42116452761999995,0.70669087667,0.20842800117
6,Incidence,44634,High-middle SDI,2,Female,13,40-44 years,959,Invasive Non-typhoidal Salmonella (iNTS),3,Rate,2021,0.41162992052,0.6872835603399999,0.20870943236000003
6,Incidence,44634,High-middle SDI,3,Both,13,40-44 years,959,Invasive Non-typhoidal Salmonella (iNTS),3,Rate,2021,0.41646755727,0.6959535798800001,0.21045113153999997
6,Incidence,44634,High-middle SDI,1,Male,14,45-49 years,959,Invasive Non-typhoidal Salmonella (iNTS),1,Number,2021,191.73108671260175,322.10882491070026,100.54155322107732
6,Incidence,44634,High-middle SDI,2,Female,14,45-49 years,959,Invasive Non-typhoidal Salmonella (iNTS),1,Number,2021,185.91367046441363,310.20807111643114,93.5791293259101
6,Incidence,44634,High-middle SDI,3,Both,14,45-49 years,959,Invasive Non-typhoidal Salmonella (iNTS),1,Number,2021,377.6447571770151,633.4817334219298,198.58475158727992
6,Incidence,44634,High-middle SDI,1,Male,14,45-49 years,959,Invasive Non-typhoidal Salmonella (iNTS),3,Rate,2021,0.39386944072,0.66170189141,0.20654055644
6,Incidence,44634,High-middle SDI,2,Female,14,45-49 years,959,Invasive Non-typhoidal Salmonella (iNTS),3,Rate,2021,0.38548900114999995,0.64321143886,0.19403481735000003
6,Incidence,44634,High-middle SDI,3,Both,14,45-49 years,959,Invasive Non-typhoidal Salmonella (iNTS),3,Rate,2021,0.38969871484999996,0.65370169372,0.2049233334
6,Incidence,44634,High-middle SDI,1,Male,15,50-54 years,959,Invasive Non-typhoidal Salmonella (iNTS),1,Number,2021,186.33367291858596,314.0214303342492,89.07987048526746
6,Incidence,44634,High-middle SDI,2,Female,15,50-54 years,959,Invasive Non-typhoidal Salmonella (iNTS),1,Number,2021,182.06203466546452,306.1119870806597,86.73612914013589
6,Incidence,44634,High-middle SDI,3,Both,15,50-54 years,959,Invasive Non-typhoidal Salmonella (iNTS),1,Number,2021,368.39570758405125,615.9507521296819,175.2513688935967
6,Incidence,44634,High-middle SDI,1,Male,15,50-54 years,959,Invasive Non-typhoidal Salmonella (iNTS),3,Rate,2021,0.38486326633,0.64859620638,0.18399020092
6,Incidence,44634,High-middle SDI,2,Female,15,50-54 years,959,Invasive Non-typhoidal Salmonella (iNTS),3,Rate,2021,0.37560058039,0.63152013117,0.17893978009
6,Incidence,44634,High-middle SDI,3,Both,15,50-54 years,959,Invasive Non-typhoidal Salmonella (iNTS),3,Rate,2021,0.38022921334,0.63573615304,0.18088074524
6,Incidence,44637,Low SDI,1,Male,11,30-34 years,959,Invasive Non-typhoidal Salmonella (iNTS),1,Number,2021,4581.642029007036,6348.479099994085,3115.932650087322
6,Incidence,44637,Low SDI,2,Female,11,30-34 years,959,Invasive Non-typhoidal Salmonella (iNTS),1,Number,2021,4035.382465090173,5581.2521360644205,2762.113836676122
6,Incidence,44637,Low SDI,3,Both,11,30-34 years,959,Invasive Non-typhoidal Salmonella (iNTS),1,Number,2021,8617.024494097215,11919.08100488232,5868.791333890938
6,Incidence,44637,Low SDI,1,Male,11,30-34 years,959,Invasive Non-typhoidal Salmonella (iNTS),3,Rate,2021,12.98657014162,17.99463349662,8.83204703919
6,Incidence,44637,Low SDI,2,Female,11,30-34 years,959,Invasive Non-typhoidal Salmonella (iNTS),3,Rate,2021,10.87165191934,15.03635182595,7.44136161906
6,Incidence,44637,Low SDI,3,Both,11,30-34 years,959,Invasive Non-typhoidal Salmonella (iNTS),3,Rate,2021,11.902256960179999,16.463219403220002,8.10626249809
6,Incidence,44637,Low SDI,1,Male,12,35-39 years,959,Invasive Non-typhoidal Salmonella (iNTS),1,Number,2021,4483.265697729009,6579.937345164084,2891.3114354344534
6,Incidence,44637,Low SDI,2,Female,12,35-39 years,959,Invasive Non-typhoidal Salmonella (iNTS),1,Number,2021,3885.026327380492,5658.857579416174,2495.537867191268
6,Incidence,44637,Low SDI,3,Both,12,35-39 years,959,Invasive Non-typhoidal Salmonella (iNTS),1,Number,2021,8368.292025109504,12198.233362601935,5399.261039782785
6,Incidence,44637,Low SDI,1,Male,12,35-39 years,959,Invasive Non-typhoidal Salmonella (iNTS),3,Rate,2021,14.747366004300002,21.64421001495,9.5107519486
6,Incidence,44637,Low SDI,2,Female,12,35-39 years,959,Invasive Non-typhoidal Salmonella (iNTS),3,Rate,2021,12.19184787939,17.758420398120002,7.83140588769
6,Incidence,44637,Low SDI,3,Both,12,35-39 years,959,Invasive Non-typhoidal Salmonella (iNTS),3,Rate,2021,13.439537241810001,19.59045060439,8.67125210314
6,Incidence,44637,Low SDI,1,Male,13,40-44 years,959,Invasive Non-typhoidal Salmonella (iNTS),1,Number,2021,3801.33278747933,5475.622051801402,2444.6498447891845
6,Incidence,44637,Low SDI,2,Female,13,40-44 years,959,Invasive Non-typhoidal Salmonella (iNTS),1,Number,2021,3164.715970863628,4552.156918009812,2041.6706880612185
6,Incidence,44637,Low SDI,3,Both,13,40-44 years,959,Invasive Non-typhoidal Salmonella (iNTS),1,Number,2021,6966.048758342962,10040.97113515401,4466.3282909043855
6,Incidence,44637,Low SDI,1,Male,13,40-44 years,959,Invasive Non-typhoidal Salmonella (iNTS),3,Rate,2021,14.907003899369998,21.47276332832,9.586744125360001
6,Incidence,44637,Low SDI,2,Female,13,40-44 years,959,Invasive Non-typhoidal Salmonella (iNTS),3,Rate,2021,12.11609036111,17.42789718393,7.81652027289
6,Incidence,44637,Low SDI,3,Both,13,40-44 years,959,Invasive Non-typhoidal Salmonella (iNTS),3,Rate,2021,13.49479660393,19.45160992629,8.65227820577
6,Incidence,44637,Low SDI,1,Male,14,45-49 years,959,Invasive Non-typhoidal Salmonella (iNTS),1,Number,2021,2795.035919967962,4089.415338372493,1852.6524056358824
6,Incidence,44637,Low SDI,2,Female,14,45-49 years,959,Invasive Non-typhoidal Salmonella (iNTS),1,Number,2021,2233.6831419220816,3249.5188728551084,1484.8270527578477
6,Incidence,44637,Low SDI,3,Both,14,45-49 years,959,Invasive Non-typhoidal Salmonella (iNTS),1,Number,2021,5028.719061890046,7317.4605968866845,3341.504812091219
6,Incidence,44637,Low SDI,1,Male,14,45-49 years,959,Invasive Non-typhoidal Salmonella (iNTS),3,Rate,2021,13.35435276373,19.538745329140003,8.85175521241
6,Incidence,44637,Low SDI,2,Female,14,45-49 years,959,Invasive Non-typhoidal Salmonella (iNTS),3,Rate,2021,10.75570206672,15.64718656853,7.149786422409999
6,Incidence,44637,Low SDI,3,Both,14,45-49 years,959,Invasive Non-typhoidal Salmonella (iNTS),3,Rate,2021,12.06008615647,17.54904264066,8.01373777897
6,Incidence,44637,Low SDI,1,Male,15,50-54 years,959,Invasive Non-typhoidal Salmonella (iNTS),1,Number,2021,1999.3482394165028,2993.560934194697,1306.4312123614409
6,Incidence,44637,Low SDI,2,Female,15,50-54 years,959,Invasive Non-typhoidal Salmonella (iNTS),1,Number,2021,1567.971804938896,2337.081968266823,1014.0205690780424
6,Incidence,44637,Low SDI,3,Both,15,50-54 years,959,Invasive Non-typhoidal Salmonella (iNTS),1,Number,2021,3567.3200443553937,5314.363039867769,2305.398324239246
6,Incidence,44637,Low SDI,1,Male,15,50-54 years,959,Invasive Non-typhoidal Salmonella (iNTS),3,Rate,2021,12.15898004382,18.20525656373,7.94502464681
6,Incidence,44637,Low SDI,2,Female,15,50-54 years,959,Invasive Non-typhoidal Salmonella (iNTS),3,Rate,2021,9.63343360419,14.3587556217,6.23002262842
6,Incidence,44637,Low SDI,3,Both,15,50-54 years,959,Invasive Non-typhoidal Salmonella (iNTS),3,Rate,2021,10.90265324235,16.24206875392,7.045893892940001
